alpha,beta,accuracy_train,transparency_train,accuracy_valid,transparency_valid,accuracy_test,transparency_test,model
na,na,0.8512199283398737,0,0.8459254709254709,0,0.8374449790152523,0,"RandomForestClassifier(min_samples_leaf=11, n_estimators=118, random_state=3)"
0.001,0.001,0.8512199283398737,0.0,0.8459254709254709,0.0,0.8374449790152523,0.0,"HyRS
Positive rules : 
 []
Negative rules : 
 []
HyRS Accuracy : 0.837
Coverage of RuleSet : 0.000
"
0.001,0.0021544346900318843,0.8512199283398737,0.0,0.8459254709254709,0.0,0.8374449790152523,0.0,"HyRS
Positive rules : 
 []
Negative rules : 
 []
HyRS Accuracy : 0.837
Coverage of RuleSet : 0.000
"
0.001,0.004641588833612777,0.8512199283398737,0.31626002388670876,0.8459254709254709,0.31613431613431614,0.8374449790152523,0.31569249667314975,"HyRS
Positive rules : 
 []
Negative rules : 
 ['marital_status_Single && capital_gain_0']
HyRS Accuracy : 0.837
Coverage of RuleSet : 0.316
"
0.001,0.01,0.8510493089916397,0.2429960757549906,0.8458230958230958,0.2368959868959869,0.8376497082608251,0.23697410175043504,"HyRS
Positive rules : 
 []
Negative rules : 
 ['relationship_Not-in-family && capital_gain_0']
HyRS Accuracy : 0.838
Coverage of RuleSet : 0.237
"
0.001,0.021544346900318832,0.845180003412387,0.6890632997781948,0.8415233415233415,0.6848894348894349,0.8357047804278841,0.690961203807964,"HyRS
Positive rules : 
 []
Negative rules : 
 ['neg_marital_status_Married', 'occupation_Blue-Collar && capital_gain_0']
HyRS Accuracy : 0.836
Coverage of RuleSet : 0.691
"
0.001,0.046415888336127774,0.845180003412387,0.6890632997781948,0.8415233415233415,0.6848894348894349,0.8357047804278841,0.690961203807964,"HyRS
Positive rules : 
 []
Negative rules : 
 ['neg_marital_status_Married', 'occupation_Blue-Collar && capital_gain_0']
HyRS Accuracy : 0.836
Coverage of RuleSet : 0.691
"
0.001,0.1,0.8427913325371097,0.7432178809076949,0.8406019656019657,0.737919737919738,0.8344764049544477,0.7410175043504965,"HyRS
Positive rules : 
 []
Negative rules : 
 ['neg_marital_status_Married', 'hours_per_week_low && education_HS-grad', 'age_low && capital_loss_0', 'occupation_Blue-Collar && capital_gain_0']
HyRS Accuracy : 0.834
Coverage of RuleSet : 0.741
"
0.001,0.21544346900318823,0.8126940795086163,0.9669339703122334,0.8215601965601965,0.9656019656019657,0.8103183539768656,0.968881154672945,"HyRS
Positive rules : 
 ['capital_gain_>0 && capital_loss_0', 'education_Bachelors && marital_status_Married']
Negative rules : 
 ['neg_marital_status_Married', 'neg_education_Masters_Doctorate']
HyRS Accuracy : 0.810
Coverage of RuleSet : 0.969
"
0.001,0.46415888336127775,0.7980549394301314,0.9830063129158847,0.8076371826371826,0.9843366093366094,0.7993653393387246,0.9831098372402498,"HyRS
Positive rules : 
 ['education_Bachelors && marital_status_Married']
Negative rules : 
 ['neg_education_Masters_Doctorate', 'capital_gain_0 && capital_loss_0']
HyRS Accuracy : 0.799
Coverage of RuleSet : 0.983
"
0.001,1.0,0.7921173861115851,0.9997952567821191,0.7983210483210483,0.9997952497952498,0.7907667110246699,0.9997952707544273,"HyRS
Positive rules : 
 ['occupation_White-Collar && relationship_Husband', 'capital_gain_>0']
Negative rules : 
 ['neg_race_Other', 'age_middle && marital_status_Married', 'neg_education_Masters_Doctorate']
HyRS Accuracy : 0.791
Coverage of RuleSet : 1.000
"
0.001291549665014884,0.001,0.8512199283398737,0.0,0.8459254709254709,0.0,0.8374449790152523,0.0,"HyRS
Positive rules : 
 []
Negative rules : 
 []
HyRS Accuracy : 0.837
Coverage of RuleSet : 0.000
"
0.001291549665014884,0.0021544346900318843,0.8512199283398737,0.0,0.8459254709254709,0.0,0.8374449790152523,0.0,"HyRS
Positive rules : 
 []
Negative rules : 
 []
HyRS Accuracy : 0.837
Coverage of RuleSet : 0.000
"
0.001291549665014884,0.004641588833612777,0.8512199283398737,0.0,0.8459254709254709,0.0,0.8374449790152523,0.0,"HyRS
Positive rules : 
 []
Negative rules : 
 []
HyRS Accuracy : 0.837
Coverage of RuleSet : 0.000
"
0.001291549665014884,0.01,0.8495478587271796,0.3298413240061423,0.845004095004095,0.33005733005733007,0.8365236974101751,0.3303306377316,"HyRS
Positive rules : 
 []
Negative rules : 
 ['marital_status_Single']
HyRS Accuracy : 0.837
Coverage of RuleSet : 0.330
"
0.001291549665014884,0.021544346900318832,0.845180003412387,0.6890632997781948,0.8415233415233415,0.6848894348894349,0.8357047804278841,0.690961203807964,"HyRS
Positive rules : 
 []
Negative rules : 
 ['neg_marital_status_Married', 'occupation_Blue-Collar && capital_gain_0']
HyRS Accuracy : 0.836
Coverage of RuleSet : 0.691
"
0.001291549665014884,0.046415888336127774,0.845180003412387,0.6890632997781948,0.8415233415233415,0.6848894348894349,0.8357047804278841,0.690961203807964,"HyRS
Positive rules : 
 []
Negative rules : 
 ['neg_marital_status_Married', 'occupation_Blue-Collar && capital_gain_0']
HyRS Accuracy : 0.836
Coverage of RuleSet : 0.691
"
0.001291549665014884,0.1,0.8405050332707729,0.755946084285958,0.8407043407043407,0.7522522522522522,0.8345787695772341,0.7566792916368104,"HyRS
Positive rules : 
 ['education_Bachelors && relationship_Husband']
Negative rules : 
 ['neg_marital_status_Married', 'occupation_Blue-Collar && capital_gain_0']
HyRS Accuracy : 0.835
Coverage of RuleSet : 0.757
"
0.001291549665014884,0.21544346900318823,0.8105783995905136,0.9710629585394984,0.8196150696150696,0.9701064701064701,0.8089876138806429,0.9721568226021087,"HyRS
Positive rules : 
 ['education_Bachelors && marital_status_Married', 'capital_gain_>0']
Negative rules : 
 ['neg_relationship_Husband', 'neg_education_Masters_Doctorate']
HyRS Accuracy : 0.809
Coverage of RuleSet : 0.972
"
0.001291549665014884,0.46415888336127775,0.7862480805323324,1.0,0.7966830466830467,1.0,0.7884123247005835,1.0,"HyRS
Positive rules : 
 ['education_Bachelors && marital_status_Married']
Negative rules : 
 ['neg_race_Other', 'neg_race_White', 'education_Some-college && workclass_Private']
HyRS Accuracy : 0.788
Coverage of RuleSet : 1.000
"
0.001291549665014884,1.0,0.7848831257464597,1.0,0.795045045045045,1.0,0.785750844508138,1.0,"HyRS
Positive rules : 
 ['education_Bachelors && relationship_Husband']
Negative rules : 
 ['workclass_Self-Employed && race_White', 'neg_workclass_Other/Unknown', 'education_Some-college && capital_loss_0', 'neg_workclass_Private']
HyRS Accuracy : 0.786
Coverage of RuleSet : 1.000
"
0.0016681005372000592,0.001,0.8512199283398737,0.0,0.8459254709254709,0.0,0.8374449790152523,0.0,"HyRS
Positive rules : 
 []
Negative rules : 
 []
HyRS Accuracy : 0.837
Coverage of RuleSet : 0.000
"
0.0016681005372000592,0.0021544346900318843,0.8512199283398737,0.0,0.8459254709254709,0.0,0.8374449790152523,0.0,"HyRS
Positive rules : 
 []
Negative rules : 
 []
HyRS Accuracy : 0.837
Coverage of RuleSet : 0.000
"
0.0016681005372000592,0.004641588833612777,0.8512199283398737,0.0,0.8459254709254709,0.0,0.8374449790152523,0.0,"HyRS
Positive rules : 
 []
Negative rules : 
 []
HyRS Accuracy : 0.837
Coverage of RuleSet : 0.000
"
0.0016681005372000592,0.01,0.8510493089916397,0.2429960757549906,0.8458230958230958,0.2368959868959869,0.8376497082608251,0.23697410175043504,"HyRS
Positive rules : 
 []
Negative rules : 
 ['relationship_Not-in-family && capital_gain_0']
HyRS Accuracy : 0.838
Coverage of RuleSet : 0.237
"
0.0016681005372000592,0.021544346900318832,0.845180003412387,0.6890632997781948,0.8415233415233415,0.6848894348894349,0.8357047804278841,0.690961203807964,"HyRS
Positive rules : 
 []
Negative rules : 
 ['neg_marital_status_Married', 'occupation_Blue-Collar && capital_gain_0']
HyRS Accuracy : 0.836
Coverage of RuleSet : 0.691
"
0.0016681005372000592,0.046415888336127774,0.845180003412387,0.6890632997781948,0.8415233415233415,0.6848894348894349,0.8357047804278841,0.690961203807964,"HyRS
Positive rules : 
 []
Negative rules : 
 ['neg_marital_status_Married', 'occupation_Blue-Collar && capital_gain_0']
HyRS Accuracy : 0.836
Coverage of RuleSet : 0.691
"
0.0016681005372000592,0.1,0.845180003412387,0.6890632997781948,0.8415233415233415,0.6848894348894349,0.8357047804278841,0.690961203807964,"HyRS
Positive rules : 
 []
Negative rules : 
 ['occupation_Blue-Collar && capital_gain_0', 'neg_marital_status_Married']
HyRS Accuracy : 0.836
Coverage of RuleSet : 0.691
"
0.0016681005372000592,0.21544346900318823,0.8126940795086163,0.9669339703122334,0.8215601965601965,0.9656019656019657,0.8103183539768656,0.968881154672945,"HyRS
Positive rules : 
 ['education_Bachelors && marital_status_Married', 'capital_gain_>0']
Negative rules : 
 ['neg_marital_status_Married', 'neg_education_Masters_Doctorate']
HyRS Accuracy : 0.810
Coverage of RuleSet : 0.969
"
0.0016681005372000592,0.46415888336127775,0.7980549394301314,0.9830063129158847,0.8076371826371826,0.9843366093366094,0.7993653393387246,0.9831098372402498,"HyRS
Positive rules : 
 ['education_Bachelors && marital_status_Married']
Negative rules : 
 ['capital_gain_0 && capital_loss_0', 'neg_education_Masters_Doctorate']
HyRS Accuracy : 0.799
Coverage of RuleSet : 0.983
"
0.0016681005372000592,1.0,0.7862480805323324,1.0,0.7966830466830467,1.0,0.7884123247005835,1.0,"HyRS
Positive rules : 
 ['education_Bachelors && marital_status_Married']
Negative rules : 
 ['neg_race_Other', 'neg_race_Amer-Indian-Eskimo']
HyRS Accuracy : 0.788
Coverage of RuleSet : 1.000
"
0.0021544346900318843,0.001,0.8512199283398737,0.0,0.8459254709254709,0.0,0.8374449790152523,0.0,"HyRS
Positive rules : 
 []
Negative rules : 
 []
HyRS Accuracy : 0.837
Coverage of RuleSet : 0.000
"
0.0021544346900318843,0.0021544346900318843,0.8512199283398737,0.0,0.8459254709254709,0.0,0.8374449790152523,0.0,"HyRS
Positive rules : 
 []
Negative rules : 
 []
HyRS Accuracy : 0.837
Coverage of RuleSet : 0.000
"
0.0021544346900318843,0.004641588833612777,0.8512199283398737,0.0,0.8459254709254709,0.0,0.8374449790152523,0.0,"HyRS
Positive rules : 
 []
Negative rules : 
 []
HyRS Accuracy : 0.837
Coverage of RuleSet : 0.000
"
0.0021544346900318843,0.01,0.8510493089916397,0.2429960757549906,0.8458230958230958,0.2368959868959869,0.8376497082608251,0.23697410175043504,"HyRS
Positive rules : 
 []
Negative rules : 
 ['relationship_Not-in-family && capital_gain_0']
HyRS Accuracy : 0.838
Coverage of RuleSet : 0.237
"
0.0021544346900318843,0.021544346900318832,0.8466473298072001,0.5291247227435592,0.8417280917280917,0.5244676494676495,0.8357047804278841,0.5291227351827209,"HyRS
Positive rules : 
 []
Negative rules : 
 ['neg_marital_status_Married']
HyRS Accuracy : 0.836
Coverage of RuleSet : 0.529
"
0.0021544346900318843,0.046415888336127774,0.845180003412387,0.6890632997781948,0.8415233415233415,0.6848894348894349,0.8357047804278841,0.690961203807964,"HyRS
Positive rules : 
 []
Negative rules : 
 ['neg_marital_status_Married', 'occupation_Blue-Collar && capital_gain_0']
HyRS Accuracy : 0.836
Coverage of RuleSet : 0.691
"
0.0021544346900318843,0.1,0.845180003412387,0.6890632997781948,0.8415233415233415,0.6848894348894349,0.8357047804278841,0.690961203807964,"HyRS
Positive rules : 
 []
Negative rules : 
 ['occupation_Blue-Collar && capital_gain_0', 'neg_marital_status_Married']
HyRS Accuracy : 0.836
Coverage of RuleSet : 0.691
"
0.0021544346900318843,0.21544346900318823,0.8105783995905136,0.9710629585394984,0.8196150696150696,0.9701064701064701,0.8089876138806429,0.9721568226021087,"HyRS
Positive rules : 
 ['education_Bachelors && marital_status_Married', 'capital_gain_>0']
Negative rules : 
 ['neg_relationship_Husband', 'neg_education_Masters_Doctorate']
HyRS Accuracy : 0.809
Coverage of RuleSet : 0.972
"
0.0021544346900318843,0.46415888336127775,0.7926292441562873,0.9894216004094865,0.8025184275184275,0.9895577395577395,0.7939400143310472,0.9885351622479271,"HyRS
Positive rules : 
 ['education_Bachelors && relationship_Husband']
Negative rules : 
 ['capital_gain_0', 'neg_education_Masters_Doctorate', 'capital_gain_0 && capital_loss_0']
HyRS Accuracy : 0.794
Coverage of RuleSet : 0.989
"
0.0021544346900318843,1.0,0.7848831257464597,1.0,0.795045045045045,1.0,0.785750844508138,0.9998976353772137,"HyRS
Positive rules : 
 ['education_Bachelors && relationship_Husband']
Negative rules : 
 ['neg_race_Amer-Indian-Eskimo', 'capital_loss_0', 'occupation_Blue-Collar', 'neg_marital_status_Divorced']
HyRS Accuracy : 0.786
Coverage of RuleSet : 1.000
"
0.0027825594022071257,0.001,0.8512199283398737,0.0,0.8459254709254709,0.0,0.8374449790152523,0.0,"HyRS
Positive rules : 
 []
Negative rules : 
 []
HyRS Accuracy : 0.837
Coverage of RuleSet : 0.000
"
0.0027825594022071257,0.0021544346900318843,0.8512199283398737,0.0,0.8459254709254709,0.0,0.8374449790152523,0.0,"HyRS
Positive rules : 
 []
Negative rules : 
 []
HyRS Accuracy : 0.837
Coverage of RuleSet : 0.000
"
0.0027825594022071257,0.004641588833612777,0.8512199283398737,0.0,0.8459254709254709,0.0,0.8374449790152523,0.0,"HyRS
Positive rules : 
 []
Negative rules : 
 []
HyRS Accuracy : 0.837
Coverage of RuleSet : 0.000
"
0.0027825594022071257,0.01,0.8512199283398737,0.0,0.8459254709254709,0.0,0.8374449790152523,0.0,"HyRS
Positive rules : 
 []
Negative rules : 
 []
HyRS Accuracy : 0.837
Coverage of RuleSet : 0.000
"
0.0027825594022071257,0.021544346900318832,0.8466473298072001,0.5291247227435592,0.8417280917280917,0.5244676494676495,0.8357047804278841,0.5291227351827209,"HyRS
Positive rules : 
 []
Negative rules : 
 ['neg_marital_status_Married']
HyRS Accuracy : 0.836
Coverage of RuleSet : 0.529
"
0.0027825594022071257,0.046415888336127774,0.845180003412387,0.6890632997781948,0.8415233415233415,0.6848894348894349,0.8357047804278841,0.690961203807964,"HyRS
Positive rules : 
 []
Negative rules : 
 ['neg_marital_status_Married', 'occupation_Blue-Collar && capital_gain_0']
HyRS Accuracy : 0.836
Coverage of RuleSet : 0.691
"
0.0027825594022071257,0.1,0.845180003412387,0.6890632997781948,0.8415233415233415,0.6848894348894349,0.8357047804278841,0.690961203807964,"HyRS
Positive rules : 
 []
Negative rules : 
 ['neg_marital_status_Married', 'occupation_Blue-Collar && capital_gain_0']
HyRS Accuracy : 0.836
Coverage of RuleSet : 0.691
"
0.0027825594022071257,0.21544346900318823,0.8110902576352158,0.9705169766251492,0.8209459459459459,0.9695945945945946,0.8104207185996519,0.9713379056198178,"HyRS
Positive rules : 
 ['education_Bachelors && marital_status_Married', 'capital_gain_>0 && race_White']
Negative rules : 
 ['neg_relationship_Husband', 'neg_education_Masters_Doctorate']
HyRS Accuracy : 0.810
Coverage of RuleSet : 0.971
"
0.0027825594022071257,0.46415888336127775,0.7921515099812318,0.99174202354547,0.7983210483210483,0.9927313677313677,0.7905619817790971,0.993551028764459,"HyRS
Positive rules : 
 ['capital_gain_>0', 'occupation_White-Collar && relationship_Husband']
Negative rules : 
 ['neg_race_Other']
HyRS Accuracy : 0.791
Coverage of RuleSet : 0.994
"
0.0027825594022071257,1.0,0.7818802252175396,0.9995222658249445,0.7897215397215397,0.9997952497952498,0.7808373426143924,0.9995905415088545,"HyRS
Positive rules : 
 ['occupation_White-Collar && relationship_Husband']
Negative rules : 
 ['neg_race_Other', 'neg_workclass_Self-Employed']
HyRS Accuracy : 0.781
Coverage of RuleSet : 1.000
"
0.003593813663804626,0.001,0.8512199283398737,0.0,0.8459254709254709,0.0,0.8374449790152523,0.0,"HyRS
Positive rules : 
 []
Negative rules : 
 []
HyRS Accuracy : 0.837
Coverage of RuleSet : 0.000
"
0.003593813663804626,0.0021544346900318843,0.8512199283398737,0.0,0.8459254709254709,0.0,0.8374449790152523,0.0,"HyRS
Positive rules : 
 []
Negative rules : 
 []
HyRS Accuracy : 0.837
Coverage of RuleSet : 0.000
"
0.003593813663804626,0.004641588833612777,0.8512199283398737,0.0,0.8459254709254709,0.0,0.8374449790152523,0.0,"HyRS
Positive rules : 
 []
Negative rules : 
 []
HyRS Accuracy : 0.837
Coverage of RuleSet : 0.000
"
0.003593813663804626,0.01,0.8512199283398737,0.0,0.8459254709254709,0.0,0.8374449790152523,0.0,"HyRS
Positive rules : 
 []
Negative rules : 
 []
HyRS Accuracy : 0.837
Coverage of RuleSet : 0.000
"
0.003593813663804626,0.021544346900318832,0.8466473298072001,0.5291247227435592,0.8417280917280917,0.5244676494676495,0.8357047804278841,0.5291227351827209,"HyRS
Positive rules : 
 []
Negative rules : 
 ['neg_marital_status_Married']
HyRS Accuracy : 0.836
Coverage of RuleSet : 0.529
"
0.003593813663804626,0.046415888336127774,0.845180003412387,0.6890632997781948,0.8415233415233415,0.6848894348894349,0.8357047804278841,0.690961203807964,"HyRS
Positive rules : 
 []
Negative rules : 
 ['neg_marital_status_Married', 'occupation_Blue-Collar && capital_gain_0']
HyRS Accuracy : 0.836
Coverage of RuleSet : 0.691
"
0.003593813663804626,0.1,0.845180003412387,0.6890632997781948,0.8415233415233415,0.6848894348894349,0.8357047804278841,0.690961203807964,"HyRS
Positive rules : 
 []
Negative rules : 
 ['neg_marital_status_Married', 'occupation_Blue-Collar && capital_gain_0']
HyRS Accuracy : 0.836
Coverage of RuleSet : 0.691
"
0.003593813663804626,0.21544346900318823,0.8148438832963658,0.9356423818461014,0.8225839475839476,0.937960687960688,0.8136963865288156,0.9333606305660763,"HyRS
Positive rules : 
 ['education_Bachelors && marital_status_Married']
Negative rules : 
 ['neg_marital_status_Married', 'capital_gain_0 && capital_loss_0']
HyRS Accuracy : 0.814
Coverage of RuleSet : 0.933
"
0.003593813663804626,0.46415888336127775,0.7939941989421601,0.9894216004094865,0.8041564291564292,0.9895577395577395,0.7966014945234927,0.9885351622479271,"HyRS
Positive rules : 
 ['education_Bachelors && marital_status_Married']
Negative rules : 
 ['neg_capital_gain_>0', 'neg_education_Masters_Doctorate']
HyRS Accuracy : 0.797
Coverage of RuleSet : 0.989
"
0.003593813663804626,1.0,0.7862480805323324,1.0,0.7966830466830467,1.0,0.7884123247005835,1.0,"HyRS
Positive rules : 
 ['education_Bachelors && marital_status_Married']
Negative rules : 
 ['neg_race_Other', 'neg_race_Amer-Indian-Eskimo']
HyRS Accuracy : 0.788
Coverage of RuleSet : 1.000
"
0.004641588833612777,0.001,0.8512199283398737,0.0,0.8459254709254709,0.0,0.8374449790152523,0.0,"HyRS
Positive rules : 
 []
Negative rules : 
 []
HyRS Accuracy : 0.837
Coverage of RuleSet : 0.000
"
0.004641588833612777,0.0021544346900318843,0.8512199283398737,0.0,0.8459254709254709,0.0,0.8374449790152523,0.0,"HyRS
Positive rules : 
 []
Negative rules : 
 []
HyRS Accuracy : 0.837
Coverage of RuleSet : 0.000
"
0.004641588833612777,0.004641588833612777,0.8512199283398737,0.0,0.8459254709254709,0.0,0.8374449790152523,0.0,"HyRS
Positive rules : 
 []
Negative rules : 
 []
HyRS Accuracy : 0.837
Coverage of RuleSet : 0.000
"
0.004641588833612777,0.01,0.8512199283398737,0.0,0.8459254709254709,0.0,0.8374449790152523,0.0,"HyRS
Positive rules : 
 []
Negative rules : 
 []
HyRS Accuracy : 0.837
Coverage of RuleSet : 0.000
"
0.004641588833612777,0.021544346900318832,0.8466473298072001,0.5291247227435592,0.8417280917280917,0.5244676494676495,0.8357047804278841,0.5291227351827209,"HyRS
Positive rules : 
 []
Negative rules : 
 ['neg_marital_status_Married']
HyRS Accuracy : 0.836
Coverage of RuleSet : 0.529
"
0.004641588833612777,0.046415888336127774,0.845180003412387,0.6890632997781948,0.8415233415233415,0.6848894348894349,0.8357047804278841,0.690961203807964,"HyRS
Positive rules : 
 []
Negative rules : 
 ['neg_marital_status_Married', 'occupation_Blue-Collar && capital_gain_0']
HyRS Accuracy : 0.836
Coverage of RuleSet : 0.691
"
0.004641588833612777,0.1,0.845180003412387,0.6890632997781948,0.8415233415233415,0.6848894348894349,0.8357047804278841,0.690961203807964,"HyRS
Positive rules : 
 []
Negative rules : 
 ['neg_marital_status_Married', 'occupation_Blue-Collar && capital_gain_0']
HyRS Accuracy : 0.836
Coverage of RuleSet : 0.691
"
0.004641588833612777,0.21544346900318823,0.8112267531138031,0.9330148438832964,0.8206388206388207,0.9337633087633087,0.8099088954857201,0.93438427679394,"HyRS
Positive rules : 
 ['education_Bachelors && marital_status_Married']
Negative rules : 
 ['neg_education_Masters_Doctorate']
HyRS Accuracy : 0.810
Coverage of RuleSet : 0.934
"
0.004641588833612777,0.46415888336127775,0.795120286640505,0.9996928851731787,0.8037469287469288,0.9996928746928747,0.7958849421639881,0.9997952707544273,"HyRS
Positive rules : 
 ['capital_gain_>0 && capital_loss_0', 'education_Bachelors && relationship_Husband']
Negative rules : 
 ['neg_race_Other', 'neg_education_Masters_Doctorate']
HyRS Accuracy : 0.796
Coverage of RuleSet : 1.000
"
0.004641588833612777,1.0,0.7848831257464597,1.0,0.795045045045045,1.0,0.785750844508138,1.0,"HyRS
Positive rules : 
 ['education_Bachelors && relationship_Husband']
Negative rules : 
 ['neg_race_Other', 'neg_race_Black']
HyRS Accuracy : 0.786
Coverage of RuleSet : 1.000
"
0.005994842503189409,0.001,0.8512199283398737,0.0,0.8459254709254709,0.0,0.8374449790152523,0.0,"HyRS
Positive rules : 
 []
Negative rules : 
 []
HyRS Accuracy : 0.837
Coverage of RuleSet : 0.000
"
0.005994842503189409,0.0021544346900318843,0.8512199283398737,0.0,0.8459254709254709,0.0,0.8374449790152523,0.0,"HyRS
Positive rules : 
 []
Negative rules : 
 []
HyRS Accuracy : 0.837
Coverage of RuleSet : 0.000
"
0.005994842503189409,0.004641588833612777,0.8512199283398737,0.0,0.8459254709254709,0.0,0.8374449790152523,0.0,"HyRS
Positive rules : 
 []
Negative rules : 
 []
HyRS Accuracy : 0.837
Coverage of RuleSet : 0.000
"
0.005994842503189409,0.01,0.8512199283398737,0.0,0.8459254709254709,0.0,0.8374449790152523,0.0,"HyRS
Positive rules : 
 []
Negative rules : 
 []
HyRS Accuracy : 0.837
Coverage of RuleSet : 0.000
"
0.005994842503189409,0.021544346900318832,0.8466473298072001,0.5291247227435592,0.8417280917280917,0.5244676494676495,0.8357047804278841,0.5291227351827209,"HyRS
Positive rules : 
 []
Negative rules : 
 ['neg_marital_status_Married']
HyRS Accuracy : 0.836
Coverage of RuleSet : 0.529
"
0.005994842503189409,0.046415888336127774,0.8466473298072001,0.5291247227435592,0.8417280917280917,0.5244676494676495,0.8357047804278841,0.5291227351827209,"HyRS
Positive rules : 
 []
Negative rules : 
 ['neg_marital_status_Married']
HyRS Accuracy : 0.836
Coverage of RuleSet : 0.529
"
0.005994842503189409,0.1,0.845180003412387,0.6890632997781948,0.8415233415233415,0.6848894348894349,0.8357047804278841,0.690961203807964,"HyRS
Positive rules : 
 []
Negative rules : 
 ['neg_marital_status_Married', 'occupation_Blue-Collar && capital_gain_0']
HyRS Accuracy : 0.836
Coverage of RuleSet : 0.691
"
0.005994842503189409,0.21544346900318823,0.8112267531138031,0.9330148438832964,0.8206388206388207,0.9337633087633087,0.8099088954857201,0.93438427679394,"HyRS
Positive rules : 
 ['education_Bachelors && marital_status_Married']
Negative rules : 
 ['neg_education_Masters_Doctorate']
HyRS Accuracy : 0.810
Coverage of RuleSet : 0.934
"
0.005994842503189409,0.46415888336127775,0.7802422794744924,1.0,0.7826576576576577,1.0,0.7771522161940834,1.0,"HyRS
Positive rules : 
 ['neg_capital_gain_0']
Negative rules : 
 ['capital_gain_0']
HyRS Accuracy : 0.777
Coverage of RuleSet : 1.000
"
0.005994842503189409,1.0,0.7862480805323324,1.0,0.7966830466830467,1.0,0.7884123247005835,1.0,"HyRS
Positive rules : 
 ['education_Bachelors && marital_status_Married']
Negative rules : 
 ['neg_race_Other', 'neg_race_Amer-Indian-Eskimo']
HyRS Accuracy : 0.788
Coverage of RuleSet : 1.000
"
0.007742636826811269,0.001,0.8512199283398737,0.0,0.8459254709254709,0.0,0.8374449790152523,0.0,"HyRS
Positive rules : 
 []
Negative rules : 
 []
HyRS Accuracy : 0.837
Coverage of RuleSet : 0.000
"
0.007742636826811269,0.0021544346900318843,0.8512199283398737,0.0,0.8459254709254709,0.0,0.8374449790152523,0.0,"HyRS
Positive rules : 
 []
Negative rules : 
 []
HyRS Accuracy : 0.837
Coverage of RuleSet : 0.000
"
0.007742636826811269,0.004641588833612777,0.8512199283398737,0.0,0.8459254709254709,0.0,0.8374449790152523,0.0,"HyRS
Positive rules : 
 []
Negative rules : 
 []
HyRS Accuracy : 0.837
Coverage of RuleSet : 0.000
"
0.007742636826811269,0.01,0.8512199283398737,0.0,0.8459254709254709,0.0,0.8374449790152523,0.0,"HyRS
Positive rules : 
 []
Negative rules : 
 []
HyRS Accuracy : 0.837
Coverage of RuleSet : 0.000
"
0.007742636826811269,0.021544346900318832,0.8512199283398737,0.0,0.8459254709254709,0.0,0.8374449790152523,0.0,"HyRS
Positive rules : 
 []
Negative rules : 
 []
HyRS Accuracy : 0.837
Coverage of RuleSet : 0.000
"
0.007742636826811269,0.046415888336127774,0.8466473298072001,0.5291247227435592,0.8417280917280917,0.5244676494676495,0.8357047804278841,0.5291227351827209,"HyRS
Positive rules : 
 []
Negative rules : 
 ['neg_marital_status_Married']
HyRS Accuracy : 0.836
Coverage of RuleSet : 0.529
"
0.007742636826811269,0.1,0.845180003412387,0.6890632997781948,0.8415233415233415,0.6848894348894349,0.8357047804278841,0.690961203807964,"HyRS
Positive rules : 
 []
Negative rules : 
 ['neg_marital_status_Married', 'occupation_Blue-Collar && capital_gain_0']
HyRS Accuracy : 0.836
Coverage of RuleSet : 0.691
"
0.007742636826811269,0.21544346900318823,0.8112267531138031,0.9330148438832964,0.8206388206388207,0.9337633087633087,0.8099088954857201,0.93438427679394,"HyRS
Positive rules : 
 ['education_Bachelors && marital_status_Married']
Negative rules : 
 ['neg_education_Masters_Doctorate']
HyRS Accuracy : 0.810
Coverage of RuleSet : 0.934
"
0.007742636826811269,0.46415888336127775,0.7942330660296878,0.9919126428937042,0.8070229320229321,0.9922194922194922,0.7973180468829972,0.9933462995188863,"HyRS
Positive rules : 
 ['education_Bachelors && marital_status_Married', 'occupation_White-Collar && relationship_Husband']
Negative rules : 
 ['neg_race_Other']
HyRS Accuracy : 0.797
Coverage of RuleSet : 0.993
"
0.007742636826811269,1.0,0.7802422794744924,1.0,0.7826576576576577,1.0,0.7771522161940834,1.0,"HyRS
Positive rules : 
 ['neg_capital_gain_0']
Negative rules : 
 ['neg_capital_gain_>0']
HyRS Accuracy : 0.777
Coverage of RuleSet : 1.000
"
0.01,0.001,0.8512199283398737,0.0,0.8459254709254709,0.0,0.8374449790152523,0.0,"HyRS
Positive rules : 
 []
Negative rules : 
 []
HyRS Accuracy : 0.837
Coverage of RuleSet : 0.000
"
0.01,0.0021544346900318843,0.8512199283398737,0.0,0.8459254709254709,0.0,0.8374449790152523,0.0,"HyRS
Positive rules : 
 []
Negative rules : 
 []
HyRS Accuracy : 0.837
Coverage of RuleSet : 0.000
"
0.01,0.004641588833612777,0.8512199283398737,0.0,0.8459254709254709,0.0,0.8374449790152523,0.0,"HyRS
Positive rules : 
 []
Negative rules : 
 []
HyRS Accuracy : 0.837
Coverage of RuleSet : 0.000
"
0.01,0.01,0.8512199283398737,0.0,0.8459254709254709,0.0,0.8374449790152523,0.0,"HyRS
Positive rules : 
 []
Negative rules : 
 []
HyRS Accuracy : 0.837
Coverage of RuleSet : 0.000
"
0.01,0.021544346900318832,0.8512199283398737,0.0,0.8459254709254709,0.0,0.8374449790152523,0.0,"HyRS
Positive rules : 
 []
Negative rules : 
 []
HyRS Accuracy : 0.837
Coverage of RuleSet : 0.000
"
0.01,0.046415888336127774,0.8466473298072001,0.5291247227435592,0.8417280917280917,0.5244676494676495,0.8357047804278841,0.5291227351827209,"HyRS
Positive rules : 
 []
Negative rules : 
 ['neg_marital_status_Married']
HyRS Accuracy : 0.836
Coverage of RuleSet : 0.529
"
0.01,0.1,0.845180003412387,0.6890632997781948,0.8415233415233415,0.6848894348894349,0.8357047804278841,0.690961203807964,"HyRS
Positive rules : 
 []
Negative rules : 
 ['neg_marital_status_Married', 'occupation_Blue-Collar && capital_gain_0']
HyRS Accuracy : 0.836
Coverage of RuleSet : 0.691
"
0.01,0.21544346900318823,0.8112267531138031,0.9330148438832964,0.8206388206388207,0.9337633087633087,0.8099088954857201,0.93438427679394,"HyRS
Positive rules : 
 ['education_Bachelors && marital_status_Married']
Negative rules : 
 ['neg_education_Masters_Doctorate']
HyRS Accuracy : 0.810
Coverage of RuleSet : 0.934
"
0.01,0.46415888336127775,0.7864528237502133,0.9918785190240573,0.7966830466830467,0.992014742014742,0.7884123247005835,0.9933462995188863,"HyRS
Positive rules : 
 ['education_Bachelors && marital_status_Married']
Negative rules : 
 ['neg_race_Other']
HyRS Accuracy : 0.788
Coverage of RuleSet : 0.993
"
0.01,1.0,0.7848831257464597,0.9994881419552978,0.795045045045045,0.9994881244881245,0.785750844508138,0.9997952707544273,"HyRS
Positive rules : 
 ['education_Bachelors && relationship_Husband']
Negative rules : 
 ['neg_relationship_Other-relative', 'neg_race_Amer-Indian-Eskimo']
HyRS Accuracy : 0.786
Coverage of RuleSet : 1.000
"
