alpha,temperature,accuracy_train,transparency_train,accuracy_valid,transparency_valid,accuracy_test,transparency_test,model
na,na,0.8400272990957175,0,0.8401924651924652,0,0.8376497082608251,0,"AdaBoostClassifier(learning_rate=0.8691578529650245, n_estimators=85,
                   random_state=0)"
0.001,0.001,0.8409145197065347,0.2418699880566456,0.8394758394758395,0.24539312039312045,0.8388780837342614,0.2318558706111168,"CRL
 ACC ,  C  ,  Rule
0.839 0.232 ['relationship_Not-in-family && capital_gain_0']=>0
0.837 0.456 ['age_low && capital_gain_0']=>0
0.837 0.616 ['occupation_Blue-Collar && capital_gain_0']=>0
0.836 0.697 ['education_HS-grad && capital_gain_0']=>0
0.834 0.774 ['neg_marital_status_Married']=>0
0.814 1.000 ['marital_status_Married']=>1

"
0.001,0.001,0.8404709094011261,0.46323153045555365,0.8384520884520884,0.46498771498771496,0.8368307912785341,0.45582966526768354,"CRL
 ACC ,  C  ,  Rule
0.839 0.232 ['relationship_Not-in-family && capital_gain_0']=>0
0.837 0.456 ['age_low && capital_gain_0']=>0
0.837 0.616 ['occupation_Blue-Collar && capital_gain_0']=>0
0.836 0.697 ['education_HS-grad && capital_gain_0']=>0
0.834 0.774 ['neg_marital_status_Married']=>0
0.814 1.000 ['marital_status_Married']=>1

"
0.001,0.001,0.839549564920662,0.619484729568333,0.8387592137592138,0.6204954954954955,0.8367284266557478,0.6162350291739175,"CRL
 ACC ,  C  ,  Rule
0.839 0.232 ['relationship_Not-in-family && capital_gain_0']=>0
0.837 0.456 ['age_low && capital_gain_0']=>0
0.837 0.616 ['occupation_Blue-Collar && capital_gain_0']=>0
0.836 0.697 ['education_HS-grad && capital_gain_0']=>0
0.834 0.774 ['neg_marital_status_Married']=>0
0.814 1.000 ['marital_status_Married']=>1

"
0.001,0.001,0.8385258488312575,0.7001535574134107,0.8363022113022113,0.6978910728910729,0.8363189681646023,0.6973078104207187,"CRL
 ACC ,  C  ,  Rule
0.839 0.232 ['relationship_Not-in-family && capital_gain_0']=>0
0.837 0.456 ['age_low && capital_gain_0']=>0
0.837 0.616 ['occupation_Blue-Collar && capital_gain_0']=>0
0.836 0.697 ['education_HS-grad && capital_gain_0']=>0
0.834 0.774 ['neg_marital_status_Married']=>0
0.814 1.000 ['marital_status_Married']=>1

"
0.001,0.001,0.8353182050844565,0.7813342433031906,0.8342547092547092,0.7824529074529074,0.8338622172177296,0.7736718190193469,"CRL
 ACC ,  C  ,  Rule
0.839 0.232 ['relationship_Not-in-family && capital_gain_0']=>0
0.837 0.456 ['age_low && capital_gain_0']=>0
0.837 0.616 ['occupation_Blue-Collar && capital_gain_0']=>0
0.836 0.697 ['education_HS-grad && capital_gain_0']=>0
0.834 0.774 ['neg_marital_status_Married']=>0
0.814 1.000 ['marital_status_Married']=>1

"
0.001,0.001,0.8168913154751749,1.0,0.8192055692055692,1.0,0.8144129388883202,1.0,"CRL
 ACC ,  C  ,  Rule
0.839 0.232 ['relationship_Not-in-family && capital_gain_0']=>0
0.837 0.456 ['age_low && capital_gain_0']=>0
0.837 0.616 ['occupation_Blue-Collar && capital_gain_0']=>0
0.836 0.697 ['education_HS-grad && capital_gain_0']=>0
0.834 0.774 ['neg_marital_status_Married']=>0
0.814 1.000 ['marital_status_Married']=>1

"
0.001,0.002,0.8409145197065347,0.2418699880566456,0.8394758394758395,0.24539312039312045,0.8388780837342614,0.2318558706111168,"CRL
 ACC ,  C  ,  Rule
0.839 0.232 ['relationship_Not-in-family && capital_gain_0']=>0
0.837 0.456 ['age_low && capital_gain_0']=>0
0.837 0.616 ['occupation_Blue-Collar && capital_gain_0']=>0
0.836 0.697 ['education_HS-grad && capital_gain_0']=>0
0.834 0.774 ['neg_marital_status_Married']=>0
0.814 1.000 ['neg_marital_status_Widowed']=>1

"
0.001,0.002,0.8404709094011261,0.46323153045555365,0.8384520884520884,0.46498771498771496,0.8368307912785341,0.45582966526768354,"CRL
 ACC ,  C  ,  Rule
0.839 0.232 ['relationship_Not-in-family && capital_gain_0']=>0
0.837 0.456 ['age_low && capital_gain_0']=>0
0.837 0.616 ['occupation_Blue-Collar && capital_gain_0']=>0
0.836 0.697 ['education_HS-grad && capital_gain_0']=>0
0.834 0.774 ['neg_marital_status_Married']=>0
0.814 1.000 ['neg_marital_status_Widowed']=>1

"
0.001,0.002,0.839549564920662,0.619484729568333,0.8387592137592138,0.6204954954954955,0.8367284266557478,0.6162350291739175,"CRL
 ACC ,  C  ,  Rule
0.839 0.232 ['relationship_Not-in-family && capital_gain_0']=>0
0.837 0.456 ['age_low && capital_gain_0']=>0
0.837 0.616 ['occupation_Blue-Collar && capital_gain_0']=>0
0.836 0.697 ['education_HS-grad && capital_gain_0']=>0
0.834 0.774 ['neg_marital_status_Married']=>0
0.814 1.000 ['neg_marital_status_Widowed']=>1

"
0.001,0.002,0.8385258488312575,0.7001535574134107,0.8363022113022113,0.6978910728910729,0.8363189681646023,0.6973078104207187,"CRL
 ACC ,  C  ,  Rule
0.839 0.232 ['relationship_Not-in-family && capital_gain_0']=>0
0.837 0.456 ['age_low && capital_gain_0']=>0
0.837 0.616 ['occupation_Blue-Collar && capital_gain_0']=>0
0.836 0.697 ['education_HS-grad && capital_gain_0']=>0
0.834 0.774 ['neg_marital_status_Married']=>0
0.814 1.000 ['neg_marital_status_Widowed']=>1

"
0.001,0.002,0.8353182050844565,0.7813342433031906,0.8342547092547092,0.7824529074529074,0.8338622172177296,0.7736718190193469,"CRL
 ACC ,  C  ,  Rule
0.839 0.232 ['relationship_Not-in-family && capital_gain_0']=>0
0.837 0.456 ['age_low && capital_gain_0']=>0
0.837 0.616 ['occupation_Blue-Collar && capital_gain_0']=>0
0.836 0.697 ['education_HS-grad && capital_gain_0']=>0
0.834 0.774 ['neg_marital_status_Married']=>0
0.814 1.000 ['neg_marital_status_Widowed']=>1

"
0.001,0.002,0.8168913154751749,1.0,0.8192055692055692,1.0,0.8144129388883202,1.0,"CRL
 ACC ,  C  ,  Rule
0.839 0.232 ['relationship_Not-in-family && capital_gain_0']=>0
0.837 0.456 ['age_low && capital_gain_0']=>0
0.837 0.616 ['occupation_Blue-Collar && capital_gain_0']=>0
0.836 0.697 ['education_HS-grad && capital_gain_0']=>0
0.834 0.774 ['neg_marital_status_Married']=>0
0.814 1.000 ['neg_marital_status_Widowed']=>1

"
0.001,0.003,0.8409145197065347,0.2418699880566456,0.8394758394758395,0.24539312039312045,0.8388780837342614,0.2318558706111168,"CRL
 ACC ,  C  ,  Rule
0.839 0.232 ['relationship_Not-in-family && capital_gain_0']=>0
0.837 0.456 ['age_low && capital_gain_0']=>0
0.837 0.616 ['occupation_Blue-Collar && capital_gain_0']=>0
0.836 0.697 ['education_HS-grad && capital_gain_0']=>0
0.834 0.774 ['neg_marital_status_Married']=>0
0.814 1.000 ['neg_marital_status_Single']=>1

"
0.001,0.003,0.8404709094011261,0.46323153045555365,0.8384520884520884,0.46498771498771496,0.8368307912785341,0.45582966526768354,"CRL
 ACC ,  C  ,  Rule
0.839 0.232 ['relationship_Not-in-family && capital_gain_0']=>0
0.837 0.456 ['age_low && capital_gain_0']=>0
0.837 0.616 ['occupation_Blue-Collar && capital_gain_0']=>0
0.836 0.697 ['education_HS-grad && capital_gain_0']=>0
0.834 0.774 ['neg_marital_status_Married']=>0
0.814 1.000 ['neg_marital_status_Single']=>1

"
0.001,0.003,0.839549564920662,0.619484729568333,0.8387592137592138,0.6204954954954955,0.8367284266557478,0.6162350291739175,"CRL
 ACC ,  C  ,  Rule
0.839 0.232 ['relationship_Not-in-family && capital_gain_0']=>0
0.837 0.456 ['age_low && capital_gain_0']=>0
0.837 0.616 ['occupation_Blue-Collar && capital_gain_0']=>0
0.836 0.697 ['education_HS-grad && capital_gain_0']=>0
0.834 0.774 ['neg_marital_status_Married']=>0
0.814 1.000 ['neg_marital_status_Single']=>1

"
0.001,0.003,0.8385258488312575,0.7001535574134107,0.8363022113022113,0.6978910728910729,0.8363189681646023,0.6973078104207187,"CRL
 ACC ,  C  ,  Rule
0.839 0.232 ['relationship_Not-in-family && capital_gain_0']=>0
0.837 0.456 ['age_low && capital_gain_0']=>0
0.837 0.616 ['occupation_Blue-Collar && capital_gain_0']=>0
0.836 0.697 ['education_HS-grad && capital_gain_0']=>0
0.834 0.774 ['neg_marital_status_Married']=>0
0.814 1.000 ['neg_marital_status_Single']=>1

"
0.001,0.003,0.8353182050844565,0.7813342433031906,0.8342547092547092,0.7824529074529074,0.8338622172177296,0.7736718190193469,"CRL
 ACC ,  C  ,  Rule
0.839 0.232 ['relationship_Not-in-family && capital_gain_0']=>0
0.837 0.456 ['age_low && capital_gain_0']=>0
0.837 0.616 ['occupation_Blue-Collar && capital_gain_0']=>0
0.836 0.697 ['education_HS-grad && capital_gain_0']=>0
0.834 0.774 ['neg_marital_status_Married']=>0
0.814 1.000 ['neg_marital_status_Single']=>1

"
0.001,0.003,0.8168913154751749,1.0,0.8192055692055692,1.0,0.8144129388883202,1.0,"CRL
 ACC ,  C  ,  Rule
0.839 0.232 ['relationship_Not-in-family && capital_gain_0']=>0
0.837 0.456 ['age_low && capital_gain_0']=>0
0.837 0.616 ['occupation_Blue-Collar && capital_gain_0']=>0
0.836 0.697 ['education_HS-grad && capital_gain_0']=>0
0.834 0.774 ['neg_marital_status_Married']=>0
0.814 1.000 ['neg_marital_status_Single']=>1

"
0.001,0.004,0.8396178126599556,0.3112438150486265,0.8391687141687142,0.3090704340704341,0.8355000511823114,0.31047190091104515,"CRL
 ACC ,  C  ,  Rule
0.836 0.310 ['age_low && capital_gain_0']=>0
0.836 0.509 ['occupation_Blue-Collar && capital_gain_0']=>0
0.835 0.621 ['education_HS-grad && capital_gain_0']=>0
0.833 0.771 ['neg_marital_status_Married']=>0
0.812 1.000 ['neg_marital_status_Separated']=>1

"
0.001,0.004,0.8387305920491384,0.5066712165159529,0.8393734643734644,0.5056306306306306,0.8355000511823114,0.5090592691165934,"CRL
 ACC ,  C  ,  Rule
0.836 0.310 ['age_low && capital_gain_0']=>0
0.836 0.509 ['occupation_Blue-Collar && capital_gain_0']=>0
0.835 0.621 ['education_HS-grad && capital_gain_0']=>0
0.833 0.771 ['neg_marital_status_Married']=>0
0.812 1.000 ['neg_marital_status_Separated']=>1

"
0.001,0.004,0.8377409998293807,0.6173690496502303,0.8368140868140869,0.6171171171171171,0.8350905926911659,0.621148531067663,"CRL
 ACC ,  C  ,  Rule
0.836 0.310 ['age_low && capital_gain_0']=>0
0.836 0.509 ['occupation_Blue-Collar && capital_gain_0']=>0
0.835 0.621 ['education_HS-grad && capital_gain_0']=>0
0.833 0.771 ['neg_marital_status_Married']=>0
0.812 1.000 ['neg_marital_status_Separated']=>1

"
0.001,0.004,0.8350793379969289,0.7790479440368538,0.8343570843570843,0.7798935298935299,0.8331456648582249,0.770907974204115,"CRL
 ACC ,  C  ,  Rule
0.836 0.310 ['age_low && capital_gain_0']=>0
0.836 0.509 ['occupation_Blue-Collar && capital_gain_0']=>0
0.835 0.621 ['education_HS-grad && capital_gain_0']=>0
0.833 0.771 ['neg_marital_status_Married']=>0
0.812 1.000 ['neg_marital_status_Separated']=>1

"
0.001,0.004,0.815355741341068,1.0,0.8176699426699426,1.0,0.8124680110553792,1.0,"CRL
 ACC ,  C  ,  Rule
0.836 0.310 ['age_low && capital_gain_0']=>0
0.836 0.509 ['occupation_Blue-Collar && capital_gain_0']=>0
0.835 0.621 ['education_HS-grad && capital_gain_0']=>0
0.833 0.771 ['neg_marital_status_Married']=>0
0.812 1.000 ['neg_marital_status_Separated']=>1

"
0.001,0.005,0.8396178126599556,0.3112438150486265,0.8391687141687142,0.3090704340704341,0.8355000511823114,0.31047190091104515,"CRL
 ACC ,  C  ,  Rule
0.836 0.310 ['age_low && capital_gain_0']=>0
0.836 0.509 ['occupation_Blue-Collar && capital_gain_0']=>0
0.835 0.621 ['education_HS-grad && capital_gain_0']=>0
0.833 0.771 ['neg_marital_status_Married']=>0
0.812 1.000 ['neg_marital_status_Single']=>1

"
0.001,0.005,0.8387305920491384,0.5066712165159529,0.8393734643734644,0.5056306306306306,0.8355000511823114,0.5090592691165934,"CRL
 ACC ,  C  ,  Rule
0.836 0.310 ['age_low && capital_gain_0']=>0
0.836 0.509 ['occupation_Blue-Collar && capital_gain_0']=>0
0.835 0.621 ['education_HS-grad && capital_gain_0']=>0
0.833 0.771 ['neg_marital_status_Married']=>0
0.812 1.000 ['neg_marital_status_Single']=>1

"
0.001,0.005,0.8377409998293807,0.6173690496502303,0.8368140868140869,0.6171171171171171,0.8350905926911659,0.621148531067663,"CRL
 ACC ,  C  ,  Rule
0.836 0.310 ['age_low && capital_gain_0']=>0
0.836 0.509 ['occupation_Blue-Collar && capital_gain_0']=>0
0.835 0.621 ['education_HS-grad && capital_gain_0']=>0
0.833 0.771 ['neg_marital_status_Married']=>0
0.812 1.000 ['neg_marital_status_Single']=>1

"
0.001,0.005,0.8350793379969289,0.7790479440368538,0.8343570843570843,0.7798935298935299,0.8331456648582249,0.770907974204115,"CRL
 ACC ,  C  ,  Rule
0.836 0.310 ['age_low && capital_gain_0']=>0
0.836 0.509 ['occupation_Blue-Collar && capital_gain_0']=>0
0.835 0.621 ['education_HS-grad && capital_gain_0']=>0
0.833 0.771 ['neg_marital_status_Married']=>0
0.812 1.000 ['neg_marital_status_Single']=>1

"
0.001,0.005,0.815355741341068,1.0,0.8176699426699426,1.0,0.8124680110553792,1.0,"CRL
 ACC ,  C  ,  Rule
0.836 0.310 ['age_low && capital_gain_0']=>0
0.836 0.509 ['occupation_Blue-Collar && capital_gain_0']=>0
0.835 0.621 ['education_HS-grad && capital_gain_0']=>0
0.833 0.771 ['neg_marital_status_Married']=>0
0.812 1.000 ['neg_marital_status_Single']=>1

"
0.001,0.006,0.8396178126599556,0.3112438150486265,0.8391687141687142,0.3090704340704341,0.8355000511823114,0.31047190091104515,"CRL
 ACC ,  C  ,  Rule
0.836 0.310 ['age_low && capital_gain_0']=>0
0.836 0.509 ['occupation_Blue-Collar && capital_gain_0']=>0
0.835 0.621 ['education_HS-grad && capital_gain_0']=>0
0.833 0.771 ['neg_marital_status_Married']=>0
0.812 1.000 ['neg_marital_status_Divorced']=>1

"
0.001,0.006,0.8387305920491384,0.5066712165159529,0.8393734643734644,0.5056306306306306,0.8355000511823114,0.5090592691165934,"CRL
 ACC ,  C  ,  Rule
0.836 0.310 ['age_low && capital_gain_0']=>0
0.836 0.509 ['occupation_Blue-Collar && capital_gain_0']=>0
0.835 0.621 ['education_HS-grad && capital_gain_0']=>0
0.833 0.771 ['neg_marital_status_Married']=>0
0.812 1.000 ['neg_marital_status_Divorced']=>1

"
0.001,0.006,0.8377409998293807,0.6173690496502303,0.8368140868140869,0.6171171171171171,0.8350905926911659,0.621148531067663,"CRL
 ACC ,  C  ,  Rule
0.836 0.310 ['age_low && capital_gain_0']=>0
0.836 0.509 ['occupation_Blue-Collar && capital_gain_0']=>0
0.835 0.621 ['education_HS-grad && capital_gain_0']=>0
0.833 0.771 ['neg_marital_status_Married']=>0
0.812 1.000 ['neg_marital_status_Divorced']=>1

"
0.001,0.006,0.8350793379969289,0.7790479440368538,0.8343570843570843,0.7798935298935299,0.8331456648582249,0.770907974204115,"CRL
 ACC ,  C  ,  Rule
0.836 0.310 ['age_low && capital_gain_0']=>0
0.836 0.509 ['occupation_Blue-Collar && capital_gain_0']=>0
0.835 0.621 ['education_HS-grad && capital_gain_0']=>0
0.833 0.771 ['neg_marital_status_Married']=>0
0.812 1.000 ['neg_marital_status_Divorced']=>1

"
0.001,0.006,0.815355741341068,1.0,0.8176699426699426,1.0,0.8124680110553792,1.0,"CRL
 ACC ,  C  ,  Rule
0.836 0.310 ['age_low && capital_gain_0']=>0
0.836 0.509 ['occupation_Blue-Collar && capital_gain_0']=>0
0.835 0.621 ['education_HS-grad && capital_gain_0']=>0
0.833 0.771 ['neg_marital_status_Married']=>0
0.812 1.000 ['neg_marital_status_Divorced']=>1

"
0.001,0.007,0.8396178126599556,0.3112438150486265,0.8391687141687142,0.3090704340704341,0.8355000511823114,0.31047190091104515,"CRL
 ACC ,  C  ,  Rule
0.836 0.310 ['age_low && capital_gain_0']=>0
0.836 0.509 ['occupation_Blue-Collar && capital_gain_0']=>0
0.835 0.621 ['education_HS-grad && capital_gain_0']=>0
0.833 0.771 ['neg_marital_status_Married']=>0
0.812 1.000 ['neg_marital_status_Divorced']=>1

"
0.001,0.007,0.8387305920491384,0.5066712165159529,0.8393734643734644,0.5056306306306306,0.8355000511823114,0.5090592691165934,"CRL
 ACC ,  C  ,  Rule
0.836 0.310 ['age_low && capital_gain_0']=>0
0.836 0.509 ['occupation_Blue-Collar && capital_gain_0']=>0
0.835 0.621 ['education_HS-grad && capital_gain_0']=>0
0.833 0.771 ['neg_marital_status_Married']=>0
0.812 1.000 ['neg_marital_status_Divorced']=>1

"
0.001,0.007,0.8377409998293807,0.6173690496502303,0.8368140868140869,0.6171171171171171,0.8350905926911659,0.621148531067663,"CRL
 ACC ,  C  ,  Rule
0.836 0.310 ['age_low && capital_gain_0']=>0
0.836 0.509 ['occupation_Blue-Collar && capital_gain_0']=>0
0.835 0.621 ['education_HS-grad && capital_gain_0']=>0
0.833 0.771 ['neg_marital_status_Married']=>0
0.812 1.000 ['neg_marital_status_Divorced']=>1

"
0.001,0.007,0.8350793379969289,0.7790479440368538,0.8343570843570843,0.7798935298935299,0.8331456648582249,0.770907974204115,"CRL
 ACC ,  C  ,  Rule
0.836 0.310 ['age_low && capital_gain_0']=>0
0.836 0.509 ['occupation_Blue-Collar && capital_gain_0']=>0
0.835 0.621 ['education_HS-grad && capital_gain_0']=>0
0.833 0.771 ['neg_marital_status_Married']=>0
0.812 1.000 ['neg_marital_status_Divorced']=>1

"
0.001,0.007,0.815355741341068,1.0,0.8176699426699426,1.0,0.8124680110553792,1.0,"CRL
 ACC ,  C  ,  Rule
0.836 0.310 ['age_low && capital_gain_0']=>0
0.836 0.509 ['occupation_Blue-Collar && capital_gain_0']=>0
0.835 0.621 ['education_HS-grad && capital_gain_0']=>0
0.833 0.771 ['neg_marital_status_Married']=>0
0.812 1.000 ['neg_marital_status_Divorced']=>1

"
0.001,0.008,0.8409145197065347,0.2418699880566456,0.8394758394758395,0.24539312039312045,0.8388780837342614,0.2318558706111168,"CRL
 ACC ,  C  ,  Rule
0.839 0.232 ['relationship_Not-in-family && capital_gain_0']=>0
0.837 0.456 ['age_low && capital_gain_0']=>0
0.837 0.616 ['occupation_Blue-Collar && capital_gain_0']=>0
0.834 0.721 ['neg_marital_status_Married']=>0
0.834 0.774 ['education_HS-grad && capital_gain_0']=>0
0.814 1.000 ['neg_marital_status_Single']=>1

"
0.001,0.008,0.8404709094011261,0.46323153045555365,0.8384520884520884,0.46498771498771496,0.8368307912785341,0.45582966526768354,"CRL
 ACC ,  C  ,  Rule
0.839 0.232 ['relationship_Not-in-family && capital_gain_0']=>0
0.837 0.456 ['age_low && capital_gain_0']=>0
0.837 0.616 ['occupation_Blue-Collar && capital_gain_0']=>0
0.834 0.721 ['neg_marital_status_Married']=>0
0.834 0.774 ['education_HS-grad && capital_gain_0']=>0
0.814 1.000 ['neg_marital_status_Single']=>1

"
0.001,0.008,0.839549564920662,0.619484729568333,0.8387592137592138,0.6204954954954955,0.8367284266557478,0.6162350291739175,"CRL
 ACC ,  C  ,  Rule
0.839 0.232 ['relationship_Not-in-family && capital_gain_0']=>0
0.837 0.456 ['age_low && capital_gain_0']=>0
0.837 0.616 ['occupation_Blue-Collar && capital_gain_0']=>0
0.834 0.721 ['neg_marital_status_Married']=>0
0.834 0.774 ['education_HS-grad && capital_gain_0']=>0
0.814 1.000 ['neg_marital_status_Single']=>1

"
0.001,0.008,0.8363419211738611,0.7295342091793209,0.8367117117117117,0.7337223587223587,0.8342716757088751,0.721261132152728,"CRL
 ACC ,  C  ,  Rule
0.839 0.232 ['relationship_Not-in-family && capital_gain_0']=>0
0.837 0.456 ['age_low && capital_gain_0']=>0
0.837 0.616 ['occupation_Blue-Collar && capital_gain_0']=>0
0.834 0.721 ['neg_marital_status_Married']=>0
0.834 0.774 ['education_HS-grad && capital_gain_0']=>0
0.814 1.000 ['neg_marital_status_Single']=>1

"
0.001,0.008,0.8353182050844565,0.7813342433031906,0.8342547092547092,0.7824529074529074,0.8338622172177296,0.7736718190193469,"CRL
 ACC ,  C  ,  Rule
0.839 0.232 ['relationship_Not-in-family && capital_gain_0']=>0
0.837 0.456 ['age_low && capital_gain_0']=>0
0.837 0.616 ['occupation_Blue-Collar && capital_gain_0']=>0
0.834 0.721 ['neg_marital_status_Married']=>0
0.834 0.774 ['education_HS-grad && capital_gain_0']=>0
0.814 1.000 ['neg_marital_status_Single']=>1

"
0.001,0.008,0.8168913154751749,1.0,0.8192055692055692,1.0,0.8144129388883202,1.0,"CRL
 ACC ,  C  ,  Rule
0.839 0.232 ['relationship_Not-in-family && capital_gain_0']=>0
0.837 0.456 ['age_low && capital_gain_0']=>0
0.837 0.616 ['occupation_Blue-Collar && capital_gain_0']=>0
0.834 0.721 ['neg_marital_status_Married']=>0
0.834 0.774 ['education_HS-grad && capital_gain_0']=>0
0.814 1.000 ['neg_marital_status_Single']=>1

"
0.001,0.009000000000000001,0.8396178126599556,0.3112438150486265,0.8391687141687142,0.3090704340704341,0.8355000511823114,0.31047190091104515,"CRL
 ACC ,  C  ,  Rule
0.836 0.310 ['age_low && capital_gain_0']=>0
0.836 0.509 ['occupation_Blue-Collar && capital_gain_0']=>0
0.835 0.621 ['education_HS-grad && capital_gain_0']=>0
0.833 0.771 ['neg_marital_status_Married']=>0
0.812 1.000 ['neg_marital_status_Separated']=>1

"
0.001,0.009000000000000001,0.8387305920491384,0.5066712165159529,0.8393734643734644,0.5056306306306306,0.8355000511823114,0.5090592691165934,"CRL
 ACC ,  C  ,  Rule
0.836 0.310 ['age_low && capital_gain_0']=>0
0.836 0.509 ['occupation_Blue-Collar && capital_gain_0']=>0
0.835 0.621 ['education_HS-grad && capital_gain_0']=>0
0.833 0.771 ['neg_marital_status_Married']=>0
0.812 1.000 ['neg_marital_status_Separated']=>1

"
0.001,0.009000000000000001,0.8377409998293807,0.6173690496502303,0.8368140868140869,0.6171171171171171,0.8350905926911659,0.621148531067663,"CRL
 ACC ,  C  ,  Rule
0.836 0.310 ['age_low && capital_gain_0']=>0
0.836 0.509 ['occupation_Blue-Collar && capital_gain_0']=>0
0.835 0.621 ['education_HS-grad && capital_gain_0']=>0
0.833 0.771 ['neg_marital_status_Married']=>0
0.812 1.000 ['neg_marital_status_Separated']=>1

"
0.001,0.009000000000000001,0.8350793379969289,0.7790479440368538,0.8343570843570843,0.7798935298935299,0.8331456648582249,0.770907974204115,"CRL
 ACC ,  C  ,  Rule
0.836 0.310 ['age_low && capital_gain_0']=>0
0.836 0.509 ['occupation_Blue-Collar && capital_gain_0']=>0
0.835 0.621 ['education_HS-grad && capital_gain_0']=>0
0.833 0.771 ['neg_marital_status_Married']=>0
0.812 1.000 ['neg_marital_status_Separated']=>1

"
0.001,0.009000000000000001,0.815355741341068,1.0,0.8176699426699426,1.0,0.8124680110553792,1.0,"CRL
 ACC ,  C  ,  Rule
0.836 0.310 ['age_low && capital_gain_0']=>0
0.836 0.509 ['occupation_Blue-Collar && capital_gain_0']=>0
0.835 0.621 ['education_HS-grad && capital_gain_0']=>0
0.833 0.771 ['neg_marital_status_Married']=>0
0.812 1.000 ['neg_marital_status_Separated']=>1

"
0.001,0.01,0.8396178126599556,0.3112438150486265,0.8391687141687142,0.3090704340704341,0.8355000511823114,0.31047190091104515,"CRL
 ACC ,  C  ,  Rule
0.836 0.310 ['age_low && capital_gain_0']=>0
0.836 0.509 ['occupation_Blue-Collar && capital_gain_0']=>0
0.834 0.718 ['neg_marital_status_Married']=>0
0.831 0.782 ['education_HS-grad && capital_loss_0']=>0
0.812 1.000 ['neg_marital_status_Separated']=>1

"
0.001,0.01,0.8387305920491384,0.5066712165159529,0.8393734643734644,0.5056306306306306,0.8355000511823114,0.5090592691165934,"CRL
 ACC ,  C  ,  Rule
0.836 0.310 ['age_low && capital_gain_0']=>0
0.836 0.509 ['occupation_Blue-Collar && capital_gain_0']=>0
0.834 0.718 ['neg_marital_status_Married']=>0
0.831 0.782 ['education_HS-grad && capital_loss_0']=>0
0.812 1.000 ['neg_marital_status_Separated']=>1

"
0.001,0.01,0.8360689302166866,0.7264630609111074,0.836916461916462,0.7303439803439804,0.8335551233493704,0.7177807349779917,"CRL
 ACC ,  C  ,  Rule
0.836 0.310 ['age_low && capital_gain_0']=>0
0.836 0.509 ['occupation_Blue-Collar && capital_gain_0']=>0
0.834 0.718 ['neg_marital_status_Married']=>0
0.831 0.782 ['education_HS-grad && capital_loss_0']=>0
0.812 1.000 ['neg_marital_status_Separated']=>1

"
0.001,0.01,0.8336802593414093,0.7896604674970141,0.8325143325143325,0.7930999180999181,0.8313031016480704,0.7818609888422561,"CRL
 ACC ,  C  ,  Rule
0.836 0.310 ['age_low && capital_gain_0']=>0
0.836 0.509 ['occupation_Blue-Collar && capital_gain_0']=>0
0.834 0.718 ['neg_marital_status_Married']=>0
0.831 0.782 ['education_HS-grad && capital_loss_0']=>0
0.812 1.000 ['neg_marital_status_Separated']=>1

"
0.001,0.01,0.8149121310356594,1.0,0.8173628173628174,1.0,0.8121609171870202,1.0,"CRL
 ACC ,  C  ,  Rule
0.836 0.310 ['age_low && capital_gain_0']=>0
0.836 0.509 ['occupation_Blue-Collar && capital_gain_0']=>0
0.834 0.718 ['neg_marital_status_Married']=>0
0.831 0.782 ['education_HS-grad && capital_loss_0']=>0
0.812 1.000 ['neg_marital_status_Separated']=>1

"
0.0016681005372000592,0.001,0.8396178126599556,0.3112438150486265,0.8391687141687142,0.3090704340704341,0.8355000511823114,0.31047190091104515,"CRL
 ACC ,  C  ,  Rule
0.836 0.310 ['age_low && capital_gain_0']=>0
0.836 0.509 ['occupation_Blue-Collar && capital_gain_0']=>0
0.835 0.621 ['education_HS-grad && capital_gain_0']=>0
0.833 0.771 ['neg_marital_status_Married']=>0
0.812 1.000 ['neg_marital_status_Widowed']=>1

"
0.0016681005372000592,0.001,0.8387305920491384,0.5066712165159529,0.8393734643734644,0.5056306306306306,0.8355000511823114,0.5090592691165934,"CRL
 ACC ,  C  ,  Rule
0.836 0.310 ['age_low && capital_gain_0']=>0
0.836 0.509 ['occupation_Blue-Collar && capital_gain_0']=>0
0.835 0.621 ['education_HS-grad && capital_gain_0']=>0
0.833 0.771 ['neg_marital_status_Married']=>0
0.812 1.000 ['neg_marital_status_Widowed']=>1

"
0.0016681005372000592,0.001,0.8377409998293807,0.6173690496502303,0.8368140868140869,0.6171171171171171,0.8350905926911659,0.621148531067663,"CRL
 ACC ,  C  ,  Rule
0.836 0.310 ['age_low && capital_gain_0']=>0
0.836 0.509 ['occupation_Blue-Collar && capital_gain_0']=>0
0.835 0.621 ['education_HS-grad && capital_gain_0']=>0
0.833 0.771 ['neg_marital_status_Married']=>0
0.812 1.000 ['neg_marital_status_Widowed']=>1

"
0.0016681005372000592,0.001,0.8350793379969289,0.7790479440368538,0.8343570843570843,0.7798935298935299,0.8331456648582249,0.770907974204115,"CRL
 ACC ,  C  ,  Rule
0.836 0.310 ['age_low && capital_gain_0']=>0
0.836 0.509 ['occupation_Blue-Collar && capital_gain_0']=>0
0.835 0.621 ['education_HS-grad && capital_gain_0']=>0
0.833 0.771 ['neg_marital_status_Married']=>0
0.812 1.000 ['neg_marital_status_Widowed']=>1

"
0.0016681005372000592,0.001,0.815355741341068,1.0,0.8176699426699426,1.0,0.8124680110553792,1.0,"CRL
 ACC ,  C  ,  Rule
0.836 0.310 ['age_low && capital_gain_0']=>0
0.836 0.509 ['occupation_Blue-Collar && capital_gain_0']=>0
0.835 0.621 ['education_HS-grad && capital_gain_0']=>0
0.833 0.771 ['neg_marital_status_Married']=>0
0.812 1.000 ['neg_marital_status_Widowed']=>1

"
0.0016681005372000592,0.002,0.8396178126599556,0.3112438150486265,0.8391687141687142,0.3090704340704341,0.8355000511823114,0.31047190091104515,"CRL
 ACC ,  C  ,  Rule
0.836 0.310 ['age_low && capital_gain_0']=>0
0.836 0.509 ['occupation_Blue-Collar && capital_gain_0']=>0
0.835 0.621 ['education_HS-grad && capital_gain_0']=>0
0.833 0.771 ['neg_marital_status_Married']=>0
0.812 1.000 ['neg_marital_status_Separated']=>1

"
0.0016681005372000592,0.002,0.8387305920491384,0.5066712165159529,0.8393734643734644,0.5056306306306306,0.8355000511823114,0.5090592691165934,"CRL
 ACC ,  C  ,  Rule
0.836 0.310 ['age_low && capital_gain_0']=>0
0.836 0.509 ['occupation_Blue-Collar && capital_gain_0']=>0
0.835 0.621 ['education_HS-grad && capital_gain_0']=>0
0.833 0.771 ['neg_marital_status_Married']=>0
0.812 1.000 ['neg_marital_status_Separated']=>1

"
0.0016681005372000592,0.002,0.8377409998293807,0.6173690496502303,0.8368140868140869,0.6171171171171171,0.8350905926911659,0.621148531067663,"CRL
 ACC ,  C  ,  Rule
0.836 0.310 ['age_low && capital_gain_0']=>0
0.836 0.509 ['occupation_Blue-Collar && capital_gain_0']=>0
0.835 0.621 ['education_HS-grad && capital_gain_0']=>0
0.833 0.771 ['neg_marital_status_Married']=>0
0.812 1.000 ['neg_marital_status_Separated']=>1

"
0.0016681005372000592,0.002,0.8350793379969289,0.7790479440368538,0.8343570843570843,0.7798935298935299,0.8331456648582249,0.770907974204115,"CRL
 ACC ,  C  ,  Rule
0.836 0.310 ['age_low && capital_gain_0']=>0
0.836 0.509 ['occupation_Blue-Collar && capital_gain_0']=>0
0.835 0.621 ['education_HS-grad && capital_gain_0']=>0
0.833 0.771 ['neg_marital_status_Married']=>0
0.812 1.000 ['neg_marital_status_Separated']=>1

"
0.0016681005372000592,0.002,0.815355741341068,1.0,0.8176699426699426,1.0,0.8124680110553792,1.0,"CRL
 ACC ,  C  ,  Rule
0.836 0.310 ['age_low && capital_gain_0']=>0
0.836 0.509 ['occupation_Blue-Collar && capital_gain_0']=>0
0.835 0.621 ['education_HS-grad && capital_gain_0']=>0
0.833 0.771 ['neg_marital_status_Married']=>0
0.812 1.000 ['neg_marital_status_Separated']=>1

"
0.0016681005372000592,0.003,0.8396178126599556,0.3112438150486265,0.8391687141687142,0.3090704340704341,0.8355000511823114,0.31047190091104515,"CRL
 ACC ,  C  ,  Rule
0.836 0.310 ['age_low && capital_gain_0']=>0
0.836 0.509 ['occupation_Blue-Collar && capital_gain_0']=>0
0.835 0.621 ['education_HS-grad && capital_gain_0']=>0
0.833 0.771 ['neg_marital_status_Married']=>0
0.812 1.000 ['marital_status_Married']=>1

"
0.0016681005372000592,0.003,0.8387305920491384,0.5066712165159529,0.8393734643734644,0.5056306306306306,0.8355000511823114,0.5090592691165934,"CRL
 ACC ,  C  ,  Rule
0.836 0.310 ['age_low && capital_gain_0']=>0
0.836 0.509 ['occupation_Blue-Collar && capital_gain_0']=>0
0.835 0.621 ['education_HS-grad && capital_gain_0']=>0
0.833 0.771 ['neg_marital_status_Married']=>0
0.812 1.000 ['marital_status_Married']=>1

"
0.0016681005372000592,0.003,0.8377409998293807,0.6173690496502303,0.8368140868140869,0.6171171171171171,0.8350905926911659,0.621148531067663,"CRL
 ACC ,  C  ,  Rule
0.836 0.310 ['age_low && capital_gain_0']=>0
0.836 0.509 ['occupation_Blue-Collar && capital_gain_0']=>0
0.835 0.621 ['education_HS-grad && capital_gain_0']=>0
0.833 0.771 ['neg_marital_status_Married']=>0
0.812 1.000 ['marital_status_Married']=>1

"
0.0016681005372000592,0.003,0.8350793379969289,0.7790479440368538,0.8343570843570843,0.7798935298935299,0.8331456648582249,0.770907974204115,"CRL
 ACC ,  C  ,  Rule
0.836 0.310 ['age_low && capital_gain_0']=>0
0.836 0.509 ['occupation_Blue-Collar && capital_gain_0']=>0
0.835 0.621 ['education_HS-grad && capital_gain_0']=>0
0.833 0.771 ['neg_marital_status_Married']=>0
0.812 1.000 ['marital_status_Married']=>1

"
0.0016681005372000592,0.003,0.815355741341068,1.0,0.8176699426699426,1.0,0.8124680110553792,1.0,"CRL
 ACC ,  C  ,  Rule
0.836 0.310 ['age_low && capital_gain_0']=>0
0.836 0.509 ['occupation_Blue-Collar && capital_gain_0']=>0
0.835 0.621 ['education_HS-grad && capital_gain_0']=>0
0.833 0.771 ['neg_marital_status_Married']=>0
0.812 1.000 ['marital_status_Married']=>1

"
0.0016681005372000592,0.004,0.8396178126599556,0.3112438150486265,0.8391687141687142,0.3090704340704341,0.8355000511823114,0.31047190091104515,"CRL
 ACC ,  C  ,  Rule
0.836 0.310 ['age_low && capital_gain_0']=>0
0.836 0.509 ['occupation_Blue-Collar && capital_gain_0']=>0
0.835 0.621 ['education_HS-grad && capital_gain_0']=>0
0.833 0.771 ['neg_marital_status_Married']=>0
0.812 1.000 ['neg_marital_status_Widowed']=>1

"
0.0016681005372000592,0.004,0.8387305920491384,0.5066712165159529,0.8393734643734644,0.5056306306306306,0.8355000511823114,0.5090592691165934,"CRL
 ACC ,  C  ,  Rule
0.836 0.310 ['age_low && capital_gain_0']=>0
0.836 0.509 ['occupation_Blue-Collar && capital_gain_0']=>0
0.835 0.621 ['education_HS-grad && capital_gain_0']=>0
0.833 0.771 ['neg_marital_status_Married']=>0
0.812 1.000 ['neg_marital_status_Widowed']=>1

"
0.0016681005372000592,0.004,0.8377409998293807,0.6173690496502303,0.8368140868140869,0.6171171171171171,0.8350905926911659,0.621148531067663,"CRL
 ACC ,  C  ,  Rule
0.836 0.310 ['age_low && capital_gain_0']=>0
0.836 0.509 ['occupation_Blue-Collar && capital_gain_0']=>0
0.835 0.621 ['education_HS-grad && capital_gain_0']=>0
0.833 0.771 ['neg_marital_status_Married']=>0
0.812 1.000 ['neg_marital_status_Widowed']=>1

"
0.0016681005372000592,0.004,0.8350793379969289,0.7790479440368538,0.8343570843570843,0.7798935298935299,0.8331456648582249,0.770907974204115,"CRL
 ACC ,  C  ,  Rule
0.836 0.310 ['age_low && capital_gain_0']=>0
0.836 0.509 ['occupation_Blue-Collar && capital_gain_0']=>0
0.835 0.621 ['education_HS-grad && capital_gain_0']=>0
0.833 0.771 ['neg_marital_status_Married']=>0
0.812 1.000 ['neg_marital_status_Widowed']=>1

"
0.0016681005372000592,0.004,0.815355741341068,1.0,0.8176699426699426,1.0,0.8124680110553792,1.0,"CRL
 ACC ,  C  ,  Rule
0.836 0.310 ['age_low && capital_gain_0']=>0
0.836 0.509 ['occupation_Blue-Collar && capital_gain_0']=>0
0.835 0.621 ['education_HS-grad && capital_gain_0']=>0
0.833 0.771 ['neg_marital_status_Married']=>0
0.812 1.000 ['neg_marital_status_Widowed']=>1

"
0.0016681005372000592,0.005,0.8396178126599556,0.3112438150486265,0.8391687141687142,0.3090704340704341,0.8355000511823114,0.31047190091104515,"CRL
 ACC ,  C  ,  Rule
0.836 0.310 ['age_low && capital_gain_0']=>0
0.836 0.509 ['occupation_Blue-Collar && capital_gain_0']=>0
0.835 0.621 ['education_HS-grad && capital_gain_0']=>0
0.833 0.771 ['neg_marital_status_Married']=>0
0.812 1.000 ['neg_marital_status_Separated']=>1

"
0.0016681005372000592,0.005,0.8387305920491384,0.5066712165159529,0.8393734643734644,0.5056306306306306,0.8355000511823114,0.5090592691165934,"CRL
 ACC ,  C  ,  Rule
0.836 0.310 ['age_low && capital_gain_0']=>0
0.836 0.509 ['occupation_Blue-Collar && capital_gain_0']=>0
0.835 0.621 ['education_HS-grad && capital_gain_0']=>0
0.833 0.771 ['neg_marital_status_Married']=>0
0.812 1.000 ['neg_marital_status_Separated']=>1

"
0.0016681005372000592,0.005,0.8377409998293807,0.6173690496502303,0.8368140868140869,0.6171171171171171,0.8350905926911659,0.621148531067663,"CRL
 ACC ,  C  ,  Rule
0.836 0.310 ['age_low && capital_gain_0']=>0
0.836 0.509 ['occupation_Blue-Collar && capital_gain_0']=>0
0.835 0.621 ['education_HS-grad && capital_gain_0']=>0
0.833 0.771 ['neg_marital_status_Married']=>0
0.812 1.000 ['neg_marital_status_Separated']=>1

"
0.0016681005372000592,0.005,0.8350793379969289,0.7790479440368538,0.8343570843570843,0.7798935298935299,0.8331456648582249,0.770907974204115,"CRL
 ACC ,  C  ,  Rule
0.836 0.310 ['age_low && capital_gain_0']=>0
0.836 0.509 ['occupation_Blue-Collar && capital_gain_0']=>0
0.835 0.621 ['education_HS-grad && capital_gain_0']=>0
0.833 0.771 ['neg_marital_status_Married']=>0
0.812 1.000 ['neg_marital_status_Separated']=>1

"
0.0016681005372000592,0.005,0.815355741341068,1.0,0.8176699426699426,1.0,0.8124680110553792,1.0,"CRL
 ACC ,  C  ,  Rule
0.836 0.310 ['age_low && capital_gain_0']=>0
0.836 0.509 ['occupation_Blue-Collar && capital_gain_0']=>0
0.835 0.621 ['education_HS-grad && capital_gain_0']=>0
0.833 0.771 ['neg_marital_status_Married']=>0
0.812 1.000 ['neg_marital_status_Separated']=>1

"
0.0016681005372000592,0.006,0.8396178126599556,0.3112438150486265,0.8391687141687142,0.3090704340704341,0.8355000511823114,0.31047190091104515,"CRL
 ACC ,  C  ,  Rule
0.836 0.310 ['age_low && capital_gain_0']=>0
0.836 0.509 ['occupation_Blue-Collar && capital_gain_0']=>0
0.835 0.621 ['education_HS-grad && capital_gain_0']=>0
0.833 0.771 ['neg_marital_status_Married']=>0
0.812 1.000 ['neg_marital_status_Separated']=>1

"
0.0016681005372000592,0.006,0.8387305920491384,0.5066712165159529,0.8393734643734644,0.5056306306306306,0.8355000511823114,0.5090592691165934,"CRL
 ACC ,  C  ,  Rule
0.836 0.310 ['age_low && capital_gain_0']=>0
0.836 0.509 ['occupation_Blue-Collar && capital_gain_0']=>0
0.835 0.621 ['education_HS-grad && capital_gain_0']=>0
0.833 0.771 ['neg_marital_status_Married']=>0
0.812 1.000 ['neg_marital_status_Separated']=>1

"
0.0016681005372000592,0.006,0.8377409998293807,0.6173690496502303,0.8368140868140869,0.6171171171171171,0.8350905926911659,0.621148531067663,"CRL
 ACC ,  C  ,  Rule
0.836 0.310 ['age_low && capital_gain_0']=>0
0.836 0.509 ['occupation_Blue-Collar && capital_gain_0']=>0
0.835 0.621 ['education_HS-grad && capital_gain_0']=>0
0.833 0.771 ['neg_marital_status_Married']=>0
0.812 1.000 ['neg_marital_status_Separated']=>1

"
0.0016681005372000592,0.006,0.8350793379969289,0.7790479440368538,0.8343570843570843,0.7798935298935299,0.8331456648582249,0.770907974204115,"CRL
 ACC ,  C  ,  Rule
0.836 0.310 ['age_low && capital_gain_0']=>0
0.836 0.509 ['occupation_Blue-Collar && capital_gain_0']=>0
0.835 0.621 ['education_HS-grad && capital_gain_0']=>0
0.833 0.771 ['neg_marital_status_Married']=>0
0.812 1.000 ['neg_marital_status_Separated']=>1

"
0.0016681005372000592,0.006,0.815355741341068,1.0,0.8176699426699426,1.0,0.8124680110553792,1.0,"CRL
 ACC ,  C  ,  Rule
0.836 0.310 ['age_low && capital_gain_0']=>0
0.836 0.509 ['occupation_Blue-Collar && capital_gain_0']=>0
0.835 0.621 ['education_HS-grad && capital_gain_0']=>0
0.833 0.771 ['neg_marital_status_Married']=>0
0.812 1.000 ['neg_marital_status_Separated']=>1

"
0.0016681005372000592,0.007,0.8396178126599556,0.3112438150486265,0.8391687141687142,0.3090704340704341,0.8355000511823114,0.31047190091104515,"CRL
 ACC ,  C  ,  Rule
0.836 0.310 ['age_low && capital_gain_0']=>0
0.836 0.509 ['occupation_Blue-Collar && capital_gain_0']=>0
0.835 0.621 ['education_HS-grad && capital_gain_0']=>0
0.833 0.771 ['neg_marital_status_Married']=>0
0.812 1.000 ['neg_marital_status_Separated']=>1

"
0.0016681005372000592,0.007,0.8387305920491384,0.5066712165159529,0.8393734643734644,0.5056306306306306,0.8355000511823114,0.5090592691165934,"CRL
 ACC ,  C  ,  Rule
0.836 0.310 ['age_low && capital_gain_0']=>0
0.836 0.509 ['occupation_Blue-Collar && capital_gain_0']=>0
0.835 0.621 ['education_HS-grad && capital_gain_0']=>0
0.833 0.771 ['neg_marital_status_Married']=>0
0.812 1.000 ['neg_marital_status_Separated']=>1

"
0.0016681005372000592,0.007,0.8377409998293807,0.6173690496502303,0.8368140868140869,0.6171171171171171,0.8350905926911659,0.621148531067663,"CRL
 ACC ,  C  ,  Rule
0.836 0.310 ['age_low && capital_gain_0']=>0
0.836 0.509 ['occupation_Blue-Collar && capital_gain_0']=>0
0.835 0.621 ['education_HS-grad && capital_gain_0']=>0
0.833 0.771 ['neg_marital_status_Married']=>0
0.812 1.000 ['neg_marital_status_Separated']=>1

"
0.0016681005372000592,0.007,0.8350793379969289,0.7790479440368538,0.8343570843570843,0.7798935298935299,0.8331456648582249,0.770907974204115,"CRL
 ACC ,  C  ,  Rule
0.836 0.310 ['age_low && capital_gain_0']=>0
0.836 0.509 ['occupation_Blue-Collar && capital_gain_0']=>0
0.835 0.621 ['education_HS-grad && capital_gain_0']=>0
0.833 0.771 ['neg_marital_status_Married']=>0
0.812 1.000 ['neg_marital_status_Separated']=>1

"
0.0016681005372000592,0.007,0.815355741341068,1.0,0.8176699426699426,1.0,0.8124680110553792,1.0,"CRL
 ACC ,  C  ,  Rule
0.836 0.310 ['age_low && capital_gain_0']=>0
0.836 0.509 ['occupation_Blue-Collar && capital_gain_0']=>0
0.835 0.621 ['education_HS-grad && capital_gain_0']=>0
0.833 0.771 ['neg_marital_status_Married']=>0
0.812 1.000 ['neg_marital_status_Separated']=>1

"
0.0016681005372000592,0.008,0.8396178126599556,0.3112438150486265,0.8391687141687142,0.3090704340704341,0.8355000511823114,0.31047190091104515,"CRL
 ACC ,  C  ,  Rule
0.836 0.310 ['age_low && capital_gain_0']=>0
0.836 0.509 ['occupation_Blue-Collar && capital_gain_0']=>0
0.835 0.621 ['education_HS-grad && capital_gain_0']=>0
0.833 0.771 ['neg_marital_status_Married']=>0
0.812 1.000 ['neg_marital_status_Single']=>1

"
0.0016681005372000592,0.008,0.8387305920491384,0.5066712165159529,0.8393734643734644,0.5056306306306306,0.8355000511823114,0.5090592691165934,"CRL
 ACC ,  C  ,  Rule
0.836 0.310 ['age_low && capital_gain_0']=>0
0.836 0.509 ['occupation_Blue-Collar && capital_gain_0']=>0
0.835 0.621 ['education_HS-grad && capital_gain_0']=>0
0.833 0.771 ['neg_marital_status_Married']=>0
0.812 1.000 ['neg_marital_status_Single']=>1

"
0.0016681005372000592,0.008,0.8377409998293807,0.6173690496502303,0.8368140868140869,0.6171171171171171,0.8350905926911659,0.621148531067663,"CRL
 ACC ,  C  ,  Rule
0.836 0.310 ['age_low && capital_gain_0']=>0
0.836 0.509 ['occupation_Blue-Collar && capital_gain_0']=>0
0.835 0.621 ['education_HS-grad && capital_gain_0']=>0
0.833 0.771 ['neg_marital_status_Married']=>0
0.812 1.000 ['neg_marital_status_Single']=>1

"
0.0016681005372000592,0.008,0.8350793379969289,0.7790479440368538,0.8343570843570843,0.7798935298935299,0.8331456648582249,0.770907974204115,"CRL
 ACC ,  C  ,  Rule
0.836 0.310 ['age_low && capital_gain_0']=>0
0.836 0.509 ['occupation_Blue-Collar && capital_gain_0']=>0
0.835 0.621 ['education_HS-grad && capital_gain_0']=>0
0.833 0.771 ['neg_marital_status_Married']=>0
0.812 1.000 ['neg_marital_status_Single']=>1

"
0.0016681005372000592,0.008,0.815355741341068,1.0,0.8176699426699426,1.0,0.8124680110553792,1.0,"CRL
 ACC ,  C  ,  Rule
0.836 0.310 ['age_low && capital_gain_0']=>0
0.836 0.509 ['occupation_Blue-Collar && capital_gain_0']=>0
0.835 0.621 ['education_HS-grad && capital_gain_0']=>0
0.833 0.771 ['neg_marital_status_Married']=>0
0.812 1.000 ['neg_marital_status_Single']=>1

"
0.0016681005372000592,0.009000000000000001,0.8391400784849002,0.2865381334243303,0.8402948402948403,0.28736691236691236,0.8375473436380387,0.2894871532398403,"CRL
 ACC ,  C  ,  Rule
0.838 0.289 ['occupation_Blue-Collar && capital_gain_0']=>0
0.836 0.509 ['age_low && capital_gain_0']=>0
0.835 0.621 ['education_HS-grad && capital_gain_0']=>0
0.833 0.771 ['neg_marital_status_Married']=>0
0.812 1.000 ['neg_marital_status_Separated']=>1

"
0.0016681005372000592,0.009000000000000001,0.8387305920491384,0.5066712165159529,0.8393734643734644,0.5056306306306306,0.8355000511823114,0.5090592691165934,"CRL
 ACC ,  C  ,  Rule
0.838 0.289 ['occupation_Blue-Collar && capital_gain_0']=>0
0.836 0.509 ['age_low && capital_gain_0']=>0
0.835 0.621 ['education_HS-grad && capital_gain_0']=>0
0.833 0.771 ['neg_marital_status_Married']=>0
0.812 1.000 ['neg_marital_status_Separated']=>1

"
0.0016681005372000592,0.009000000000000001,0.8377409998293807,0.6173690496502303,0.8368140868140869,0.6171171171171171,0.8350905926911659,0.621148531067663,"CRL
 ACC ,  C  ,  Rule
0.838 0.289 ['occupation_Blue-Collar && capital_gain_0']=>0
0.836 0.509 ['age_low && capital_gain_0']=>0
0.835 0.621 ['education_HS-grad && capital_gain_0']=>0
0.833 0.771 ['neg_marital_status_Married']=>0
0.812 1.000 ['neg_marital_status_Separated']=>1

"
0.0016681005372000592,0.009000000000000001,0.8350793379969289,0.7790479440368538,0.8343570843570843,0.7798935298935299,0.8331456648582249,0.770907974204115,"CRL
 ACC ,  C  ,  Rule
0.838 0.289 ['occupation_Blue-Collar && capital_gain_0']=>0
0.836 0.509 ['age_low && capital_gain_0']=>0
0.835 0.621 ['education_HS-grad && capital_gain_0']=>0
0.833 0.771 ['neg_marital_status_Married']=>0
0.812 1.000 ['neg_marital_status_Separated']=>1

"
0.0016681005372000592,0.009000000000000001,0.815355741341068,1.0,0.8176699426699426,1.0,0.8124680110553792,1.0,"CRL
 ACC ,  C  ,  Rule
0.838 0.289 ['occupation_Blue-Collar && capital_gain_0']=>0
0.836 0.509 ['age_low && capital_gain_0']=>0
0.835 0.621 ['education_HS-grad && capital_gain_0']=>0
0.833 0.771 ['neg_marital_status_Married']=>0
0.812 1.000 ['neg_marital_status_Separated']=>1

"
0.0016681005372000592,0.01,0.8396178126599556,0.3112438150486265,0.8391687141687142,0.3090704340704341,0.8355000511823114,0.31047190091104515,"CRL
 ACC ,  C  ,  Rule
0.836 0.310 ['age_low && capital_gain_0']=>0
0.835 0.519 ['education_HS-grad && capital_gain_0']=>0
0.835 0.621 ['occupation_Blue-Collar && capital_gain_0']=>0
0.833 0.771 ['neg_marital_status_Married']=>0
0.812 1.000 ['neg_marital_status_Widowed']=>1

"
0.0016681005372000592,0.01,0.8384917249616106,0.5156799181027129,0.8368140868140869,0.5145372645372646,0.8351929573139523,0.5193980960180162,"CRL
 ACC ,  C  ,  Rule
0.836 0.310 ['age_low && capital_gain_0']=>0
0.835 0.519 ['education_HS-grad && capital_gain_0']=>0
0.835 0.621 ['occupation_Blue-Collar && capital_gain_0']=>0
0.833 0.771 ['neg_marital_status_Married']=>0
0.812 1.000 ['neg_marital_status_Widowed']=>1

"
0.0016681005372000592,0.01,0.8377409998293807,0.6173690496502303,0.8368140868140869,0.6171171171171171,0.8350905926911659,0.621148531067663,"CRL
 ACC ,  C  ,  Rule
0.836 0.310 ['age_low && capital_gain_0']=>0
0.835 0.519 ['education_HS-grad && capital_gain_0']=>0
0.835 0.621 ['occupation_Blue-Collar && capital_gain_0']=>0
0.833 0.771 ['neg_marital_status_Married']=>0
0.812 1.000 ['neg_marital_status_Widowed']=>1

"
0.0016681005372000592,0.01,0.8350793379969289,0.7790479440368538,0.8343570843570843,0.7798935298935299,0.8331456648582249,0.770907974204115,"CRL
 ACC ,  C  ,  Rule
0.836 0.310 ['age_low && capital_gain_0']=>0
0.835 0.519 ['education_HS-grad && capital_gain_0']=>0
0.835 0.621 ['occupation_Blue-Collar && capital_gain_0']=>0
0.833 0.771 ['neg_marital_status_Married']=>0
0.812 1.000 ['neg_marital_status_Widowed']=>1

"
0.0016681005372000592,0.01,0.815355741341068,1.0,0.8176699426699426,1.0,0.8124680110553792,1.0,"CRL
 ACC ,  C  ,  Rule
0.836 0.310 ['age_low && capital_gain_0']=>0
0.835 0.519 ['education_HS-grad && capital_gain_0']=>0
0.835 0.621 ['occupation_Blue-Collar && capital_gain_0']=>0
0.833 0.771 ['neg_marital_status_Married']=>0
0.812 1.000 ['neg_marital_status_Widowed']=>1

"
0.0027825594022071257,0.001,0.8373315133936189,0.5298413240061424,0.8377354627354627,0.5352170352170352,0.8357047804278841,0.5162247927116388,"CRL
 ACC ,  C  ,  Rule
0.836 0.516 ['neg_marital_status_Married']=>0
0.836 0.582 ['occupation_Professional']=>1
0.814 0.930 ['capital_gain_0 && capital_loss_0']=>0
0.808 1.000 ['neg_marital_status_Divorced']=>1

"
0.0027825594022071257,0.001,0.8365466643917421,0.5977819484729568,0.8372235872235873,0.5983824733824734,0.8358071450506704,0.5819428805404852,"CRL
 ACC ,  C  ,  Rule
0.836 0.516 ['neg_marital_status_Married']=>0
0.836 0.582 ['occupation_Professional']=>1
0.814 0.930 ['capital_gain_0 && capital_loss_0']=>0
0.808 1.000 ['neg_marital_status_Divorced']=>1

"
0.0027825594022071257,0.001,0.8171984303019962,0.9340044361030541,0.8151105651105651,0.9304873054873055,0.8135940219060293,0.9296755041457672,"CRL
 ACC ,  C  ,  Rule
0.836 0.516 ['neg_marital_status_Married']=>0
0.836 0.582 ['occupation_Professional']=>1
0.814 0.930 ['capital_gain_0 && capital_loss_0']=>0
0.808 1.000 ['neg_marital_status_Divorced']=>1

"
0.0027825594022071257,0.001,0.8130353182050845,1.0,0.8117321867321867,1.0,0.808475790766711,1.0,"CRL
 ACC ,  C  ,  Rule
0.836 0.516 ['neg_marital_status_Married']=>0
0.836 0.582 ['occupation_Professional']=>1
0.814 0.930 ['capital_gain_0 && capital_loss_0']=>0
0.808 1.000 ['neg_marital_status_Divorced']=>1

"
0.0027825594022071257,0.002,0.8391400784849002,0.2865381334243303,0.8402948402948403,0.28736691236691236,0.8375473436380387,0.2894871532398403,"CRL
 ACC ,  C  ,  Rule
0.838 0.289 ['occupation_Blue-Collar && capital_gain_0']=>0
0.836 0.680 ['neg_marital_status_Married']=>0
0.835 0.743 ['education_HS-grad && capital_gain_0']=>0
0.806 1.000 ['neg_marital_status_Widowed']=>1

"
0.0027825594022071257,0.002,0.8364784166524484,0.6897457771711313,0.8378378378378378,0.6936936936936937,0.8356024158050978,0.6801105537926093,"CRL
 ACC ,  C  ,  Rule
0.838 0.289 ['occupation_Blue-Collar && capital_gain_0']=>0
0.836 0.680 ['neg_marital_status_Married']=>0
0.835 0.743 ['education_HS-grad && capital_gain_0']=>0
0.806 1.000 ['neg_marital_status_Widowed']=>1

"
0.0027825594022071257,0.002,0.8354888244326907,0.7526701927998635,0.8352784602784603,0.7533783783783784,0.8350905926911659,0.7434742552973692,"CRL
 ACC ,  C  ,  Rule
0.838 0.289 ['occupation_Blue-Collar && capital_gain_0']=>0
0.836 0.680 ['neg_marital_status_Married']=>0
0.835 0.743 ['education_HS-grad && capital_gain_0']=>0
0.806 1.000 ['neg_marital_status_Widowed']=>1

"
0.0027825594022071257,0.002,0.8052891997952568,1.0,0.806920556920557,1.0,0.8063261336881974,1.0,"CRL
 ACC ,  C  ,  Rule
0.838 0.289 ['occupation_Blue-Collar && capital_gain_0']=>0
0.836 0.680 ['neg_marital_status_Married']=>0
0.835 0.743 ['education_HS-grad && capital_gain_0']=>0
0.806 1.000 ['neg_marital_status_Widowed']=>1

"
0.0027825594022071257,0.003,0.8391400784849002,0.2865381334243303,0.8402948402948403,0.28736691236691236,0.8375473436380387,0.2894871532398403,"CRL
 ACC ,  C  ,  Rule
0.838 0.289 ['occupation_Blue-Collar && capital_gain_0']=>0
0.836 0.680 ['neg_marital_status_Married']=>0
0.835 0.743 ['education_HS-grad && capital_gain_0']=>0
0.806 1.000 ['neg_marital_status_Divorced']=>1

"
0.0027825594022071257,0.003,0.8364784166524484,0.6897457771711313,0.8378378378378378,0.6936936936936937,0.8356024158050978,0.6801105537926093,"CRL
 ACC ,  C  ,  Rule
0.838 0.289 ['occupation_Blue-Collar && capital_gain_0']=>0
0.836 0.680 ['neg_marital_status_Married']=>0
0.835 0.743 ['education_HS-grad && capital_gain_0']=>0
0.806 1.000 ['neg_marital_status_Divorced']=>1

"
0.0027825594022071257,0.003,0.8354888244326907,0.7526701927998635,0.8352784602784603,0.7533783783783784,0.8350905926911659,0.7434742552973692,"CRL
 ACC ,  C  ,  Rule
0.838 0.289 ['occupation_Blue-Collar && capital_gain_0']=>0
0.836 0.680 ['neg_marital_status_Married']=>0
0.835 0.743 ['education_HS-grad && capital_gain_0']=>0
0.806 1.000 ['neg_marital_status_Divorced']=>1

"
0.0027825594022071257,0.003,0.8052891997952568,1.0,0.806920556920557,1.0,0.8063261336881974,1.0,"CRL
 ACC ,  C  ,  Rule
0.838 0.289 ['occupation_Blue-Collar && capital_gain_0']=>0
0.836 0.680 ['neg_marital_status_Married']=>0
0.835 0.743 ['education_HS-grad && capital_gain_0']=>0
0.806 1.000 ['neg_marital_status_Divorced']=>1

"
0.0027825594022071257,0.004,0.8391400784849002,0.2865381334243303,0.8402948402948403,0.28736691236691236,0.8375473436380387,0.2894871532398403,"CRL
 ACC ,  C  ,  Rule
0.838 0.289 ['occupation_Blue-Collar && capital_gain_0']=>0
0.836 0.680 ['neg_marital_status_Married']=>0
0.835 0.743 ['education_HS-grad && capital_gain_0']=>0
0.806 1.000 ['neg_marital_status_Divorced']=>1

"
0.0027825594022071257,0.004,0.8364784166524484,0.6897457771711313,0.8378378378378378,0.6936936936936937,0.8356024158050978,0.6801105537926093,"CRL
 ACC ,  C  ,  Rule
0.838 0.289 ['occupation_Blue-Collar && capital_gain_0']=>0
0.836 0.680 ['neg_marital_status_Married']=>0
0.835 0.743 ['education_HS-grad && capital_gain_0']=>0
0.806 1.000 ['neg_marital_status_Divorced']=>1

"
0.0027825594022071257,0.004,0.8354888244326907,0.7526701927998635,0.8352784602784603,0.7533783783783784,0.8350905926911659,0.7434742552973692,"CRL
 ACC ,  C  ,  Rule
0.838 0.289 ['occupation_Blue-Collar && capital_gain_0']=>0
0.836 0.680 ['neg_marital_status_Married']=>0
0.835 0.743 ['education_HS-grad && capital_gain_0']=>0
0.806 1.000 ['neg_marital_status_Divorced']=>1

"
0.0027825594022071257,0.004,0.8052891997952568,1.0,0.806920556920557,1.0,0.8063261336881974,1.0,"CRL
 ACC ,  C  ,  Rule
0.838 0.289 ['occupation_Blue-Collar && capital_gain_0']=>0
0.836 0.680 ['neg_marital_status_Married']=>0
0.835 0.743 ['education_HS-grad && capital_gain_0']=>0
0.806 1.000 ['neg_marital_status_Divorced']=>1

"
0.0027825594022071257,0.005,0.8391400784849002,0.2865381334243303,0.8402948402948403,0.28736691236691236,0.8375473436380387,0.2894871532398403,"CRL
 ACC ,  C  ,  Rule
0.838 0.289 ['occupation_Blue-Collar && capital_gain_0']=>0
0.836 0.680 ['neg_marital_status_Married']=>0
0.835 0.743 ['education_HS-grad && capital_gain_0']=>0
0.806 1.000 ['neg_marital_status_Separated']=>1

"
0.0027825594022071257,0.005,0.8364784166524484,0.6897457771711313,0.8378378378378378,0.6936936936936937,0.8356024158050978,0.6801105537926093,"CRL
 ACC ,  C  ,  Rule
0.838 0.289 ['occupation_Blue-Collar && capital_gain_0']=>0
0.836 0.680 ['neg_marital_status_Married']=>0
0.835 0.743 ['education_HS-grad && capital_gain_0']=>0
0.806 1.000 ['neg_marital_status_Separated']=>1

"
0.0027825594022071257,0.005,0.8354888244326907,0.7526701927998635,0.8352784602784603,0.7533783783783784,0.8350905926911659,0.7434742552973692,"CRL
 ACC ,  C  ,  Rule
0.838 0.289 ['occupation_Blue-Collar && capital_gain_0']=>0
0.836 0.680 ['neg_marital_status_Married']=>0
0.835 0.743 ['education_HS-grad && capital_gain_0']=>0
0.806 1.000 ['neg_marital_status_Separated']=>1

"
0.0027825594022071257,0.005,0.8052891997952568,1.0,0.806920556920557,1.0,0.8063261336881974,1.0,"CRL
 ACC ,  C  ,  Rule
0.838 0.289 ['occupation_Blue-Collar && capital_gain_0']=>0
0.836 0.680 ['neg_marital_status_Married']=>0
0.835 0.743 ['education_HS-grad && capital_gain_0']=>0
0.806 1.000 ['neg_marital_status_Separated']=>1

"
0.0027825594022071257,0.006,0.8391400784849002,0.2865381334243303,0.8402948402948403,0.28736691236691236,0.8375473436380387,0.2894871532398403,"CRL
 ACC ,  C  ,  Rule
0.838 0.289 ['occupation_Blue-Collar && capital_gain_0']=>0
0.836 0.680 ['neg_marital_status_Married']=>0
0.835 0.743 ['education_HS-grad && capital_gain_0']=>0
0.806 1.000 ['neg_marital_status_Separated']=>1

"
0.0027825594022071257,0.006,0.8364784166524484,0.6897457771711313,0.8378378378378378,0.6936936936936937,0.8356024158050978,0.6801105537926093,"CRL
 ACC ,  C  ,  Rule
0.838 0.289 ['occupation_Blue-Collar && capital_gain_0']=>0
0.836 0.680 ['neg_marital_status_Married']=>0
0.835 0.743 ['education_HS-grad && capital_gain_0']=>0
0.806 1.000 ['neg_marital_status_Separated']=>1

"
0.0027825594022071257,0.006,0.8354888244326907,0.7526701927998635,0.8352784602784603,0.7533783783783784,0.8350905926911659,0.7434742552973692,"CRL
 ACC ,  C  ,  Rule
0.838 0.289 ['occupation_Blue-Collar && capital_gain_0']=>0
0.836 0.680 ['neg_marital_status_Married']=>0
0.835 0.743 ['education_HS-grad && capital_gain_0']=>0
0.806 1.000 ['neg_marital_status_Separated']=>1

"
0.0027825594022071257,0.006,0.8052891997952568,1.0,0.806920556920557,1.0,0.8063261336881974,1.0,"CRL
 ACC ,  C  ,  Rule
0.838 0.289 ['occupation_Blue-Collar && capital_gain_0']=>0
0.836 0.680 ['neg_marital_status_Married']=>0
0.835 0.743 ['education_HS-grad && capital_gain_0']=>0
0.806 1.000 ['neg_marital_status_Separated']=>1

"
0.0027825594022071257,0.007,0.8391400784849002,0.2865381334243303,0.8402948402948403,0.28736691236691236,0.8375473436380387,0.2894871532398403,"CRL
 ACC ,  C  ,  Rule
0.838 0.289 ['occupation_Blue-Collar && capital_gain_0']=>0
0.836 0.680 ['neg_marital_status_Married']=>0
0.835 0.743 ['education_HS-grad && capital_gain_0']=>0
0.806 1.000 ['neg_marital_status_Divorced']=>1

"
0.0027825594022071257,0.007,0.8364784166524484,0.6897457771711313,0.8378378378378378,0.6936936936936937,0.8356024158050978,0.6801105537926093,"CRL
 ACC ,  C  ,  Rule
0.838 0.289 ['occupation_Blue-Collar && capital_gain_0']=>0
0.836 0.680 ['neg_marital_status_Married']=>0
0.835 0.743 ['education_HS-grad && capital_gain_0']=>0
0.806 1.000 ['neg_marital_status_Divorced']=>1

"
0.0027825594022071257,0.007,0.8354888244326907,0.7526701927998635,0.8352784602784603,0.7533783783783784,0.8350905926911659,0.7434742552973692,"CRL
 ACC ,  C  ,  Rule
0.838 0.289 ['occupation_Blue-Collar && capital_gain_0']=>0
0.836 0.680 ['neg_marital_status_Married']=>0
0.835 0.743 ['education_HS-grad && capital_gain_0']=>0
0.806 1.000 ['neg_marital_status_Divorced']=>1

"
0.0027825594022071257,0.007,0.8052891997952568,1.0,0.806920556920557,1.0,0.8063261336881974,1.0,"CRL
 ACC ,  C  ,  Rule
0.838 0.289 ['occupation_Blue-Collar && capital_gain_0']=>0
0.836 0.680 ['neg_marital_status_Married']=>0
0.835 0.743 ['education_HS-grad && capital_gain_0']=>0
0.806 1.000 ['neg_marital_status_Divorced']=>1

"
0.0027825594022071257,0.008,0.8391400784849002,0.2865381334243303,0.8402948402948403,0.28736691236691236,0.8375473436380387,0.2894871532398403,"CRL
 ACC ,  C  ,  Rule
0.838 0.289 ['occupation_Blue-Collar && capital_gain_0']=>0
0.836 0.680 ['neg_marital_status_Married']=>0
0.835 0.743 ['education_HS-grad && capital_gain_0']=>0
0.806 1.000 ['neg_marital_status_Separated']=>1

"
0.0027825594022071257,0.008,0.8364784166524484,0.6897457771711313,0.8378378378378378,0.6936936936936937,0.8356024158050978,0.6801105537926093,"CRL
 ACC ,  C  ,  Rule
0.838 0.289 ['occupation_Blue-Collar && capital_gain_0']=>0
0.836 0.680 ['neg_marital_status_Married']=>0
0.835 0.743 ['education_HS-grad && capital_gain_0']=>0
0.806 1.000 ['neg_marital_status_Separated']=>1

"
0.0027825594022071257,0.008,0.8354888244326907,0.7526701927998635,0.8352784602784603,0.7533783783783784,0.8350905926911659,0.7434742552973692,"CRL
 ACC ,  C  ,  Rule
0.838 0.289 ['occupation_Blue-Collar && capital_gain_0']=>0
0.836 0.680 ['neg_marital_status_Married']=>0
0.835 0.743 ['education_HS-grad && capital_gain_0']=>0
0.806 1.000 ['neg_marital_status_Separated']=>1

"
0.0027825594022071257,0.008,0.8052891997952568,1.0,0.806920556920557,1.0,0.8063261336881974,1.0,"CRL
 ACC ,  C  ,  Rule
0.838 0.289 ['occupation_Blue-Collar && capital_gain_0']=>0
0.836 0.680 ['neg_marital_status_Married']=>0
0.835 0.743 ['education_HS-grad && capital_gain_0']=>0
0.806 1.000 ['neg_marital_status_Separated']=>1

"
0.0027825594022071257,0.009000000000000001,0.8391400784849002,0.2865381334243303,0.8402948402948403,0.28736691236691236,0.8375473436380387,0.2894871532398403,"CRL
 ACC ,  C  ,  Rule
0.838 0.289 ['occupation_Blue-Collar && capital_gain_0']=>0
0.836 0.680 ['neg_marital_status_Married']=>0
0.835 0.743 ['education_HS-grad && capital_gain_0']=>0
0.806 1.000 ['neg_marital_status_Separated']=>1

"
0.0027825594022071257,0.009000000000000001,0.8364784166524484,0.6897457771711313,0.8378378378378378,0.6936936936936937,0.8356024158050978,0.6801105537926093,"CRL
 ACC ,  C  ,  Rule
0.838 0.289 ['occupation_Blue-Collar && capital_gain_0']=>0
0.836 0.680 ['neg_marital_status_Married']=>0
0.835 0.743 ['education_HS-grad && capital_gain_0']=>0
0.806 1.000 ['neg_marital_status_Separated']=>1

"
0.0027825594022071257,0.009000000000000001,0.8354888244326907,0.7526701927998635,0.8352784602784603,0.7533783783783784,0.8350905926911659,0.7434742552973692,"CRL
 ACC ,  C  ,  Rule
0.838 0.289 ['occupation_Blue-Collar && capital_gain_0']=>0
0.836 0.680 ['neg_marital_status_Married']=>0
0.835 0.743 ['education_HS-grad && capital_gain_0']=>0
0.806 1.000 ['neg_marital_status_Separated']=>1

"
0.0027825594022071257,0.009000000000000001,0.8052891997952568,1.0,0.806920556920557,1.0,0.8063261336881974,1.0,"CRL
 ACC ,  C  ,  Rule
0.838 0.289 ['occupation_Blue-Collar && capital_gain_0']=>0
0.836 0.680 ['neg_marital_status_Married']=>0
0.835 0.743 ['education_HS-grad && capital_gain_0']=>0
0.806 1.000 ['neg_marital_status_Separated']=>1

"
0.0027825594022071257,0.01,0.8391400784849002,0.2865381334243303,0.8402948402948403,0.28736691236691236,0.8375473436380387,0.2894871532398403,"CRL
 ACC ,  C  ,  Rule
0.838 0.289 ['occupation_Blue-Collar && capital_gain_0']=>0
0.836 0.680 ['neg_marital_status_Married']=>0
0.835 0.743 ['education_HS-grad && capital_gain_0']=>0
0.806 1.000 ['neg_marital_status_Divorced']=>1

"
0.0027825594022071257,0.01,0.8364784166524484,0.6897457771711313,0.8378378378378378,0.6936936936936937,0.8356024158050978,0.6801105537926093,"CRL
 ACC ,  C  ,  Rule
0.838 0.289 ['occupation_Blue-Collar && capital_gain_0']=>0
0.836 0.680 ['neg_marital_status_Married']=>0
0.835 0.743 ['education_HS-grad && capital_gain_0']=>0
0.806 1.000 ['neg_marital_status_Divorced']=>1

"
0.0027825594022071257,0.01,0.8354888244326907,0.7526701927998635,0.8352784602784603,0.7533783783783784,0.8350905926911659,0.7434742552973692,"CRL
 ACC ,  C  ,  Rule
0.838 0.289 ['occupation_Blue-Collar && capital_gain_0']=>0
0.836 0.680 ['neg_marital_status_Married']=>0
0.835 0.743 ['education_HS-grad && capital_gain_0']=>0
0.806 1.000 ['neg_marital_status_Divorced']=>1

"
0.0027825594022071257,0.01,0.8052891997952568,1.0,0.806920556920557,1.0,0.8063261336881974,1.0,"CRL
 ACC ,  C  ,  Rule
0.838 0.289 ['occupation_Blue-Collar && capital_gain_0']=>0
0.836 0.680 ['neg_marital_status_Married']=>0
0.835 0.743 ['education_HS-grad && capital_gain_0']=>0
0.806 1.000 ['neg_marital_status_Divorced']=>1

"
0.004641588833612777,0.001,0.8391400784849002,0.2865381334243303,0.8402948402948403,0.28736691236691236,0.8375473436380387,0.2894871532398403,"CRL
 ACC ,  C  ,  Rule
0.838 0.289 ['occupation_Blue-Collar && capital_gain_0']=>0
0.836 0.680 ['neg_marital_status_Married']=>0
0.835 0.743 ['education_HS-grad && capital_gain_0']=>0
0.806 1.000 ['neg_marital_status_Separated']=>1

"
0.004641588833612777,0.001,0.8364784166524484,0.6897457771711313,0.8378378378378378,0.6936936936936937,0.8356024158050978,0.6801105537926093,"CRL
 ACC ,  C  ,  Rule
0.838 0.289 ['occupation_Blue-Collar && capital_gain_0']=>0
0.836 0.680 ['neg_marital_status_Married']=>0
0.835 0.743 ['education_HS-grad && capital_gain_0']=>0
0.806 1.000 ['neg_marital_status_Separated']=>1

"
0.004641588833612777,0.001,0.8354888244326907,0.7526701927998635,0.8352784602784603,0.7533783783783784,0.8350905926911659,0.7434742552973692,"CRL
 ACC ,  C  ,  Rule
0.838 0.289 ['occupation_Blue-Collar && capital_gain_0']=>0
0.836 0.680 ['neg_marital_status_Married']=>0
0.835 0.743 ['education_HS-grad && capital_gain_0']=>0
0.806 1.000 ['neg_marital_status_Separated']=>1

"
0.004641588833612777,0.001,0.8052891997952568,1.0,0.806920556920557,1.0,0.8063261336881974,1.0,"CRL
 ACC ,  C  ,  Rule
0.838 0.289 ['occupation_Blue-Collar && capital_gain_0']=>0
0.836 0.680 ['neg_marital_status_Married']=>0
0.835 0.743 ['education_HS-grad && capital_gain_0']=>0
0.806 1.000 ['neg_marital_status_Separated']=>1

"
0.004641588833612777,0.002,0.8391400784849002,0.2865381334243303,0.8402948402948403,0.28736691236691236,0.8375473436380387,0.2894871532398403,"CRL
 ACC ,  C  ,  Rule
0.838 0.289 ['occupation_Blue-Collar && capital_gain_0']=>0
0.836 0.680 ['neg_marital_status_Married']=>0
0.835 0.743 ['education_HS-grad && capital_gain_0']=>0
0.806 1.000 ['neg_marital_status_Separated']=>1

"
0.004641588833612777,0.002,0.8364784166524484,0.6897457771711313,0.8378378378378378,0.6936936936936937,0.8356024158050978,0.6801105537926093,"CRL
 ACC ,  C  ,  Rule
0.838 0.289 ['occupation_Blue-Collar && capital_gain_0']=>0
0.836 0.680 ['neg_marital_status_Married']=>0
0.835 0.743 ['education_HS-grad && capital_gain_0']=>0
0.806 1.000 ['neg_marital_status_Separated']=>1

"
0.004641588833612777,0.002,0.8354888244326907,0.7526701927998635,0.8352784602784603,0.7533783783783784,0.8350905926911659,0.7434742552973692,"CRL
 ACC ,  C  ,  Rule
0.838 0.289 ['occupation_Blue-Collar && capital_gain_0']=>0
0.836 0.680 ['neg_marital_status_Married']=>0
0.835 0.743 ['education_HS-grad && capital_gain_0']=>0
0.806 1.000 ['neg_marital_status_Separated']=>1

"
0.004641588833612777,0.002,0.8052891997952568,1.0,0.806920556920557,1.0,0.8063261336881974,1.0,"CRL
 ACC ,  C  ,  Rule
0.838 0.289 ['occupation_Blue-Collar && capital_gain_0']=>0
0.836 0.680 ['neg_marital_status_Married']=>0
0.835 0.743 ['education_HS-grad && capital_gain_0']=>0
0.806 1.000 ['neg_marital_status_Separated']=>1

"
0.004641588833612777,0.003,0.8391400784849002,0.2865381334243303,0.8402948402948403,0.28736691236691236,0.8375473436380387,0.2894871532398403,"CRL
 ACC ,  C  ,  Rule
0.838 0.289 ['occupation_Blue-Collar && capital_gain_0']=>0
0.836 0.680 ['neg_marital_status_Married']=>0
0.835 0.743 ['education_HS-grad && capital_gain_0']=>0
0.806 1.000 ['neg_marital_status_Separated']=>1

"
0.004641588833612777,0.003,0.8364784166524484,0.6897457771711313,0.8378378378378378,0.6936936936936937,0.8356024158050978,0.6801105537926093,"CRL
 ACC ,  C  ,  Rule
0.838 0.289 ['occupation_Blue-Collar && capital_gain_0']=>0
0.836 0.680 ['neg_marital_status_Married']=>0
0.835 0.743 ['education_HS-grad && capital_gain_0']=>0
0.806 1.000 ['neg_marital_status_Separated']=>1

"
0.004641588833612777,0.003,0.8354888244326907,0.7526701927998635,0.8352784602784603,0.7533783783783784,0.8350905926911659,0.7434742552973692,"CRL
 ACC ,  C  ,  Rule
0.838 0.289 ['occupation_Blue-Collar && capital_gain_0']=>0
0.836 0.680 ['neg_marital_status_Married']=>0
0.835 0.743 ['education_HS-grad && capital_gain_0']=>0
0.806 1.000 ['neg_marital_status_Separated']=>1

"
0.004641588833612777,0.003,0.8052891997952568,1.0,0.806920556920557,1.0,0.8063261336881974,1.0,"CRL
 ACC ,  C  ,  Rule
0.838 0.289 ['occupation_Blue-Collar && capital_gain_0']=>0
0.836 0.680 ['neg_marital_status_Married']=>0
0.835 0.743 ['education_HS-grad && capital_gain_0']=>0
0.806 1.000 ['neg_marital_status_Separated']=>1

"
0.004641588833612777,0.004,0.8391400784849002,0.2865381334243303,0.8402948402948403,0.28736691236691236,0.8375473436380387,0.2894871532398403,"CRL
 ACC ,  C  ,  Rule
0.838 0.289 ['occupation_Blue-Collar && capital_gain_0']=>0
0.836 0.680 ['neg_marital_status_Married']=>0
0.835 0.743 ['education_HS-grad && capital_gain_0']=>0
0.806 1.000 ['neg_marital_status_Separated']=>1

"
0.004641588833612777,0.004,0.8364784166524484,0.6897457771711313,0.8378378378378378,0.6936936936936937,0.8356024158050978,0.6801105537926093,"CRL
 ACC ,  C  ,  Rule
0.838 0.289 ['occupation_Blue-Collar && capital_gain_0']=>0
0.836 0.680 ['neg_marital_status_Married']=>0
0.835 0.743 ['education_HS-grad && capital_gain_0']=>0
0.806 1.000 ['neg_marital_status_Separated']=>1

"
0.004641588833612777,0.004,0.8354888244326907,0.7526701927998635,0.8352784602784603,0.7533783783783784,0.8350905926911659,0.7434742552973692,"CRL
 ACC ,  C  ,  Rule
0.838 0.289 ['occupation_Blue-Collar && capital_gain_0']=>0
0.836 0.680 ['neg_marital_status_Married']=>0
0.835 0.743 ['education_HS-grad && capital_gain_0']=>0
0.806 1.000 ['neg_marital_status_Separated']=>1

"
0.004641588833612777,0.004,0.8052891997952568,1.0,0.806920556920557,1.0,0.8063261336881974,1.0,"CRL
 ACC ,  C  ,  Rule
0.838 0.289 ['occupation_Blue-Collar && capital_gain_0']=>0
0.836 0.680 ['neg_marital_status_Married']=>0
0.835 0.743 ['education_HS-grad && capital_gain_0']=>0
0.806 1.000 ['neg_marital_status_Separated']=>1

"
0.004641588833612777,0.005,0.8391400784849002,0.2865381334243303,0.8402948402948403,0.28736691236691236,0.8375473436380387,0.2894871532398403,"CRL
 ACC ,  C  ,  Rule
0.838 0.289 ['occupation_Blue-Collar && capital_gain_0']=>0
0.836 0.680 ['neg_marital_status_Married']=>0
0.835 0.743 ['education_HS-grad && capital_gain_0']=>0
0.806 1.000 ['neg_marital_status_Widowed']=>1

"
0.004641588833612777,0.005,0.8364784166524484,0.6897457771711313,0.8378378378378378,0.6936936936936937,0.8356024158050978,0.6801105537926093,"CRL
 ACC ,  C  ,  Rule
0.838 0.289 ['occupation_Blue-Collar && capital_gain_0']=>0
0.836 0.680 ['neg_marital_status_Married']=>0
0.835 0.743 ['education_HS-grad && capital_gain_0']=>0
0.806 1.000 ['neg_marital_status_Widowed']=>1

"
0.004641588833612777,0.005,0.8354888244326907,0.7526701927998635,0.8352784602784603,0.7533783783783784,0.8350905926911659,0.7434742552973692,"CRL
 ACC ,  C  ,  Rule
0.838 0.289 ['occupation_Blue-Collar && capital_gain_0']=>0
0.836 0.680 ['neg_marital_status_Married']=>0
0.835 0.743 ['education_HS-grad && capital_gain_0']=>0
0.806 1.000 ['neg_marital_status_Widowed']=>1

"
0.004641588833612777,0.005,0.8052891997952568,1.0,0.806920556920557,1.0,0.8063261336881974,1.0,"CRL
 ACC ,  C  ,  Rule
0.838 0.289 ['occupation_Blue-Collar && capital_gain_0']=>0
0.836 0.680 ['neg_marital_status_Married']=>0
0.835 0.743 ['education_HS-grad && capital_gain_0']=>0
0.806 1.000 ['neg_marital_status_Widowed']=>1

"
0.004641588833612777,0.006,0.8391400784849002,0.2865381334243303,0.8402948402948403,0.28736691236691236,0.8375473436380387,0.2894871532398403,"CRL
 ACC ,  C  ,  Rule
0.838 0.289 ['occupation_Blue-Collar && capital_gain_0']=>0
0.836 0.680 ['neg_marital_status_Married']=>0
0.835 0.743 ['education_HS-grad && capital_gain_0']=>0
0.806 1.000 ['marital_status_Married']=>1

"
0.004641588833612777,0.006,0.8364784166524484,0.6897457771711313,0.8378378378378378,0.6936936936936937,0.8356024158050978,0.6801105537926093,"CRL
 ACC ,  C  ,  Rule
0.838 0.289 ['occupation_Blue-Collar && capital_gain_0']=>0
0.836 0.680 ['neg_marital_status_Married']=>0
0.835 0.743 ['education_HS-grad && capital_gain_0']=>0
0.806 1.000 ['marital_status_Married']=>1

"
0.004641588833612777,0.006,0.8354888244326907,0.7526701927998635,0.8352784602784603,0.7533783783783784,0.8350905926911659,0.7434742552973692,"CRL
 ACC ,  C  ,  Rule
0.838 0.289 ['occupation_Blue-Collar && capital_gain_0']=>0
0.836 0.680 ['neg_marital_status_Married']=>0
0.835 0.743 ['education_HS-grad && capital_gain_0']=>0
0.806 1.000 ['marital_status_Married']=>1

"
0.004641588833612777,0.006,0.8052891997952568,1.0,0.806920556920557,1.0,0.8063261336881974,1.0,"CRL
 ACC ,  C  ,  Rule
0.838 0.289 ['occupation_Blue-Collar && capital_gain_0']=>0
0.836 0.680 ['neg_marital_status_Married']=>0
0.835 0.743 ['education_HS-grad && capital_gain_0']=>0
0.806 1.000 ['marital_status_Married']=>1

"
0.004641588833612777,0.007,0.8391400784849002,0.2865381334243303,0.8402948402948403,0.28736691236691236,0.8375473436380387,0.2894871532398403,"CRL
 ACC ,  C  ,  Rule
0.838 0.289 ['occupation_Blue-Collar && capital_gain_0']=>0
0.836 0.680 ['neg_marital_status_Married']=>0
0.835 0.743 ['education_HS-grad && capital_gain_0']=>0
0.806 1.000 ['neg_marital_status_Single']=>1

"
0.004641588833612777,0.007,0.8364784166524484,0.6897457771711313,0.8378378378378378,0.6936936936936937,0.8356024158050978,0.6801105537926093,"CRL
 ACC ,  C  ,  Rule
0.838 0.289 ['occupation_Blue-Collar && capital_gain_0']=>0
0.836 0.680 ['neg_marital_status_Married']=>0
0.835 0.743 ['education_HS-grad && capital_gain_0']=>0
0.806 1.000 ['neg_marital_status_Single']=>1

"
0.004641588833612777,0.007,0.8354888244326907,0.7526701927998635,0.8352784602784603,0.7533783783783784,0.8350905926911659,0.7434742552973692,"CRL
 ACC ,  C  ,  Rule
0.838 0.289 ['occupation_Blue-Collar && capital_gain_0']=>0
0.836 0.680 ['neg_marital_status_Married']=>0
0.835 0.743 ['education_HS-grad && capital_gain_0']=>0
0.806 1.000 ['neg_marital_status_Single']=>1

"
0.004641588833612777,0.007,0.8052891997952568,1.0,0.806920556920557,1.0,0.8063261336881974,1.0,"CRL
 ACC ,  C  ,  Rule
0.838 0.289 ['occupation_Blue-Collar && capital_gain_0']=>0
0.836 0.680 ['neg_marital_status_Married']=>0
0.835 0.743 ['education_HS-grad && capital_gain_0']=>0
0.806 1.000 ['neg_marital_status_Single']=>1

"
0.004641588833612777,0.008,0.8391400784849002,0.2865381334243303,0.8402948402948403,0.28736691236691236,0.8375473436380387,0.2894871532398403,"CRL
 ACC ,  C  ,  Rule
0.838 0.289 ['occupation_Blue-Collar && capital_gain_0']=>0
0.836 0.680 ['neg_marital_status_Married']=>0
0.835 0.743 ['education_HS-grad && capital_gain_0']=>0
0.806 1.000 ['neg_marital_status_Divorced']=>1

"
0.004641588833612777,0.008,0.8364784166524484,0.6897457771711313,0.8378378378378378,0.6936936936936937,0.8356024158050978,0.6801105537926093,"CRL
 ACC ,  C  ,  Rule
0.838 0.289 ['occupation_Blue-Collar && capital_gain_0']=>0
0.836 0.680 ['neg_marital_status_Married']=>0
0.835 0.743 ['education_HS-grad && capital_gain_0']=>0
0.806 1.000 ['neg_marital_status_Divorced']=>1

"
0.004641588833612777,0.008,0.8354888244326907,0.7526701927998635,0.8352784602784603,0.7533783783783784,0.8350905926911659,0.7434742552973692,"CRL
 ACC ,  C  ,  Rule
0.838 0.289 ['occupation_Blue-Collar && capital_gain_0']=>0
0.836 0.680 ['neg_marital_status_Married']=>0
0.835 0.743 ['education_HS-grad && capital_gain_0']=>0
0.806 1.000 ['neg_marital_status_Divorced']=>1

"
0.004641588833612777,0.008,0.8052891997952568,1.0,0.806920556920557,1.0,0.8063261336881974,1.0,"CRL
 ACC ,  C  ,  Rule
0.838 0.289 ['occupation_Blue-Collar && capital_gain_0']=>0
0.836 0.680 ['neg_marital_status_Married']=>0
0.835 0.743 ['education_HS-grad && capital_gain_0']=>0
0.806 1.000 ['neg_marital_status_Divorced']=>1

"
0.004641588833612777,0.009000000000000001,0.8391400784849002,0.2865381334243303,0.8402948402948403,0.28736691236691236,0.8375473436380387,0.2894871532398403,"CRL
 ACC ,  C  ,  Rule
0.838 0.289 ['occupation_Blue-Collar && capital_gain_0']=>0
0.836 0.680 ['neg_marital_status_Married']=>0
0.835 0.743 ['education_HS-grad && capital_gain_0']=>0
0.806 1.000 ['neg_marital_status_Separated']=>1

"
0.004641588833612777,0.009000000000000001,0.8364784166524484,0.6897457771711313,0.8378378378378378,0.6936936936936937,0.8356024158050978,0.6801105537926093,"CRL
 ACC ,  C  ,  Rule
0.838 0.289 ['occupation_Blue-Collar && capital_gain_0']=>0
0.836 0.680 ['neg_marital_status_Married']=>0
0.835 0.743 ['education_HS-grad && capital_gain_0']=>0
0.806 1.000 ['neg_marital_status_Separated']=>1

"
0.004641588833612777,0.009000000000000001,0.8354888244326907,0.7526701927998635,0.8352784602784603,0.7533783783783784,0.8350905926911659,0.7434742552973692,"CRL
 ACC ,  C  ,  Rule
0.838 0.289 ['occupation_Blue-Collar && capital_gain_0']=>0
0.836 0.680 ['neg_marital_status_Married']=>0
0.835 0.743 ['education_HS-grad && capital_gain_0']=>0
0.806 1.000 ['neg_marital_status_Separated']=>1

"
0.004641588833612777,0.009000000000000001,0.8052891997952568,1.0,0.806920556920557,1.0,0.8063261336881974,1.0,"CRL
 ACC ,  C  ,  Rule
0.838 0.289 ['occupation_Blue-Collar && capital_gain_0']=>0
0.836 0.680 ['neg_marital_status_Married']=>0
0.835 0.743 ['education_HS-grad && capital_gain_0']=>0
0.806 1.000 ['neg_marital_status_Separated']=>1

"
0.004641588833612777,0.01,0.8391400784849002,0.2865381334243303,0.8402948402948403,0.28736691236691236,0.8375473436380387,0.2894871532398403,"CRL
 ACC ,  C  ,  Rule
0.838 0.289 ['occupation_Blue-Collar && capital_gain_0']=>0
0.836 0.680 ['neg_marital_status_Married']=>0
0.835 0.743 ['education_HS-grad && capital_gain_0']=>0
0.806 1.000 ['neg_marital_status_Widowed']=>1

"
0.004641588833612777,0.01,0.8364784166524484,0.6897457771711313,0.8378378378378378,0.6936936936936937,0.8356024158050978,0.6801105537926093,"CRL
 ACC ,  C  ,  Rule
0.838 0.289 ['occupation_Blue-Collar && capital_gain_0']=>0
0.836 0.680 ['neg_marital_status_Married']=>0
0.835 0.743 ['education_HS-grad && capital_gain_0']=>0
0.806 1.000 ['neg_marital_status_Widowed']=>1

"
0.004641588833612777,0.01,0.8354888244326907,0.7526701927998635,0.8352784602784603,0.7533783783783784,0.8350905926911659,0.7434742552973692,"CRL
 ACC ,  C  ,  Rule
0.838 0.289 ['occupation_Blue-Collar && capital_gain_0']=>0
0.836 0.680 ['neg_marital_status_Married']=>0
0.835 0.743 ['education_HS-grad && capital_gain_0']=>0
0.806 1.000 ['neg_marital_status_Widowed']=>1

"
0.004641588833612777,0.01,0.8052891997952568,1.0,0.806920556920557,1.0,0.8063261336881974,1.0,"CRL
 ACC ,  C  ,  Rule
0.838 0.289 ['occupation_Blue-Collar && capital_gain_0']=>0
0.836 0.680 ['neg_marital_status_Married']=>0
0.835 0.743 ['education_HS-grad && capital_gain_0']=>0
0.806 1.000 ['neg_marital_status_Widowed']=>1

"
0.007742636826811269,0.001,0.8391400784849002,0.2865381334243303,0.8402948402948403,0.28736691236691236,0.8375473436380387,0.2894871532398403,"CRL
 ACC ,  C  ,  Rule
0.838 0.289 ['occupation_Blue-Collar && capital_gain_0']=>0
0.836 0.680 ['neg_marital_status_Married']=>0
0.783 1.000 ['marital_status_Married']=>1

"
0.007742636826811269,0.001,0.8364784166524484,0.6897457771711313,0.8378378378378378,0.6936936936936937,0.8356024158050978,0.6801105537926093,"CRL
 ACC ,  C  ,  Rule
0.838 0.289 ['occupation_Blue-Collar && capital_gain_0']=>0
0.836 0.680 ['neg_marital_status_Married']=>0
0.783 1.000 ['marital_status_Married']=>1

"
0.007742636826811269,0.001,0.7806517659102542,1.0,0.7873669123669124,1.0,0.7830893643156925,1.0,"CRL
 ACC ,  C  ,  Rule
0.838 0.289 ['occupation_Blue-Collar && capital_gain_0']=>0
0.836 0.680 ['neg_marital_status_Married']=>0
0.783 1.000 ['marital_status_Married']=>1

"
0.007742636826811269,0.002,0.8391400784849002,0.2865381334243303,0.8402948402948403,0.28736691236691236,0.8375473436380387,0.2894871532398403,"CRL
 ACC ,  C  ,  Rule
0.838 0.289 ['occupation_Blue-Collar && capital_gain_0']=>0
0.836 0.680 ['neg_marital_status_Married']=>0
0.783 1.000 ['marital_status_Married']=>1

"
0.007742636826811269,0.002,0.8364784166524484,0.6897457771711313,0.8378378378378378,0.6936936936936937,0.8356024158050978,0.6801105537926093,"CRL
 ACC ,  C  ,  Rule
0.838 0.289 ['occupation_Blue-Collar && capital_gain_0']=>0
0.836 0.680 ['neg_marital_status_Married']=>0
0.783 1.000 ['marital_status_Married']=>1

"
0.007742636826811269,0.002,0.7806517659102542,1.0,0.7873669123669124,1.0,0.7830893643156925,1.0,"CRL
 ACC ,  C  ,  Rule
0.838 0.289 ['occupation_Blue-Collar && capital_gain_0']=>0
0.836 0.680 ['neg_marital_status_Married']=>0
0.783 1.000 ['marital_status_Married']=>1

"
0.007742636826811269,0.003,0.8391400784849002,0.2865381334243303,0.8402948402948403,0.28736691236691236,0.8375473436380387,0.2894871532398403,"CRL
 ACC ,  C  ,  Rule
0.838 0.289 ['occupation_Blue-Collar && capital_gain_0']=>0
0.836 0.680 ['neg_marital_status_Married']=>0
0.783 1.000 ['neg_marital_status_Widowed']=>1

"
0.007742636826811269,0.003,0.8364784166524484,0.6897457771711313,0.8378378378378378,0.6936936936936937,0.8356024158050978,0.6801105537926093,"CRL
 ACC ,  C  ,  Rule
0.838 0.289 ['occupation_Blue-Collar && capital_gain_0']=>0
0.836 0.680 ['neg_marital_status_Married']=>0
0.783 1.000 ['neg_marital_status_Widowed']=>1

"
0.007742636826811269,0.003,0.7806517659102542,1.0,0.7873669123669124,1.0,0.7830893643156925,1.0,"CRL
 ACC ,  C  ,  Rule
0.838 0.289 ['occupation_Blue-Collar && capital_gain_0']=>0
0.836 0.680 ['neg_marital_status_Married']=>0
0.783 1.000 ['neg_marital_status_Widowed']=>1

"
0.007742636826811269,0.004,0.8391400784849002,0.2865381334243303,0.8402948402948403,0.28736691236691236,0.8375473436380387,0.2894871532398403,"CRL
 ACC ,  C  ,  Rule
0.838 0.289 ['occupation_Blue-Collar && capital_gain_0']=>0
0.836 0.680 ['neg_marital_status_Married']=>0
0.783 1.000 ['neg_marital_status_Divorced']=>1

"
0.007742636826811269,0.004,0.8364784166524484,0.6897457771711313,0.8378378378378378,0.6936936936936937,0.8356024158050978,0.6801105537926093,"CRL
 ACC ,  C  ,  Rule
0.838 0.289 ['occupation_Blue-Collar && capital_gain_0']=>0
0.836 0.680 ['neg_marital_status_Married']=>0
0.783 1.000 ['neg_marital_status_Divorced']=>1

"
0.007742636826811269,0.004,0.7806517659102542,1.0,0.7873669123669124,1.0,0.7830893643156925,1.0,"CRL
 ACC ,  C  ,  Rule
0.838 0.289 ['occupation_Blue-Collar && capital_gain_0']=>0
0.836 0.680 ['neg_marital_status_Married']=>0
0.783 1.000 ['neg_marital_status_Divorced']=>1

"
0.007742636826811269,0.005,0.8391400784849002,0.2865381334243303,0.8402948402948403,0.28736691236691236,0.8375473436380387,0.2894871532398403,"CRL
 ACC ,  C  ,  Rule
0.838 0.289 ['occupation_Blue-Collar && capital_gain_0']=>0
0.836 0.680 ['neg_marital_status_Married']=>0
0.783 1.000 ['neg_marital_status_Divorced']=>1

"
0.007742636826811269,0.005,0.8364784166524484,0.6897457771711313,0.8378378378378378,0.6936936936936937,0.8356024158050978,0.6801105537926093,"CRL
 ACC ,  C  ,  Rule
0.838 0.289 ['occupation_Blue-Collar && capital_gain_0']=>0
0.836 0.680 ['neg_marital_status_Married']=>0
0.783 1.000 ['neg_marital_status_Divorced']=>1

"
0.007742636826811269,0.005,0.7806517659102542,1.0,0.7873669123669124,1.0,0.7830893643156925,1.0,"CRL
 ACC ,  C  ,  Rule
0.838 0.289 ['occupation_Blue-Collar && capital_gain_0']=>0
0.836 0.680 ['neg_marital_status_Married']=>0
0.783 1.000 ['neg_marital_status_Divorced']=>1

"
0.007742636826811269,0.006,0.8391400784849002,0.2865381334243303,0.8402948402948403,0.28736691236691236,0.8375473436380387,0.2894871532398403,"CRL
 ACC ,  C  ,  Rule
0.838 0.289 ['occupation_Blue-Collar && capital_gain_0']=>0
0.836 0.680 ['neg_marital_status_Married']=>0
0.783 1.000 ['neg_marital_status_Divorced']=>1

"
0.007742636826811269,0.006,0.8364784166524484,0.6897457771711313,0.8378378378378378,0.6936936936936937,0.8356024158050978,0.6801105537926093,"CRL
 ACC ,  C  ,  Rule
0.838 0.289 ['occupation_Blue-Collar && capital_gain_0']=>0
0.836 0.680 ['neg_marital_status_Married']=>0
0.783 1.000 ['neg_marital_status_Divorced']=>1

"
0.007742636826811269,0.006,0.7806517659102542,1.0,0.7873669123669124,1.0,0.7830893643156925,1.0,"CRL
 ACC ,  C  ,  Rule
0.838 0.289 ['occupation_Blue-Collar && capital_gain_0']=>0
0.836 0.680 ['neg_marital_status_Married']=>0
0.783 1.000 ['neg_marital_status_Divorced']=>1

"
0.007742636826811269,0.007,0.8391400784849002,0.2865381334243303,0.8402948402948403,0.28736691236691236,0.8375473436380387,0.2894871532398403,"CRL
 ACC ,  C  ,  Rule
0.838 0.289 ['occupation_Blue-Collar && capital_gain_0']=>0
0.836 0.680 ['neg_marital_status_Married']=>0
0.783 1.000 ['neg_marital_status_Divorced']=>1

"
0.007742636826811269,0.007,0.8364784166524484,0.6897457771711313,0.8378378378378378,0.6936936936936937,0.8356024158050978,0.6801105537926093,"CRL
 ACC ,  C  ,  Rule
0.838 0.289 ['occupation_Blue-Collar && capital_gain_0']=>0
0.836 0.680 ['neg_marital_status_Married']=>0
0.783 1.000 ['neg_marital_status_Divorced']=>1

"
0.007742636826811269,0.007,0.7806517659102542,1.0,0.7873669123669124,1.0,0.7830893643156925,1.0,"CRL
 ACC ,  C  ,  Rule
0.838 0.289 ['occupation_Blue-Collar && capital_gain_0']=>0
0.836 0.680 ['neg_marital_status_Married']=>0
0.783 1.000 ['neg_marital_status_Divorced']=>1

"
0.007742636826811269,0.008,0.8391400784849002,0.2865381334243303,0.8402948402948403,0.28736691236691236,0.8375473436380387,0.2894871532398403,"CRL
 ACC ,  C  ,  Rule
0.838 0.289 ['occupation_Blue-Collar && capital_gain_0']=>0
0.836 0.680 ['neg_marital_status_Married']=>0
0.783 1.000 ['neg_marital_status_Divorced']=>1

"
0.007742636826811269,0.008,0.8364784166524484,0.6897457771711313,0.8378378378378378,0.6936936936936937,0.8356024158050978,0.6801105537926093,"CRL
 ACC ,  C  ,  Rule
0.838 0.289 ['occupation_Blue-Collar && capital_gain_0']=>0
0.836 0.680 ['neg_marital_status_Married']=>0
0.783 1.000 ['neg_marital_status_Divorced']=>1

"
0.007742636826811269,0.008,0.7806517659102542,1.0,0.7873669123669124,1.0,0.7830893643156925,1.0,"CRL
 ACC ,  C  ,  Rule
0.838 0.289 ['occupation_Blue-Collar && capital_gain_0']=>0
0.836 0.680 ['neg_marital_status_Married']=>0
0.783 1.000 ['neg_marital_status_Divorced']=>1

"
0.007742636826811269,0.009000000000000001,0.8391400784849002,0.2865381334243303,0.8402948402948403,0.28736691236691236,0.8375473436380387,0.2894871532398403,"CRL
 ACC ,  C  ,  Rule
0.838 0.289 ['occupation_Blue-Collar && capital_gain_0']=>0
0.836 0.680 ['neg_marital_status_Married']=>0
0.783 1.000 ['neg_marital_status_Divorced']=>1

"
0.007742636826811269,0.009000000000000001,0.8364784166524484,0.6897457771711313,0.8378378378378378,0.6936936936936937,0.8356024158050978,0.6801105537926093,"CRL
 ACC ,  C  ,  Rule
0.838 0.289 ['occupation_Blue-Collar && capital_gain_0']=>0
0.836 0.680 ['neg_marital_status_Married']=>0
0.783 1.000 ['neg_marital_status_Divorced']=>1

"
0.007742636826811269,0.009000000000000001,0.7806517659102542,1.0,0.7873669123669124,1.0,0.7830893643156925,1.0,"CRL
 ACC ,  C  ,  Rule
0.838 0.289 ['occupation_Blue-Collar && capital_gain_0']=>0
0.836 0.680 ['neg_marital_status_Married']=>0
0.783 1.000 ['neg_marital_status_Divorced']=>1

"
0.007742636826811269,0.01,0.8391400784849002,0.2865381334243303,0.8402948402948403,0.28736691236691236,0.8375473436380387,0.2894871532398403,"CRL
 ACC ,  C  ,  Rule
0.838 0.289 ['occupation_Blue-Collar && capital_gain_0']=>0
0.836 0.680 ['neg_marital_status_Married']=>0
0.783 1.000 ['marital_status_Married']=>1

"
0.007742636826811269,0.01,0.8364784166524484,0.6897457771711313,0.8378378378378378,0.6936936936936937,0.8356024158050978,0.6801105537926093,"CRL
 ACC ,  C  ,  Rule
0.838 0.289 ['occupation_Blue-Collar && capital_gain_0']=>0
0.836 0.680 ['neg_marital_status_Married']=>0
0.783 1.000 ['marital_status_Married']=>1

"
0.007742636826811269,0.01,0.7806517659102542,1.0,0.7873669123669124,1.0,0.7830893643156925,1.0,"CRL
 ACC ,  C  ,  Rule
0.838 0.289 ['occupation_Blue-Collar && capital_gain_0']=>0
0.836 0.680 ['neg_marital_status_Married']=>0
0.783 1.000 ['marital_status_Married']=>1

"
0.01291549665014884,0.001,0.8065176591025423,0.8725132229994881,0.808046683046683,0.8666052416052417,0.8025386426451019,0.8691780120790255,"CRL
 ACC ,  C  ,  Rule
0.803 0.869 ['capital_gain_0 && capital_loss_0']=>0
0.777 0.999 ['neg_race_Amer-Indian-Eskimo']=>1

"
0.01291549665014884,0.001,0.7809247568674288,0.9992833987374168,0.7822481572481572,0.9989762489762489,0.7772545808168697,0.99887398914935,"CRL
 ACC ,  C  ,  Rule
0.803 0.869 ['capital_gain_0 && capital_loss_0']=>0
0.777 0.999 ['neg_race_Amer-Indian-Eskimo']=>1

"
0.01291549665014884,0.002,0.8065176591025423,0.8725132229994881,0.808046683046683,0.8666052416052417,0.8025386426451019,0.8691780120790255,"CRL
 ACC ,  C  ,  Rule
0.803 0.869 ['capital_gain_0 && capital_loss_0']=>0
0.777 0.999 ['neg_race_Amer-Indian-Eskimo']=>1

"
0.01291549665014884,0.002,0.7809247568674288,0.9992833987374168,0.7822481572481572,0.9989762489762489,0.7772545808168697,0.99887398914935,"CRL
 ACC ,  C  ,  Rule
0.803 0.869 ['capital_gain_0 && capital_loss_0']=>0
0.777 0.999 ['neg_race_Amer-Indian-Eskimo']=>1

"
0.01291549665014884,0.003,0.8373315133936189,0.5298413240061424,0.8377354627354627,0.5352170352170352,0.8357047804278841,0.5162247927116388,"CRL
 ACC ,  C  ,  Rule
0.836 0.516 ['neg_marital_status_Married']=>0
0.754 1.000 ['neg_marital_status_Widowed']=>0

"
0.01291549665014884,0.003,0.7624296195188535,1.0,0.7619778869778869,1.0,0.7543249053127239,1.0,"CRL
 ACC ,  C  ,  Rule
0.836 0.516 ['neg_marital_status_Married']=>0
0.754 1.000 ['neg_marital_status_Widowed']=>0

"
0.01291549665014884,0.004,0.8373315133936189,0.5298413240061424,0.8377354627354627,0.5352170352170352,0.8357047804278841,0.5162247927116388,"CRL
 ACC ,  C  ,  Rule
0.836 0.516 ['neg_marital_status_Married']=>0
0.754 1.000 ['neg_marital_status_Widowed']=>0

"
0.01291549665014884,0.004,0.7624296195188535,1.0,0.7619778869778869,1.0,0.7543249053127239,1.0,"CRL
 ACC ,  C  ,  Rule
0.836 0.516 ['neg_marital_status_Married']=>0
0.754 1.000 ['neg_marital_status_Widowed']=>0

"
0.01291549665014884,0.005,0.8373315133936189,0.5298413240061424,0.8377354627354627,0.5352170352170352,0.8357047804278841,0.5162247927116388,"CRL
 ACC ,  C  ,  Rule
0.836 0.516 ['neg_marital_status_Married']=>0
0.754 1.000 ['neg_marital_status_Widowed']=>0

"
0.01291549665014884,0.005,0.7624296195188535,1.0,0.7619778869778869,1.0,0.7543249053127239,1.0,"CRL
 ACC ,  C  ,  Rule
0.836 0.516 ['neg_marital_status_Married']=>0
0.754 1.000 ['neg_marital_status_Widowed']=>0

"
0.01291549665014884,0.006,0.8373315133936189,0.5298413240061424,0.8377354627354627,0.5352170352170352,0.8357047804278841,0.5162247927116388,"CRL
 ACC ,  C  ,  Rule
0.836 0.516 ['neg_marital_status_Married']=>0
0.754 1.000 ['neg_marital_status_Widowed']=>0

"
0.01291549665014884,0.006,0.7624296195188535,1.0,0.7619778869778869,1.0,0.7543249053127239,1.0,"CRL
 ACC ,  C  ,  Rule
0.836 0.516 ['neg_marital_status_Married']=>0
0.754 1.000 ['neg_marital_status_Widowed']=>0

"
0.01291549665014884,0.007,0.8373315133936189,0.5298413240061424,0.8377354627354627,0.5352170352170352,0.8357047804278841,0.5162247927116388,"CRL
 ACC ,  C  ,  Rule
0.836 0.516 ['neg_marital_status_Married']=>0
0.754 1.000 ['neg_marital_status_Widowed']=>0

"
0.01291549665014884,0.007,0.7624296195188535,1.0,0.7619778869778869,1.0,0.7543249053127239,1.0,"CRL
 ACC ,  C  ,  Rule
0.836 0.516 ['neg_marital_status_Married']=>0
0.754 1.000 ['neg_marital_status_Widowed']=>0

"
0.01291549665014884,0.008,0.8373315133936189,0.5298413240061424,0.8377354627354627,0.5352170352170352,0.8357047804278841,0.5162247927116388,"CRL
 ACC ,  C  ,  Rule
0.836 0.516 ['neg_marital_status_Married']=>0
0.754 1.000 ['neg_marital_status_Widowed']=>0

"
0.01291549665014884,0.008,0.7624296195188535,1.0,0.7619778869778869,1.0,0.7543249053127239,1.0,"CRL
 ACC ,  C  ,  Rule
0.836 0.516 ['neg_marital_status_Married']=>0
0.754 1.000 ['neg_marital_status_Widowed']=>0

"
0.01291549665014884,0.009000000000000001,0.8373315133936189,0.5298413240061424,0.8377354627354627,0.5352170352170352,0.8357047804278841,0.5162247927116388,"CRL
 ACC ,  C  ,  Rule
0.836 0.516 ['neg_marital_status_Married']=>0
0.754 1.000 ['neg_marital_status_Widowed']=>0

"
0.01291549665014884,0.009000000000000001,0.7624296195188535,1.0,0.7619778869778869,1.0,0.7543249053127239,1.0,"CRL
 ACC ,  C  ,  Rule
0.836 0.516 ['neg_marital_status_Married']=>0
0.754 1.000 ['neg_marital_status_Widowed']=>0

"
0.01291549665014884,0.01,0.8373315133936189,0.5298413240061424,0.8377354627354627,0.5352170352170352,0.8357047804278841,0.5162247927116388,"CRL
 ACC ,  C  ,  Rule
0.836 0.516 ['neg_marital_status_Married']=>0
0.754 1.000 ['neg_marital_status_Divorced']=>0

"
0.01291549665014884,0.01,0.7624296195188535,1.0,0.7619778869778869,1.0,0.7543249053127239,1.0,"CRL
 ACC ,  C  ,  Rule
0.836 0.516 ['neg_marital_status_Married']=>0
0.754 1.000 ['neg_marital_status_Divorced']=>0

"
0.021544346900318832,0.001,0.8373315133936189,0.5298413240061424,0.8377354627354627,0.5352170352170352,0.8357047804278841,0.5162247927116388,"CRL
 ACC ,  C  ,  Rule
0.836 0.516 ['neg_marital_status_Married']=>0
0.754 1.000 ['neg_marital_status_Divorced']=>0

"
0.021544346900318832,0.001,0.7624296195188535,1.0,0.7619778869778869,1.0,0.7543249053127239,1.0,"CRL
 ACC ,  C  ,  Rule
0.836 0.516 ['neg_marital_status_Married']=>0
0.754 1.000 ['neg_marital_status_Divorced']=>0

"
0.021544346900318832,0.002,0.8065176591025423,0.8725132229994881,0.808046683046683,0.8666052416052417,0.8025386426451019,0.8691780120790255,"CRL
 ACC ,  C  ,  Rule
0.803 0.869 ['capital_gain_0 && capital_loss_0']=>0
0.777 0.999 ['neg_race_Amer-Indian-Eskimo']=>1

"
0.021544346900318832,0.002,0.7809247568674288,0.9992833987374168,0.7822481572481572,0.9989762489762489,0.7772545808168697,0.99887398914935,"CRL
 ACC ,  C  ,  Rule
0.803 0.869 ['capital_gain_0 && capital_loss_0']=>0
0.777 0.999 ['neg_race_Amer-Indian-Eskimo']=>1

"
0.021544346900318832,0.003,0.8373315133936189,0.5298413240061424,0.8377354627354627,0.5352170352170352,0.8357047804278841,0.5162247927116388,"CRL
 ACC ,  C  ,  Rule
0.836 0.516 ['neg_marital_status_Married']=>0
0.754 1.000 ['neg_marital_status_Widowed']=>0

"
0.021544346900318832,0.003,0.7624296195188535,1.0,0.7619778869778869,1.0,0.7543249053127239,1.0,"CRL
 ACC ,  C  ,  Rule
0.836 0.516 ['neg_marital_status_Married']=>0
0.754 1.000 ['neg_marital_status_Widowed']=>0

"
0.021544346900318832,0.004,0.8373315133936189,0.5298413240061424,0.8377354627354627,0.5352170352170352,0.8357047804278841,0.5162247927116388,"CRL
 ACC ,  C  ,  Rule
0.836 0.516 ['neg_marital_status_Married']=>0
0.754 1.000 ['neg_marital_status_Divorced']=>0

"
0.021544346900318832,0.004,0.7624296195188535,1.0,0.7619778869778869,1.0,0.7543249053127239,1.0,"CRL
 ACC ,  C  ,  Rule
0.836 0.516 ['neg_marital_status_Married']=>0
0.754 1.000 ['neg_marital_status_Divorced']=>0

"
0.021544346900318832,0.005,0.8373315133936189,0.5298413240061424,0.8377354627354627,0.5352170352170352,0.8357047804278841,0.5162247927116388,"CRL
 ACC ,  C  ,  Rule
0.836 0.516 ['neg_marital_status_Married']=>0
0.754 1.000 ['neg_marital_status_Divorced']=>0

"
0.021544346900318832,0.005,0.7624296195188535,1.0,0.7619778869778869,1.0,0.7543249053127239,1.0,"CRL
 ACC ,  C  ,  Rule
0.836 0.516 ['neg_marital_status_Married']=>0
0.754 1.000 ['neg_marital_status_Divorced']=>0

"
0.021544346900318832,0.006,0.8373315133936189,0.5298413240061424,0.8377354627354627,0.5352170352170352,0.8357047804278841,0.5162247927116388,"CRL
 ACC ,  C  ,  Rule
0.836 0.516 ['neg_marital_status_Married']=>0
0.754 1.000 ['marital_status_Married']=>0

"
0.021544346900318832,0.006,0.7624296195188535,1.0,0.7619778869778869,1.0,0.7543249053127239,1.0,"CRL
 ACC ,  C  ,  Rule
0.836 0.516 ['neg_marital_status_Married']=>0
0.754 1.000 ['marital_status_Married']=>0

"
0.021544346900318832,0.007,0.8373315133936189,0.5298413240061424,0.8377354627354627,0.5352170352170352,0.8357047804278841,0.5162247927116388,"CRL
 ACC ,  C  ,  Rule
0.836 0.516 ['neg_marital_status_Married']=>0
0.754 1.000 ['neg_marital_status_Widowed']=>0

"
0.021544346900318832,0.007,0.7624296195188535,1.0,0.7619778869778869,1.0,0.7543249053127239,1.0,"CRL
 ACC ,  C  ,  Rule
0.836 0.516 ['neg_marital_status_Married']=>0
0.754 1.000 ['neg_marital_status_Widowed']=>0

"
0.021544346900318832,0.008,0.8373315133936189,0.5298413240061424,0.8377354627354627,0.5352170352170352,0.8357047804278841,0.5162247927116388,"CRL
 ACC ,  C  ,  Rule
0.836 0.516 ['neg_marital_status_Married']=>0
0.754 1.000 ['neg_marital_status_Widowed']=>0

"
0.021544346900318832,0.008,0.7624296195188535,1.0,0.7619778869778869,1.0,0.7543249053127239,1.0,"CRL
 ACC ,  C  ,  Rule
0.836 0.516 ['neg_marital_status_Married']=>0
0.754 1.000 ['neg_marital_status_Widowed']=>0

"
0.021544346900318832,0.009000000000000001,0.8373315133936189,0.5298413240061424,0.8377354627354627,0.5352170352170352,0.8357047804278841,0.5162247927116388,"CRL
 ACC ,  C  ,  Rule
0.836 0.516 ['neg_marital_status_Married']=>0
0.754 1.000 ['neg_marital_status_Widowed']=>0

"
0.021544346900318832,0.009000000000000001,0.7624296195188535,1.0,0.7619778869778869,1.0,0.7543249053127239,1.0,"CRL
 ACC ,  C  ,  Rule
0.836 0.516 ['neg_marital_status_Married']=>0
0.754 1.000 ['neg_marital_status_Widowed']=>0

"
0.021544346900318832,0.01,0.8373315133936189,0.5298413240061424,0.8377354627354627,0.5352170352170352,0.8357047804278841,0.5162247927116388,"CRL
 ACC ,  C  ,  Rule
0.836 0.516 ['neg_marital_status_Married']=>0
0.754 1.000 ['neg_marital_status_Separated']=>0

"
0.021544346900318832,0.01,0.7624296195188535,1.0,0.7619778869778869,1.0,0.7543249053127239,1.0,"CRL
 ACC ,  C  ,  Rule
0.836 0.516 ['neg_marital_status_Married']=>0
0.754 1.000 ['neg_marital_status_Separated']=>0

"
0.03593813663804626,0.001,0.7626343627367344,0.9919467667633509,0.7624897624897625,0.9918099918099919,0.7543249053127239,0.9907871839492272,"CRL
 ACC ,  C  ,  Rule
0.754 0.991 ['neg_race_Other']=>0

"
0.03593813663804626,0.002,0.7626343627367344,0.9919467667633509,0.7624897624897625,0.9918099918099919,0.7543249053127239,0.9907871839492272,"CRL
 ACC ,  C  ,  Rule
0.754 0.991 ['neg_race_Other']=>0

"
0.03593813663804626,0.003,0.7626343627367344,0.9919467667633509,0.7624897624897625,0.9918099918099919,0.7543249053127239,0.9907871839492272,"CRL
 ACC ,  C  ,  Rule
0.754 0.991 ['neg_race_Other']=>0

"
0.03593813663804626,0.004,0.7626343627367344,0.9919467667633509,0.7624897624897625,0.9918099918099919,0.7543249053127239,0.9907871839492272,"CRL
 ACC ,  C  ,  Rule
0.754 0.991 ['neg_race_Other']=>0

"
0.03593813663804626,0.005,0.7626343627367344,0.9919467667633509,0.7624897624897625,0.9918099918099919,0.7543249053127239,0.9907871839492272,"CRL
 ACC ,  C  ,  Rule
0.754 0.991 ['neg_race_Other']=>0

"
0.03593813663804626,0.006,0.7626343627367344,0.9919467667633509,0.7624897624897625,0.9918099918099919,0.7543249053127239,0.9907871839492272,"CRL
 ACC ,  C  ,  Rule
0.754 0.991 ['neg_race_Other']=>0

"
0.03593813663804626,0.007,0.7626343627367344,0.9919467667633509,0.7624897624897625,0.9918099918099919,0.7543249053127239,0.9907871839492272,"CRL
 ACC ,  C  ,  Rule
0.754 0.991 ['neg_race_Other']=>0

"
0.03593813663804626,0.008,0.7626343627367344,0.9919467667633509,0.7624897624897625,0.9918099918099919,0.7543249053127239,0.9907871839492272,"CRL
 ACC ,  C  ,  Rule
0.754 0.991 ['neg_race_Other']=>0

"
0.03593813663804626,0.009000000000000001,0.7626343627367344,0.9919467667633509,0.7624897624897625,0.9918099918099919,0.7543249053127239,0.9907871839492272,"CRL
 ACC ,  C  ,  Rule
0.754 0.991 ['neg_race_Other']=>0

"
0.03593813663804626,0.01,0.7626343627367344,0.9919467667633509,0.7624897624897625,0.9918099918099919,0.7543249053127239,0.9907871839492272,"CRL
 ACC ,  C  ,  Rule
0.754 0.991 ['neg_race_Other']=>0

"
0.05994842503189409,0.001,0.7626343627367344,0.9919467667633509,0.7624897624897625,0.9918099918099919,0.7543249053127239,0.9907871839492272,"CRL
 ACC ,  C  ,  Rule
0.754 0.991 ['neg_race_Other']=>0

"
0.05994842503189409,0.002,0.7626343627367344,0.9919467667633509,0.7624897624897625,0.9918099918099919,0.7543249053127239,0.9907871839492272,"CRL
 ACC ,  C  ,  Rule
0.754 0.991 ['neg_race_Other']=>0

"
0.05994842503189409,0.003,0.7626343627367344,0.9919467667633509,0.7624897624897625,0.9918099918099919,0.7543249053127239,0.9907871839492272,"CRL
 ACC ,  C  ,  Rule
0.754 0.991 ['neg_race_Other']=>0

"
0.05994842503189409,0.004,0.7626343627367344,0.9919467667633509,0.7624897624897625,0.9918099918099919,0.7543249053127239,0.9907871839492272,"CRL
 ACC ,  C  ,  Rule
0.754 0.991 ['neg_race_Other']=>0

"
0.05994842503189409,0.005,0.7626343627367344,0.9919467667633509,0.7624897624897625,0.9918099918099919,0.7543249053127239,0.9907871839492272,"CRL
 ACC ,  C  ,  Rule
0.754 0.991 ['neg_race_Other']=>0

"
0.05994842503189409,0.006,0.7626343627367344,0.9919467667633509,0.7624897624897625,0.9918099918099919,0.7543249053127239,0.9907871839492272,"CRL
 ACC ,  C  ,  Rule
0.754 0.991 ['neg_race_Other']=>0

"
0.05994842503189409,0.007,0.7626343627367344,0.9919467667633509,0.7624897624897625,0.9918099918099919,0.7543249053127239,0.9907871839492272,"CRL
 ACC ,  C  ,  Rule
0.754 0.991 ['neg_race_Other']=>0

"
0.05994842503189409,0.008,0.7626343627367344,0.9919467667633509,0.7624897624897625,0.9918099918099919,0.7543249053127239,0.9907871839492272,"CRL
 ACC ,  C  ,  Rule
0.754 0.991 ['neg_race_Other']=>0

"
0.05994842503189409,0.009000000000000001,0.7626343627367344,0.9919467667633509,0.7624897624897625,0.9918099918099919,0.7543249053127239,0.9907871839492272,"CRL
 ACC ,  C  ,  Rule
0.754 0.991 ['neg_race_Other']=>0

"
0.05994842503189409,0.01,0.7626343627367344,0.9919467667633509,0.7624897624897625,0.9918099918099919,0.7543249053127239,0.9907871839492272,"CRL
 ACC ,  C  ,  Rule
0.754 0.991 ['neg_race_Other']=>0

"
0.1,0.001,0.7626343627367344,0.9919467667633509,0.7624897624897625,0.9918099918099919,0.7543249053127239,0.9907871839492272,"CRL
 ACC ,  C  ,  Rule
0.754 0.991 ['neg_race_Other']=>0

"
0.1,0.002,0.7626343627367344,0.9919467667633509,0.7624897624897625,0.9918099918099919,0.7543249053127239,0.9907871839492272,"CRL
 ACC ,  C  ,  Rule
0.754 0.991 ['neg_race_Other']=>0

"
0.1,0.003,0.7626343627367344,0.9919467667633509,0.7624897624897625,0.9918099918099919,0.7543249053127239,0.9907871839492272,"CRL
 ACC ,  C  ,  Rule
0.754 0.991 ['neg_race_Other']=>0

"
0.1,0.004,0.7626343627367344,0.9919467667633509,0.7624897624897625,0.9918099918099919,0.7543249053127239,0.9907871839492272,"CRL
 ACC ,  C  ,  Rule
0.754 0.991 ['neg_race_Other']=>0

"
0.1,0.005,0.7626343627367344,0.9919467667633509,0.7624897624897625,0.9918099918099919,0.7543249053127239,0.9907871839492272,"CRL
 ACC ,  C  ,  Rule
0.754 0.991 ['neg_race_Other']=>0

"
0.1,0.006,0.7626343627367344,0.9919467667633509,0.7624897624897625,0.9918099918099919,0.7543249053127239,0.9907871839492272,"CRL
 ACC ,  C  ,  Rule
0.754 0.991 ['neg_race_Other']=>0

"
0.1,0.007,0.7626343627367344,0.9919467667633509,0.7624897624897625,0.9918099918099919,0.7543249053127239,0.9907871839492272,"CRL
 ACC ,  C  ,  Rule
0.754 0.991 ['neg_race_Other']=>0

"
0.1,0.008,0.7626343627367344,0.9919467667633509,0.7624897624897625,0.9918099918099919,0.7543249053127239,0.9907871839492272,"CRL
 ACC ,  C  ,  Rule
0.754 0.991 ['neg_race_Other']=>0

"
0.1,0.009000000000000001,0.7626343627367344,0.9919467667633509,0.7624897624897625,0.9918099918099919,0.7543249053127239,0.9907871839492272,"CRL
 ACC ,  C  ,  Rule
0.754 0.991 ['neg_race_Other']=>0

"
0.1,0.01,0.7626343627367344,0.9919467667633509,0.7624897624897625,0.9918099918099919,0.7543249053127239,0.9907871839492272,"CRL
 ACC ,  C  ,  Rule
0.754 0.991 ['neg_race_Other']=>0

"
