Seed,Black Box,Beta,Alpha,Policy,Min support,Lambda,Search status,Training accuracy,Validation accuracy,Test accuracy,Training accuracy (prefix),Validation accuracy (prefix),Test accuracy (prefix),Training accuracy (BB),Validation accuracy (BB),Test accuracy (BB),Training transparency,Validation transparency,Test transparency,Model,Prefix length
0,fixed_rf,1.7061934823408974e-05,0,objective,0.01,0.01,opt,0.8333048967752943,0.8325143325143325,0.8326338417442932,0.9819436288901938,0.9866310160427807,0.9852017937219731,0.788289690125817,0.7865497076023392,0.7875049741345006,0.23245180003412386,0.22972972972972974,0.22827310881359403,"HybridCORELSPreClassifier
if [age_low && marital_status_Single]:
  income = False(support 6812, accuracy 0.98194)
else 
    default: RandomForestClassifier(max_depth=5, min_samples_split=10, random_state=42)(support 22493, accuracy 0.78829 (majority pred 0.696))",1
1,fixed_rf,1.7061934823408974e-05,0,objective,0.01,0.01,opt,0.8314280839447193,0.8316953316953317,0.8375473436380387,0.9808898178560764,0.9897595725734639,0.9850555081127241,0.787145574379617,0.7844988035097049,0.7910327184596742,0.2285616788943866,0.22993447993447994,0.2397379465656669,"HybridCORELSPreClassifier
if [age_low && marital_status_Single]:
  income = False(support 6698, accuracy 0.98089)
else 
    default: RandomForestClassifier(max_depth=5, min_samples_split=10, random_state=42)(support 22607, accuracy 0.78715 (majority pred 0.695))",1
2,fixed_rf,1.7061934823408974e-05,0,objective,0.01,0.01,opt,0.8359665586077462,0.8264742014742015,0.8353976865595251,0.9833921222810111,0.9829366861248316,0.9844789356984479,0.7913870494644683,0.7802678689828935,0.7906574394463668,0.23217880907694932,0.227989352989353,0.23083222438325315,"HybridCORELSPreClassifier
if [age_low && marital_status_Single]:
  income = False(support 6804, accuracy 0.98339)
else 
    default: RandomForestClassifier(max_depth=5, min_samples_split=10, random_state=42)(support 22501, accuracy 0.79139 (majority pred 0.698))",1
3,fixed_rf,1.7061934823408974e-05,0,objective,0.01,0.01,opt,0.8330660296877666,0.838963963963964,0.8310983724024977,0.9819366301450992,0.9841059602649007,0.9876488751654169,0.7884794465877345,0.7951486072237771,0.7837909890695814,0.23047261559460844,0.23187960687960688,0.23206059985668953,"HybridCORELSPreClassifier
if [age_low && marital_status_Single]:
  income = False(support 6754, accuracy 0.98194)
else 
    default: RandomForestClassifier(max_depth=5, min_samples_split=10, random_state=42)(support 22551, accuracy 0.78848 (majority pred 0.694))",1
4,fixed_rf,1.7061934823408974e-05,0,objective,0.01,0.01,opt,0.8352499573451629,0.832002457002457,0.8265943289998976,0.9829160530191458,0.9840142095914742,0.9848484848484849,0.790717299578059,0.7864555614688664,0.7794019933554818,0.23170107490189387,0.23054873054873054,0.22970621353260312,"HybridCORELSPreClassifier
if [age_low && marital_status_Single]:
  income = False(support 6790, accuracy 0.98292)
else 
    default: RandomForestClassifier(max_depth=5, min_samples_split=10, random_state=42)(support 22515, accuracy 0.79072 (majority pred 0.694))",1
0,fixed_rf,1.7061934823408974e-05,0,objective,0.05,0.01,opt,0.8333048967752943,0.8325143325143325,0.8326338417442932,0.9819436288901938,0.9866310160427807,0.9852017937219731,0.788289690125817,0.7865497076023392,0.7875049741345006,0.23245180003412386,0.22972972972972974,0.22827310881359403,"HybridCORELSPreClassifier
if [age_low && marital_status_Single]:
  income = False(support 6812, accuracy 0.98194)
else 
    default: RandomForestClassifier(max_depth=5, min_samples_split=10, random_state=42)(support 22493, accuracy 0.78829 (majority pred 0.696))",1
1,fixed_rf,1.7061934823408974e-05,0,objective,0.05,0.01,opt,0.8314280839447193,0.8316953316953317,0.8375473436380387,0.9808898178560764,0.9897595725734639,0.9850555081127241,0.787145574379617,0.7844988035097049,0.7910327184596742,0.2285616788943866,0.22993447993447994,0.2397379465656669,"HybridCORELSPreClassifier
if [age_low && marital_status_Single]:
  income = False(support 6698, accuracy 0.98089)
else 
    default: RandomForestClassifier(max_depth=5, min_samples_split=10, random_state=42)(support 22607, accuracy 0.78715 (majority pred 0.695))",1
2,fixed_rf,1.7061934823408974e-05,0,objective,0.05,0.01,opt,0.8359665586077462,0.8264742014742015,0.8353976865595251,0.9833921222810111,0.9829366861248316,0.9844789356984479,0.7913870494644683,0.7802678689828935,0.7906574394463668,0.23217880907694932,0.227989352989353,0.23083222438325315,"HybridCORELSPreClassifier
if [age_low && marital_status_Single]:
  income = False(support 6804, accuracy 0.98339)
else 
    default: RandomForestClassifier(max_depth=5, min_samples_split=10, random_state=42)(support 22501, accuracy 0.79139 (majority pred 0.698))",1
3,fixed_rf,1.7061934823408974e-05,0,objective,0.05,0.01,opt,0.8330660296877666,0.838963963963964,0.8310983724024977,0.9819366301450992,0.9841059602649007,0.9876488751654169,0.7884794465877345,0.7951486072237771,0.7837909890695814,0.23047261559460844,0.23187960687960688,0.23206059985668953,"HybridCORELSPreClassifier
if [age_low && marital_status_Single]:
  income = False(support 6754, accuracy 0.98194)
else 
    default: RandomForestClassifier(max_depth=5, min_samples_split=10, random_state=42)(support 22551, accuracy 0.78848 (majority pred 0.694))",1
4,fixed_rf,1.7061934823408974e-05,0,objective,0.05,0.01,opt,0.8352499573451629,0.832002457002457,0.8265943289998976,0.9829160530191458,0.9840142095914742,0.9848484848484849,0.790717299578059,0.7864555614688664,0.7794019933554818,0.23170107490189387,0.23054873054873054,0.22970621353260312,"HybridCORELSPreClassifier
if [age_low && marital_status_Single]:
  income = False(support 6790, accuracy 0.98292)
else 
    default: RandomForestClassifier(max_depth=5, min_samples_split=10, random_state=42)(support 22515, accuracy 0.79072 (majority pred 0.694))",1
0,fixed_rf,1.7061934823408974e-05,0,objective,0.1,0.01,opt,0.8333048967752943,0.8325143325143325,0.8326338417442932,0.9819436288901938,0.9866310160427807,0.9852017937219731,0.788289690125817,0.7865497076023392,0.7875049741345006,0.23245180003412386,0.22972972972972974,0.22827310881359403,"HybridCORELSPreClassifier
if [age_low && marital_status_Single]:
  income = False(support 6812, accuracy 0.98194)
else 
    default: RandomForestClassifier(max_depth=5, min_samples_split=10, random_state=42)(support 22493, accuracy 0.78829 (majority pred 0.696))",1
1,fixed_rf,1.7061934823408974e-05,0,objective,0.1,0.01,opt,0.8314280839447193,0.8316953316953317,0.8375473436380387,0.9808898178560764,0.9897595725734639,0.9850555081127241,0.787145574379617,0.7844988035097049,0.7910327184596742,0.2285616788943866,0.22993447993447994,0.2397379465656669,"HybridCORELSPreClassifier
if [age_low && marital_status_Single]:
  income = False(support 6698, accuracy 0.98089)
else 
    default: RandomForestClassifier(max_depth=5, min_samples_split=10, random_state=42)(support 22607, accuracy 0.78715 (majority pred 0.695))",1
2,fixed_rf,1.7061934823408974e-05,0,objective,0.1,0.01,opt,0.8359665586077462,0.8264742014742015,0.8353976865595251,0.9833921222810111,0.9829366861248316,0.9844789356984479,0.7913870494644683,0.7802678689828935,0.7906574394463668,0.23217880907694932,0.227989352989353,0.23083222438325315,"HybridCORELSPreClassifier
if [age_low && marital_status_Single]:
  income = False(support 6804, accuracy 0.98339)
else 
    default: RandomForestClassifier(max_depth=5, min_samples_split=10, random_state=42)(support 22501, accuracy 0.79139 (majority pred 0.698))",1
3,fixed_rf,1.7061934823408974e-05,0,objective,0.1,0.01,opt,0.8330660296877666,0.838963963963964,0.8310983724024977,0.9819366301450992,0.9841059602649007,0.9876488751654169,0.7884794465877345,0.7951486072237771,0.7837909890695814,0.23047261559460844,0.23187960687960688,0.23206059985668953,"HybridCORELSPreClassifier
if [age_low && marital_status_Single]:
  income = False(support 6754, accuracy 0.98194)
else 
    default: RandomForestClassifier(max_depth=5, min_samples_split=10, random_state=42)(support 22551, accuracy 0.78848 (majority pred 0.694))",1
4,fixed_rf,1.7061934823408974e-05,0,objective,0.1,0.01,opt,0.8352499573451629,0.832002457002457,0.8265943289998976,0.9829160530191458,0.9840142095914742,0.9848484848484849,0.790717299578059,0.7864555614688664,0.7794019933554818,0.23170107490189387,0.23054873054873054,0.22970621353260312,"HybridCORELSPreClassifier
if [age_low && marital_status_Single]:
  income = False(support 6790, accuracy 0.98292)
else 
    default: RandomForestClassifier(max_depth=5, min_samples_split=10, random_state=42)(support 22515, accuracy 0.79072 (majority pred 0.694))",1
0,fixed_rf,1.7061934823408974e-05,0,objective,0.01,0.001,opt,0.8333048967752943,0.8325143325143325,0.8326338417442932,0.9866115702479339,0.9872860635696822,0.9834227206240859,0.7934207697269404,0.7915317881652207,0.7925628401140192,0.2064494113632486,0.20935708435708436,0.20994984133483469,"HybridCORELSPreClassifier
if [relationship_Own-child && capital_gain_0]:
  income = False(support 4440, accuracy 0.98896)
else if [education_HS-grad && marital_status_Single]:
  income = False(support 1610, accuracy 0.98012)
else 
    default: RandomForestClassifier(max_depth=5, min_samples_split=10, random_state=42)(support 23255, accuracy 0.79342 (majority pred 0.704))",2
1,fixed_rf,1.7061934823408974e-05,0,objective,0.01,0.001,opt,0.8314280839447193,0.8316953316953317,0.8375473436380387,0.9871942209817763,0.9835739173718268,0.9853372434017595,0.7905574222451969,0.792370150792628,0.798394406318788,0.20784849001876812,0.20567158067158067,0.20943801822090286,"HybridCORELSPreClassifier
if [relationship_Own-child && capital_gain_0]:
  income = False(support 4424, accuracy 0.99141)
else if [education_HS-grad && marital_status_Single]:
  income = False(support 1667, accuracy 0.97600)
else 
    default: RandomForestClassifier(max_depth=5, min_samples_split=10, random_state=42)(support 23214, accuracy 0.79056 (majority pred 0.701))",2
2,fixed_rf,1.7061934823408974e-05,0,objective,0.01,0.001,opt,0.8359665586077462,0.8264742014742015,0.8353976865595251,0.9869114397416284,0.984919396775871,0.9873160832064941,0.7980531124583725,0.7876354365838113,0.7969992305719416,0.20075072513223,0.19686732186732187,0.20176067151192548,"HybridCORELSPreClassifier
if [hours_per_week_low && marital_status_Single]:
  income = False(support 3467, accuracy 0.98990)
else if [relationship_Own-child && capital_gain_0]:
  income = False(support 2416, accuracy 0.98262)
else 
    default: RandomForestClassifier(max_depth=5, min_samples_split=10, random_state=42)(support 23422, accuracy 0.79805 (majority pred 0.708))",2
3,fixed_rf,1.7061934823408974e-05,0,objective,0.01,0.001,opt,0.8330660296877666,0.838963963963964,0.8310983724024977,0.9841425535393167,0.9879336349924586,0.9901960784313726,0.7932120062101087,0.8008741483481168,0.7891059645491008,0.2087357106295854,0.20362407862407864,0.20882383048418465,"HybridCORELSPreClassifier
if [relationship_Own-child && capital_gain_0]:
  income = False(support 4404, accuracy 0.98797)
else if [education_HS-grad && marital_status_Single]:
  income = False(support 1713, accuracy 0.97431)
else 
    default: RandomForestClassifier(max_depth=5, min_samples_split=10, random_state=42)(support 23188, accuracy 0.79321 (majority pred 0.701))",2
4,fixed_rf,1.7061934823408974e-05,0,objective,0.01,0.001,opt,0.8352499573451629,0.832002457002457,0.8265943289998976,0.9879538513742789,0.982635342185904,0.9864935064935065,0.7968049207637435,0.7942381562099872,0.787353391126976,0.201126087698345,0.20045045045045046,0.19705189886375268,"HybridCORELSPreClassifier
if [relationship_Own-child && capital_gain_0]:
  income = False(support 4472, accuracy 0.99128)
else if [hours_per_week_low && marital_status_Single]:
  income = False(support 1422, accuracy 0.97750)
else 
    default: RandomForestClassifier(max_depth=5, min_samples_split=10, random_state=42)(support 23411, accuracy 0.79680 (majority pred 0.704))",2
0,fixed_rf,1.7061934823408974e-05,0,objective,0.05,0.001,opt,0.8333048967752943,0.8325143325143325,0.8326338417442932,0.9866115702479339,0.9872860635696822,0.9834227206240859,0.7934207697269404,0.7915317881652207,0.7925628401140192,0.2064494113632486,0.20935708435708436,0.20994984133483469,"HybridCORELSPreClassifier
if [relationship_Own-child && capital_gain_0]:
  income = False(support 4440, accuracy 0.98896)
else if [education_HS-grad && marital_status_Single]:
  income = False(support 1610, accuracy 0.98012)
else 
    default: RandomForestClassifier(max_depth=5, min_samples_split=10, random_state=42)(support 23255, accuracy 0.79342 (majority pred 0.704))",2
1,fixed_rf,1.7061934823408974e-05,0,objective,0.05,0.001,opt,0.8314280839447193,0.8316953316953317,0.8375473436380387,0.9871942209817763,0.9835739173718268,0.9853372434017595,0.7905574222451969,0.792370150792628,0.798394406318788,0.20784849001876812,0.20567158067158067,0.20943801822090286,"HybridCORELSPreClassifier
if [relationship_Own-child && capital_gain_0]:
  income = False(support 4424, accuracy 0.99141)
else if [education_HS-grad && marital_status_Single]:
  income = False(support 1667, accuracy 0.97600)
else 
    default: RandomForestClassifier(max_depth=5, min_samples_split=10, random_state=42)(support 23214, accuracy 0.79056 (majority pred 0.701))",2
2,fixed_rf,1.7061934823408974e-05,0,objective,0.05,0.001,opt,0.8359665586077462,0.8264742014742015,0.8353976865595251,0.9869114397416284,0.984919396775871,0.9873160832064941,0.7980531124583725,0.7876354365838113,0.7969992305719416,0.20075072513223,0.19686732186732187,0.20176067151192548,"HybridCORELSPreClassifier
if [hours_per_week_low && marital_status_Single]:
  income = False(support 3467, accuracy 0.98990)
else if [relationship_Own-child && capital_gain_0]:
  income = False(support 2416, accuracy 0.98262)
else 
    default: RandomForestClassifier(max_depth=5, min_samples_split=10, random_state=42)(support 23422, accuracy 0.79805 (majority pred 0.708))",2
3,fixed_rf,1.7061934823408974e-05,0,objective,0.05,0.001,opt,0.8330660296877666,0.838963963963964,0.8310983724024977,0.9841425535393167,0.9879336349924586,0.9901960784313726,0.7932120062101087,0.8008741483481168,0.7891059645491008,0.2087357106295854,0.20362407862407864,0.20882383048418465,"HybridCORELSPreClassifier
if [relationship_Own-child && capital_gain_0]:
  income = False(support 4404, accuracy 0.98797)
else if [education_HS-grad && marital_status_Single]:
  income = False(support 1713, accuracy 0.97431)
else 
    default: RandomForestClassifier(max_depth=5, min_samples_split=10, random_state=42)(support 23188, accuracy 0.79321 (majority pred 0.701))",2
4,fixed_rf,1.7061934823408974e-05,0,objective,0.05,0.001,opt,0.8352499573451629,0.832002457002457,0.8265943289998976,0.9879538513742789,0.982635342185904,0.9864935064935065,0.7968049207637435,0.7942381562099872,0.787353391126976,0.201126087698345,0.20045045045045046,0.19705189886375268,"HybridCORELSPreClassifier
if [relationship_Own-child && capital_gain_0]:
  income = False(support 4472, accuracy 0.99128)
else if [hours_per_week_low && marital_status_Single]:
  income = False(support 1422, accuracy 0.97750)
else 
    default: RandomForestClassifier(max_depth=5, min_samples_split=10, random_state=42)(support 23411, accuracy 0.79680 (majority pred 0.704))",2
0,fixed_rf,1.7061934823408974e-05,0,objective,0.1,0.001,opt,0.8333048967752943,0.8325143325143325,0.8326338417442932,0.9857021276595744,0.9870734229576008,0.9888211382113821,0.7950917626973965,0.7943579269849375,0.7932316369696193,0.20047773417505546,0.19799344799344798,0.2014535776435664,"HybridCORELSPreClassifier
if [relationship_Own-child && capital_gain_0]:
  income = False(support 4440, accuracy 0.98896)
else if [hours_per_week_low && marital_status_Single]:
  income = False(support 1435, accuracy 0.97561)
else 
    default: RandomForestClassifier(max_depth=5, min_samples_split=10, random_state=42)(support 23430, accuracy 0.79509 (majority pred 0.706))",2
1,fixed_rf,1.7061934823408974e-05,0,objective,0.1,0.001,opt,0.8313257123357789,0.8317977067977068,0.8374449790152523,0.9853816080231175,0.9816232771822359,0.9843355229914098,0.7926308598753309,0.7942118068894864,0.8001283697047497,0.20075072513223,0.20055282555282555,0.2025795884942164,"HybridCORELSPreClassifier
if [hours_per_week_low && marital_status_Single]:
  income = False(support 3441, accuracy 0.98867)
else if [relationship_Own-child && capital_loss_0]:
  income = False(support 2442, accuracy 0.98075)
else 
    default: RandomForestClassifier(max_depth=5, min_samples_split=10, random_state=42)(support 23422, accuracy 0.79263 (majority pred 0.704))",2
2,fixed_rf,1.7061934823408974e-05,0,objective,0.1,0.001,opt,0.8359665586077462,0.8264742014742015,0.8353976865595251,0.9869114397416284,0.984919396775871,0.9873160832064941,0.7980531124583725,0.7876354365838113,0.7969992305719416,0.20075072513223,0.19686732186732187,0.20176067151192548,"HybridCORELSPreClassifier
if [hours_per_week_low && marital_status_Single]:
  income = False(support 3467, accuracy 0.98990)
else if [relationship_Own-child && capital_gain_0]:
  income = False(support 2416, accuracy 0.98262)
else 
    default: RandomForestClassifier(max_depth=5, min_samples_split=10, random_state=42)(support 23422, accuracy 0.79805 (majority pred 0.708))",2
3,fixed_rf,1.7061934823408974e-05,0,objective,0.1,0.001,opt,0.8330660296877666,0.838963963963964,0.8306889139113522,0.9831489361702128,0.9871332990221308,0.9855217174238642,0.7954332052923602,0.8021725239616614,0.790754571207829,0.20047773417505546,0.1989148239148239,0.20503633944108915,"HybridCORELSPreClassifier
if [hours_per_week_low && marital_status_Single]:
  income = False(support 3424, accuracy 0.98919)
else if [relationship_Own-child && capital_loss_0]:
  income = False(support 2451, accuracy 0.97470)
else 
    default: RandomForestClassifier(max_depth=5, min_samples_split=10, random_state=42)(support 23430, accuracy 0.79543 (majority pred 0.704))",2
4,fixed_rf,1.7061934823408974e-05,0,objective,0.1,0.001,opt,0.8352499573451629,0.832002457002457,0.8265943289998976,0.9879538513742789,0.982635342185904,0.9864935064935065,0.7968049207637435,0.7942381562099872,0.787353391126976,0.201126087698345,0.20045045045045046,0.19705189886375268,"HybridCORELSPreClassifier
if [relationship_Own-child && capital_gain_0]:
  income = False(support 4472, accuracy 0.99128)
else if [hours_per_week_low && marital_status_Single]:
  income = False(support 1422, accuracy 0.97750)
else 
    default: RandomForestClassifier(max_depth=5, min_samples_split=10, random_state=42)(support 23411, accuracy 0.79680 (majority pred 0.704))",2
0,fixed_rf,1.7061934823408974e-05,0,objective,0.01,0.0001,opt,0.8332366490360007,0.8325143325143325,0.8326338417442932,0.9869803921568627,0.9865988909426987,0.983097304705345,0.790492804186655,0.7886638611257233,0.7891820580474934,0.2175396689984644,0.22153972153972154,0.22407615927935307,"HybridCORELSPreClassifier
if [relationship_Own-child && age_low]:
  income = False(support 3757, accuracy 0.99255)
else if [education_HS-grad && marital_status_Single]:
  income = False(support 1794, accuracy 0.98216)
else if [occupation_Blue-Collar && marital_status_Single]:
  income = False(support 824, accuracy 0.97209)
else 
    default: RandomForestClassifier(max_depth=5, min_samples_split=10, random_state=42)(support 22930, accuracy 0.79049 (majority pred 0.700))",3
1,fixed_rf,1.7061934823408974e-05,0,objective,0.01,0.0001,opt,0.8314280839447193,0.8316953316953317,0.8375473436380387,0.9871942209817763,0.9835739173718268,0.9853372434017595,0.7905574222451969,0.792370150792628,0.798394406318788,0.20784849001876812,0.20567158067158067,0.20943801822090286,"HybridCORELSPreClassifier
if [relationship_Own-child && capital_gain_0]:
  income = False(support 4424, accuracy 0.99141)
else if [education_HS-grad && marital_status_Single]:
  income = False(support 1667, accuracy 0.97600)
else 
    default: RandomForestClassifier(max_depth=5, min_samples_split=10, random_state=42)(support 23214, accuracy 0.79056 (majority pred 0.701))",2
2,fixed_rf,1.7061934823408974e-05,0,objective,0.01,0.0001,opt,0.8359665586077462,0.8264742014742015,0.8353976865595251,0.9869114397416284,0.984919396775871,0.9873160832064941,0.7980531124583725,0.7876354365838113,0.7969992305719416,0.20075072513223,0.19686732186732187,0.20176067151192548,"HybridCORELSPreClassifier
if [hours_per_week_low && marital_status_Single]:
  income = False(support 3467, accuracy 0.98990)
else if [relationship_Own-child && capital_gain_0]:
  income = False(support 2416, accuracy 0.98262)
else 
    default: RandomForestClassifier(max_depth=5, min_samples_split=10, random_state=42)(support 23422, accuracy 0.79805 (majority pred 0.708))",2
3,fixed_rf,1.7061934823408974e-05,0,objective,0.01,0.0001,opt,0.8330319058181198,0.838963963963964,0.8309960077797113,0.984984520123839,0.9885386819484241,0.9871205151793928,0.7900634712190852,0.7981495960385718,0.7863067807768268,0.22044019791844396,0.21437346437346438,0.22254068993755757,"HybridCORELSPreClassifier
if [relationship_Own-child && age_low]:
  income = False(support 3727, accuracy 0.99168)
else if [education_HS-grad && marital_status_Single]:
  income = False(support 1907, accuracy 0.97588)
else if [occupation_Blue-Collar && marital_status_Single]:
  income = False(support 826, accuracy 0.97579)
else 
    default: RandomForestClassifier(max_depth=5, min_samples_split=10, random_state=42)(support 22845, accuracy 0.79006 (majority pred 0.697))",3
4,fixed_rf,1.7061934823408974e-05,0,objective,0.01,0.0001,opt,0.8352499573451629,0.832002457002457,0.8265943289998976,0.9879538513742789,0.982635342185904,0.9864935064935065,0.7968049207637435,0.7942381562099872,0.787353391126976,0.201126087698345,0.20045045045045046,0.19705189886375268,"HybridCORELSPreClassifier
if [relationship_Own-child && capital_gain_0]:
  income = False(support 4472, accuracy 0.99128)
else if [hours_per_week_low && marital_status_Single]:
  income = False(support 1422, accuracy 0.97750)
else 
    default: RandomForestClassifier(max_depth=5, min_samples_split=10, random_state=42)(support 23411, accuracy 0.79680 (majority pred 0.704))",2
0,fixed_rf,1.7061934823408974e-05,0,objective,0.05,0.0001,opt,0.8332366490360007,0.8325143325143325,0.8326338417442932,0.9869803921568627,0.9865988909426987,0.983097304705345,0.790492804186655,0.7886638611257233,0.7891820580474934,0.2175396689984644,0.22153972153972154,0.22407615927935307,"HybridCORELSPreClassifier
if [relationship_Own-child && age_low]:
  income = False(support 3757, accuracy 0.99255)
else if [education_HS-grad && marital_status_Single]:
  income = False(support 1794, accuracy 0.98216)
else if [occupation_Blue-Collar && marital_status_Single]:
  income = False(support 824, accuracy 0.97209)
else 
    default: RandomForestClassifier(max_depth=5, min_samples_split=10, random_state=42)(support 22930, accuracy 0.79049 (majority pred 0.700))",3
1,fixed_rf,1.7061934823408974e-05,0,objective,0.05,0.0001,opt,0.8314280839447193,0.8316953316953317,0.8375473436380387,0.9871942209817763,0.9835739173718268,0.9853372434017595,0.7905574222451969,0.792370150792628,0.798394406318788,0.20784849001876812,0.20567158067158067,0.20943801822090286,"HybridCORELSPreClassifier
if [relationship_Own-child && capital_gain_0]:
  income = False(support 4424, accuracy 0.99141)
else if [education_HS-grad && marital_status_Single]:
  income = False(support 1667, accuracy 0.97600)
else 
    default: RandomForestClassifier(max_depth=5, min_samples_split=10, random_state=42)(support 23214, accuracy 0.79056 (majority pred 0.701))",2
2,fixed_rf,1.7061934823408974e-05,0,objective,0.05,0.0001,opt,0.8359665586077462,0.8264742014742015,0.8353976865595251,0.9869114397416284,0.984919396775871,0.9873160832064941,0.7980531124583725,0.7876354365838113,0.7969992305719416,0.20075072513223,0.19686732186732187,0.20176067151192548,"HybridCORELSPreClassifier
if [hours_per_week_low && marital_status_Single]:
  income = False(support 3467, accuracy 0.98990)
else if [relationship_Own-child && capital_gain_0]:
  income = False(support 2416, accuracy 0.98262)
else 
    default: RandomForestClassifier(max_depth=5, min_samples_split=10, random_state=42)(support 23422, accuracy 0.79805 (majority pred 0.708))",2
3,fixed_rf,1.7061934823408974e-05,0,objective,0.05,0.0001,opt,0.8330319058181198,0.838963963963964,0.8309960077797113,0.984984520123839,0.9885386819484241,0.9871205151793928,0.7900634712190852,0.7981495960385718,0.7863067807768268,0.22044019791844396,0.21437346437346438,0.22254068993755757,"HybridCORELSPreClassifier
if [relationship_Own-child && age_low]:
  income = False(support 3727, accuracy 0.99168)
else if [education_HS-grad && marital_status_Single]:
  income = False(support 1907, accuracy 0.97588)
else if [occupation_Blue-Collar && marital_status_Single]:
  income = False(support 826, accuracy 0.97579)
else 
    default: RandomForestClassifier(max_depth=5, min_samples_split=10, random_state=42)(support 22845, accuracy 0.79006 (majority pred 0.697))",3
4,fixed_rf,1.7061934823408974e-05,0,objective,0.05,0.0001,opt,0.8352499573451629,0.832002457002457,0.8265943289998976,0.9879538513742789,0.982635342185904,0.9864935064935065,0.7968049207637435,0.7942381562099872,0.787353391126976,0.201126087698345,0.20045045045045046,0.19705189886375268,"HybridCORELSPreClassifier
if [relationship_Own-child && capital_gain_0]:
  income = False(support 4472, accuracy 0.99128)
else if [hours_per_week_low && marital_status_Single]:
  income = False(support 1422, accuracy 0.97750)
else 
    default: RandomForestClassifier(max_depth=5, min_samples_split=10, random_state=42)(support 23411, accuracy 0.79680 (majority pred 0.704))",2
0,fixed_rf,1.7061934823408974e-05,0,objective,0.1,0.0001,opt,0.8333048967752943,0.8325143325143325,0.8326338417442932,0.9857021276595744,0.9870734229576008,0.9888211382113821,0.7950917626973965,0.7943579269849375,0.7932316369696193,0.20047773417505546,0.19799344799344798,0.2014535776435664,"HybridCORELSPreClassifier
if [relationship_Own-child && capital_gain_0]:
  income = False(support 4440, accuracy 0.98896)
else if [hours_per_week_low && marital_status_Single]:
  income = False(support 1435, accuracy 0.97561)
else 
    default: RandomForestClassifier(max_depth=5, min_samples_split=10, random_state=42)(support 23430, accuracy 0.79509 (majority pred 0.706))",2
1,fixed_rf,1.7061934823408974e-05,0,objective,0.1,0.0001,opt,0.8313939600750725,0.8316953316953317,0.8375473436380387,0.9861181648891146,0.98419173890872,0.9854124748490946,0.7923326780066673,0.7933905469450493,0.7997686672664182,0.20156969800375363,0.20075757575757575,0.20350087009929368,"HybridCORELSPreClassifier
if [relationship_Own-child && age_low]:
  income = False(support 3739, accuracy 0.99278)
else if [relationship_Own-child && capital_gain_0]:
  income = False(support 778, accuracy 0.97686)
else if [hours_per_week_low && marital_status_Single]:
  income = False(support 1390, accuracy 0.97338)
else 
    default: RandomForestClassifier(max_depth=5, min_samples_split=10, random_state=42)(support 23398, accuracy 0.79233 (majority pred 0.704))",3
2,fixed_rf,1.7061934823408974e-05,0,objective,0.1,0.0001,opt,0.8359665586077462,0.8264742014742015,0.8353976865595251,0.9869114397416284,0.984919396775871,0.9873160832064941,0.7980531124583725,0.7876354365838113,0.7969992305719416,0.20075072513223,0.19686732186732187,0.20176067151192548,"HybridCORELSPreClassifier
if [hours_per_week_low && marital_status_Single]:
  income = False(support 3467, accuracy 0.98990)
else if [relationship_Own-child && capital_gain_0]:
  income = False(support 2416, accuracy 0.98262)
else 
    default: RandomForestClassifier(max_depth=5, min_samples_split=10, random_state=42)(support 23422, accuracy 0.79805 (majority pred 0.708))",2
3,fixed_rf,1.7061934823408974e-05,0,objective,0.1,0.0001,opt,0.8330319058181198,0.838963963963964,0.8309960077797113,0.983567677452143,0.9882111737570477,0.989010989010989,0.795060251260576,0.8017142126135346,0.7902665121668598,0.20143320252516636,0.19973382473382473,0.2049339748183028,"HybridCORELSPreClassifier
if [relationship_Own-child && age_low]:
  income = False(support 3727, accuracy 0.99168)
else if [hours_per_week_low && marital_status_Single]:
  income = False(support 1515, accuracy 0.97690)
else if [relationship_Own-child && capital_gain_0]:
  income = False(support 661, accuracy 0.95310)
else 
    default: RandomForestClassifier(max_depth=5, min_samples_split=10, random_state=42)(support 23402, accuracy 0.79506 (majority pred 0.704))",3
4,fixed_rf,1.7061934823408974e-05,0,objective,0.1,0.0001,opt,0.8352499573451629,0.832002457002457,0.8265943289998976,0.9879538513742789,0.982635342185904,0.9864935064935065,0.7968049207637435,0.7942381562099872,0.787353391126976,0.201126087698345,0.20045045045045046,0.19705189886375268,"HybridCORELSPreClassifier
if [relationship_Own-child && capital_gain_0]:
  income = False(support 4472, accuracy 0.99128)
else if [hours_per_week_low && marital_status_Single]:
  income = False(support 1422, accuracy 0.97750)
else 
    default: RandomForestClassifier(max_depth=5, min_samples_split=10, random_state=42)(support 23411, accuracy 0.79680 (majority pred 0.704))",2
0,fixed_rf,1.7061934823408974e-05,0,lower_bound,0.01,0.01,opt,0.8333048967752943,0.8325143325143325,0.8326338417442932,0.9819436288901938,0.9866310160427807,0.9852017937219731,0.788289690125817,0.7865497076023392,0.7875049741345006,0.23245180003412386,0.22972972972972974,0.22827310881359403,"HybridCORELSPreClassifier
if [age_low && marital_status_Single]:
  income = False(support 6812, accuracy 0.98194)
else 
    default: RandomForestClassifier(max_depth=5, min_samples_split=10, random_state=42)(support 22493, accuracy 0.78829 (majority pred 0.696))",1
1,fixed_rf,1.7061934823408974e-05,0,lower_bound,0.01,0.01,opt,0.8314280839447193,0.8316953316953317,0.8375473436380387,0.9808898178560764,0.9897595725734639,0.9850555081127241,0.787145574379617,0.7844988035097049,0.7910327184596742,0.2285616788943866,0.22993447993447994,0.2397379465656669,"HybridCORELSPreClassifier
if [age_low && marital_status_Single]:
  income = False(support 6698, accuracy 0.98089)
else 
    default: RandomForestClassifier(max_depth=5, min_samples_split=10, random_state=42)(support 22607, accuracy 0.78715 (majority pred 0.695))",1
2,fixed_rf,1.7061934823408974e-05,0,lower_bound,0.01,0.01,opt,0.8359665586077462,0.8264742014742015,0.8353976865595251,0.9833921222810111,0.9829366861248316,0.9844789356984479,0.7913870494644683,0.7802678689828935,0.7906574394463668,0.23217880907694932,0.227989352989353,0.23083222438325315,"HybridCORELSPreClassifier
if [age_low && marital_status_Single]:
  income = False(support 6804, accuracy 0.98339)
else 
    default: RandomForestClassifier(max_depth=5, min_samples_split=10, random_state=42)(support 22501, accuracy 0.79139 (majority pred 0.698))",1
3,fixed_rf,1.7061934823408974e-05,0,lower_bound,0.01,0.01,opt,0.8330660296877666,0.838963963963964,0.8310983724024977,0.9819366301450992,0.9841059602649007,0.9876488751654169,0.7884794465877345,0.7951486072237771,0.7837909890695814,0.23047261559460844,0.23187960687960688,0.23206059985668953,"HybridCORELSPreClassifier
if [age_low && marital_status_Single]:
  income = False(support 6754, accuracy 0.98194)
else 
    default: RandomForestClassifier(max_depth=5, min_samples_split=10, random_state=42)(support 22551, accuracy 0.78848 (majority pred 0.694))",1
4,fixed_rf,1.7061934823408974e-05,0,lower_bound,0.01,0.01,opt,0.8352499573451629,0.832002457002457,0.8265943289998976,0.9829160530191458,0.9840142095914742,0.9848484848484849,0.790717299578059,0.7864555614688664,0.7794019933554818,0.23170107490189387,0.23054873054873054,0.22970621353260312,"HybridCORELSPreClassifier
if [age_low && marital_status_Single]:
  income = False(support 6790, accuracy 0.98292)
else 
    default: RandomForestClassifier(max_depth=5, min_samples_split=10, random_state=42)(support 22515, accuracy 0.79072 (majority pred 0.694))",1
0,fixed_rf,1.7061934823408974e-05,0,lower_bound,0.05,0.01,opt,0.8333048967752943,0.8325143325143325,0.8326338417442932,0.9819436288901938,0.9866310160427807,0.9852017937219731,0.788289690125817,0.7865497076023392,0.7875049741345006,0.23245180003412386,0.22972972972972974,0.22827310881359403,"HybridCORELSPreClassifier
if [age_low && marital_status_Single]:
  income = False(support 6812, accuracy 0.98194)
else 
    default: RandomForestClassifier(max_depth=5, min_samples_split=10, random_state=42)(support 22493, accuracy 0.78829 (majority pred 0.696))",1
1,fixed_rf,1.7061934823408974e-05,0,lower_bound,0.05,0.01,opt,0.8314280839447193,0.8316953316953317,0.8375473436380387,0.9808898178560764,0.9897595725734639,0.9850555081127241,0.787145574379617,0.7844988035097049,0.7910327184596742,0.2285616788943866,0.22993447993447994,0.2397379465656669,"HybridCORELSPreClassifier
if [age_low && marital_status_Single]:
  income = False(support 6698, accuracy 0.98089)
else 
    default: RandomForestClassifier(max_depth=5, min_samples_split=10, random_state=42)(support 22607, accuracy 0.78715 (majority pred 0.695))",1
2,fixed_rf,1.7061934823408974e-05,0,lower_bound,0.05,0.01,opt,0.8359665586077462,0.8264742014742015,0.8353976865595251,0.9833921222810111,0.9829366861248316,0.9844789356984479,0.7913870494644683,0.7802678689828935,0.7906574394463668,0.23217880907694932,0.227989352989353,0.23083222438325315,"HybridCORELSPreClassifier
if [age_low && marital_status_Single]:
  income = False(support 6804, accuracy 0.98339)
else 
    default: RandomForestClassifier(max_depth=5, min_samples_split=10, random_state=42)(support 22501, accuracy 0.79139 (majority pred 0.698))",1
3,fixed_rf,1.7061934823408974e-05,0,lower_bound,0.05,0.01,opt,0.8330660296877666,0.838963963963964,0.8310983724024977,0.9819366301450992,0.9841059602649007,0.9876488751654169,0.7884794465877345,0.7951486072237771,0.7837909890695814,0.23047261559460844,0.23187960687960688,0.23206059985668953,"HybridCORELSPreClassifier
if [age_low && marital_status_Single]:
  income = False(support 6754, accuracy 0.98194)
else 
    default: RandomForestClassifier(max_depth=5, min_samples_split=10, random_state=42)(support 22551, accuracy 0.78848 (majority pred 0.694))",1
4,fixed_rf,1.7061934823408974e-05,0,lower_bound,0.05,0.01,opt,0.8352499573451629,0.832002457002457,0.8265943289998976,0.9829160530191458,0.9840142095914742,0.9848484848484849,0.790717299578059,0.7864555614688664,0.7794019933554818,0.23170107490189387,0.23054873054873054,0.22970621353260312,"HybridCORELSPreClassifier
if [age_low && marital_status_Single]:
  income = False(support 6790, accuracy 0.98292)
else 
    default: RandomForestClassifier(max_depth=5, min_samples_split=10, random_state=42)(support 22515, accuracy 0.79072 (majority pred 0.694))",1
0,fixed_rf,1.7061934823408974e-05,0,lower_bound,0.1,0.01,opt,0.8333048967752943,0.8325143325143325,0.8326338417442932,0.9819436288901938,0.9866310160427807,0.9852017937219731,0.788289690125817,0.7865497076023392,0.7875049741345006,0.23245180003412386,0.22972972972972974,0.22827310881359403,"HybridCORELSPreClassifier
if [age_low && marital_status_Single]:
  income = False(support 6812, accuracy 0.98194)
else 
    default: RandomForestClassifier(max_depth=5, min_samples_split=10, random_state=42)(support 22493, accuracy 0.78829 (majority pred 0.696))",1
1,fixed_rf,1.7061934823408974e-05,0,lower_bound,0.1,0.01,opt,0.8314280839447193,0.8316953316953317,0.8375473436380387,0.9808898178560764,0.9897595725734639,0.9850555081127241,0.787145574379617,0.7844988035097049,0.7910327184596742,0.2285616788943866,0.22993447993447994,0.2397379465656669,"HybridCORELSPreClassifier
if [age_low && marital_status_Single]:
  income = False(support 6698, accuracy 0.98089)
else 
    default: RandomForestClassifier(max_depth=5, min_samples_split=10, random_state=42)(support 22607, accuracy 0.78715 (majority pred 0.695))",1
2,fixed_rf,1.7061934823408974e-05,0,lower_bound,0.1,0.01,opt,0.8359665586077462,0.8264742014742015,0.8353976865595251,0.9833921222810111,0.9829366861248316,0.9844789356984479,0.7913870494644683,0.7802678689828935,0.7906574394463668,0.23217880907694932,0.227989352989353,0.23083222438325315,"HybridCORELSPreClassifier
if [age_low && marital_status_Single]:
  income = False(support 6804, accuracy 0.98339)
else 
    default: RandomForestClassifier(max_depth=5, min_samples_split=10, random_state=42)(support 22501, accuracy 0.79139 (majority pred 0.698))",1
3,fixed_rf,1.7061934823408974e-05,0,lower_bound,0.1,0.01,opt,0.8330660296877666,0.838963963963964,0.8310983724024977,0.9819366301450992,0.9841059602649007,0.9876488751654169,0.7884794465877345,0.7951486072237771,0.7837909890695814,0.23047261559460844,0.23187960687960688,0.23206059985668953,"HybridCORELSPreClassifier
if [age_low && marital_status_Single]:
  income = False(support 6754, accuracy 0.98194)
else 
    default: RandomForestClassifier(max_depth=5, min_samples_split=10, random_state=42)(support 22551, accuracy 0.78848 (majority pred 0.694))",1
4,fixed_rf,1.7061934823408974e-05,0,lower_bound,0.1,0.01,opt,0.8352499573451629,0.832002457002457,0.8265943289998976,0.9829160530191458,0.9840142095914742,0.9848484848484849,0.790717299578059,0.7864555614688664,0.7794019933554818,0.23170107490189387,0.23054873054873054,0.22970621353260312,"HybridCORELSPreClassifier
if [age_low && marital_status_Single]:
  income = False(support 6790, accuracy 0.98292)
else 
    default: RandomForestClassifier(max_depth=5, min_samples_split=10, random_state=42)(support 22515, accuracy 0.79072 (majority pred 0.694))",1
0,fixed_rf,1.7061934823408974e-05,0,lower_bound,0.01,0.001,opt,0.8333048967752943,0.8325143325143325,0.8326338417442932,0.9866115702479339,0.9872860635696822,0.9834227206240859,0.7934207697269404,0.7915317881652207,0.7925628401140192,0.2064494113632486,0.20935708435708436,0.20994984133483469,"HybridCORELSPreClassifier
if [relationship_Own-child && capital_gain_0]:
  income = False(support 4440, accuracy 0.98896)
else if [education_HS-grad && marital_status_Single]:
  income = False(support 1610, accuracy 0.98012)
else 
    default: RandomForestClassifier(max_depth=5, min_samples_split=10, random_state=42)(support 23255, accuracy 0.79342 (majority pred 0.704))",2
1,fixed_rf,1.7061934823408974e-05,0,lower_bound,0.01,0.001,opt,0.8314280839447193,0.8316953316953317,0.8375473436380387,0.9871942209817763,0.9835739173718268,0.9853372434017595,0.7905574222451969,0.792370150792628,0.798394406318788,0.20784849001876812,0.20567158067158067,0.20943801822090286,"HybridCORELSPreClassifier
if [relationship_Own-child && capital_gain_0]:
  income = False(support 4424, accuracy 0.99141)
else if [education_HS-grad && marital_status_Single]:
  income = False(support 1667, accuracy 0.97600)
else 
    default: RandomForestClassifier(max_depth=5, min_samples_split=10, random_state=42)(support 23214, accuracy 0.79056 (majority pred 0.701))",2
2,fixed_rf,1.7061934823408974e-05,0,lower_bound,0.01,0.001,opt,0.8359665586077462,0.8264742014742015,0.8353976865595251,0.9869114397416284,0.984919396775871,0.9873160832064941,0.7980531124583725,0.7876354365838113,0.7969992305719416,0.20075072513223,0.19686732186732187,0.20176067151192548,"HybridCORELSPreClassifier
if [hours_per_week_low && marital_status_Single]:
  income = False(support 3467, accuracy 0.98990)
else if [relationship_Own-child && capital_gain_0]:
  income = False(support 2416, accuracy 0.98262)
else 
    default: RandomForestClassifier(max_depth=5, min_samples_split=10, random_state=42)(support 23422, accuracy 0.79805 (majority pred 0.708))",2
3,fixed_rf,1.7061934823408974e-05,0,lower_bound,0.01,0.001,opt,0.8330660296877666,0.838963963963964,0.8310983724024977,0.9841425535393167,0.9879336349924586,0.9901960784313726,0.7932120062101087,0.8008741483481168,0.7891059645491008,0.2087357106295854,0.20362407862407864,0.20882383048418465,"HybridCORELSPreClassifier
if [relationship_Own-child && capital_gain_0]:
  income = False(support 4404, accuracy 0.98797)
else if [education_HS-grad && marital_status_Single]:
  income = False(support 1713, accuracy 0.97431)
else 
    default: RandomForestClassifier(max_depth=5, min_samples_split=10, random_state=42)(support 23188, accuracy 0.79321 (majority pred 0.701))",2
4,fixed_rf,1.7061934823408974e-05,0,lower_bound,0.01,0.001,opt,0.8352499573451629,0.832002457002457,0.8265943289998976,0.9879538513742789,0.982635342185904,0.9864935064935065,0.7968049207637435,0.7942381562099872,0.787353391126976,0.201126087698345,0.20045045045045046,0.19705189886375268,"HybridCORELSPreClassifier
if [relationship_Own-child && capital_gain_0]:
  income = False(support 4472, accuracy 0.99128)
else if [hours_per_week_low && marital_status_Single]:
  income = False(support 1422, accuracy 0.97750)
else 
    default: RandomForestClassifier(max_depth=5, min_samples_split=10, random_state=42)(support 23411, accuracy 0.79680 (majority pred 0.704))",2
0,fixed_rf,1.7061934823408974e-05,0,lower_bound,0.05,0.001,opt,0.8333048967752943,0.8325143325143325,0.8326338417442932,0.9866115702479339,0.9872860635696822,0.9834227206240859,0.7934207697269404,0.7915317881652207,0.7925628401140192,0.2064494113632486,0.20935708435708436,0.20994984133483469,"HybridCORELSPreClassifier
if [relationship_Own-child && capital_gain_0]:
  income = False(support 4440, accuracy 0.98896)
else if [education_HS-grad && marital_status_Single]:
  income = False(support 1610, accuracy 0.98012)
else 
    default: RandomForestClassifier(max_depth=5, min_samples_split=10, random_state=42)(support 23255, accuracy 0.79342 (majority pred 0.704))",2
1,fixed_rf,1.7061934823408974e-05,0,lower_bound,0.05,0.001,opt,0.8314280839447193,0.8316953316953317,0.8375473436380387,0.9871942209817763,0.9835739173718268,0.9853372434017595,0.7905574222451969,0.792370150792628,0.798394406318788,0.20784849001876812,0.20567158067158067,0.20943801822090286,"HybridCORELSPreClassifier
if [relationship_Own-child && capital_gain_0]:
  income = False(support 4424, accuracy 0.99141)
else if [education_HS-grad && marital_status_Single]:
  income = False(support 1667, accuracy 0.97600)
else 
    default: RandomForestClassifier(max_depth=5, min_samples_split=10, random_state=42)(support 23214, accuracy 0.79056 (majority pred 0.701))",2
2,fixed_rf,1.7061934823408974e-05,0,lower_bound,0.05,0.001,opt,0.8359665586077462,0.8264742014742015,0.8353976865595251,0.9869114397416284,0.984919396775871,0.9873160832064941,0.7980531124583725,0.7876354365838113,0.7969992305719416,0.20075072513223,0.19686732186732187,0.20176067151192548,"HybridCORELSPreClassifier
if [hours_per_week_low && marital_status_Single]:
  income = False(support 3467, accuracy 0.98990)
else if [relationship_Own-child && capital_gain_0]:
  income = False(support 2416, accuracy 0.98262)
else 
    default: RandomForestClassifier(max_depth=5, min_samples_split=10, random_state=42)(support 23422, accuracy 0.79805 (majority pred 0.708))",2
3,fixed_rf,1.7061934823408974e-05,0,lower_bound,0.05,0.001,opt,0.8330660296877666,0.838963963963964,0.8310983724024977,0.9841425535393167,0.9879336349924586,0.9901960784313726,0.7932120062101087,0.8008741483481168,0.7891059645491008,0.2087357106295854,0.20362407862407864,0.20882383048418465,"HybridCORELSPreClassifier
if [relationship_Own-child && capital_gain_0]:
  income = False(support 4404, accuracy 0.98797)
else if [education_HS-grad && marital_status_Single]:
  income = False(support 1713, accuracy 0.97431)
else 
    default: RandomForestClassifier(max_depth=5, min_samples_split=10, random_state=42)(support 23188, accuracy 0.79321 (majority pred 0.701))",2
4,fixed_rf,1.7061934823408974e-05,0,lower_bound,0.05,0.001,opt,0.8352499573451629,0.832002457002457,0.8265943289998976,0.9879538513742789,0.982635342185904,0.9864935064935065,0.7968049207637435,0.7942381562099872,0.787353391126976,0.201126087698345,0.20045045045045046,0.19705189886375268,"HybridCORELSPreClassifier
if [relationship_Own-child && capital_gain_0]:
  income = False(support 4472, accuracy 0.99128)
else if [hours_per_week_low && marital_status_Single]:
  income = False(support 1422, accuracy 0.97750)
else 
    default: RandomForestClassifier(max_depth=5, min_samples_split=10, random_state=42)(support 23411, accuracy 0.79680 (majority pred 0.704))",2
0,fixed_rf,1.7061934823408974e-05,0,lower_bound,0.1,0.001,opt,0.8333048967752943,0.8325143325143325,0.8326338417442932,0.9857021276595744,0.9870734229576008,0.9888211382113821,0.7950917626973965,0.7943579269849375,0.7932316369696193,0.20047773417505546,0.19799344799344798,0.2014535776435664,"HybridCORELSPreClassifier
if [relationship_Own-child && capital_gain_0]:
  income = False(support 4440, accuracy 0.98896)
else if [hours_per_week_low && marital_status_Single]:
  income = False(support 1435, accuracy 0.97561)
else 
    default: RandomForestClassifier(max_depth=5, min_samples_split=10, random_state=42)(support 23430, accuracy 0.79509 (majority pred 0.706))",2
1,fixed_rf,1.7061934823408974e-05,0,lower_bound,0.1,0.001,opt,0.8313257123357789,0.8317977067977068,0.8374449790152523,0.9853816080231175,0.9816232771822359,0.9843355229914098,0.7926308598753309,0.7942118068894864,0.8001283697047497,0.20075072513223,0.20055282555282555,0.2025795884942164,"HybridCORELSPreClassifier
if [hours_per_week_low && marital_status_Single]:
  income = False(support 3441, accuracy 0.98867)
else if [relationship_Own-child && capital_loss_0]:
  income = False(support 2442, accuracy 0.98075)
else 
    default: RandomForestClassifier(max_depth=5, min_samples_split=10, random_state=42)(support 23422, accuracy 0.79263 (majority pred 0.704))",2
2,fixed_rf,1.7061934823408974e-05,0,lower_bound,0.1,0.001,opt,0.8359665586077462,0.8264742014742015,0.8353976865595251,0.9869114397416284,0.984919396775871,0.9873160832064941,0.7980531124583725,0.7876354365838113,0.7969992305719416,0.20075072513223,0.19686732186732187,0.20176067151192548,"HybridCORELSPreClassifier
if [hours_per_week_low && marital_status_Single]:
  income = False(support 3467, accuracy 0.98990)
else if [relationship_Own-child && capital_gain_0]:
  income = False(support 2416, accuracy 0.98262)
else 
    default: RandomForestClassifier(max_depth=5, min_samples_split=10, random_state=42)(support 23422, accuracy 0.79805 (majority pred 0.708))",2
3,fixed_rf,1.7061934823408974e-05,0,lower_bound,0.1,0.001,opt,0.8330660296877666,0.838963963963964,0.8306889139113522,0.9831489361702128,0.9871332990221308,0.9855217174238642,0.7954332052923602,0.8021725239616614,0.790754571207829,0.20047773417505546,0.1989148239148239,0.20503633944108915,"HybridCORELSPreClassifier
if [hours_per_week_low && marital_status_Single]:
  income = False(support 3424, accuracy 0.98919)
else if [relationship_Own-child && capital_loss_0]:
  income = False(support 2451, accuracy 0.97470)
else 
    default: RandomForestClassifier(max_depth=5, min_samples_split=10, random_state=42)(support 23430, accuracy 0.79543 (majority pred 0.704))",2
4,fixed_rf,1.7061934823408974e-05,0,lower_bound,0.1,0.001,opt,0.8352499573451629,0.832002457002457,0.8265943289998976,0.9879538513742789,0.982635342185904,0.9864935064935065,0.7968049207637435,0.7942381562099872,0.787353391126976,0.201126087698345,0.20045045045045046,0.19705189886375268,"HybridCORELSPreClassifier
if [relationship_Own-child && capital_gain_0]:
  income = False(support 4472, accuracy 0.99128)
else if [hours_per_week_low && marital_status_Single]:
  income = False(support 1422, accuracy 0.97750)
else 
    default: RandomForestClassifier(max_depth=5, min_samples_split=10, random_state=42)(support 23411, accuracy 0.79680 (majority pred 0.704))",2
0,fixed_rf,1.7061934823408974e-05,0,lower_bound,0.01,0.0001,opt,0.8332366490360007,0.8325143325143325,0.8326338417442932,0.9869803921568627,0.9865988909426987,0.983097304705345,0.790492804186655,0.7886638611257233,0.7891820580474934,0.2175396689984644,0.22153972153972154,0.22407615927935307,"HybridCORELSPreClassifier
if [relationship_Own-child && age_low]:
  income = False(support 3757, accuracy 0.99255)
else if [education_HS-grad && marital_status_Single]:
  income = False(support 1794, accuracy 0.98216)
else if [occupation_Blue-Collar && marital_status_Single]:
  income = False(support 824, accuracy 0.97209)
else 
    default: RandomForestClassifier(max_depth=5, min_samples_split=10, random_state=42)(support 22930, accuracy 0.79049 (majority pred 0.700))",3
1,fixed_rf,1.7061934823408974e-05,0,lower_bound,0.01,0.0001,opt,0.8314280839447193,0.8316953316953317,0.8375473436380387,0.9871942209817763,0.9835739173718268,0.9853372434017595,0.7905574222451969,0.792370150792628,0.798394406318788,0.20784849001876812,0.20567158067158067,0.20943801822090286,"HybridCORELSPreClassifier
if [relationship_Own-child && capital_gain_0]:
  income = False(support 4424, accuracy 0.99141)
else if [education_HS-grad && marital_status_Single]:
  income = False(support 1667, accuracy 0.97600)
else 
    default: RandomForestClassifier(max_depth=5, min_samples_split=10, random_state=42)(support 23214, accuracy 0.79056 (majority pred 0.701))",2
2,fixed_rf,1.7061934823408974e-05,0,lower_bound,0.01,0.0001,opt,0.8359665586077462,0.8264742014742015,0.8353976865595251,0.9869114397416284,0.984919396775871,0.9873160832064941,0.7980531124583725,0.7876354365838113,0.7969992305719416,0.20075072513223,0.19686732186732187,0.20176067151192548,"HybridCORELSPreClassifier
if [hours_per_week_low && marital_status_Single]:
  income = False(support 3467, accuracy 0.98990)
else if [relationship_Own-child && capital_gain_0]:
  income = False(support 2416, accuracy 0.98262)
else 
    default: RandomForestClassifier(max_depth=5, min_samples_split=10, random_state=42)(support 23422, accuracy 0.79805 (majority pred 0.708))",2
3,fixed_rf,1.7061934823408974e-05,0,lower_bound,0.01,0.0001,opt,0.8330319058181198,0.838963963963964,0.8309960077797113,0.984984520123839,0.9885386819484241,0.9871205151793928,0.7900634712190852,0.7981495960385718,0.7863067807768268,0.22044019791844396,0.21437346437346438,0.22254068993755757,"HybridCORELSPreClassifier
if [relationship_Own-child && age_low]:
  income = False(support 3727, accuracy 0.99168)
else if [education_HS-grad && marital_status_Single]:
  income = False(support 1907, accuracy 0.97588)
else if [occupation_Blue-Collar && marital_status_Single]:
  income = False(support 826, accuracy 0.97579)
else 
    default: RandomForestClassifier(max_depth=5, min_samples_split=10, random_state=42)(support 22845, accuracy 0.79006 (majority pred 0.697))",3
4,fixed_rf,1.7061934823408974e-05,0,lower_bound,0.01,0.0001,opt,0.8352499573451629,0.832002457002457,0.8265943289998976,0.9879538513742789,0.982635342185904,0.9864935064935065,0.7968049207637435,0.7942381562099872,0.787353391126976,0.201126087698345,0.20045045045045046,0.19705189886375268,"HybridCORELSPreClassifier
if [relationship_Own-child && capital_gain_0]:
  income = False(support 4472, accuracy 0.99128)
else if [hours_per_week_low && marital_status_Single]:
  income = False(support 1422, accuracy 0.97750)
else 
    default: RandomForestClassifier(max_depth=5, min_samples_split=10, random_state=42)(support 23411, accuracy 0.79680 (majority pred 0.704))",2
0,fixed_rf,1.7061934823408974e-05,0,lower_bound,0.05,0.0001,opt,0.8332366490360007,0.8325143325143325,0.8326338417442932,0.9869803921568627,0.9865988909426987,0.983097304705345,0.790492804186655,0.7886638611257233,0.7891820580474934,0.2175396689984644,0.22153972153972154,0.22407615927935307,"HybridCORELSPreClassifier
if [relationship_Own-child && age_low]:
  income = False(support 3757, accuracy 0.99255)
else if [education_HS-grad && marital_status_Single]:
  income = False(support 1794, accuracy 0.98216)
else if [occupation_Blue-Collar && marital_status_Single]:
  income = False(support 824, accuracy 0.97209)
else 
    default: RandomForestClassifier(max_depth=5, min_samples_split=10, random_state=42)(support 22930, accuracy 0.79049 (majority pred 0.700))",3
1,fixed_rf,1.7061934823408974e-05,0,lower_bound,0.05,0.0001,opt,0.8314280839447193,0.8316953316953317,0.8375473436380387,0.9871942209817763,0.9835739173718268,0.9853372434017595,0.7905574222451969,0.792370150792628,0.798394406318788,0.20784849001876812,0.20567158067158067,0.20943801822090286,"HybridCORELSPreClassifier
if [relationship_Own-child && capital_gain_0]:
  income = False(support 4424, accuracy 0.99141)
else if [education_HS-grad && marital_status_Single]:
  income = False(support 1667, accuracy 0.97600)
else 
    default: RandomForestClassifier(max_depth=5, min_samples_split=10, random_state=42)(support 23214, accuracy 0.79056 (majority pred 0.701))",2
2,fixed_rf,1.7061934823408974e-05,0,lower_bound,0.05,0.0001,opt,0.8359665586077462,0.8264742014742015,0.8353976865595251,0.9869114397416284,0.984919396775871,0.9873160832064941,0.7980531124583725,0.7876354365838113,0.7969992305719416,0.20075072513223,0.19686732186732187,0.20176067151192548,"HybridCORELSPreClassifier
if [hours_per_week_low && marital_status_Single]:
  income = False(support 3467, accuracy 0.98990)
else if [relationship_Own-child && capital_gain_0]:
  income = False(support 2416, accuracy 0.98262)
else 
    default: RandomForestClassifier(max_depth=5, min_samples_split=10, random_state=42)(support 23422, accuracy 0.79805 (majority pred 0.708))",2
3,fixed_rf,1.7061934823408974e-05,0,lower_bound,0.05,0.0001,opt,0.8330319058181198,0.838963963963964,0.8309960077797113,0.984984520123839,0.9885386819484241,0.9871205151793928,0.7900634712190852,0.7981495960385718,0.7863067807768268,0.22044019791844396,0.21437346437346438,0.22254068993755757,"HybridCORELSPreClassifier
if [relationship_Own-child && age_low]:
  income = False(support 3727, accuracy 0.99168)
else if [education_HS-grad && marital_status_Single]:
  income = False(support 1907, accuracy 0.97588)
else if [occupation_Blue-Collar && marital_status_Single]:
  income = False(support 826, accuracy 0.97579)
else 
    default: RandomForestClassifier(max_depth=5, min_samples_split=10, random_state=42)(support 22845, accuracy 0.79006 (majority pred 0.697))",3
4,fixed_rf,1.7061934823408974e-05,0,lower_bound,0.05,0.0001,opt,0.8352499573451629,0.832002457002457,0.8265943289998976,0.9879538513742789,0.982635342185904,0.9864935064935065,0.7968049207637435,0.7942381562099872,0.787353391126976,0.201126087698345,0.20045045045045046,0.19705189886375268,"HybridCORELSPreClassifier
if [relationship_Own-child && capital_gain_0]:
  income = False(support 4472, accuracy 0.99128)
else if [hours_per_week_low && marital_status_Single]:
  income = False(support 1422, accuracy 0.97750)
else 
    default: RandomForestClassifier(max_depth=5, min_samples_split=10, random_state=42)(support 23411, accuracy 0.79680 (majority pred 0.704))",2
0,fixed_rf,1.7061934823408974e-05,0,lower_bound,0.1,0.0001,opt,0.8333048967752943,0.8325143325143325,0.8326338417442932,0.9857021276595744,0.9870734229576008,0.9888211382113821,0.7950917626973965,0.7943579269849375,0.7932316369696193,0.20047773417505546,0.19799344799344798,0.2014535776435664,"HybridCORELSPreClassifier
if [relationship_Own-child && capital_gain_0]:
  income = False(support 4440, accuracy 0.98896)
else if [hours_per_week_low && marital_status_Single]:
  income = False(support 1435, accuracy 0.97561)
else 
    default: RandomForestClassifier(max_depth=5, min_samples_split=10, random_state=42)(support 23430, accuracy 0.79509 (majority pred 0.706))",2
1,fixed_rf,1.7061934823408974e-05,0,lower_bound,0.1,0.0001,opt,0.8313939600750725,0.8316953316953317,0.8375473436380387,0.9861181648891146,0.98419173890872,0.9854124748490946,0.7923326780066673,0.7933905469450493,0.7997686672664182,0.20156969800375363,0.20075757575757575,0.20350087009929368,"HybridCORELSPreClassifier
if [relationship_Own-child && age_low]:
  income = False(support 3739, accuracy 0.99278)
else if [relationship_Own-child && capital_gain_0]:
  income = False(support 778, accuracy 0.97686)
else if [hours_per_week_low && marital_status_Single]:
  income = False(support 1390, accuracy 0.97338)
else 
    default: RandomForestClassifier(max_depth=5, min_samples_split=10, random_state=42)(support 23398, accuracy 0.79233 (majority pred 0.704))",3
2,fixed_rf,1.7061934823408974e-05,0,lower_bound,0.1,0.0001,opt,0.8359665586077462,0.8264742014742015,0.8353976865595251,0.9869114397416284,0.984919396775871,0.9873160832064941,0.7980531124583725,0.7876354365838113,0.7969992305719416,0.20075072513223,0.19686732186732187,0.20176067151192548,"HybridCORELSPreClassifier
if [hours_per_week_low && marital_status_Single]:
  income = False(support 3467, accuracy 0.98990)
else if [relationship_Own-child && capital_gain_0]:
  income = False(support 2416, accuracy 0.98262)
else 
    default: RandomForestClassifier(max_depth=5, min_samples_split=10, random_state=42)(support 23422, accuracy 0.79805 (majority pred 0.708))",2
3,fixed_rf,1.7061934823408974e-05,0,lower_bound,0.1,0.0001,opt,0.8330319058181198,0.838963963963964,0.8309960077797113,0.983567677452143,0.9882111737570477,0.989010989010989,0.795060251260576,0.8017142126135346,0.7902665121668598,0.20143320252516636,0.19973382473382473,0.2049339748183028,"HybridCORELSPreClassifier
if [relationship_Own-child && age_low]:
  income = False(support 3727, accuracy 0.99168)
else if [hours_per_week_low && marital_status_Single]:
  income = False(support 1515, accuracy 0.97690)
else if [relationship_Own-child && capital_gain_0]:
  income = False(support 661, accuracy 0.95310)
else 
    default: RandomForestClassifier(max_depth=5, min_samples_split=10, random_state=42)(support 23402, accuracy 0.79506 (majority pred 0.704))",3
4,fixed_rf,1.7061934823408974e-05,0,lower_bound,0.1,0.0001,opt,0.8352499573451629,0.832002457002457,0.8265943289998976,0.9879538513742789,0.982635342185904,0.9864935064935065,0.7968049207637435,0.7942381562099872,0.787353391126976,0.201126087698345,0.20045045045045046,0.19705189886375268,"HybridCORELSPreClassifier
if [relationship_Own-child && capital_gain_0]:
  income = False(support 4472, accuracy 0.99128)
else if [hours_per_week_low && marital_status_Single]:
  income = False(support 1422, accuracy 0.97750)
else 
    default: RandomForestClassifier(max_depth=5, min_samples_split=10, random_state=42)(support 23411, accuracy 0.79680 (majority pred 0.704))",2
0,fixed_rf,1.7061934823408974e-05,0,bfs,0.01,0.01,opt,0.8333048967752943,0.8325143325143325,0.8326338417442932,0.9819436288901938,0.9866310160427807,0.9852017937219731,0.788289690125817,0.7865497076023392,0.7875049741345006,0.23245180003412386,0.22972972972972974,0.22827310881359403,"HybridCORELSPreClassifier
if [age_low && marital_status_Single]:
  income = False(support 6812, accuracy 0.98194)
else 
    default: RandomForestClassifier(max_depth=5, min_samples_split=10, random_state=42)(support 22493, accuracy 0.78829 (majority pred 0.696))",1
1,fixed_rf,1.7061934823408974e-05,0,bfs,0.01,0.01,opt,0.8314280839447193,0.8316953316953317,0.8375473436380387,0.9808898178560764,0.9897595725734639,0.9850555081127241,0.787145574379617,0.7844988035097049,0.7910327184596742,0.2285616788943866,0.22993447993447994,0.2397379465656669,"HybridCORELSPreClassifier
if [age_low && marital_status_Single]:
  income = False(support 6698, accuracy 0.98089)
else 
    default: RandomForestClassifier(max_depth=5, min_samples_split=10, random_state=42)(support 22607, accuracy 0.78715 (majority pred 0.695))",1
2,fixed_rf,1.7061934823408974e-05,0,bfs,0.01,0.01,opt,0.8359665586077462,0.8264742014742015,0.8353976865595251,0.9833921222810111,0.9829366861248316,0.9844789356984479,0.7913870494644683,0.7802678689828935,0.7906574394463668,0.23217880907694932,0.227989352989353,0.23083222438325315,"HybridCORELSPreClassifier
if [age_low && marital_status_Single]:
  income = False(support 6804, accuracy 0.98339)
else 
    default: RandomForestClassifier(max_depth=5, min_samples_split=10, random_state=42)(support 22501, accuracy 0.79139 (majority pred 0.698))",1
3,fixed_rf,1.7061934823408974e-05,0,bfs,0.01,0.01,opt,0.8330660296877666,0.838963963963964,0.8310983724024977,0.9819366301450992,0.9841059602649007,0.9876488751654169,0.7884794465877345,0.7951486072237771,0.7837909890695814,0.23047261559460844,0.23187960687960688,0.23206059985668953,"HybridCORELSPreClassifier
if [age_low && marital_status_Single]:
  income = False(support 6754, accuracy 0.98194)
else 
    default: RandomForestClassifier(max_depth=5, min_samples_split=10, random_state=42)(support 22551, accuracy 0.78848 (majority pred 0.694))",1
4,fixed_rf,1.7061934823408974e-05,0,bfs,0.01,0.01,opt,0.8352499573451629,0.832002457002457,0.8265943289998976,0.9829160530191458,0.9840142095914742,0.9848484848484849,0.790717299578059,0.7864555614688664,0.7794019933554818,0.23170107490189387,0.23054873054873054,0.22970621353260312,"HybridCORELSPreClassifier
if [age_low && marital_status_Single]:
  income = False(support 6790, accuracy 0.98292)
else 
    default: RandomForestClassifier(max_depth=5, min_samples_split=10, random_state=42)(support 22515, accuracy 0.79072 (majority pred 0.694))",1
0,fixed_rf,1.7061934823408974e-05,0,bfs,0.05,0.01,opt,0.8333048967752943,0.8325143325143325,0.8326338417442932,0.9819436288901938,0.9866310160427807,0.9852017937219731,0.788289690125817,0.7865497076023392,0.7875049741345006,0.23245180003412386,0.22972972972972974,0.22827310881359403,"HybridCORELSPreClassifier
if [age_low && marital_status_Single]:
  income = False(support 6812, accuracy 0.98194)
else 
    default: RandomForestClassifier(max_depth=5, min_samples_split=10, random_state=42)(support 22493, accuracy 0.78829 (majority pred 0.696))",1
1,fixed_rf,1.7061934823408974e-05,0,bfs,0.05,0.01,opt,0.8314280839447193,0.8316953316953317,0.8375473436380387,0.9808898178560764,0.9897595725734639,0.9850555081127241,0.787145574379617,0.7844988035097049,0.7910327184596742,0.2285616788943866,0.22993447993447994,0.2397379465656669,"HybridCORELSPreClassifier
if [age_low && marital_status_Single]:
  income = False(support 6698, accuracy 0.98089)
else 
    default: RandomForestClassifier(max_depth=5, min_samples_split=10, random_state=42)(support 22607, accuracy 0.78715 (majority pred 0.695))",1
2,fixed_rf,1.7061934823408974e-05,0,bfs,0.05,0.01,opt,0.8359665586077462,0.8264742014742015,0.8353976865595251,0.9833921222810111,0.9829366861248316,0.9844789356984479,0.7913870494644683,0.7802678689828935,0.7906574394463668,0.23217880907694932,0.227989352989353,0.23083222438325315,"HybridCORELSPreClassifier
if [age_low && marital_status_Single]:
  income = False(support 6804, accuracy 0.98339)
else 
    default: RandomForestClassifier(max_depth=5, min_samples_split=10, random_state=42)(support 22501, accuracy 0.79139 (majority pred 0.698))",1
3,fixed_rf,1.7061934823408974e-05,0,bfs,0.05,0.01,opt,0.8330660296877666,0.838963963963964,0.8310983724024977,0.9819366301450992,0.9841059602649007,0.9876488751654169,0.7884794465877345,0.7951486072237771,0.7837909890695814,0.23047261559460844,0.23187960687960688,0.23206059985668953,"HybridCORELSPreClassifier
if [age_low && marital_status_Single]:
  income = False(support 6754, accuracy 0.98194)
else 
    default: RandomForestClassifier(max_depth=5, min_samples_split=10, random_state=42)(support 22551, accuracy 0.78848 (majority pred 0.694))",1
4,fixed_rf,1.7061934823408974e-05,0,bfs,0.05,0.01,opt,0.8352499573451629,0.832002457002457,0.8265943289998976,0.9829160530191458,0.9840142095914742,0.9848484848484849,0.790717299578059,0.7864555614688664,0.7794019933554818,0.23170107490189387,0.23054873054873054,0.22970621353260312,"HybridCORELSPreClassifier
if [age_low && marital_status_Single]:
  income = False(support 6790, accuracy 0.98292)
else 
    default: RandomForestClassifier(max_depth=5, min_samples_split=10, random_state=42)(support 22515, accuracy 0.79072 (majority pred 0.694))",1
0,fixed_rf,1.7061934823408974e-05,0,bfs,0.1,0.01,opt,0.8333048967752943,0.8325143325143325,0.8326338417442932,0.9819436288901938,0.9866310160427807,0.9852017937219731,0.788289690125817,0.7865497076023392,0.7875049741345006,0.23245180003412386,0.22972972972972974,0.22827310881359403,"HybridCORELSPreClassifier
if [age_low && marital_status_Single]:
  income = False(support 6812, accuracy 0.98194)
else 
    default: RandomForestClassifier(max_depth=5, min_samples_split=10, random_state=42)(support 22493, accuracy 0.78829 (majority pred 0.696))",1
1,fixed_rf,1.7061934823408974e-05,0,bfs,0.1,0.01,opt,0.8314280839447193,0.8316953316953317,0.8375473436380387,0.9808898178560764,0.9897595725734639,0.9850555081127241,0.787145574379617,0.7844988035097049,0.7910327184596742,0.2285616788943866,0.22993447993447994,0.2397379465656669,"HybridCORELSPreClassifier
if [age_low && marital_status_Single]:
  income = False(support 6698, accuracy 0.98089)
else 
    default: RandomForestClassifier(max_depth=5, min_samples_split=10, random_state=42)(support 22607, accuracy 0.78715 (majority pred 0.695))",1
2,fixed_rf,1.7061934823408974e-05,0,bfs,0.1,0.01,opt,0.8359665586077462,0.8264742014742015,0.8353976865595251,0.9833921222810111,0.9829366861248316,0.9844789356984479,0.7913870494644683,0.7802678689828935,0.7906574394463668,0.23217880907694932,0.227989352989353,0.23083222438325315,"HybridCORELSPreClassifier
if [age_low && marital_status_Single]:
  income = False(support 6804, accuracy 0.98339)
else 
    default: RandomForestClassifier(max_depth=5, min_samples_split=10, random_state=42)(support 22501, accuracy 0.79139 (majority pred 0.698))",1
3,fixed_rf,1.7061934823408974e-05,0,bfs,0.1,0.01,opt,0.8330660296877666,0.838963963963964,0.8310983724024977,0.9819366301450992,0.9841059602649007,0.9876488751654169,0.7884794465877345,0.7951486072237771,0.7837909890695814,0.23047261559460844,0.23187960687960688,0.23206059985668953,"HybridCORELSPreClassifier
if [age_low && marital_status_Single]:
  income = False(support 6754, accuracy 0.98194)
else 
    default: RandomForestClassifier(max_depth=5, min_samples_split=10, random_state=42)(support 22551, accuracy 0.78848 (majority pred 0.694))",1
4,fixed_rf,1.7061934823408974e-05,0,bfs,0.1,0.01,opt,0.8352499573451629,0.832002457002457,0.8265943289998976,0.9829160530191458,0.9840142095914742,0.9848484848484849,0.790717299578059,0.7864555614688664,0.7794019933554818,0.23170107490189387,0.23054873054873054,0.22970621353260312,"HybridCORELSPreClassifier
if [age_low && marital_status_Single]:
  income = False(support 6790, accuracy 0.98292)
else 
    default: RandomForestClassifier(max_depth=5, min_samples_split=10, random_state=42)(support 22515, accuracy 0.79072 (majority pred 0.694))",1
0,fixed_rf,1.7061934823408974e-05,0,bfs,0.01,0.001,opt,0.8333048967752943,0.8325143325143325,0.8326338417442932,0.9866115702479339,0.9872860635696822,0.9834227206240859,0.7934207697269404,0.7915317881652207,0.7925628401140192,0.2064494113632486,0.20935708435708436,0.20994984133483469,"HybridCORELSPreClassifier
if [education_HS-grad && marital_status_Single]:
  income = False(support 2718, accuracy 0.98749)
else if [relationship_Own-child && capital_gain_0]:
  income = False(support 3332, accuracy 0.98589)
else 
    default: RandomForestClassifier(max_depth=5, min_samples_split=10, random_state=42)(support 23255, accuracy 0.79342 (majority pred 0.704))",2
1,fixed_rf,1.7061934823408974e-05,0,bfs,0.01,0.001,opt,0.8314280839447193,0.8316953316953317,0.8375473436380387,0.9871942209817763,0.9835739173718268,0.9853372434017595,0.7905574222451969,0.792370150792628,0.798394406318788,0.20784849001876812,0.20567158067158067,0.20943801822090286,"HybridCORELSPreClassifier
if [relationship_Own-child && capital_gain_0]:
  income = False(support 4424, accuracy 0.99141)
else if [education_HS-grad && marital_status_Single]:
  income = False(support 1667, accuracy 0.97600)
else 
    default: RandomForestClassifier(max_depth=5, min_samples_split=10, random_state=42)(support 23214, accuracy 0.79056 (majority pred 0.701))",2
2,fixed_rf,1.7061934823408974e-05,0,bfs,0.01,0.001,opt,0.8359665586077462,0.8264742014742015,0.8353976865595251,0.9869114397416284,0.984919396775871,0.9873160832064941,0.7980531124583725,0.7876354365838113,0.7969992305719416,0.20075072513223,0.19686732186732187,0.20176067151192548,"HybridCORELSPreClassifier
if [hours_per_week_low && marital_status_Single]:
  income = False(support 3467, accuracy 0.98990)
else if [relationship_Own-child && capital_gain_0]:
  income = False(support 2416, accuracy 0.98262)
else 
    default: RandomForestClassifier(max_depth=5, min_samples_split=10, random_state=42)(support 23422, accuracy 0.79805 (majority pred 0.708))",2
3,fixed_rf,1.7061934823408974e-05,0,bfs,0.01,0.001,opt,0.8330660296877666,0.838963963963964,0.8310983724024977,0.9841425535393167,0.9879336349924586,0.9901960784313726,0.7932120062101087,0.8008741483481168,0.7891059645491008,0.2087357106295854,0.20362407862407864,0.20882383048418465,"HybridCORELSPreClassifier
if [education_HS-grad && marital_status_Single]:
  income = False(support 2881, accuracy 0.98403)
else if [relationship_Own-child && capital_gain_0]:
  income = False(support 3236, accuracy 0.98424)
else 
    default: RandomForestClassifier(max_depth=5, min_samples_split=10, random_state=42)(support 23188, accuracy 0.79321 (majority pred 0.701))",2
4,fixed_rf,1.7061934823408974e-05,0,bfs,0.01,0.001,opt,0.8352499573451629,0.832002457002457,0.8265943289998976,0.9879538513742789,0.982635342185904,0.9864935064935065,0.7968049207637435,0.7942381562099872,0.787353391126976,0.201126087698345,0.20045045045045046,0.19705189886375268,"HybridCORELSPreClassifier
if [relationship_Own-child && capital_gain_0]:
  income = False(support 4472, accuracy 0.99128)
else if [hours_per_week_low && marital_status_Single]:
  income = False(support 1422, accuracy 0.97750)
else 
    default: RandomForestClassifier(max_depth=5, min_samples_split=10, random_state=42)(support 23411, accuracy 0.79680 (majority pred 0.704))",2
0,fixed_rf,1.7061934823408974e-05,0,bfs,0.05,0.001,opt,0.8333048967752943,0.8325143325143325,0.8326338417442932,0.9866115702479339,0.9872860635696822,0.9834227206240859,0.7934207697269404,0.7915317881652207,0.7925628401140192,0.2064494113632486,0.20935708435708436,0.20994984133483469,"HybridCORELSPreClassifier
if [education_HS-grad && marital_status_Single]:
  income = False(support 2718, accuracy 0.98749)
else if [relationship_Own-child && capital_gain_0]:
  income = False(support 3332, accuracy 0.98589)
else 
    default: RandomForestClassifier(max_depth=5, min_samples_split=10, random_state=42)(support 23255, accuracy 0.79342 (majority pred 0.704))",2
1,fixed_rf,1.7061934823408974e-05,0,bfs,0.05,0.001,opt,0.8314280839447193,0.8316953316953317,0.8375473436380387,0.9871942209817763,0.9835739173718268,0.9853372434017595,0.7905574222451969,0.792370150792628,0.798394406318788,0.20784849001876812,0.20567158067158067,0.20943801822090286,"HybridCORELSPreClassifier
if [relationship_Own-child && capital_gain_0]:
  income = False(support 4424, accuracy 0.99141)
else if [education_HS-grad && marital_status_Single]:
  income = False(support 1667, accuracy 0.97600)
else 
    default: RandomForestClassifier(max_depth=5, min_samples_split=10, random_state=42)(support 23214, accuracy 0.79056 (majority pred 0.701))",2
2,fixed_rf,1.7061934823408974e-05,0,bfs,0.05,0.001,opt,0.8359665586077462,0.8264742014742015,0.8353976865595251,0.9869114397416284,0.984919396775871,0.9873160832064941,0.7980531124583725,0.7876354365838113,0.7969992305719416,0.20075072513223,0.19686732186732187,0.20176067151192548,"HybridCORELSPreClassifier
if [relationship_Own-child && capital_gain_0]:
  income = False(support 4438, accuracy 0.98986)
else if [hours_per_week_low && marital_status_Single]:
  income = False(support 1445, accuracy 0.97785)
else 
    default: RandomForestClassifier(max_depth=5, min_samples_split=10, random_state=42)(support 23422, accuracy 0.79805 (majority pred 0.708))",2
3,fixed_rf,1.7061934823408974e-05,0,bfs,0.05,0.001,opt,0.8330660296877666,0.838963963963964,0.8310983724024977,0.9841425535393167,0.9879336349924586,0.9901960784313726,0.7932120062101087,0.8008741483481168,0.7891059645491008,0.2087357106295854,0.20362407862407864,0.20882383048418465,"HybridCORELSPreClassifier
if [education_HS-grad && marital_status_Single]:
  income = False(support 2881, accuracy 0.98403)
else if [relationship_Own-child && capital_gain_0]:
  income = False(support 3236, accuracy 0.98424)
else 
    default: RandomForestClassifier(max_depth=5, min_samples_split=10, random_state=42)(support 23188, accuracy 0.79321 (majority pred 0.701))",2
4,fixed_rf,1.7061934823408974e-05,0,bfs,0.05,0.001,opt,0.8352499573451629,0.832002457002457,0.8265943289998976,0.9879538513742789,0.982635342185904,0.9864935064935065,0.7968049207637435,0.7942381562099872,0.787353391126976,0.201126087698345,0.20045045045045046,0.19705189886375268,"HybridCORELSPreClassifier
if [relationship_Own-child && capital_gain_0]:
  income = False(support 4472, accuracy 0.99128)
else if [hours_per_week_low && marital_status_Single]:
  income = False(support 1422, accuracy 0.97750)
else 
    default: RandomForestClassifier(max_depth=5, min_samples_split=10, random_state=42)(support 23411, accuracy 0.79680 (majority pred 0.704))",2
0,fixed_rf,1.7061934823408974e-05,0,bfs,0.1,0.001,opt,0.8333048967752943,0.8325143325143325,0.8326338417442932,0.9857021276595744,0.9870734229576008,0.9888211382113821,0.7950917626973965,0.7943579269849375,0.7932316369696193,0.20047773417505546,0.19799344799344798,0.2014535776435664,"HybridCORELSPreClassifier
if [hours_per_week_low && marital_status_Single]:
  income = False(support 3420, accuracy 0.98860)
else if [relationship_Own-child && capital_gain_0]:
  income = False(support 2455, accuracy 0.98167)
else 
    default: RandomForestClassifier(max_depth=5, min_samples_split=10, random_state=42)(support 23430, accuracy 0.79509 (majority pred 0.706))",2
1,fixed_rf,1.7061934823408974e-05,0,bfs,0.1,0.001,opt,0.8313257123357789,0.8317977067977068,0.8374449790152523,0.9853816080231175,0.9816232771822359,0.9843355229914098,0.7926308598753309,0.7942118068894864,0.8001283697047497,0.20075072513223,0.20055282555282555,0.2025795884942164,"HybridCORELSPreClassifier
if [relationship_Own-child && capital_loss_0]:
  income = False(support 4448, accuracy 0.98853)
else if [hours_per_week_low && marital_status_Single]:
  income = False(support 1435, accuracy 0.97561)
else 
    default: RandomForestClassifier(max_depth=5, min_samples_split=10, random_state=42)(support 23422, accuracy 0.79263 (majority pred 0.704))",2
2,fixed_rf,1.7061934823408974e-05,0,bfs,0.1,0.001,opt,0.8359665586077462,0.8264742014742015,0.8353976865595251,0.9869114397416284,0.984919396775871,0.9873160832064941,0.7980531124583725,0.7876354365838113,0.7969992305719416,0.20075072513223,0.19686732186732187,0.20176067151192548,"HybridCORELSPreClassifier
if [relationship_Own-child && capital_gain_0]:
  income = False(support 4438, accuracy 0.98986)
else if [hours_per_week_low && marital_status_Single]:
  income = False(support 1445, accuracy 0.97785)
else 
    default: RandomForestClassifier(max_depth=5, min_samples_split=10, random_state=42)(support 23422, accuracy 0.79805 (majority pred 0.708))",2
3,fixed_rf,1.7061934823408974e-05,0,bfs,0.1,0.001,opt,0.8330660296877666,0.838963963963964,0.8306889139113522,0.9831489361702128,0.9871332990221308,0.9855217174238642,0.7954332052923602,0.8021725239616614,0.790754571207829,0.20047773417505546,0.1989148239148239,0.20503633944108915,"HybridCORELSPreClassifier
if [relationship_Own-child && capital_loss_0]:
  income = False(support 4420, accuracy 0.98507)
else if [hours_per_week_low && marital_status_Single]:
  income = False(support 1455, accuracy 0.97732)
else 
    default: RandomForestClassifier(max_depth=5, min_samples_split=10, random_state=42)(support 23430, accuracy 0.79543 (majority pred 0.704))",2
4,fixed_rf,1.7061934823408974e-05,0,bfs,0.1,0.001,opt,0.8352499573451629,0.832002457002457,0.8265943289998976,0.9879538513742789,0.982635342185904,0.9864935064935065,0.7968049207637435,0.7942381562099872,0.787353391126976,0.201126087698345,0.20045045045045046,0.19705189886375268,"HybridCORELSPreClassifier
if [relationship_Own-child && capital_gain_0]:
  income = False(support 4472, accuracy 0.99128)
else if [hours_per_week_low && marital_status_Single]:
  income = False(support 1422, accuracy 0.97750)
else 
    default: RandomForestClassifier(max_depth=5, min_samples_split=10, random_state=42)(support 23411, accuracy 0.79680 (majority pred 0.704))",2
0,fixed_rf,1.7061934823408974e-05,0,bfs,0.01,0.0001,opt,0.8332366490360007,0.8325143325143325,0.8326338417442932,0.9869803921568627,0.9865988909426987,0.983097304705345,0.790492804186655,0.7886638611257233,0.7891820580474934,0.2175396689984644,0.22153972153972154,0.22407615927935307,"HybridCORELSPreClassifier
if [relationship_Own-child && age_low]:
  income = False(support 3757, accuracy 0.99255)
else if [occupation_Blue-Collar && marital_status_Single]:
  income = False(support 1560, accuracy 0.97564)
else if [education_HS-grad && marital_status_Single]:
  income = False(support 1058, accuracy 0.98393)
else 
    default: RandomForestClassifier(max_depth=5, min_samples_split=10, random_state=42)(support 22930, accuracy 0.79049 (majority pred 0.700))",3
1,fixed_rf,1.7061934823408974e-05,0,bfs,0.01,0.0001,opt,0.8314280839447193,0.8316953316953317,0.8375473436380387,0.9871942209817763,0.9835739173718268,0.9853372434017595,0.7905574222451969,0.792370150792628,0.798394406318788,0.20784849001876812,0.20567158067158067,0.20943801822090286,"HybridCORELSPreClassifier
if [education_HS-grad && marital_status_Single]:
  income = False(support 2809, accuracy 0.98434)
else if [relationship_Own-child && capital_gain_0]:
  income = False(support 3282, accuracy 0.98964)
else 
    default: RandomForestClassifier(max_depth=5, min_samples_split=10, random_state=42)(support 23214, accuracy 0.79056 (majority pred 0.701))",2
2,fixed_rf,1.7061934823408974e-05,0,bfs,0.01,0.0001,opt,0.8359665586077462,0.8264742014742015,0.8353976865595251,0.9869114397416284,0.984919396775871,0.9873160832064941,0.7980531124583725,0.7876354365838113,0.7969992305719416,0.20075072513223,0.19686732186732187,0.20176067151192548,"HybridCORELSPreClassifier
if [relationship_Own-child && capital_gain_0]:
  income = False(support 4438, accuracy 0.98986)
else if [hours_per_week_low && marital_status_Single]:
  income = False(support 1445, accuracy 0.97785)
else 
    default: RandomForestClassifier(max_depth=5, min_samples_split=10, random_state=42)(support 23422, accuracy 0.79805 (majority pred 0.708))",2
3,fixed_rf,1.7061934823408974e-05,0,bfs,0.01,0.0001,opt,0.8330319058181198,0.838963963963964,0.8309960077797113,0.984984520123839,0.9885386819484241,0.9871205151793928,0.7900634712190852,0.7981495960385718,0.7863067807768268,0.22044019791844396,0.21437346437346438,0.22254068993755757,"HybridCORELSPreClassifier
if [relationship_Own-child && age_low]:
  income = False(support 3727, accuracy 0.99168)
else if [occupation_Blue-Collar && marital_status_Single]:
  income = False(support 1568, accuracy 0.97258)
else if [education_HS-grad && marital_status_Single]:
  income = False(support 1165, accuracy 0.98026)
else 
    default: RandomForestClassifier(max_depth=5, min_samples_split=10, random_state=42)(support 22845, accuracy 0.79006 (majority pred 0.697))",3
4,fixed_rf,1.7061934823408974e-05,0,bfs,0.01,0.0001,opt,0.8352499573451629,0.832002457002457,0.8265943289998976,0.9879538513742789,0.982635342185904,0.9864935064935065,0.7968049207637435,0.7942381562099872,0.787353391126976,0.201126087698345,0.20045045045045046,0.19705189886375268,"HybridCORELSPreClassifier
if [relationship_Own-child && capital_gain_0]:
  income = False(support 4472, accuracy 0.99128)
else if [hours_per_week_low && marital_status_Single]:
  income = False(support 1422, accuracy 0.97750)
else 
    default: RandomForestClassifier(max_depth=5, min_samples_split=10, random_state=42)(support 23411, accuracy 0.79680 (majority pred 0.704))",2
0,fixed_rf,1.7061934823408974e-05,0,bfs,0.05,0.0001,opt,0.8332366490360007,0.8325143325143325,0.8326338417442932,0.9869803921568627,0.9865988909426987,0.983097304705345,0.790492804186655,0.7886638611257233,0.7891820580474934,0.2175396689984644,0.22153972153972154,0.22407615927935307,"HybridCORELSPreClassifier
if [relationship_Own-child && age_low]:
  income = False(support 3757, accuracy 0.99255)
else if [education_HS-grad && marital_status_Single]:
  income = False(support 1794, accuracy 0.98216)
else if [occupation_Blue-Collar && marital_status_Single]:
  income = False(support 824, accuracy 0.97209)
else 
    default: RandomForestClassifier(max_depth=5, min_samples_split=10, random_state=42)(support 22930, accuracy 0.79049 (majority pred 0.700))",3
1,fixed_rf,1.7061934823408974e-05,0,bfs,0.05,0.0001,opt,0.8314280839447193,0.8316953316953317,0.8375473436380387,0.9871942209817763,0.9835739173718268,0.9853372434017595,0.7905574222451969,0.792370150792628,0.798394406318788,0.20784849001876812,0.20567158067158067,0.20943801822090286,"HybridCORELSPreClassifier
if [relationship_Own-child && capital_gain_0]:
  income = False(support 4424, accuracy 0.99141)
else if [education_HS-grad && marital_status_Single]:
  income = False(support 1667, accuracy 0.97600)
else 
    default: RandomForestClassifier(max_depth=5, min_samples_split=10, random_state=42)(support 23214, accuracy 0.79056 (majority pred 0.701))",2
2,fixed_rf,1.7061934823408974e-05,0,bfs,0.05,0.0001,opt,0.8359665586077462,0.8264742014742015,0.8353976865595251,0.9869114397416284,0.984919396775871,0.9873160832064941,0.7980531124583725,0.7876354365838113,0.7969992305719416,0.20075072513223,0.19686732186732187,0.20176067151192548,"HybridCORELSPreClassifier
if [hours_per_week_low && marital_status_Single]:
  income = False(support 3467, accuracy 0.98990)
else if [relationship_Own-child && capital_gain_0]:
  income = False(support 2416, accuracy 0.98262)
else 
    default: RandomForestClassifier(max_depth=5, min_samples_split=10, random_state=42)(support 23422, accuracy 0.79805 (majority pred 0.708))",2
3,fixed_rf,1.7061934823408974e-05,0,bfs,0.05,0.0001,opt,0.8330319058181198,0.838963963963964,0.8309960077797113,0.984984520123839,0.9885386819484241,0.9871205151793928,0.7900634712190852,0.7981495960385718,0.7863067807768268,0.22044019791844396,0.21437346437346438,0.22254068993755757,"HybridCORELSPreClassifier
if [relationship_Own-child && age_low]:
  income = False(support 3727, accuracy 0.99168)
else if [occupation_Blue-Collar && marital_status_Single]:
  income = False(support 1568, accuracy 0.97258)
else if [education_HS-grad && marital_status_Single]:
  income = False(support 1165, accuracy 0.98026)
else 
    default: RandomForestClassifier(max_depth=5, min_samples_split=10, random_state=42)(support 22845, accuracy 0.79006 (majority pred 0.697))",3
4,fixed_rf,1.7061934823408974e-05,0,bfs,0.05,0.0001,opt,0.8352499573451629,0.832002457002457,0.8265943289998976,0.9879538513742789,0.982635342185904,0.9864935064935065,0.7968049207637435,0.7942381562099872,0.787353391126976,0.201126087698345,0.20045045045045046,0.19705189886375268,"HybridCORELSPreClassifier
if [hours_per_week_low && marital_status_Single]:
  income = False(support 3464, accuracy 0.99018)
else if [relationship_Own-child && capital_gain_0]:
  income = False(support 2430, accuracy 0.98477)
else 
    default: RandomForestClassifier(max_depth=5, min_samples_split=10, random_state=42)(support 23411, accuracy 0.79680 (majority pred 0.704))",2
0,fixed_rf,1.7061934823408974e-05,0,bfs,0.1,0.0001,opt,0.8333048967752943,0.8325143325143325,0.8326338417442932,0.9857021276595744,0.9870734229576008,0.9888211382113821,0.7950917626973965,0.7943579269849375,0.7932316369696193,0.20047773417505546,0.19799344799344798,0.2014535776435664,"HybridCORELSPreClassifier
if [hours_per_week_low && marital_status_Single]:
  income = False(support 3420, accuracy 0.98860)
else if [relationship_Own-child && capital_gain_0]:
  income = False(support 2455, accuracy 0.98167)
else 
    default: RandomForestClassifier(max_depth=5, min_samples_split=10, random_state=42)(support 23430, accuracy 0.79509 (majority pred 0.706))",2
1,fixed_rf,1.7061934823408974e-05,0,bfs,0.1,0.0001,opt,0.8313939600750725,0.8316953316953317,0.8375473436380387,0.9861181648891146,0.98419173890872,0.9854124748490946,0.7923326780066673,0.7933905469450493,0.7997686672664182,0.20156969800375363,0.20075757575757575,0.20350087009929368,"HybridCORELSPreClassifier
if [hours_per_week_low && marital_status_Single]:
  income = False(support 3441, accuracy 0.98867)
else if [relationship_Own-child && capital_gain_0]:
  income = False(support 2417, accuracy 0.98469)
else if [relationship_Own-child && age_low]:
  income = False(support 49, accuracy 0.87755)
else 
    default: RandomForestClassifier(max_depth=5, min_samples_split=10, random_state=42)(support 23398, accuracy 0.79233 (majority pred 0.704))",3
2,fixed_rf,1.7061934823408974e-05,0,bfs,0.1,0.0001,opt,0.8359665586077462,0.8264742014742015,0.8353976865595251,0.9869114397416284,0.984919396775871,0.9873160832064941,0.7980531124583725,0.7876354365838113,0.7969992305719416,0.20075072513223,0.19686732186732187,0.20176067151192548,"HybridCORELSPreClassifier
if [hours_per_week_low && marital_status_Single]:
  income = False(support 3467, accuracy 0.98990)
else if [relationship_Own-child && capital_gain_0]:
  income = False(support 2416, accuracy 0.98262)
else 
    default: RandomForestClassifier(max_depth=5, min_samples_split=10, random_state=42)(support 23422, accuracy 0.79805 (majority pred 0.708))",2
3,fixed_rf,1.7061934823408974e-05,0,bfs,0.1,0.0001,opt,0.8330319058181198,0.838963963963964,0.8309960077797113,0.983567677452143,0.9882111737570477,0.989010989010989,0.795060251260576,0.8017142126135346,0.7902665121668598,0.20143320252516636,0.19973382473382473,0.2049339748183028,"HybridCORELSPreClassifier
if [hours_per_week_low && marital_status_Single]:
  income = False(support 3424, accuracy 0.98919)
else if [relationship_Own-child && age_low]:
  income = False(support 1818, accuracy 0.98405)
else if [relationship_Own-child && capital_gain_0]:
  income = False(support 661, accuracy 0.95310)
else 
    default: RandomForestClassifier(max_depth=5, min_samples_split=10, random_state=42)(support 23402, accuracy 0.79506 (majority pred 0.704))",3
4,fixed_rf,1.7061934823408974e-05,0,bfs,0.1,0.0001,opt,0.8352499573451629,0.832002457002457,0.8265943289998976,0.9879538513742789,0.982635342185904,0.9864935064935065,0.7968049207637435,0.7942381562099872,0.787353391126976,0.201126087698345,0.20045045045045046,0.19705189886375268,"HybridCORELSPreClassifier
if [hours_per_week_low && marital_status_Single]:
  income = False(support 3464, accuracy 0.99018)
else if [relationship_Own-child && capital_gain_0]:
  income = False(support 2430, accuracy 0.98477)
else 
    default: RandomForestClassifier(max_depth=5, min_samples_split=10, random_state=42)(support 23411, accuracy 0.79680 (majority pred 0.704))",2
