Seed,Black Box,Beta,Alpha,Policy,Min support,Lambda,Search status,Training accuracy,Validation accuracy,Test accuracy,Training accuracy (prefix),Validation accuracy (prefix),Test accuracy (prefix),Training accuracy (BB),Validation accuracy (BB),Test accuracy (BB),Training transparency,Validation transparency,Test transparency,Model,Prefix length,Val acc UB
0,fixed_rf,3.999552050170381e-06,0,objective,0.01,0.01,opt,0.7181195706080918,0.7175801497408332,0.7160203493952774,0.754901615064532,0.7510265024262784,0.7538583091914669,0.6875750388005505,0.6902133600942449,0.6843566800370257,0.45367718815492664,0.4500143981570359,0.4555816855442503,"HybridCORELSPreClassifier
if [age_high && Reference person]:
  Employed = False(support 24400, accuracy 0.63357)
else if [Reference person && No disability]:
  Employed = True(support 32316, accuracy 0.84652)
else 
    default: RandomForestClassifier(max_depth=5, min_samples_split=10, random_state=42)(support 68298, accuracy 0.68758 (majority pred 0.529))",2,0.7792042618544825
1,fixed_rf,3.999552050170381e-06,0,objective,0.01,0.01,opt,0.7260786791879309,0.7204837780764062,0.7218516029948167,0.7555068802882832,0.7507561687450252,0.7523423518265081,0.7017236086136573,0.6954921803127875,0.6963041368968863,0.45283728222439085,0.45222211556920716,0.4558936456133615,"HybridCORELSPreClassifier
if [age_high && Reference person]:
  Employed = False(support 24211, accuracy 0.63335)
else if [Reference person && No disability]:
  Employed = True(support 32400, accuracy 0.84679)
else 
    default: RandomForestClassifier(max_depth=5, min_samples_split=10, random_state=42)(support 68403, accuracy 0.70172 (majority pred 0.530))",2,0.7764206181608753
2,fixed_rf,3.999552050170381e-06,0,objective,0.01,0.01,opt,0.7227270545698882,0.721323670570167,0.7242992896909196,0.754248043432278,0.7534485492310131,0.7534173714164141,0.6965378869980375,0.6946068304689904,0.7003629049888505,0.4538051738205321,0.45404588212708774,0.45116625071990785,"HybridCORELSPreClassifier
if [age_high && Reference person]:
  Employed = False(support 24290, accuracy 0.63063)
else if [Reference person && No disability]:
  Employed = True(support 32442, accuracy 0.84680)
else 
    default: RandomForestClassifier(max_depth=5, min_samples_split=10, random_state=42)(support 68282, accuracy 0.69654 (majority pred 0.529))",2,0.7792522557112689
3,fixed_rf,3.999552050170381e-06,0,objective,0.01,0.01,opt,0.7214711952261347,0.7212036859282012,0.7165722787483202,0.7547332792722914,0.7586225250159676,0.746832101372756,0.6938407919400188,0.6904824331410593,0.6913601970790075,0.45375717919593006,0.4508542906507967,0.4545018237665579,"HybridCORELSPreClassifier
if [age_high && Reference person]:
  Employed = False(support 24357, accuracy 0.63325)
else if [Reference person && No disability]:
  Employed = True(support 32369, accuracy 0.84615)
else 
    default: RandomForestClassifier(max_depth=5, min_samples_split=10, random_state=42)(support 68288, accuracy 0.69384 (majority pred 0.530))",2,0.7792042618544827
4,fixed_rf,3.999552050170381e-06,0,objective,0.01,0.01,opt,0.721455197017934,0.7218036091380303,0.7222355538491073,0.7544979686593152,0.7559890669382068,0.7501584283903675,0.6938889296456606,0.6940859514187633,0.6989795918367347,0.45482106004127537,0.44775868688807835,0.45440583605298523,"HybridCORELSPreClassifier
if [age_high && Reference person]:
  Employed = False(support 24415, accuracy 0.63322)
else if [Reference person && No disability]:
  Employed = True(support 32444, accuracy 0.84577)
else 
    default: RandomForestClassifier(max_depth=5, min_samples_split=10, random_state=42)(support 68155, accuracy 0.69389 (majority pred 0.528))",2,0.7789882894989442
0,fixed_rf,3.999552050170381e-06,0,objective,0.05,0.01,opt,0.7198233797814645,0.7207237473603378,0.7180360913803033,0.8005977286312015,0.7928473831164974,0.8035617916891528,0.6656420399871699,0.6718466927009944,0.6609721944388878,0.40147503479610286,0.4039402956421578,0.40019677481282395,"HybridCORELSPreClassifier
if [age_low && Reference person]:
  Employed = True(support 13923, accuracy 0.82159)
else if [age_medium && No disability]:
  Employed = True(support 36267, accuracy 0.79254)
else 
    default: RandomForestClassifier(max_depth=5, min_samples_split=10, random_state=42)(support 74824, accuracy 0.66564 (majority pred 0.570))",2,0.7764206181608754
1,fixed_rf,3.999552050170381e-06,0,objective,0.05,0.01,opt,0.727206552866079,0.7208677289306968,0.721755615281244,0.8027561247216035,0.7939625386433897,0.7958616612474135,0.6763643176404465,0.6729692154915591,0.6711233186573494,0.40225894699793624,0.39587732770205414,0.4059080437703974,"HybridCORELSPreClassifier
if [age_low && Reference person]:
  Employed = True(support 13916, accuracy 0.82150)
else if [age_medium && No disability]:
  Employed = True(support 36372, accuracy 0.79558)
else 
    default: RandomForestClassifier(max_depth=5, min_samples_split=10, random_state=42)(support 74726, accuracy 0.67636 (majority pred 0.569))",2,0.7722931464772509
2,fixed_rf,3.999552050170381e-06,0,objective,0.05,0.01,opt,0.7229510294846977,0.7212756767133807,0.7241553081205606,0.8008903197599316,0.7977635022602902,0.7976944897096988,0.6704464823616039,0.669549477071601,0.6756164601840418,0.4025069192250468,0.40343636014590134,0.39760510654636205,"HybridCORELSPreClassifier
if [age_low && Reference person]:
  Employed = True(support 14091, accuracy 0.81960)
else if [age_medium && No disability]:
  Employed = True(support 36228, accuracy 0.79361)
else 
    default: RandomForestClassifier(max_depth=5, min_samples_split=10, random_state=42)(support 74695, accuracy 0.67045 (majority pred 0.568))",2,0.7755567287387215
3,fixed_rf,3.999552050170381e-06,0,objective,0.05,0.01,opt,0.7224950805509783,0.7218516029948167,0.717700134382799,0.8008427412943234,0.8003114518447533,0.7952911574406901,0.6697277181333833,0.6694026265214607,0.6658526821457166,0.4024509254963444,0.4006527164522941,0.40055672873872145,"HybridCORELSPreClassifier
if [age_low && Reference person]:
  Employed = True(support 13886, accuracy 0.82183)
else if [age_medium && No disability]:
  Employed = True(support 36426, accuracy 0.79284)
else 
    default: RandomForestClassifier(max_depth=5, min_samples_split=10, random_state=42)(support 74702, accuracy 0.66973 (majority pred 0.568))",2,0.7760366673065848
4,fixed_rf,3.999552050170381e-06,0,objective,0.05,0.01,opt,0.721455197017934,0.7218036091380303,0.7222355538491073,0.7544979686593152,0.7559890669382068,0.7501584283903675,0.6938889296456606,0.6940859514187633,0.6989795918367347,0.45482106004127537,0.44775868688807835,0.45440583605298523,"HybridCORELSPreClassifier
if [age_high && Reference person]:
  Employed = False(support 24415, accuracy 0.63322)
else if [Reference person && No disability]:
  Employed = True(support 32444, accuracy 0.84577)
else 
    default: RandomForestClassifier(max_depth=5, min_samples_split=10, random_state=42)(support 68155, accuracy 0.69389 (majority pred 0.528))",2,0.7789882894989442
0,fixed_rf,3.999552050170381e-06,0,objective,0.1,0.01,opt,0.7198233797814645,0.7207237473603378,0.7180360913803033,0.8005977286312015,0.7928473831164974,0.8035617916891528,0.6656420399871699,0.6718466927009944,0.6609721944388878,0.40147503479610286,0.4039402956421578,0.40019677481282395,"HybridCORELSPreClassifier
if [age_low && Reference person]:
  Employed = True(support 13923, accuracy 0.82159)
else if [age_medium && No disability]:
  Employed = True(support 36267, accuracy 0.79254)
else 
    default: RandomForestClassifier(max_depth=5, min_samples_split=10, random_state=42)(support 74824, accuracy 0.66564 (majority pred 0.570))",2,0.7764206181608754
1,fixed_rf,3.999552050170381e-06,0,objective,0.1,0.01,opt,0.727206552866079,0.7208677289306968,0.721755615281244,0.8027561247216035,0.7939625386433897,0.7958616612474135,0.6763643176404465,0.6729692154915591,0.6711233186573494,0.40225894699793624,0.39587732770205414,0.4059080437703974,"HybridCORELSPreClassifier
if [age_low && Reference person]:
  Employed = True(support 13916, accuracy 0.82150)
else if [age_medium && No disability]:
  Employed = True(support 36372, accuracy 0.79558)
else 
    default: RandomForestClassifier(max_depth=5, min_samples_split=10, random_state=42)(support 74726, accuracy 0.67636 (majority pred 0.569))",2,0.7722931464772509
2,fixed_rf,3.999552050170381e-06,0,objective,0.1,0.01,opt,0.7229510294846977,0.7212756767133807,0.7241553081205606,0.8008903197599316,0.7977635022602902,0.7976944897096988,0.6704464823616039,0.669549477071601,0.6756164601840418,0.4025069192250468,0.40343636014590134,0.39760510654636205,"HybridCORELSPreClassifier
if [age_low && Reference person]:
  Employed = True(support 14091, accuracy 0.81960)
else if [age_medium && No disability]:
  Employed = True(support 36228, accuracy 0.79361)
else 
    default: RandomForestClassifier(max_depth=5, min_samples_split=10, random_state=42)(support 74695, accuracy 0.67045 (majority pred 0.568))",2,0.7755567287387215
3,fixed_rf,3.999552050170381e-06,0,objective,0.1,0.01,opt,0.7224950805509783,0.7218516029948167,0.717700134382799,0.8008427412943234,0.8003114518447533,0.7952911574406901,0.6697277181333833,0.6694026265214607,0.6658526821457166,0.4024509254963444,0.4006527164522941,0.40055672873872145,"HybridCORELSPreClassifier
if [age_low && Reference person]:
  Employed = True(support 13886, accuracy 0.82183)
else if [age_medium && No disability]:
  Employed = True(support 36426, accuracy 0.79284)
else 
    default: RandomForestClassifier(max_depth=5, min_samples_split=10, random_state=42)(support 74702, accuracy 0.66973 (majority pred 0.568))",2,0.7760366673065848
4,fixed_rf,3.999552050170381e-06,0,objective,0.1,0.01,opt,0.721455197017934,0.7218036091380303,0.7222355538491073,0.7544979686593152,0.7559890669382068,0.7501584283903675,0.6938889296456606,0.6940859514187633,0.6989795918367347,0.45482106004127537,0.44775868688807835,0.45440583605298523,"HybridCORELSPreClassifier
if [age_high && Reference person]:
  Employed = False(support 24415, accuracy 0.63322)
else if [Reference person && No disability]:
  Employed = True(support 32444, accuracy 0.84577)
else 
    default: RandomForestClassifier(max_depth=5, min_samples_split=10, random_state=42)(support 68155, accuracy 0.69389 (majority pred 0.528))",2,0.7789882894989442
0,fixed_rf,3.999552050170381e-06,0,objective,0.01,0.001,opt,0.7181195706080918,0.7175801497408332,0.7160203493952774,0.754901615064532,0.7510265024262784,0.7538583091914669,0.6875750388005505,0.6902133600942449,0.6843566800370257,0.45367718815492664,0.4500143981570359,0.4555816855442503,"HybridCORELSPreClassifier
if [age_high && Reference person]:
  Employed = False(support 24400, accuracy 0.63357)
else if [Reference person && No disability]:
  Employed = True(support 32316, accuracy 0.84652)
else 
    default: RandomForestClassifier(max_depth=5, min_samples_split=10, random_state=42)(support 68298, accuracy 0.68758 (majority pred 0.529))",2,0.7792042618544825
1,fixed_rf,3.999552050170381e-06,0,objective,0.01,0.001,opt,0.7279984641720127,0.721755615281244,0.7223795354194663,0.8083066461076187,0.8007303999528774,0.805987741631306,0.6734159187402591,0.667463049200243,0.6649530440414507,0.4046426800198378,0.40739585333077366,0.40717988097523516,"HybridCORELSPreClassifier
if [Disability && age_high]:
  Employed = False(support 12153, accuracy 0.85452)
else if [Husband/wife && Male]:
  Employed = True(support 10878, accuracy 0.80428)
else if [Husband/wife && age_high]:
  Employed = False(support 6261, accuracy 0.69382)
else if [Bachelor's degree && age_medium]:
  Employed = True(support 7378, accuracy 0.81038)
else if [age_low && Reference person]:
  Employed = True(support 13916, accuracy 0.82150)
else 
    default: RandomForestClassifier(max_depth=5, min_samples_split=10, random_state=42)(support 74428, accuracy 0.67342 (majority pred 0.574))",5,0.7808840468420042
2,fixed_rf,3.999552050170381e-06,0,objective,0.01,0.001,opt,0.7258067096485193,0.7249232098291418,0.726099059320407,0.80601934083284,0.8065125058990089,0.8070258442249689,0.6711368772194125,0.6689724919093851,0.6708395590195049,0.4053146047642664,0.4067959301209445,0.4057640622000384,"HybridCORELSPreClassifier
if [Disability && age_high]:
  Employed = False(support 12139, accuracy 0.85180)
else if [Husband/wife && Male]:
  Employed = True(support 10872, accuracy 0.80390)
else if [Husband/wife && age_high]:
  Employed = False(support 6115, accuracy 0.68357)
else if [Bachelor's degree && age_medium]:
  Employed = True(support 7453, accuracy 0.80934)
else if [age_low && Reference person]:
  Employed = True(support 14091, accuracy 0.81960)
else 
    default: RandomForestClassifier(max_depth=5, min_samples_split=10, random_state=42)(support 74344, accuracy 0.67114 (majority pred 0.572))",5,0.7837396813207909
3,fixed_rf,3.999552050170381e-06,0,objective,0.01,0.001,opt,0.7214711952261347,0.7212036859282012,0.7165722787483202,0.7547332792722914,0.7586225250159676,0.746832101372756,0.6938407919400188,0.6904824331410593,0.6913601970790075,0.45375717919593006,0.4508542906507967,0.4545018237665579,"HybridCORELSPreClassifier
if [age_high && Reference person]:
  Employed = False(support 24357, accuracy 0.63325)
else if [Reference person && No disability]:
  Employed = True(support 32369, accuracy 0.84615)
else 
    default: RandomForestClassifier(max_depth=5, min_samples_split=10, random_state=42)(support 68288, accuracy 0.69384 (majority pred 0.530))",2,0.7792042618544827
4,fixed_rf,3.999552050170381e-06,0,objective,0.01,0.001,opt,0.721455197017934,0.7218036091380303,0.7222355538491073,0.7544979686593152,0.7559890669382068,0.7501584283903675,0.6938889296456606,0.6940859514187633,0.6989795918367347,0.45482106004127537,0.44775868688807835,0.45440583605298523,"HybridCORELSPreClassifier
if [age_high && Reference person]:
  Employed = False(support 24415, accuracy 0.63322)
else if [Reference person && No disability]:
  Employed = True(support 32444, accuracy 0.84577)
else 
    default: RandomForestClassifier(max_depth=5, min_samples_split=10, random_state=42)(support 68155, accuracy 0.69389 (majority pred 0.528))",2,0.7789882894989442
0,fixed_rf,3.999552050170381e-06,0,objective,0.05,0.001,opt,0.7198233797814645,0.7207237473603378,0.7180360913803033,0.8005977286312015,0.7928473831164974,0.8035617916891528,0.6656420399871699,0.6718466927009944,0.6609721944388878,0.40147503479610286,0.4039402956421578,0.40019677481282395,"HybridCORELSPreClassifier
if [age_low && Reference person]:
  Employed = True(support 13923, accuracy 0.82159)
else if [age_medium && No disability]:
  Employed = True(support 36267, accuracy 0.79254)
else 
    default: RandomForestClassifier(max_depth=5, min_samples_split=10, random_state=42)(support 74824, accuracy 0.66564 (majority pred 0.570))",2,0.7764206181608754
1,fixed_rf,3.999552050170381e-06,0,objective,0.05,0.001,opt,0.727206552866079,0.7208677289306968,0.721755615281244,0.8027561247216035,0.7939625386433897,0.7958616612474135,0.6763643176404465,0.6729692154915591,0.6711233186573494,0.40225894699793624,0.39587732770205414,0.4059080437703974,"HybridCORELSPreClassifier
if [age_low && Reference person]:
  Employed = True(support 13916, accuracy 0.82150)
else if [age_medium && No disability]:
  Employed = True(support 36372, accuracy 0.79558)
else 
    default: RandomForestClassifier(max_depth=5, min_samples_split=10, random_state=42)(support 74726, accuracy 0.67636 (majority pred 0.569))",2,0.7722931464772509
2,fixed_rf,3.999552050170381e-06,0,objective,0.05,0.001,opt,0.7229510294846977,0.7212756767133807,0.7241553081205606,0.8008903197599316,0.7977635022602902,0.7976944897096988,0.6704464823616039,0.669549477071601,0.6756164601840418,0.4025069192250468,0.40343636014590134,0.39760510654636205,"HybridCORELSPreClassifier
if [age_low && Reference person]:
  Employed = True(support 14091, accuracy 0.81960)
else if [age_medium && No disability]:
  Employed = True(support 36228, accuracy 0.79361)
else 
    default: RandomForestClassifier(max_depth=5, min_samples_split=10, random_state=42)(support 74695, accuracy 0.67045 (majority pred 0.568))",2,0.7755567287387215
3,fixed_rf,3.999552050170381e-06,0,objective,0.05,0.001,opt,0.7224950805509783,0.7218516029948167,0.717700134382799,0.8008427412943234,0.8003114518447533,0.7952911574406901,0.6697277181333833,0.6694026265214607,0.6658526821457166,0.4024509254963444,0.4006527164522941,0.40055672873872145,"HybridCORELSPreClassifier
if [age_low && Reference person]:
  Employed = True(support 13886, accuracy 0.82183)
else if [age_medium && No disability]:
  Employed = True(support 36426, accuracy 0.79284)
else 
    default: RandomForestClassifier(max_depth=5, min_samples_split=10, random_state=42)(support 74702, accuracy 0.66973 (majority pred 0.568))",2,0.7760366673065848
4,fixed_rf,3.999552050170381e-06,0,objective,0.05,0.001,opt,0.721455197017934,0.7218036091380303,0.7222355538491073,0.7544979686593152,0.7559890669382068,0.7501584283903675,0.6938889296456606,0.6940859514187633,0.6989795918367347,0.45482106004127537,0.44775868688807835,0.45440583605298523,"HybridCORELSPreClassifier
if [age_high && Reference person]:
  Employed = False(support 24415, accuracy 0.63322)
else if [Reference person && No disability]:
  Employed = True(support 32444, accuracy 0.84577)
else 
    default: RandomForestClassifier(max_depth=5, min_samples_split=10, random_state=42)(support 68155, accuracy 0.69389 (majority pred 0.528))",2,0.7789882894989442
0,fixed_rf,3.999552050170381e-06,0,objective,0.1,0.001,opt,0.7198233797814645,0.7207237473603378,0.7180360913803033,0.8005977286312015,0.7928473831164974,0.8035617916891528,0.6656420399871699,0.6718466927009944,0.6609721944388878,0.40147503479610286,0.4039402956421578,0.40019677481282395,"HybridCORELSPreClassifier
if [age_low && Reference person]:
  Employed = True(support 13923, accuracy 0.82159)
else if [age_medium && No disability]:
  Employed = True(support 36267, accuracy 0.79254)
else 
    default: RandomForestClassifier(max_depth=5, min_samples_split=10, random_state=42)(support 74824, accuracy 0.66564 (majority pred 0.570))",2,0.7764206181608754
1,fixed_rf,3.999552050170381e-06,0,objective,0.1,0.001,opt,0.727206552866079,0.7208677289306968,0.721755615281244,0.8027561247216035,0.7939625386433897,0.7958616612474135,0.6763643176404465,0.6729692154915591,0.6711233186573494,0.40225894699793624,0.39587732770205414,0.4059080437703974,"HybridCORELSPreClassifier
if [age_low && Reference person]:
  Employed = True(support 13916, accuracy 0.82150)
else if [age_medium && No disability]:
  Employed = True(support 36372, accuracy 0.79558)
else 
    default: RandomForestClassifier(max_depth=5, min_samples_split=10, random_state=42)(support 74726, accuracy 0.67636 (majority pred 0.569))",2,0.7722931464772509
2,fixed_rf,3.999552050170381e-06,0,objective,0.1,0.001,opt,0.7229510294846977,0.7212756767133807,0.7241553081205606,0.8008903197599316,0.7977635022602902,0.7976944897096988,0.6704464823616039,0.669549477071601,0.6756164601840418,0.4025069192250468,0.40343636014590134,0.39760510654636205,"HybridCORELSPreClassifier
if [age_low && Reference person]:
  Employed = True(support 14091, accuracy 0.81960)
else if [age_medium && No disability]:
  Employed = True(support 36228, accuracy 0.79361)
else 
    default: RandomForestClassifier(max_depth=5, min_samples_split=10, random_state=42)(support 74695, accuracy 0.67045 (majority pred 0.568))",2,0.7755567287387215
3,fixed_rf,3.999552050170381e-06,0,objective,0.1,0.001,opt,0.7224950805509783,0.7218516029948167,0.717700134382799,0.8008427412943234,0.8003114518447533,0.7952911574406901,0.6697277181333833,0.6694026265214607,0.6658526821457166,0.4024509254963444,0.4006527164522941,0.40055672873872145,"HybridCORELSPreClassifier
if [age_low && Reference person]:
  Employed = True(support 13886, accuracy 0.82183)
else if [age_medium && No disability]:
  Employed = True(support 36426, accuracy 0.79284)
else 
    default: RandomForestClassifier(max_depth=5, min_samples_split=10, random_state=42)(support 74702, accuracy 0.66973 (majority pred 0.568))",2,0.7760366673065848
4,fixed_rf,3.999552050170381e-06,0,objective,0.1,0.001,opt,0.721455197017934,0.7218036091380303,0.7222355538491073,0.7544979686593152,0.7559890669382068,0.7501584283903675,0.6938889296456606,0.6940859514187633,0.6989795918367347,0.45482106004127537,0.44775868688807835,0.45440583605298523,"HybridCORELSPreClassifier
if [age_high && Reference person]:
  Employed = False(support 24415, accuracy 0.63322)
else if [Reference person && No disability]:
  Employed = True(support 32444, accuracy 0.84577)
else 
    default: RandomForestClassifier(max_depth=5, min_samples_split=10, random_state=42)(support 68155, accuracy 0.69389 (majority pred 0.528))",2,0.7789882894989442
0,fixed_rf,3.999552050170381e-06,0,objective,0.01,0.0001,opt,0.7208632633145088,0.7220915722787483,0.719715876367825,0.7795154799378412,0.7846806983975125,0.7829499486807946,0.6815156375300722,0.6801346801346801,0.6780039029829942,0.4015070312125042,0.40132463044730277,0.39746112497600306,"HybridCORELSPreClassifier
if [Disability && age_high]:
  Employed = False(support 12285, accuracy 0.85014)
else if [Husband/wife && Male]:
  Employed = True(support 10841, accuracy 0.80076)
else if [Husband/wife && age_high]:
  Employed = False(support 6253, accuracy 0.68575)
else if [Widowed && age_high]:
  Employed = False(support 3358, accuracy 0.74628)
else if [Bachelor's degree && age_high]:
  Employed = False(support 3517, accuracy 0.50782)
else if [Bachelor's degree && No disability]:
  Employed = True(support 13940, accuracy 0.81937)
else 
    default: RandomForestClassifier(max_depth=5, min_samples_split=10, random_state=42)(support 74820, accuracy 0.68152 (majority pred 0.613))",6,0.7850115185256287
1,fixed_rf,3.999552050170381e-06,0,objective,0.01,0.0001,opt,0.7279984641720127,0.721755615281244,0.7223795354194663,0.8083066461076187,0.8007303999528774,0.805987741631306,0.6734159187402591,0.667463049200243,0.6649530440414507,0.4046426800198378,0.40739585333077366,0.40717988097523516,"HybridCORELSPreClassifier
if [Disability && age_high]:
  Employed = False(support 12153, accuracy 0.85452)
else if [Husband/wife && Male]:
  Employed = True(support 10878, accuracy 0.80428)
else if [Husband/wife && age_high]:
  Employed = False(support 6261, accuracy 0.69382)
else if [Bachelor's degree && age_medium]:
  Employed = True(support 7378, accuracy 0.81038)
else if [age_low && Reference person]:
  Employed = True(support 13916, accuracy 0.82150)
else 
    default: RandomForestClassifier(max_depth=5, min_samples_split=10, random_state=42)(support 74428, accuracy 0.67342 (majority pred 0.574))",5,0.7808840468420042
2,fixed_rf,3.999552050170381e-06,0,objective,0.01,0.0001,opt,0.7258067096485193,0.7249232098291418,0.726099059320407,0.80601934083284,0.8065125058990089,0.8070258442249689,0.6711368772194125,0.6689724919093851,0.6708395590195049,0.4053146047642664,0.4067959301209445,0.4057640622000384,"HybridCORELSPreClassifier
if [Disability && age_high]:
  Employed = False(support 12139, accuracy 0.85180)
else if [Husband/wife && Male]:
  Employed = True(support 10872, accuracy 0.80390)
else if [Husband/wife && age_high]:
  Employed = False(support 6115, accuracy 0.68357)
else if [Bachelor's degree && age_medium]:
  Employed = True(support 7453, accuracy 0.80934)
else if [age_low && Reference person]:
  Employed = True(support 14091, accuracy 0.81960)
else 
    default: RandomForestClassifier(max_depth=5, min_samples_split=10, random_state=42)(support 74344, accuracy 0.67114 (majority pred 0.572))",5,0.7837396813207909
3,fixed_rf,3.999552050170381e-06,0,objective,0.01,0.0001,opt,0.7231830035036076,0.7226674985601843,0.7183240545210213,0.8070607715203721,0.8073951760334965,0.8030042154010568,0.665899330937092,0.6645357070604896,0.6608804220870756,0.4058025501143872,0.40691591476291034,0.40418026492608944,"HybridCORELSPreClassifier
if [Disability && age_high]:
  Employed = False(support 12207, accuracy 0.85287)
else if [Husband/wife && Male]:
  Employed = True(support 10894, accuracy 0.80430)
else if [Husband/wife && age_high]:
  Employed = False(support 6232, accuracy 0.68421)
else if [Bachelor's degree && age_medium]:
  Employed = True(support 7512, accuracy 0.81124)
else if [age_low && Reference person]:
  Employed = True(support 13886, accuracy 0.82183)
else 
    default: RandomForestClassifier(max_depth=5, min_samples_split=10, random_state=42)(support 74283, accuracy 0.66590 (majority pred 0.572))",5,0.7838836628911499
4,fixed_rf,3.999552050170381e-06,0,objective,0.01,0.0001,opt,0.7238949237685379,0.7266989825302361,0.7266509886734498,0.8053981479653286,0.809098914000587,0.8062793044097573,0.6683878602068122,0.6697243982627755,0.6726020223180115,0.4051306253699586,0.40878767517757725,0.40432424649644844,"HybridCORELSPreClassifier
if [Disability && age_high]:
  Employed = False(support 12174, accuracy 0.85075)
else if [Husband/wife && Male]:
  Employed = True(support 10911, accuracy 0.79901)
else if [Husband/wife && age_high]:
  Employed = False(support 6143, accuracy 0.68436)
else if [Bachelor's degree && age_medium]:
  Employed = True(support 7398, accuracy 0.81035)
else if [age_low && Reference person]:
  Employed = True(support 14021, accuracy 0.82141)
else 
    default: RandomForestClassifier(max_depth=5, min_samples_split=10, random_state=42)(support 74367, accuracy 0.66839 (majority pred 0.570))",5,0.7851794970243808
0,fixed_rf,3.999552050170381e-06,0,objective,0.05,0.0001,opt,0.7208152686899068,0.723051449414475,0.7205077750047993,0.805307642295644,0.8067346454825706,0.8089435703300604,0.6630620682225244,0.6661425576519916,0.6601389001049827,0.40601052682099603,0.4047801881359186,0.4056920714148589,"HybridCORELSPreClassifier
if [Disability && age_high]:
  Employed = False(support 12285, accuracy 0.85014)
else if [Husband/wife && Male]:
  Employed = True(support 10841, accuracy 0.80076)
else if [Husband/wife && age_high]:
  Employed = False(support 6253, accuracy 0.68575)
else if [Bachelor's degree && age_medium]:
  Employed = True(support 7455, accuracy 0.80791)
else if [age_low && Reference person]:
  Employed = True(support 13923, accuracy 0.82159)
else 
    default: RandomForestClassifier(max_depth=5, min_samples_split=10, random_state=42)(support 74257, accuracy 0.66306 (majority pred 0.572))",5,0.7853714724515262
1,fixed_rf,3.999552050170381e-06,0,objective,0.05,0.0001,opt,0.7279984641720127,0.721755615281244,0.7223795354194663,0.8083066461076187,0.8007303999528774,0.805987741631306,0.6734159187402591,0.667463049200243,0.6649530440414507,0.4046426800198378,0.40739585333077366,0.40717988097523516,"HybridCORELSPreClassifier
if [Disability && age_high]:
  Employed = False(support 12153, accuracy 0.85452)
else if [Husband/wife && Male]:
  Employed = True(support 10878, accuracy 0.80428)
else if [Husband/wife && age_high]:
  Employed = False(support 6261, accuracy 0.69382)
else if [Bachelor's degree && age_medium]:
  Employed = True(support 7378, accuracy 0.81038)
else if [age_low && Reference person]:
  Employed = True(support 13916, accuracy 0.82150)
else 
    default: RandomForestClassifier(max_depth=5, min_samples_split=10, random_state=42)(support 74428, accuracy 0.67342 (majority pred 0.574))",5,0.7808840468420042
2,fixed_rf,3.999552050170381e-06,0,objective,0.05,0.0001,opt,0.7258067096485193,0.7249232098291418,0.726099059320407,0.80601934083284,0.8065125058990089,0.8070258442249689,0.6711368772194125,0.6689724919093851,0.6708395590195049,0.4053146047642664,0.4067959301209445,0.4057640622000384,"HybridCORELSPreClassifier
if [Disability && age_high]:
  Employed = False(support 12139, accuracy 0.85180)
else if [Husband/wife && Male]:
  Employed = True(support 10872, accuracy 0.80390)
else if [Husband/wife && age_high]:
  Employed = False(support 6115, accuracy 0.68357)
else if [Bachelor's degree && age_medium]:
  Employed = True(support 7453, accuracy 0.80934)
else if [age_low && Reference person]:
  Employed = True(support 14091, accuracy 0.81960)
else 
    default: RandomForestClassifier(max_depth=5, min_samples_split=10, random_state=42)(support 74344, accuracy 0.67114 (majority pred 0.572))",5,0.7837396813207909
3,fixed_rf,3.999552050170381e-06,0,objective,0.05,0.0001,opt,0.7231830035036076,0.7226674985601843,0.7183240545210213,0.8070607715203721,0.8073951760334965,0.8030042154010568,0.665899330937092,0.6645357070604896,0.6608804220870756,0.4058025501143872,0.40691591476291034,0.40418026492608944,"HybridCORELSPreClassifier
if [Disability && age_high]:
  Employed = False(support 12207, accuracy 0.85287)
else if [Husband/wife && Male]:
  Employed = True(support 10894, accuracy 0.80430)
else if [Husband/wife && age_high]:
  Employed = False(support 6232, accuracy 0.68421)
else if [Bachelor's degree && age_medium]:
  Employed = True(support 7512, accuracy 0.81124)
else if [age_low && Reference person]:
  Employed = True(support 13886, accuracy 0.82183)
else 
    default: RandomForestClassifier(max_depth=5, min_samples_split=10, random_state=42)(support 74283, accuracy 0.66590 (majority pred 0.572))",5,0.7838836628911499
4,fixed_rf,3.999552050170381e-06,0,objective,0.05,0.0001,opt,0.7238949237685379,0.7266989825302361,0.7266509886734498,0.8053981479653286,0.809098914000587,0.8062793044097573,0.6683878602068122,0.6697243982627755,0.6726020223180115,0.4051306253699586,0.40878767517757725,0.40432424649644844,"HybridCORELSPreClassifier
if [Disability && age_high]:
  Employed = False(support 12174, accuracy 0.85075)
else if [Husband/wife && Male]:
  Employed = True(support 10911, accuracy 0.79901)
else if [Husband/wife && age_high]:
  Employed = False(support 6143, accuracy 0.68436)
else if [Bachelor's degree && age_medium]:
  Employed = True(support 7398, accuracy 0.81035)
else if [age_low && Reference person]:
  Employed = True(support 14021, accuracy 0.82141)
else 
    default: RandomForestClassifier(max_depth=5, min_samples_split=10, random_state=42)(support 74367, accuracy 0.66839 (majority pred 0.570))",5,0.7851794970243808
0,fixed_rf,3.999552050170381e-06,0,objective,0.1,0.0001,opt,0.7198233797814645,0.7207237473603378,0.7180360913803033,0.8005977286312015,0.7928473831164974,0.8035617916891528,0.6656420399871699,0.6718466927009944,0.6609721944388878,0.40147503479610286,0.4039402956421578,0.40019677481282395,"HybridCORELSPreClassifier
if [age_low && Reference person]:
  Employed = True(support 13923, accuracy 0.82159)
else if [age_medium && No disability]:
  Employed = True(support 36267, accuracy 0.79254)
else 
    default: RandomForestClassifier(max_depth=5, min_samples_split=10, random_state=42)(support 74824, accuracy 0.66564 (majority pred 0.570))",2,0.7764206181608754
1,fixed_rf,3.999552050170381e-06,0,objective,0.1,0.0001,opt,0.727206552866079,0.7208677289306968,0.721755615281244,0.8027561247216035,0.7939625386433897,0.7958616612474135,0.6763643176404465,0.6729692154915591,0.6711233186573494,0.40225894699793624,0.39587732770205414,0.4059080437703974,"HybridCORELSPreClassifier
if [age_low && Reference person]:
  Employed = True(support 13916, accuracy 0.82150)
else if [age_medium && No disability]:
  Employed = True(support 36372, accuracy 0.79558)
else 
    default: RandomForestClassifier(max_depth=5, min_samples_split=10, random_state=42)(support 74726, accuracy 0.67636 (majority pred 0.569))",2,0.7722931464772509
2,fixed_rf,3.999552050170381e-06,0,objective,0.1,0.0001,opt,0.7229510294846977,0.7212756767133807,0.7241553081205606,0.8008903197599316,0.7977635022602902,0.7976944897096988,0.6704464823616039,0.669549477071601,0.6756164601840418,0.4025069192250468,0.40343636014590134,0.39760510654636205,"HybridCORELSPreClassifier
if [age_low && Reference person]:
  Employed = True(support 14091, accuracy 0.81960)
else if [age_medium && No disability]:
  Employed = True(support 36228, accuracy 0.79361)
else 
    default: RandomForestClassifier(max_depth=5, min_samples_split=10, random_state=42)(support 74695, accuracy 0.67045 (majority pred 0.568))",2,0.7755567287387215
3,fixed_rf,3.999552050170381e-06,0,objective,0.1,0.0001,opt,0.7224950805509783,0.7218516029948167,0.717700134382799,0.8008427412943234,0.8003114518447533,0.7952911574406901,0.6697277181333833,0.6694026265214607,0.6658526821457166,0.4024509254963444,0.4006527164522941,0.40055672873872145,"HybridCORELSPreClassifier
if [age_low && Reference person]:
  Employed = True(support 13886, accuracy 0.82183)
else if [age_medium && No disability]:
  Employed = True(support 36426, accuracy 0.79284)
else 
    default: RandomForestClassifier(max_depth=5, min_samples_split=10, random_state=42)(support 74702, accuracy 0.66973 (majority pred 0.568))",2,0.7760366673065848
4,fixed_rf,3.999552050170381e-06,0,objective,0.1,0.0001,opt,0.721455197017934,0.7218036091380303,0.7222355538491073,0.7544979686593152,0.7559890669382068,0.7501584283903675,0.6938889296456606,0.6940859514187633,0.6989795918367347,0.45482106004127537,0.44775868688807835,0.45440583605298523,"HybridCORELSPreClassifier
if [age_high && Reference person]:
  Employed = False(support 24415, accuracy 0.63322)
else if [Reference person && No disability]:
  Employed = True(support 32444, accuracy 0.84577)
else 
    default: RandomForestClassifier(max_depth=5, min_samples_split=10, random_state=42)(support 68155, accuracy 0.69389 (majority pred 0.528))",2,0.7789882894989442
0,fixed_rf,3.999552050170381e-06,0,lower_bound,0.01,0.01,opt,0.7181195706080918,0.7175801497408332,0.7160203493952774,0.754901615064532,0.7510265024262784,0.7538583091914669,0.6875750388005505,0.6902133600942449,0.6843566800370257,0.45367718815492664,0.4500143981570359,0.4555816855442503,"HybridCORELSPreClassifier
if [age_high && Reference person]:
  Employed = False(support 24400, accuracy 0.63357)
else if [Reference person && No disability]:
  Employed = True(support 32316, accuracy 0.84652)
else 
    default: RandomForestClassifier(max_depth=5, min_samples_split=10, random_state=42)(support 68298, accuracy 0.68758 (majority pred 0.529))",2,0.7792042618544825
1,fixed_rf,3.999552050170381e-06,0,lower_bound,0.01,0.01,opt,0.7260786791879309,0.7204837780764062,0.7218516029948167,0.7555068802882832,0.7507561687450252,0.7523423518265081,0.7017236086136573,0.6954921803127875,0.6963041368968863,0.45283728222439085,0.45222211556920716,0.4558936456133615,"HybridCORELSPreClassifier
if [age_high && Reference person]:
  Employed = False(support 24211, accuracy 0.63335)
else if [Reference person && No disability]:
  Employed = True(support 32400, accuracy 0.84679)
else 
    default: RandomForestClassifier(max_depth=5, min_samples_split=10, random_state=42)(support 68403, accuracy 0.70172 (majority pred 0.530))",2,0.7764206181608753
2,fixed_rf,3.999552050170381e-06,0,lower_bound,0.01,0.01,opt,0.7227270545698882,0.721323670570167,0.7242992896909196,0.754248043432278,0.7534485492310131,0.7534173714164141,0.6965378869980375,0.6946068304689904,0.7003629049888505,0.4538051738205321,0.45404588212708774,0.45116625071990785,"HybridCORELSPreClassifier
if [age_high && Reference person]:
  Employed = False(support 24290, accuracy 0.63063)
else if [Reference person && No disability]:
  Employed = True(support 32442, accuracy 0.84680)
else 
    default: RandomForestClassifier(max_depth=5, min_samples_split=10, random_state=42)(support 68282, accuracy 0.69654 (majority pred 0.529))",2,0.7792522557112689
3,fixed_rf,3.999552050170381e-06,0,lower_bound,0.01,0.01,opt,0.7214711952261347,0.7212036859282012,0.7165722787483202,0.7547332792722914,0.7586225250159676,0.746832101372756,0.6938407919400188,0.6904824331410593,0.6913601970790075,0.45375717919593006,0.4508542906507967,0.4545018237665579,"HybridCORELSPreClassifier
if [age_high && Reference person]:
  Employed = False(support 24357, accuracy 0.63325)
else if [Reference person && No disability]:
  Employed = True(support 32369, accuracy 0.84615)
else 
    default: RandomForestClassifier(max_depth=5, min_samples_split=10, random_state=42)(support 68288, accuracy 0.69384 (majority pred 0.530))",2,0.7792042618544827
4,fixed_rf,3.999552050170381e-06,0,lower_bound,0.01,0.01,opt,0.721455197017934,0.7218036091380303,0.7222355538491073,0.7544979686593152,0.7559890669382068,0.7501584283903675,0.6938889296456606,0.6940859514187633,0.6989795918367347,0.45482106004127537,0.44775868688807835,0.45440583605298523,"HybridCORELSPreClassifier
if [age_high && Reference person]:
  Employed = False(support 24415, accuracy 0.63322)
else if [Reference person && No disability]:
  Employed = True(support 32444, accuracy 0.84577)
else 
    default: RandomForestClassifier(max_depth=5, min_samples_split=10, random_state=42)(support 68155, accuracy 0.69389 (majority pred 0.528))",2,0.7789882894989442
0,fixed_rf,3.999552050170381e-06,0,lower_bound,0.05,0.01,opt,0.7198233797814645,0.7207237473603378,0.7180360913803033,0.8005977286312015,0.7928473831164974,0.8035617916891528,0.6656420399871699,0.6718466927009944,0.6609721944388878,0.40147503479610286,0.4039402956421578,0.40019677481282395,"HybridCORELSPreClassifier
if [age_low && Reference person]:
  Employed = True(support 13923, accuracy 0.82159)
else if [age_medium && No disability]:
  Employed = True(support 36267, accuracy 0.79254)
else 
    default: RandomForestClassifier(max_depth=5, min_samples_split=10, random_state=42)(support 74824, accuracy 0.66564 (majority pred 0.570))",2,0.7764206181608754
1,fixed_rf,3.999552050170381e-06,0,lower_bound,0.05,0.01,opt,0.727206552866079,0.7208677289306968,0.721755615281244,0.8027561247216035,0.7939625386433897,0.7958616612474135,0.6763643176404465,0.6729692154915591,0.6711233186573494,0.40225894699793624,0.39587732770205414,0.4059080437703974,"HybridCORELSPreClassifier
if [age_low && Reference person]:
  Employed = True(support 13916, accuracy 0.82150)
else if [age_medium && No disability]:
  Employed = True(support 36372, accuracy 0.79558)
else 
    default: RandomForestClassifier(max_depth=5, min_samples_split=10, random_state=42)(support 74726, accuracy 0.67636 (majority pred 0.569))",2,0.7722931464772509
2,fixed_rf,3.999552050170381e-06,0,lower_bound,0.05,0.01,opt,0.7229510294846977,0.7212756767133807,0.7241553081205606,0.8008903197599316,0.7977635022602902,0.7976944897096988,0.6704464823616039,0.669549477071601,0.6756164601840418,0.4025069192250468,0.40343636014590134,0.39760510654636205,"HybridCORELSPreClassifier
if [age_low && Reference person]:
  Employed = True(support 14091, accuracy 0.81960)
else if [age_medium && No disability]:
  Employed = True(support 36228, accuracy 0.79361)
else 
    default: RandomForestClassifier(max_depth=5, min_samples_split=10, random_state=42)(support 74695, accuracy 0.67045 (majority pred 0.568))",2,0.7755567287387215
3,fixed_rf,3.999552050170381e-06,0,lower_bound,0.05,0.01,opt,0.7224950805509783,0.7218516029948167,0.717700134382799,0.8008427412943234,0.8003114518447533,0.7952911574406901,0.6697277181333833,0.6694026265214607,0.6658526821457166,0.4024509254963444,0.4006527164522941,0.40055672873872145,"HybridCORELSPreClassifier
if [age_low && Reference person]:
  Employed = True(support 13886, accuracy 0.82183)
else if [age_medium && No disability]:
  Employed = True(support 36426, accuracy 0.79284)
else 
    default: RandomForestClassifier(max_depth=5, min_samples_split=10, random_state=42)(support 74702, accuracy 0.66973 (majority pred 0.568))",2,0.7760366673065848
4,fixed_rf,3.999552050170381e-06,0,lower_bound,0.05,0.01,opt,0.721455197017934,0.7218036091380303,0.7222355538491073,0.7544979686593152,0.7559890669382068,0.7501584283903675,0.6938889296456606,0.6940859514187633,0.6989795918367347,0.45482106004127537,0.44775868688807835,0.45440583605298523,"HybridCORELSPreClassifier
if [age_high && Reference person]:
  Employed = False(support 24415, accuracy 0.63322)
else if [Reference person && No disability]:
  Employed = True(support 32444, accuracy 0.84577)
else 
    default: RandomForestClassifier(max_depth=5, min_samples_split=10, random_state=42)(support 68155, accuracy 0.69389 (majority pred 0.528))",2,0.7789882894989442
0,fixed_rf,3.999552050170381e-06,0,lower_bound,0.1,0.01,opt,0.7198233797814645,0.7207237473603378,0.7180360913803033,0.8005977286312015,0.7928473831164974,0.8035617916891528,0.6656420399871699,0.6718466927009944,0.6609721944388878,0.40147503479610286,0.4039402956421578,0.40019677481282395,"HybridCORELSPreClassifier
if [age_low && Reference person]:
  Employed = True(support 13923, accuracy 0.82159)
else if [age_medium && No disability]:
  Employed = True(support 36267, accuracy 0.79254)
else 
    default: RandomForestClassifier(max_depth=5, min_samples_split=10, random_state=42)(support 74824, accuracy 0.66564 (majority pred 0.570))",2,0.7764206181608754
1,fixed_rf,3.999552050170381e-06,0,lower_bound,0.1,0.01,opt,0.727206552866079,0.7208677289306968,0.721755615281244,0.8027561247216035,0.7939625386433897,0.7958616612474135,0.6763643176404465,0.6729692154915591,0.6711233186573494,0.40225894699793624,0.39587732770205414,0.4059080437703974,"HybridCORELSPreClassifier
if [age_low && Reference person]:
  Employed = True(support 13916, accuracy 0.82150)
else if [age_medium && No disability]:
  Employed = True(support 36372, accuracy 0.79558)
else 
    default: RandomForestClassifier(max_depth=5, min_samples_split=10, random_state=42)(support 74726, accuracy 0.67636 (majority pred 0.569))",2,0.7722931464772509
2,fixed_rf,3.999552050170381e-06,0,lower_bound,0.1,0.01,opt,0.7229510294846977,0.7212756767133807,0.7241553081205606,0.8008903197599316,0.7977635022602902,0.7976944897096988,0.6704464823616039,0.669549477071601,0.6756164601840418,0.4025069192250468,0.40343636014590134,0.39760510654636205,"HybridCORELSPreClassifier
if [age_low && Reference person]:
  Employed = True(support 14091, accuracy 0.81960)
else if [age_medium && No disability]:
  Employed = True(support 36228, accuracy 0.79361)
else 
    default: RandomForestClassifier(max_depth=5, min_samples_split=10, random_state=42)(support 74695, accuracy 0.67045 (majority pred 0.568))",2,0.7755567287387215
3,fixed_rf,3.999552050170381e-06,0,lower_bound,0.1,0.01,opt,0.7224950805509783,0.7218516029948167,0.717700134382799,0.8008427412943234,0.8003114518447533,0.7952911574406901,0.6697277181333833,0.6694026265214607,0.6658526821457166,0.4024509254963444,0.4006527164522941,0.40055672873872145,"HybridCORELSPreClassifier
if [age_low && Reference person]:
  Employed = True(support 13886, accuracy 0.82183)
else if [age_medium && No disability]:
  Employed = True(support 36426, accuracy 0.79284)
else 
    default: RandomForestClassifier(max_depth=5, min_samples_split=10, random_state=42)(support 74702, accuracy 0.66973 (majority pred 0.568))",2,0.7760366673065848
4,fixed_rf,3.999552050170381e-06,0,lower_bound,0.1,0.01,opt,0.721455197017934,0.7218036091380303,0.7222355538491073,0.7544979686593152,0.7559890669382068,0.7501584283903675,0.6938889296456606,0.6940859514187633,0.6989795918367347,0.45482106004127537,0.44775868688807835,0.45440583605298523,"HybridCORELSPreClassifier
if [age_high && Reference person]:
  Employed = False(support 24415, accuracy 0.63322)
else if [Reference person && No disability]:
  Employed = True(support 32444, accuracy 0.84577)
else 
    default: RandomForestClassifier(max_depth=5, min_samples_split=10, random_state=42)(support 68155, accuracy 0.69389 (majority pred 0.528))",2,0.7789882894989442
0,fixed_rf,3.999552050170381e-06,0,lower_bound,0.01,0.001,opt,0.7181195706080918,0.7175801497408332,0.7160203493952774,0.754901615064532,0.7510265024262784,0.7538583091914669,0.6875750388005505,0.6902133600942449,0.6843566800370257,0.45367718815492664,0.4500143981570359,0.4555816855442503,"HybridCORELSPreClassifier
if [age_high && Reference person]:
  Employed = False(support 24400, accuracy 0.63357)
else if [Reference person && No disability]:
  Employed = True(support 32316, accuracy 0.84652)
else 
    default: RandomForestClassifier(max_depth=5, min_samples_split=10, random_state=42)(support 68298, accuracy 0.68758 (majority pred 0.529))",2,0.7792042618544825
1,fixed_rf,3.999552050170381e-06,0,lower_bound,0.01,0.001,opt,0.7279984641720127,0.721755615281244,0.7223795354194663,0.8083066461076187,0.8007303999528774,0.805987741631306,0.6734159187402591,0.667463049200243,0.6649530440414507,0.4046426800198378,0.40739585333077366,0.40717988097523516,"HybridCORELSPreClassifier
if [Disability && age_high]:
  Employed = False(support 12153, accuracy 0.85452)
else if [Husband/wife && Male]:
  Employed = True(support 10878, accuracy 0.80428)
else if [Husband/wife && age_high]:
  Employed = False(support 6261, accuracy 0.69382)
else if [Bachelor's degree && age_medium]:
  Employed = True(support 7378, accuracy 0.81038)
else if [age_low && Reference person]:
  Employed = True(support 13916, accuracy 0.82150)
else 
    default: RandomForestClassifier(max_depth=5, min_samples_split=10, random_state=42)(support 74428, accuracy 0.67342 (majority pred 0.574))",5,0.7808840468420042
2,fixed_rf,3.999552050170381e-06,0,lower_bound,0.01,0.001,opt,0.7258067096485193,0.7249232098291418,0.726099059320407,0.80601934083284,0.8065125058990089,0.8070258442249689,0.6711368772194125,0.6689724919093851,0.6708395590195049,0.4053146047642664,0.4067959301209445,0.4057640622000384,"HybridCORELSPreClassifier
if [Disability && age_high]:
  Employed = False(support 12139, accuracy 0.85180)
else if [Husband/wife && Male]:
  Employed = True(support 10872, accuracy 0.80390)
else if [Husband/wife && age_high]:
  Employed = False(support 6115, accuracy 0.68357)
else if [Bachelor's degree && age_medium]:
  Employed = True(support 7453, accuracy 0.80934)
else if [age_low && Reference person]:
  Employed = True(support 14091, accuracy 0.81960)
else 
    default: RandomForestClassifier(max_depth=5, min_samples_split=10, random_state=42)(support 74344, accuracy 0.67114 (majority pred 0.572))",5,0.7837396813207909
3,fixed_rf,3.999552050170381e-06,0,lower_bound,0.01,0.001,opt,0.7214711952261347,0.7212036859282012,0.7165722787483202,0.7547332792722914,0.7586225250159676,0.746832101372756,0.6938407919400188,0.6904824331410593,0.6913601970790075,0.45375717919593006,0.4508542906507967,0.4545018237665579,"HybridCORELSPreClassifier
if [age_high && Reference person]:
  Employed = False(support 24357, accuracy 0.63325)
else if [Reference person && No disability]:
  Employed = True(support 32369, accuracy 0.84615)
else 
    default: RandomForestClassifier(max_depth=5, min_samples_split=10, random_state=42)(support 68288, accuracy 0.69384 (majority pred 0.530))",2,0.7792042618544827
4,fixed_rf,3.999552050170381e-06,0,lower_bound,0.01,0.001,opt,0.721455197017934,0.7218036091380303,0.7222355538491073,0.7544979686593152,0.7559890669382068,0.7501584283903675,0.6938889296456606,0.6940859514187633,0.6989795918367347,0.45482106004127537,0.44775868688807835,0.45440583605298523,"HybridCORELSPreClassifier
if [age_high && Reference person]:
  Employed = False(support 24415, accuracy 0.63322)
else if [Reference person && No disability]:
  Employed = True(support 32444, accuracy 0.84577)
else 
    default: RandomForestClassifier(max_depth=5, min_samples_split=10, random_state=42)(support 68155, accuracy 0.69389 (majority pred 0.528))",2,0.7789882894989442
0,fixed_rf,3.999552050170381e-06,0,lower_bound,0.05,0.001,opt,0.7198233797814645,0.7207237473603378,0.7180360913803033,0.8005977286312015,0.7928473831164974,0.8035617916891528,0.6656420399871699,0.6718466927009944,0.6609721944388878,0.40147503479610286,0.4039402956421578,0.40019677481282395,"HybridCORELSPreClassifier
if [age_low && Reference person]:
  Employed = True(support 13923, accuracy 0.82159)
else if [age_medium && No disability]:
  Employed = True(support 36267, accuracy 0.79254)
else 
    default: RandomForestClassifier(max_depth=5, min_samples_split=10, random_state=42)(support 74824, accuracy 0.66564 (majority pred 0.570))",2,0.7764206181608754
1,fixed_rf,3.999552050170381e-06,0,lower_bound,0.05,0.001,opt,0.727206552866079,0.7208677289306968,0.721755615281244,0.8027561247216035,0.7939625386433897,0.7958616612474135,0.6763643176404465,0.6729692154915591,0.6711233186573494,0.40225894699793624,0.39587732770205414,0.4059080437703974,"HybridCORELSPreClassifier
if [age_low && Reference person]:
  Employed = True(support 13916, accuracy 0.82150)
else if [age_medium && No disability]:
  Employed = True(support 36372, accuracy 0.79558)
else 
    default: RandomForestClassifier(max_depth=5, min_samples_split=10, random_state=42)(support 74726, accuracy 0.67636 (majority pred 0.569))",2,0.7722931464772509
2,fixed_rf,3.999552050170381e-06,0,lower_bound,0.05,0.001,opt,0.7229510294846977,0.7212756767133807,0.7241553081205606,0.8008903197599316,0.7977635022602902,0.7976944897096988,0.6704464823616039,0.669549477071601,0.6756164601840418,0.4025069192250468,0.40343636014590134,0.39760510654636205,"HybridCORELSPreClassifier
if [age_low && Reference person]:
  Employed = True(support 14091, accuracy 0.81960)
else if [age_medium && No disability]:
  Employed = True(support 36228, accuracy 0.79361)
else 
    default: RandomForestClassifier(max_depth=5, min_samples_split=10, random_state=42)(support 74695, accuracy 0.67045 (majority pred 0.568))",2,0.7755567287387215
3,fixed_rf,3.999552050170381e-06,0,lower_bound,0.05,0.001,opt,0.7224950805509783,0.7218516029948167,0.717700134382799,0.8008427412943234,0.8003114518447533,0.7952911574406901,0.6697277181333833,0.6694026265214607,0.6658526821457166,0.4024509254963444,0.4006527164522941,0.40055672873872145,"HybridCORELSPreClassifier
if [age_low && Reference person]:
  Employed = True(support 13886, accuracy 0.82183)
else if [age_medium && No disability]:
  Employed = True(support 36426, accuracy 0.79284)
else 
    default: RandomForestClassifier(max_depth=5, min_samples_split=10, random_state=42)(support 74702, accuracy 0.66973 (majority pred 0.568))",2,0.7760366673065848
4,fixed_rf,3.999552050170381e-06,0,lower_bound,0.05,0.001,opt,0.721455197017934,0.7218036091380303,0.7222355538491073,0.7544979686593152,0.7559890669382068,0.7501584283903675,0.6938889296456606,0.6940859514187633,0.6989795918367347,0.45482106004127537,0.44775868688807835,0.45440583605298523,"HybridCORELSPreClassifier
if [age_high && Reference person]:
  Employed = False(support 24415, accuracy 0.63322)
else if [Reference person && No disability]:
  Employed = True(support 32444, accuracy 0.84577)
else 
    default: RandomForestClassifier(max_depth=5, min_samples_split=10, random_state=42)(support 68155, accuracy 0.69389 (majority pred 0.528))",2,0.7789882894989442
0,fixed_rf,3.999552050170381e-06,0,lower_bound,0.1,0.001,opt,0.7198233797814645,0.7207237473603378,0.7180360913803033,0.8005977286312015,0.7928473831164974,0.8035617916891528,0.6656420399871699,0.6718466927009944,0.6609721944388878,0.40147503479610286,0.4039402956421578,0.40019677481282395,"HybridCORELSPreClassifier
if [age_low && Reference person]:
  Employed = True(support 13923, accuracy 0.82159)
else if [age_medium && No disability]:
  Employed = True(support 36267, accuracy 0.79254)
else 
    default: RandomForestClassifier(max_depth=5, min_samples_split=10, random_state=42)(support 74824, accuracy 0.66564 (majority pred 0.570))",2,0.7764206181608754
1,fixed_rf,3.999552050170381e-06,0,lower_bound,0.1,0.001,opt,0.727206552866079,0.7208677289306968,0.721755615281244,0.8027561247216035,0.7939625386433897,0.7958616612474135,0.6763643176404465,0.6729692154915591,0.6711233186573494,0.40225894699793624,0.39587732770205414,0.4059080437703974,"HybridCORELSPreClassifier
if [age_low && Reference person]:
  Employed = True(support 13916, accuracy 0.82150)
else if [age_medium && No disability]:
  Employed = True(support 36372, accuracy 0.79558)
else 
    default: RandomForestClassifier(max_depth=5, min_samples_split=10, random_state=42)(support 74726, accuracy 0.67636 (majority pred 0.569))",2,0.7722931464772509
2,fixed_rf,3.999552050170381e-06,0,lower_bound,0.1,0.001,opt,0.7229510294846977,0.7212756767133807,0.7241553081205606,0.8008903197599316,0.7977635022602902,0.7976944897096988,0.6704464823616039,0.669549477071601,0.6756164601840418,0.4025069192250468,0.40343636014590134,0.39760510654636205,"HybridCORELSPreClassifier
if [age_low && Reference person]:
  Employed = True(support 14091, accuracy 0.81960)
else if [age_medium && No disability]:
  Employed = True(support 36228, accuracy 0.79361)
else 
    default: RandomForestClassifier(max_depth=5, min_samples_split=10, random_state=42)(support 74695, accuracy 0.67045 (majority pred 0.568))",2,0.7755567287387215
3,fixed_rf,3.999552050170381e-06,0,lower_bound,0.1,0.001,opt,0.7224950805509783,0.7218516029948167,0.717700134382799,0.8008427412943234,0.8003114518447533,0.7952911574406901,0.6697277181333833,0.6694026265214607,0.6658526821457166,0.4024509254963444,0.4006527164522941,0.40055672873872145,"HybridCORELSPreClassifier
if [age_low && Reference person]:
  Employed = True(support 13886, accuracy 0.82183)
else if [age_medium && No disability]:
  Employed = True(support 36426, accuracy 0.79284)
else 
    default: RandomForestClassifier(max_depth=5, min_samples_split=10, random_state=42)(support 74702, accuracy 0.66973 (majority pred 0.568))",2,0.7760366673065848
4,fixed_rf,3.999552050170381e-06,0,lower_bound,0.1,0.001,opt,0.721455197017934,0.7218036091380303,0.7222355538491073,0.7544979686593152,0.7559890669382068,0.7501584283903675,0.6938889296456606,0.6940859514187633,0.6989795918367347,0.45482106004127537,0.44775868688807835,0.45440583605298523,"HybridCORELSPreClassifier
if [age_high && Reference person]:
  Employed = False(support 24415, accuracy 0.63322)
else if [Reference person && No disability]:
  Employed = True(support 32444, accuracy 0.84577)
else 
    default: RandomForestClassifier(max_depth=5, min_samples_split=10, random_state=42)(support 68155, accuracy 0.69389 (majority pred 0.528))",2,0.7789882894989442
0,fixed_rf,3.999552050170381e-06,0,lower_bound,0.01,0.0001,opt,0.7208632633145088,0.7220915722787483,0.719715876367825,0.7795154799378412,0.7846806983975125,0.7829499486807946,0.6815156375300722,0.6801346801346801,0.6780039029829942,0.4015070312125042,0.40132463044730277,0.39746112497600306,"HybridCORELSPreClassifier
if [Disability && age_high]:
  Employed = False(support 12285, accuracy 0.85014)
else if [Husband/wife && Male]:
  Employed = True(support 10841, accuracy 0.80076)
else if [Husband/wife && age_high]:
  Employed = False(support 6253, accuracy 0.68575)
else if [Widowed && age_high]:
  Employed = False(support 3358, accuracy 0.74628)
else if [Bachelor's degree && age_high]:
  Employed = False(support 3517, accuracy 0.50782)
else if [Bachelor's degree && No disability]:
  Employed = True(support 13940, accuracy 0.81937)
else 
    default: RandomForestClassifier(max_depth=5, min_samples_split=10, random_state=42)(support 74820, accuracy 0.68152 (majority pred 0.613))",6,0.7850115185256287
1,fixed_rf,3.999552050170381e-06,0,lower_bound,0.01,0.0001,opt,0.7279984641720127,0.721755615281244,0.7223795354194663,0.8083066461076187,0.8007303999528774,0.805987741631306,0.6734159187402591,0.667463049200243,0.6649530440414507,0.4046426800198378,0.40739585333077366,0.40717988097523516,"HybridCORELSPreClassifier
if [Disability && age_high]:
  Employed = False(support 12153, accuracy 0.85452)
else if [Husband/wife && Male]:
  Employed = True(support 10878, accuracy 0.80428)
else if [Husband/wife && age_high]:
  Employed = False(support 6261, accuracy 0.69382)
else if [Bachelor's degree && age_medium]:
  Employed = True(support 7378, accuracy 0.81038)
else if [age_low && Reference person]:
  Employed = True(support 13916, accuracy 0.82150)
else 
    default: RandomForestClassifier(max_depth=5, min_samples_split=10, random_state=42)(support 74428, accuracy 0.67342 (majority pred 0.574))",5,0.7808840468420042
2,fixed_rf,3.999552050170381e-06,0,lower_bound,0.01,0.0001,opt,0.7258067096485193,0.7249232098291418,0.726099059320407,0.80601934083284,0.8065125058990089,0.8070258442249689,0.6711368772194125,0.6689724919093851,0.6708395590195049,0.4053146047642664,0.4067959301209445,0.4057640622000384,"HybridCORELSPreClassifier
if [Disability && age_high]:
  Employed = False(support 12139, accuracy 0.85180)
else if [Husband/wife && Male]:
  Employed = True(support 10872, accuracy 0.80390)
else if [Husband/wife && age_high]:
  Employed = False(support 6115, accuracy 0.68357)
else if [Bachelor's degree && age_medium]:
  Employed = True(support 7453, accuracy 0.80934)
else if [age_low && Reference person]:
  Employed = True(support 14091, accuracy 0.81960)
else 
    default: RandomForestClassifier(max_depth=5, min_samples_split=10, random_state=42)(support 74344, accuracy 0.67114 (majority pred 0.572))",5,0.7837396813207909
3,fixed_rf,3.999552050170381e-06,0,lower_bound,0.01,0.0001,opt,0.7231830035036076,0.7226674985601843,0.7183240545210213,0.8070607715203721,0.8073951760334965,0.8030042154010568,0.665899330937092,0.6645357070604896,0.6608804220870756,0.4058025501143872,0.40691591476291034,0.40418026492608944,"HybridCORELSPreClassifier
if [Disability && age_high]:
  Employed = False(support 12207, accuracy 0.85287)
else if [Husband/wife && Male]:
  Employed = True(support 10894, accuracy 0.80430)
else if [Husband/wife && age_high]:
  Employed = False(support 6232, accuracy 0.68421)
else if [Bachelor's degree && age_medium]:
  Employed = True(support 7512, accuracy 0.81124)
else if [age_low && Reference person]:
  Employed = True(support 13886, accuracy 0.82183)
else 
    default: RandomForestClassifier(max_depth=5, min_samples_split=10, random_state=42)(support 74283, accuracy 0.66590 (majority pred 0.572))",5,0.7838836628911499
4,fixed_rf,3.999552050170381e-06,0,lower_bound,0.01,0.0001,opt,0.7238949237685379,0.7266989825302361,0.7266509886734498,0.8053981479653286,0.809098914000587,0.8062793044097573,0.6683878602068122,0.6697243982627755,0.6726020223180115,0.4051306253699586,0.40878767517757725,0.40432424649644844,"HybridCORELSPreClassifier
if [Disability && age_high]:
  Employed = False(support 12174, accuracy 0.85075)
else if [Husband/wife && Male]:
  Employed = True(support 10911, accuracy 0.79901)
else if [Husband/wife && age_high]:
  Employed = False(support 6143, accuracy 0.68436)
else if [Bachelor's degree && age_medium]:
  Employed = True(support 7398, accuracy 0.81035)
else if [age_low && Reference person]:
  Employed = True(support 14021, accuracy 0.82141)
else 
    default: RandomForestClassifier(max_depth=5, min_samples_split=10, random_state=42)(support 74367, accuracy 0.66839 (majority pred 0.570))",5,0.7851794970243808
0,fixed_rf,3.999552050170381e-06,0,lower_bound,0.05,0.0001,opt,0.7208152686899068,0.723051449414475,0.7205077750047993,0.805307642295644,0.8067346454825706,0.8089435703300604,0.6630620682225244,0.6661425576519916,0.6601389001049827,0.40601052682099603,0.4047801881359186,0.4056920714148589,"HybridCORELSPreClassifier
if [Disability && age_high]:
  Employed = False(support 12285, accuracy 0.85014)
else if [Husband/wife && Male]:
  Employed = True(support 10841, accuracy 0.80076)
else if [Husband/wife && age_high]:
  Employed = False(support 6253, accuracy 0.68575)
else if [Bachelor's degree && age_medium]:
  Employed = True(support 7455, accuracy 0.80791)
else if [age_low && Reference person]:
  Employed = True(support 13923, accuracy 0.82159)
else 
    default: RandomForestClassifier(max_depth=5, min_samples_split=10, random_state=42)(support 74257, accuracy 0.66306 (majority pred 0.572))",5,0.7853714724515262
1,fixed_rf,3.999552050170381e-06,0,lower_bound,0.05,0.0001,opt,0.7279984641720127,0.721755615281244,0.7223795354194663,0.8083066461076187,0.8007303999528774,0.805987741631306,0.6734159187402591,0.667463049200243,0.6649530440414507,0.4046426800198378,0.40739585333077366,0.40717988097523516,"HybridCORELSPreClassifier
if [Disability && age_high]:
  Employed = False(support 12153, accuracy 0.85452)
else if [Husband/wife && Male]:
  Employed = True(support 10878, accuracy 0.80428)
else if [Husband/wife && age_high]:
  Employed = False(support 6261, accuracy 0.69382)
else if [Bachelor's degree && age_medium]:
  Employed = True(support 7378, accuracy 0.81038)
else if [age_low && Reference person]:
  Employed = True(support 13916, accuracy 0.82150)
else 
    default: RandomForestClassifier(max_depth=5, min_samples_split=10, random_state=42)(support 74428, accuracy 0.67342 (majority pred 0.574))",5,0.7808840468420042
2,fixed_rf,3.999552050170381e-06,0,lower_bound,0.05,0.0001,opt,0.7258067096485193,0.7249232098291418,0.726099059320407,0.80601934083284,0.8065125058990089,0.8070258442249689,0.6711368772194125,0.6689724919093851,0.6708395590195049,0.4053146047642664,0.4067959301209445,0.4057640622000384,"HybridCORELSPreClassifier
if [Disability && age_high]:
  Employed = False(support 12139, accuracy 0.85180)
else if [Husband/wife && Male]:
  Employed = True(support 10872, accuracy 0.80390)
else if [Husband/wife && age_high]:
  Employed = False(support 6115, accuracy 0.68357)
else if [Bachelor's degree && age_medium]:
  Employed = True(support 7453, accuracy 0.80934)
else if [age_low && Reference person]:
  Employed = True(support 14091, accuracy 0.81960)
else 
    default: RandomForestClassifier(max_depth=5, min_samples_split=10, random_state=42)(support 74344, accuracy 0.67114 (majority pred 0.572))",5,0.7837396813207909
3,fixed_rf,3.999552050170381e-06,0,lower_bound,0.05,0.0001,opt,0.7231830035036076,0.7226674985601843,0.7183240545210213,0.8070607715203721,0.8073951760334965,0.8030042154010568,0.665899330937092,0.6645357070604896,0.6608804220870756,0.4058025501143872,0.40691591476291034,0.40418026492608944,"HybridCORELSPreClassifier
if [Disability && age_high]:
  Employed = False(support 12207, accuracy 0.85287)
else if [Husband/wife && Male]:
  Employed = True(support 10894, accuracy 0.80430)
else if [Husband/wife && age_high]:
  Employed = False(support 6232, accuracy 0.68421)
else if [Bachelor's degree && age_medium]:
  Employed = True(support 7512, accuracy 0.81124)
else if [age_low && Reference person]:
  Employed = True(support 13886, accuracy 0.82183)
else 
    default: RandomForestClassifier(max_depth=5, min_samples_split=10, random_state=42)(support 74283, accuracy 0.66590 (majority pred 0.572))",5,0.7838836628911499
4,fixed_rf,3.999552050170381e-06,0,lower_bound,0.05,0.0001,opt,0.7238949237685379,0.7266989825302361,0.7266509886734498,0.8053981479653286,0.809098914000587,0.8062793044097573,0.6683878602068122,0.6697243982627755,0.6726020223180115,0.4051306253699586,0.40878767517757725,0.40432424649644844,"HybridCORELSPreClassifier
if [Disability && age_high]:
  Employed = False(support 12174, accuracy 0.85075)
else if [Husband/wife && Male]:
  Employed = True(support 10911, accuracy 0.79901)
else if [Husband/wife && age_high]:
  Employed = False(support 6143, accuracy 0.68436)
else if [Bachelor's degree && age_medium]:
  Employed = True(support 7398, accuracy 0.81035)
else if [age_low && Reference person]:
  Employed = True(support 14021, accuracy 0.82141)
else 
    default: RandomForestClassifier(max_depth=5, min_samples_split=10, random_state=42)(support 74367, accuracy 0.66839 (majority pred 0.570))",5,0.7851794970243808
0,fixed_rf,3.999552050170381e-06,0,lower_bound,0.1,0.0001,opt,0.7198233797814645,0.7207237473603378,0.7180360913803033,0.8005977286312015,0.7928473831164974,0.8035617916891528,0.6656420399871699,0.6718466927009944,0.6609721944388878,0.40147503479610286,0.4039402956421578,0.40019677481282395,"HybridCORELSPreClassifier
if [age_low && Reference person]:
  Employed = True(support 13923, accuracy 0.82159)
else if [age_medium && No disability]:
  Employed = True(support 36267, accuracy 0.79254)
else 
    default: RandomForestClassifier(max_depth=5, min_samples_split=10, random_state=42)(support 74824, accuracy 0.66564 (majority pred 0.570))",2,0.7764206181608754
1,fixed_rf,3.999552050170381e-06,0,lower_bound,0.1,0.0001,opt,0.727206552866079,0.7208677289306968,0.721755615281244,0.8027561247216035,0.7939625386433897,0.7958616612474135,0.6763643176404465,0.6729692154915591,0.6711233186573494,0.40225894699793624,0.39587732770205414,0.4059080437703974,"HybridCORELSPreClassifier
if [age_low && Reference person]:
  Employed = True(support 13916, accuracy 0.82150)
else if [age_medium && No disability]:
  Employed = True(support 36372, accuracy 0.79558)
else 
    default: RandomForestClassifier(max_depth=5, min_samples_split=10, random_state=42)(support 74726, accuracy 0.67636 (majority pred 0.569))",2,0.7722931464772509
2,fixed_rf,3.999552050170381e-06,0,lower_bound,0.1,0.0001,opt,0.7229510294846977,0.7212756767133807,0.7241553081205606,0.8008903197599316,0.7977635022602902,0.7976944897096988,0.6704464823616039,0.669549477071601,0.6756164601840418,0.4025069192250468,0.40343636014590134,0.39760510654636205,"HybridCORELSPreClassifier
if [age_low && Reference person]:
  Employed = True(support 14091, accuracy 0.81960)
else if [age_medium && No disability]:
  Employed = True(support 36228, accuracy 0.79361)
else 
    default: RandomForestClassifier(max_depth=5, min_samples_split=10, random_state=42)(support 74695, accuracy 0.67045 (majority pred 0.568))",2,0.7755567287387215
3,fixed_rf,3.999552050170381e-06,0,lower_bound,0.1,0.0001,opt,0.7224950805509783,0.7218516029948167,0.717700134382799,0.8008427412943234,0.8003114518447533,0.7952911574406901,0.6697277181333833,0.6694026265214607,0.6658526821457166,0.4024509254963444,0.4006527164522941,0.40055672873872145,"HybridCORELSPreClassifier
if [age_low && Reference person]:
  Employed = True(support 13886, accuracy 0.82183)
else if [age_medium && No disability]:
  Employed = True(support 36426, accuracy 0.79284)
else 
    default: RandomForestClassifier(max_depth=5, min_samples_split=10, random_state=42)(support 74702, accuracy 0.66973 (majority pred 0.568))",2,0.7760366673065848
4,fixed_rf,3.999552050170381e-06,0,lower_bound,0.1,0.0001,opt,0.721455197017934,0.7218036091380303,0.7222355538491073,0.7544979686593152,0.7559890669382068,0.7501584283903675,0.6938889296456606,0.6940859514187633,0.6989795918367347,0.45482106004127537,0.44775868688807835,0.45440583605298523,"HybridCORELSPreClassifier
if [age_high && Reference person]:
  Employed = False(support 24415, accuracy 0.63322)
else if [Reference person && No disability]:
  Employed = True(support 32444, accuracy 0.84577)
else 
    default: RandomForestClassifier(max_depth=5, min_samples_split=10, random_state=42)(support 68155, accuracy 0.69389 (majority pred 0.528))",2,0.7789882894989442
0,fixed_rf,3.999552050170381e-06,0,bfs,0.01,0.01,opt,0.7181195706080918,0.7175801497408332,0.7160203493952774,0.754901615064532,0.7510265024262784,0.7538583091914669,0.6875750388005505,0.6902133600942449,0.6843566800370257,0.45367718815492664,0.4500143981570359,0.4555816855442503,"HybridCORELSPreClassifier
if [age_high && Reference person]:
  Employed = False(support 24400, accuracy 0.63357)
else if [Reference person && No disability]:
  Employed = True(support 32316, accuracy 0.84652)
else 
    default: RandomForestClassifier(max_depth=5, min_samples_split=10, random_state=42)(support 68298, accuracy 0.68758 (majority pred 0.529))",2,0.7792042618544825
1,fixed_rf,3.999552050170381e-06,0,bfs,0.01,0.01,opt,0.7260786791879309,0.7204837780764062,0.7218516029948167,0.7555068802882832,0.7507561687450252,0.7523423518265081,0.7017236086136573,0.6954921803127875,0.6963041368968863,0.45283728222439085,0.45222211556920716,0.4558936456133615,"HybridCORELSPreClassifier
if [age_high && Reference person]:
  Employed = False(support 24211, accuracy 0.63335)
else if [Reference person && No disability]:
  Employed = True(support 32400, accuracy 0.84679)
else 
    default: RandomForestClassifier(max_depth=5, min_samples_split=10, random_state=42)(support 68403, accuracy 0.70172 (majority pred 0.530))",2,0.7764206181608753
2,fixed_rf,3.999552050170381e-06,0,bfs,0.01,0.01,opt,0.7227270545698882,0.721323670570167,0.7242992896909196,0.754248043432278,0.7534485492310131,0.7534173714164141,0.6965378869980375,0.6946068304689904,0.7003629049888505,0.4538051738205321,0.45404588212708774,0.45116625071990785,"HybridCORELSPreClassifier
if [age_high && Reference person]:
  Employed = False(support 24290, accuracy 0.63063)
else if [Reference person && No disability]:
  Employed = True(support 32442, accuracy 0.84680)
else 
    default: RandomForestClassifier(max_depth=5, min_samples_split=10, random_state=42)(support 68282, accuracy 0.69654 (majority pred 0.529))",2,0.7792522557112689
3,fixed_rf,3.999552050170381e-06,0,bfs,0.01,0.01,opt,0.7214711952261347,0.7212036859282012,0.7165722787483202,0.7547332792722914,0.7586225250159676,0.746832101372756,0.6938407919400188,0.6904824331410593,0.6913601970790075,0.45375717919593006,0.4508542906507967,0.4545018237665579,"HybridCORELSPreClassifier
if [age_high && Reference person]:
  Employed = False(support 24357, accuracy 0.63325)
else if [Reference person && No disability]:
  Employed = True(support 32369, accuracy 0.84615)
else 
    default: RandomForestClassifier(max_depth=5, min_samples_split=10, random_state=42)(support 68288, accuracy 0.69384 (majority pred 0.530))",2,0.7792042618544827
4,fixed_rf,3.999552050170381e-06,0,bfs,0.01,0.01,opt,0.721455197017934,0.7218036091380303,0.7222355538491073,0.7544979686593152,0.7559890669382068,0.7501584283903675,0.6938889296456606,0.6940859514187633,0.6989795918367347,0.45482106004127537,0.44775868688807835,0.45440583605298523,"HybridCORELSPreClassifier
if [age_high && Reference person]:
  Employed = False(support 24415, accuracy 0.63322)
else if [Reference person && No disability]:
  Employed = True(support 32444, accuracy 0.84577)
else 
    default: RandomForestClassifier(max_depth=5, min_samples_split=10, random_state=42)(support 68155, accuracy 0.69389 (majority pred 0.528))",2,0.7789882894989442
0,fixed_rf,3.999552050170381e-06,0,bfs,0.05,0.01,opt,0.7198233797814645,0.7207237473603378,0.7180360913803033,0.8005977286312015,0.7928473831164974,0.8035617916891528,0.6656420399871699,0.6718466927009944,0.6609721944388878,0.40147503479610286,0.4039402956421578,0.40019677481282395,"HybridCORELSPreClassifier
if [age_low && Reference person]:
  Employed = True(support 13923, accuracy 0.82159)
else if [age_medium && No disability]:
  Employed = True(support 36267, accuracy 0.79254)
else 
    default: RandomForestClassifier(max_depth=5, min_samples_split=10, random_state=42)(support 74824, accuracy 0.66564 (majority pred 0.570))",2,0.7764206181608754
1,fixed_rf,3.999552050170381e-06,0,bfs,0.05,0.01,opt,0.727206552866079,0.7208677289306968,0.721755615281244,0.8027561247216035,0.7939625386433897,0.7958616612474135,0.6763643176404465,0.6729692154915591,0.6711233186573494,0.40225894699793624,0.39587732770205414,0.4059080437703974,"HybridCORELSPreClassifier
if [age_low && Reference person]:
  Employed = True(support 13916, accuracy 0.82150)
else if [age_medium && No disability]:
  Employed = True(support 36372, accuracy 0.79558)
else 
    default: RandomForestClassifier(max_depth=5, min_samples_split=10, random_state=42)(support 74726, accuracy 0.67636 (majority pred 0.569))",2,0.7722931464772509
2,fixed_rf,3.999552050170381e-06,0,bfs,0.05,0.01,opt,0.7229510294846977,0.7212756767133807,0.7241553081205606,0.8008903197599316,0.7977635022602902,0.7976944897096988,0.6704464823616039,0.669549477071601,0.6756164601840418,0.4025069192250468,0.40343636014590134,0.39760510654636205,"HybridCORELSPreClassifier
if [age_low && Reference person]:
  Employed = True(support 14091, accuracy 0.81960)
else if [age_medium && No disability]:
  Employed = True(support 36228, accuracy 0.79361)
else 
    default: RandomForestClassifier(max_depth=5, min_samples_split=10, random_state=42)(support 74695, accuracy 0.67045 (majority pred 0.568))",2,0.7755567287387215
3,fixed_rf,3.999552050170381e-06,0,bfs,0.05,0.01,opt,0.7224950805509783,0.7218516029948167,0.717700134382799,0.8008427412943234,0.8003114518447533,0.7952911574406901,0.6697277181333833,0.6694026265214607,0.6658526821457166,0.4024509254963444,0.4006527164522941,0.40055672873872145,"HybridCORELSPreClassifier
if [age_low && Reference person]:
  Employed = True(support 13886, accuracy 0.82183)
else if [age_medium && No disability]:
  Employed = True(support 36426, accuracy 0.79284)
else 
    default: RandomForestClassifier(max_depth=5, min_samples_split=10, random_state=42)(support 74702, accuracy 0.66973 (majority pred 0.568))",2,0.7760366673065848
4,fixed_rf,3.999552050170381e-06,0,bfs,0.05,0.01,opt,0.721455197017934,0.7218036091380303,0.7222355538491073,0.7544979686593152,0.7559890669382068,0.7501584283903675,0.6938889296456606,0.6940859514187633,0.6989795918367347,0.45482106004127537,0.44775868688807835,0.45440583605298523,"HybridCORELSPreClassifier
if [age_high && Reference person]:
  Employed = False(support 24415, accuracy 0.63322)
else if [Reference person && No disability]:
  Employed = True(support 32444, accuracy 0.84577)
else 
    default: RandomForestClassifier(max_depth=5, min_samples_split=10, random_state=42)(support 68155, accuracy 0.69389 (majority pred 0.528))",2,0.7789882894989442
0,fixed_rf,3.999552050170381e-06,0,bfs,0.1,0.01,opt,0.7198233797814645,0.7207237473603378,0.7180360913803033,0.8005977286312015,0.7928473831164974,0.8035617916891528,0.6656420399871699,0.6718466927009944,0.6609721944388878,0.40147503479610286,0.4039402956421578,0.40019677481282395,"HybridCORELSPreClassifier
if [age_medium && No disability]:
  Employed = True(support 36267, accuracy 0.79254)
else if [age_low && Reference person]:
  Employed = True(support 13923, accuracy 0.82159)
else 
    default: RandomForestClassifier(max_depth=5, min_samples_split=10, random_state=42)(support 74824, accuracy 0.66564 (majority pred 0.570))",2,0.7764206181608754
1,fixed_rf,3.999552050170381e-06,0,bfs,0.1,0.01,opt,0.727206552866079,0.7208677289306968,0.721755615281244,0.8027561247216035,0.7939625386433897,0.7958616612474135,0.6763643176404465,0.6729692154915591,0.6711233186573494,0.40225894699793624,0.39587732770205414,0.4059080437703974,"HybridCORELSPreClassifier
if [age_medium && No disability]:
  Employed = True(support 36372, accuracy 0.79558)
else if [age_low && Reference person]:
  Employed = True(support 13916, accuracy 0.82150)
else 
    default: RandomForestClassifier(max_depth=5, min_samples_split=10, random_state=42)(support 74726, accuracy 0.67636 (majority pred 0.569))",2,0.7722931464772509
2,fixed_rf,3.999552050170381e-06,0,bfs,0.1,0.01,opt,0.7229510294846977,0.7212756767133807,0.7241553081205606,0.8008903197599316,0.7977635022602902,0.7976944897096988,0.6704464823616039,0.669549477071601,0.6756164601840418,0.4025069192250468,0.40343636014590134,0.39760510654636205,"HybridCORELSPreClassifier
if [age_medium && No disability]:
  Employed = True(support 36228, accuracy 0.79361)
else if [age_low && Reference person]:
  Employed = True(support 14091, accuracy 0.81960)
else 
    default: RandomForestClassifier(max_depth=5, min_samples_split=10, random_state=42)(support 74695, accuracy 0.67045 (majority pred 0.568))",2,0.7755567287387215
3,fixed_rf,3.999552050170381e-06,0,bfs,0.1,0.01,opt,0.7224950805509783,0.7218516029948167,0.717700134382799,0.8008427412943234,0.8003114518447533,0.7952911574406901,0.6697277181333833,0.6694026265214607,0.6658526821457166,0.4024509254963444,0.4006527164522941,0.40055672873872145,"HybridCORELSPreClassifier
if [age_medium && No disability]:
  Employed = True(support 36426, accuracy 0.79284)
else if [age_low && Reference person]:
  Employed = True(support 13886, accuracy 0.82183)
else 
    default: RandomForestClassifier(max_depth=5, min_samples_split=10, random_state=42)(support 74702, accuracy 0.66973 (majority pred 0.568))",2,0.7760366673065848
4,fixed_rf,3.999552050170381e-06,0,bfs,0.1,0.01,opt,0.721455197017934,0.7218036091380303,0.7222355538491073,0.7544979686593152,0.7559890669382068,0.7501584283903675,0.6938889296456606,0.6940859514187633,0.6989795918367347,0.45482106004127537,0.44775868688807835,0.45440583605298523,"HybridCORELSPreClassifier
if [age_high && Reference person]:
  Employed = False(support 24415, accuracy 0.63322)
else if [Reference person && No disability]:
  Employed = True(support 32444, accuracy 0.84577)
else 
    default: RandomForestClassifier(max_depth=5, min_samples_split=10, random_state=42)(support 68155, accuracy 0.69389 (majority pred 0.528))",2,0.7789882894989442
0,fixed_rf,3.999552050170381e-06,0,bfs,0.01,0.001,opt,0.7181195706080918,0.7175801497408332,0.7160203493952774,0.754901615064532,0.7510265024262784,0.7538583091914669,0.6875750388005505,0.6902133600942449,0.6843566800370257,0.45367718815492664,0.4500143981570359,0.4555816855442503,"HybridCORELSPreClassifier
if [age_high && Reference person]:
  Employed = False(support 24400, accuracy 0.63357)
else if [Reference person && No disability]:
  Employed = True(support 32316, accuracy 0.84652)
else 
    default: RandomForestClassifier(max_depth=5, min_samples_split=10, random_state=42)(support 68298, accuracy 0.68758 (majority pred 0.529))",2,0.7792042618544825
1,fixed_rf,3.999552050170381e-06,0,bfs,0.01,0.001,opt,0.7279984641720127,0.721755615281244,0.7223795354194663,0.8083066461076187,0.8007303999528774,0.805987741631306,0.6734159187402591,0.667463049200243,0.6649530440414507,0.4046426800198378,0.40739585333077366,0.40717988097523516,"HybridCORELSPreClassifier
if [Disability && age_high]:
  Employed = False(support 12153, accuracy 0.85452)
else if [Husband/wife && Male]:
  Employed = True(support 10878, accuracy 0.80428)
else if [Bachelor's degree && age_medium]:
  Employed = True(support 7378, accuracy 0.81038)
else if [age_low && Reference person]:
  Employed = True(support 13916, accuracy 0.82150)
else if [Husband/wife && age_high]:
  Employed = False(support 6261, accuracy 0.69382)
else 
    default: RandomForestClassifier(max_depth=5, min_samples_split=10, random_state=42)(support 74428, accuracy 0.67342 (majority pred 0.574))",5,0.7808840468420042
2,fixed_rf,3.999552050170381e-06,0,bfs,0.01,0.001,opt,0.7258067096485193,0.7249232098291418,0.726099059320407,0.80601934083284,0.8065125058990089,0.8070258442249689,0.6711368772194125,0.6689724919093851,0.6708395590195049,0.4053146047642664,0.4067959301209445,0.4057640622000384,"HybridCORELSPreClassifier
if [Disability && age_high]:
  Employed = False(support 12139, accuracy 0.85180)
else if [Husband/wife && Male]:
  Employed = True(support 10872, accuracy 0.80390)
else if [Husband/wife && age_high]:
  Employed = False(support 6115, accuracy 0.68357)
else if [Bachelor's degree && age_medium]:
  Employed = True(support 7453, accuracy 0.80934)
else if [age_low && Reference person]:
  Employed = True(support 14091, accuracy 0.81960)
else 
    default: RandomForestClassifier(max_depth=5, min_samples_split=10, random_state=42)(support 74344, accuracy 0.67114 (majority pred 0.572))",5,0.7837396813207909
3,fixed_rf,3.999552050170381e-06,0,bfs,0.01,0.001,opt,0.7214711952261347,0.7212036859282012,0.7165722787483202,0.7547332792722914,0.7586225250159676,0.746832101372756,0.6938407919400188,0.6904824331410593,0.6913601970790075,0.45375717919593006,0.4508542906507967,0.4545018237665579,"HybridCORELSPreClassifier
if [age_high && Reference person]:
  Employed = False(support 24357, accuracy 0.63325)
else if [Reference person && No disability]:
  Employed = True(support 32369, accuracy 0.84615)
else 
    default: RandomForestClassifier(max_depth=5, min_samples_split=10, random_state=42)(support 68288, accuracy 0.69384 (majority pred 0.530))",2,0.7792042618544827
4,fixed_rf,3.999552050170381e-06,0,bfs,0.01,0.001,opt,0.721455197017934,0.7218036091380303,0.7222355538491073,0.7544979686593152,0.7559890669382068,0.7501584283903675,0.6938889296456606,0.6940859514187633,0.6989795918367347,0.45482106004127537,0.44775868688807835,0.45440583605298523,"HybridCORELSPreClassifier
if [age_high && Reference person]:
  Employed = False(support 24415, accuracy 0.63322)
else if [Reference person && No disability]:
  Employed = True(support 32444, accuracy 0.84577)
else 
    default: RandomForestClassifier(max_depth=5, min_samples_split=10, random_state=42)(support 68155, accuracy 0.69389 (majority pred 0.528))",2,0.7789882894989442
0,fixed_rf,3.999552050170381e-06,0,bfs,0.05,0.001,opt,0.7198233797814645,0.7207237473603378,0.7180360913803033,0.8005977286312015,0.7928473831164974,0.8035617916891528,0.6656420399871699,0.6718466927009944,0.6609721944388878,0.40147503479610286,0.4039402956421578,0.40019677481282395,"HybridCORELSPreClassifier
if [age_medium && No disability]:
  Employed = True(support 36267, accuracy 0.79254)
else if [age_low && Reference person]:
  Employed = True(support 13923, accuracy 0.82159)
else 
    default: RandomForestClassifier(max_depth=5, min_samples_split=10, random_state=42)(support 74824, accuracy 0.66564 (majority pred 0.570))",2,0.7764206181608754
1,fixed_rf,3.999552050170381e-06,0,bfs,0.05,0.001,opt,0.727206552866079,0.7208677289306968,0.721755615281244,0.8027561247216035,0.7939625386433897,0.7958616612474135,0.6763643176404465,0.6729692154915591,0.6711233186573494,0.40225894699793624,0.39587732770205414,0.4059080437703974,"HybridCORELSPreClassifier
if [age_medium && No disability]:
  Employed = True(support 36372, accuracy 0.79558)
else if [age_low && Reference person]:
  Employed = True(support 13916, accuracy 0.82150)
else 
    default: RandomForestClassifier(max_depth=5, min_samples_split=10, random_state=42)(support 74726, accuracy 0.67636 (majority pred 0.569))",2,0.7722931464772509
2,fixed_rf,3.999552050170381e-06,0,bfs,0.05,0.001,opt,0.7229510294846977,0.7212756767133807,0.7241553081205606,0.8008903197599316,0.7977635022602902,0.7976944897096988,0.6704464823616039,0.669549477071601,0.6756164601840418,0.4025069192250468,0.40343636014590134,0.39760510654636205,"HybridCORELSPreClassifier
if [age_medium && No disability]:
  Employed = True(support 36228, accuracy 0.79361)
else if [age_low && Reference person]:
  Employed = True(support 14091, accuracy 0.81960)
else 
    default: RandomForestClassifier(max_depth=5, min_samples_split=10, random_state=42)(support 74695, accuracy 0.67045 (majority pred 0.568))",2,0.7755567287387215
3,fixed_rf,3.999552050170381e-06,0,bfs,0.05,0.001,opt,0.7224950805509783,0.7218516029948167,0.717700134382799,0.8008427412943234,0.8003114518447533,0.7952911574406901,0.6697277181333833,0.6694026265214607,0.6658526821457166,0.4024509254963444,0.4006527164522941,0.40055672873872145,"HybridCORELSPreClassifier
if [age_medium && No disability]:
  Employed = True(support 36426, accuracy 0.79284)
else if [age_low && Reference person]:
  Employed = True(support 13886, accuracy 0.82183)
else 
    default: RandomForestClassifier(max_depth=5, min_samples_split=10, random_state=42)(support 74702, accuracy 0.66973 (majority pred 0.568))",2,0.7760366673065848
4,fixed_rf,3.999552050170381e-06,0,bfs,0.05,0.001,opt,0.721455197017934,0.7218036091380303,0.7222355538491073,0.7544979686593152,0.7559890669382068,0.7501584283903675,0.6938889296456606,0.6940859514187633,0.6989795918367347,0.45482106004127537,0.44775868688807835,0.45440583605298523,"HybridCORELSPreClassifier
if [age_high && Reference person]:
  Employed = False(support 24415, accuracy 0.63322)
else if [Reference person && No disability]:
  Employed = True(support 32444, accuracy 0.84577)
else 
    default: RandomForestClassifier(max_depth=5, min_samples_split=10, random_state=42)(support 68155, accuracy 0.69389 (majority pred 0.528))",2,0.7789882894989442
0,fixed_rf,3.999552050170381e-06,0,bfs,0.1,0.001,opt,0.7198233797814645,0.7207237473603378,0.7180360913803033,0.8005977286312015,0.7928473831164974,0.8035617916891528,0.6656420399871699,0.6718466927009944,0.6609721944388878,0.40147503479610286,0.4039402956421578,0.40019677481282395,"HybridCORELSPreClassifier
if [age_medium && No disability]:
  Employed = True(support 36267, accuracy 0.79254)
else if [age_low && Reference person]:
  Employed = True(support 13923, accuracy 0.82159)
else 
    default: RandomForestClassifier(max_depth=5, min_samples_split=10, random_state=42)(support 74824, accuracy 0.66564 (majority pred 0.570))",2,0.7764206181608754
1,fixed_rf,3.999552050170381e-06,0,bfs,0.1,0.001,opt,0.727206552866079,0.7208677289306968,0.721755615281244,0.8027561247216035,0.7939625386433897,0.7958616612474135,0.6763643176404465,0.6729692154915591,0.6711233186573494,0.40225894699793624,0.39587732770205414,0.4059080437703974,"HybridCORELSPreClassifier
if [age_medium && No disability]:
  Employed = True(support 36372, accuracy 0.79558)
else if [age_low && Reference person]:
  Employed = True(support 13916, accuracy 0.82150)
else 
    default: RandomForestClassifier(max_depth=5, min_samples_split=10, random_state=42)(support 74726, accuracy 0.67636 (majority pred 0.569))",2,0.7722931464772509
2,fixed_rf,3.999552050170381e-06,0,bfs,0.1,0.001,opt,0.7229510294846977,0.7212756767133807,0.7241553081205606,0.8008903197599316,0.7977635022602902,0.7976944897096988,0.6704464823616039,0.669549477071601,0.6756164601840418,0.4025069192250468,0.40343636014590134,0.39760510654636205,"HybridCORELSPreClassifier
if [age_medium && No disability]:
  Employed = True(support 36228, accuracy 0.79361)
else if [age_low && Reference person]:
  Employed = True(support 14091, accuracy 0.81960)
else 
    default: RandomForestClassifier(max_depth=5, min_samples_split=10, random_state=42)(support 74695, accuracy 0.67045 (majority pred 0.568))",2,0.7755567287387215
3,fixed_rf,3.999552050170381e-06,0,bfs,0.1,0.001,opt,0.7224950805509783,0.7218516029948167,0.717700134382799,0.8008427412943234,0.8003114518447533,0.7952911574406901,0.6697277181333833,0.6694026265214607,0.6658526821457166,0.4024509254963444,0.4006527164522941,0.40055672873872145,"HybridCORELSPreClassifier
if [age_medium && No disability]:
  Employed = True(support 36426, accuracy 0.79284)
else if [age_low && Reference person]:
  Employed = True(support 13886, accuracy 0.82183)
else 
    default: RandomForestClassifier(max_depth=5, min_samples_split=10, random_state=42)(support 74702, accuracy 0.66973 (majority pred 0.568))",2,0.7760366673065848
4,fixed_rf,3.999552050170381e-06,0,bfs,0.1,0.001,opt,0.721455197017934,0.7218036091380303,0.7222355538491073,0.7544979686593152,0.7559890669382068,0.7501584283903675,0.6938889296456606,0.6940859514187633,0.6989795918367347,0.45482106004127537,0.44775868688807835,0.45440583605298523,"HybridCORELSPreClassifier
if [age_high && Reference person]:
  Employed = False(support 24415, accuracy 0.63322)
else if [Reference person && No disability]:
  Employed = True(support 32444, accuracy 0.84577)
else 
    default: RandomForestClassifier(max_depth=5, min_samples_split=10, random_state=42)(support 68155, accuracy 0.69389 (majority pred 0.528))",2,0.7789882894989442
0,fixed_rf,3.999552050170381e-06,0,bfs,0.01,0.0001,opt,0.7208632633145088,0.7220915722787483,0.719715876367825,0.7795154799378412,0.7846806983975125,0.7829499486807946,0.6815156375300722,0.6801346801346801,0.6780039029829942,0.4015070312125042,0.40132463044730277,0.39746112497600306,"HybridCORELSPreClassifier
if [Disability && age_high]:
  Employed = False(support 12285, accuracy 0.85014)
else if [Husband/wife && Male]:
  Employed = True(support 10841, accuracy 0.80076)
else if [Bachelor's degree && age_high]:
  Employed = False(support 5262, accuracy 0.56423)
else if [Widowed && age_high]:
  Employed = False(support 2895, accuracy 0.75268)
else if [Bachelor's degree && No disability]:
  Employed = True(support 13940, accuracy 0.81937)
else if [Husband/wife && age_high]:
  Employed = False(support 4971, accuracy 0.69040)
else 
    default: RandomForestClassifier(max_depth=5, min_samples_split=10, random_state=42)(support 74820, accuracy 0.68152 (majority pred 0.613))",6,0.7850115185256287
1,fixed_rf,3.999552050170381e-06,0,bfs,0.01,0.0001,opt,0.7279984641720127,0.721755615281244,0.7223795354194663,0.8083066461076187,0.8007303999528774,0.805987741631306,0.6734159187402591,0.667463049200243,0.6649530440414507,0.4046426800198378,0.40739585333077366,0.40717988097523516,"HybridCORELSPreClassifier
if [Disability && age_high]:
  Employed = False(support 12153, accuracy 0.85452)
else if [Husband/wife && Male]:
  Employed = True(support 10878, accuracy 0.80428)
else if [Bachelor's degree && age_medium]:
  Employed = True(support 7378, accuracy 0.81038)
else if [Husband/wife && age_high]:
  Employed = False(support 6261, accuracy 0.69382)
else if [age_low && Reference person]:
  Employed = True(support 13916, accuracy 0.82150)
else 
    default: RandomForestClassifier(max_depth=5, min_samples_split=10, random_state=42)(support 74428, accuracy 0.67342 (majority pred 0.574))",5,0.7808840468420042
2,fixed_rf,3.999552050170381e-06,0,bfs,0.01,0.0001,opt,0.7258067096485193,0.7249232098291418,0.726099059320407,0.80601934083284,0.8065125058990089,0.8070258442249689,0.6711368772194125,0.6689724919093851,0.6708395590195049,0.4053146047642664,0.4067959301209445,0.4057640622000384,"HybridCORELSPreClassifier
if [Bachelor's degree && age_medium]:
  Employed = True(support 8540, accuracy 0.82623)
else if [age_low && Reference person]:
  Employed = True(support 14091, accuracy 0.81960)
else if [Disability && age_high]:
  Employed = False(support 12139, accuracy 0.85180)
else if [Husband/wife && Male]:
  Employed = True(support 9785, accuracy 0.78855)
else if [Husband/wife && age_high]:
  Employed = False(support 6115, accuracy 0.68357)
else 
    default: RandomForestClassifier(max_depth=5, min_samples_split=10, random_state=42)(support 74344, accuracy 0.67114 (majority pred 0.572))",5,0.7837396813207909
3,fixed_rf,3.999552050170381e-06,0,bfs,0.01,0.0001,opt,0.7231830035036076,0.7226674985601843,0.7183240545210213,0.8070607715203721,0.8073951760334965,0.8030042154010568,0.665899330937092,0.6645357070604896,0.6608804220870756,0.4058025501143872,0.40691591476291034,0.40418026492608944,"HybridCORELSPreClassifier
if [Disability && age_high]:
  Employed = False(support 12207, accuracy 0.85287)
else if [Husband/wife && Male]:
  Employed = True(support 10894, accuracy 0.80430)
else if [age_low && Reference person]:
  Employed = True(support 13886, accuracy 0.82183)
else if [Husband/wife && age_high]:
  Employed = False(support 6232, accuracy 0.68421)
else if [Bachelor's degree && age_medium]:
  Employed = True(support 7512, accuracy 0.81124)
else 
    default: RandomForestClassifier(max_depth=5, min_samples_split=10, random_state=42)(support 74283, accuracy 0.66590 (majority pred 0.572))",5,0.7838836628911499
4,fixed_rf,3.999552050170381e-06,0,bfs,0.01,0.0001,opt,0.7238949237685379,0.7266989825302361,0.7266509886734498,0.8053981479653286,0.809098914000587,0.8062793044097573,0.6683878602068122,0.6697243982627755,0.6726020223180115,0.4051306253699586,0.40878767517757725,0.40432424649644844,"HybridCORELSPreClassifier
if [Disability && age_high]:
  Employed = False(support 12174, accuracy 0.85075)
else if [Husband/wife && Male]:
  Employed = True(support 10911, accuracy 0.79901)
else if [age_low && Reference person]:
  Employed = True(support 14021, accuracy 0.82141)
else if [Husband/wife && age_high]:
  Employed = False(support 6143, accuracy 0.68436)
else if [Bachelor's degree && age_medium]:
  Employed = True(support 7398, accuracy 0.81035)
else 
    default: RandomForestClassifier(max_depth=5, min_samples_split=10, random_state=42)(support 74367, accuracy 0.66839 (majority pred 0.570))",5,0.7851794970243808
0,fixed_rf,3.999552050170381e-06,0,bfs,0.05,0.0001,opt,0.7208152686899068,0.723051449414475,0.7205077750047993,0.805307642295644,0.8067346454825706,0.8089435703300604,0.6630620682225244,0.6661425576519916,0.6601389001049827,0.40601052682099603,0.4047801881359186,0.4056920714148589,"HybridCORELSPreClassifier
if [Disability && age_high]:
  Employed = False(support 12285, accuracy 0.85014)
else if [age_low && Reference person]:
  Employed = True(support 13923, accuracy 0.82159)
else if [Husband/wife && Male]:
  Employed = True(support 10841, accuracy 0.80076)
else if [Husband/wife && age_high]:
  Employed = False(support 6253, accuracy 0.68575)
else if [Bachelor's degree && age_medium]:
  Employed = True(support 7455, accuracy 0.80791)
else 
    default: RandomForestClassifier(max_depth=5, min_samples_split=10, random_state=42)(support 74257, accuracy 0.66306 (majority pred 0.572))",5,0.7853714724515262
1,fixed_rf,3.999552050170381e-06,0,bfs,0.05,0.0001,opt,0.7279984641720127,0.721755615281244,0.7223795354194663,0.8083066461076187,0.8007303999528774,0.805987741631306,0.6734159187402591,0.667463049200243,0.6649530440414507,0.4046426800198378,0.40739585333077366,0.40717988097523516,"HybridCORELSPreClassifier
if [Disability && age_high]:
  Employed = False(support 12153, accuracy 0.85452)
else if [Husband/wife && Male]:
  Employed = True(support 10878, accuracy 0.80428)
else if [Husband/wife && age_high]:
  Employed = False(support 6261, accuracy 0.69382)
else if [Bachelor's degree && age_medium]:
  Employed = True(support 7378, accuracy 0.81038)
else if [age_low && Reference person]:
  Employed = True(support 13916, accuracy 0.82150)
else 
    default: RandomForestClassifier(max_depth=5, min_samples_split=10, random_state=42)(support 74428, accuracy 0.67342 (majority pred 0.574))",5,0.7808840468420042
2,fixed_rf,3.999552050170381e-06,0,bfs,0.05,0.0001,opt,0.7258067096485193,0.7249232098291418,0.726099059320407,0.80601934083284,0.8065125058990089,0.8070258442249689,0.6711368772194125,0.6689724919093851,0.6708395590195049,0.4053146047642664,0.4067959301209445,0.4057640622000384,"HybridCORELSPreClassifier
if [Disability && age_high]:
  Employed = False(support 12139, accuracy 0.85180)
else if [Husband/wife && Male]:
  Employed = True(support 10872, accuracy 0.80390)
else if [Bachelor's degree && age_medium]:
  Employed = True(support 7453, accuracy 0.80934)
else if [age_low && Reference person]:
  Employed = True(support 14091, accuracy 0.81960)
else if [Husband/wife && age_high]:
  Employed = False(support 6115, accuracy 0.68357)
else 
    default: RandomForestClassifier(max_depth=5, min_samples_split=10, random_state=42)(support 74344, accuracy 0.67114 (majority pred 0.572))",5,0.7837396813207909
3,fixed_rf,3.999552050170381e-06,0,bfs,0.05,0.0001,opt,0.7231830035036076,0.7226674985601843,0.7183240545210213,0.8070607715203721,0.8073951760334965,0.8030042154010568,0.665899330937092,0.6645357070604896,0.6608804220870756,0.4058025501143872,0.40691591476291034,0.40418026492608944,"HybridCORELSPreClassifier
if [Disability && age_high]:
  Employed = False(support 12207, accuracy 0.85287)
else if [Husband/wife && Male]:
  Employed = True(support 10894, accuracy 0.80430)
else if [Husband/wife && age_high]:
  Employed = False(support 6232, accuracy 0.68421)
else if [Bachelor's degree && age_medium]:
  Employed = True(support 7512, accuracy 0.81124)
else if [age_low && Reference person]:
  Employed = True(support 13886, accuracy 0.82183)
else 
    default: RandomForestClassifier(max_depth=5, min_samples_split=10, random_state=42)(support 74283, accuracy 0.66590 (majority pred 0.572))",5,0.7838836628911499
4,fixed_rf,3.999552050170381e-06,0,bfs,0.05,0.0001,opt,0.7238949237685379,0.7266989825302361,0.7266509886734498,0.8053981479653286,0.809098914000587,0.8062793044097573,0.6683878602068122,0.6697243982627755,0.6726020223180115,0.4051306253699586,0.40878767517757725,0.40432424649644844,"HybridCORELSPreClassifier
if [Disability && age_high]:
  Employed = False(support 12174, accuracy 0.85075)
else if [age_low && Reference person]:
  Employed = True(support 14021, accuracy 0.82141)
else if [Husband/wife && Male]:
  Employed = True(support 10911, accuracy 0.79901)
else if [Bachelor's degree && age_medium]:
  Employed = True(support 7398, accuracy 0.81035)
else if [Husband/wife && age_high]:
  Employed = False(support 6143, accuracy 0.68436)
else 
    default: RandomForestClassifier(max_depth=5, min_samples_split=10, random_state=42)(support 74367, accuracy 0.66839 (majority pred 0.570))",5,0.7851794970243808
0,fixed_rf,3.999552050170381e-06,0,bfs,0.1,0.0001,opt,0.7198233797814645,0.7207237473603378,0.7180360913803033,0.8005977286312015,0.7928473831164974,0.8035617916891528,0.6656420399871699,0.6718466927009944,0.6609721944388878,0.40147503479610286,0.4039402956421578,0.40019677481282395,"HybridCORELSPreClassifier
if [age_medium && No disability]:
  Employed = True(support 36267, accuracy 0.79254)
else if [age_low && Reference person]:
  Employed = True(support 13923, accuracy 0.82159)
else 
    default: RandomForestClassifier(max_depth=5, min_samples_split=10, random_state=42)(support 74824, accuracy 0.66564 (majority pred 0.570))",2,0.7764206181608754
1,fixed_rf,3.999552050170381e-06,0,bfs,0.1,0.0001,opt,0.727206552866079,0.7208677289306968,0.721755615281244,0.8027561247216035,0.7939625386433897,0.7958616612474135,0.6763643176404465,0.6729692154915591,0.6711233186573494,0.40225894699793624,0.39587732770205414,0.4059080437703974,"HybridCORELSPreClassifier
if [age_medium && No disability]:
  Employed = True(support 36372, accuracy 0.79558)
else if [age_low && Reference person]:
  Employed = True(support 13916, accuracy 0.82150)
else 
    default: RandomForestClassifier(max_depth=5, min_samples_split=10, random_state=42)(support 74726, accuracy 0.67636 (majority pred 0.569))",2,0.7722931464772509
2,fixed_rf,3.999552050170381e-06,0,bfs,0.1,0.0001,opt,0.7229510294846977,0.7212756767133807,0.7241553081205606,0.8008903197599316,0.7977635022602902,0.7976944897096988,0.6704464823616039,0.669549477071601,0.6756164601840418,0.4025069192250468,0.40343636014590134,0.39760510654636205,"HybridCORELSPreClassifier
if [age_medium && No disability]:
  Employed = True(support 36228, accuracy 0.79361)
else if [age_low && Reference person]:
  Employed = True(support 14091, accuracy 0.81960)
else 
    default: RandomForestClassifier(max_depth=5, min_samples_split=10, random_state=42)(support 74695, accuracy 0.67045 (majority pred 0.568))",2,0.7755567287387215
3,fixed_rf,3.999552050170381e-06,0,bfs,0.1,0.0001,opt,0.7224950805509783,0.7218516029948167,0.717700134382799,0.8008427412943234,0.8003114518447533,0.7952911574406901,0.6697277181333833,0.6694026265214607,0.6658526821457166,0.4024509254963444,0.4006527164522941,0.40055672873872145,"HybridCORELSPreClassifier
if [age_medium && No disability]:
  Employed = True(support 36426, accuracy 0.79284)
else if [age_low && Reference person]:
  Employed = True(support 13886, accuracy 0.82183)
else 
    default: RandomForestClassifier(max_depth=5, min_samples_split=10, random_state=42)(support 74702, accuracy 0.66973 (majority pred 0.568))",2,0.7760366673065848
4,fixed_rf,3.999552050170381e-06,0,bfs,0.1,0.0001,opt,0.721455197017934,0.7218036091380303,0.7222355538491073,0.7544979686593152,0.7559890669382068,0.7501584283903675,0.6938889296456606,0.6940859514187633,0.6989795918367347,0.45482106004127537,0.44775868688807835,0.45440583605298523,"HybridCORELSPreClassifier
if [age_high && Reference person]:
  Employed = False(support 24415, accuracy 0.63322)
else if [Reference person && No disability]:
  Employed = True(support 32444, accuracy 0.84577)
else 
    default: RandomForestClassifier(max_depth=5, min_samples_split=10, random_state=42)(support 68155, accuracy 0.69389 (majority pred 0.528))",2,0.7789882894989442
