alpha,beta,accuracy_train,transparency_train,accuracy_valid,transparency_valid,accuracy_test,transparency_test,model
na,na,0.8526190069953933,0,0.8451064701064701,0,0.8373426143924659,0,"GradientBoostingClassifier(learning_rate=0.0711675052057865,
                           max_features=0.9420177000939763, max_leaf_nodes=10,
                           n_estimators=496, random_state=4)"
0.001,0.001,0.8526190069953933,0.0,0.8451064701064701,0.0,0.8373426143924659,0.0,"HyRS
Positive rules : 
 []
Negative rules : 
 []
HyRS Accuracy : 0.837
Coverage of RuleSet : 0.000
"
0.001,0.0021544346900318843,0.8526190069953933,0.0,0.8451064701064701,0.0,0.8373426143924659,0.0,"HyRS
Positive rules : 
 []
Negative rules : 
 []
HyRS Accuracy : 0.837
Coverage of RuleSet : 0.000
"
0.001,0.004641588833612777,0.8522777682989251,0.3164988909742365,0.8456183456183456,0.3157248157248157,0.8370355205241069,0.31538540280479066,"HyRS
Positive rules : 
 []
Negative rules : 
 ['marital_status_Single && capital_gain_0']
HyRS Accuracy : 0.837
Coverage of RuleSet : 0.315
"
0.001,0.01,0.8522777682989251,0.3164988909742365,0.8456183456183456,0.3157248157248157,0.8370355205241069,0.31538540280479066,"HyRS
Positive rules : 
 []
Negative rules : 
 ['marital_status_Single && capital_gain_0']
HyRS Accuracy : 0.837
Coverage of RuleSet : 0.315
"
0.001,0.021544346900318832,0.8462037195017915,0.6888585565603139,0.8413185913185913,0.6903153153153153,0.8346811342000204,0.6861500665370048,"HyRS
Positive rules : 
 []
Negative rules : 
 ['neg_marital_status_Married', 'occupation_Blue-Collar && capital_gain_0']
HyRS Accuracy : 0.835
Coverage of RuleSet : 0.686
"
0.001,0.046415888336127774,0.8462037195017915,0.6888585565603139,0.8413185913185913,0.6903153153153153,0.8346811342000204,0.6861500665370048,"HyRS
Positive rules : 
 []
Negative rules : 
 ['neg_marital_status_Married', 'occupation_Blue-Collar && capital_gain_0']
HyRS Accuracy : 0.835
Coverage of RuleSet : 0.686
"
0.001,0.1,0.8363077973042143,0.8518682818631633,0.8336404586404587,0.8585176085176085,0.8264919643771113,0.8543351417750026,"HyRS
Positive rules : 
 ['education_Bachelors && marital_status_Married']
Negative rules : 
 ['neg_marital_status_Married', 'occupation_Blue-Collar && capital_gain_0', 'education_HS-grad && capital_gain_0', 'hours_per_week_low && capital_gain_0']
HyRS Accuracy : 0.826
Coverage of RuleSet : 0.854
"
0.001,0.21544346900318823,0.8155263606893022,0.9675140760962293,0.81500819000819,0.9682637182637183,0.8056095813286928,0.9644794758931313,"HyRS
Positive rules : 
 ['education_Bachelors && relationship_Husband', 'capital_gain_>0']
Negative rules : 
 ['neg_marital_status_Married', 'neg_education_Masters_Doctorate']
HyRS Accuracy : 0.806
Coverage of RuleSet : 0.964
"
0.001,0.46415888336127775,0.8005801057839959,0.9831086845248251,0.8022113022113022,0.9829033579033579,0.7976251407513564,0.9842358480908998,"HyRS
Positive rules : 
 ['education_Bachelors && marital_status_Married']
Negative rules : 
 ['capital_gain_0 && capital_loss_0', 'neg_education_Masters_Doctorate']
HyRS Accuracy : 0.798
Coverage of RuleSet : 0.984
"
0.001,1.0,0.7882955127111414,1.0,0.7907452907452908,1.0,0.7882075954550107,1.0,"HyRS
Positive rules : 
 ['education_Bachelors && marital_status_Married']
Negative rules : 
 ['neg_race_Amer-Indian-Eskimo', 'neg_race_Asian-Pac-Islander']
HyRS Accuracy : 0.788
Coverage of RuleSet : 1.000
"
0.001291549665014884,0.001,0.8526190069953933,0.0,0.8451064701064701,0.0,0.8373426143924659,0.0,"HyRS
Positive rules : 
 []
Negative rules : 
 []
HyRS Accuracy : 0.837
Coverage of RuleSet : 0.000
"
0.001291549665014884,0.0021544346900318843,0.8526190069953933,0.0,0.8451064701064701,0.0,0.8373426143924659,0.0,"HyRS
Positive rules : 
 []
Negative rules : 
 []
HyRS Accuracy : 0.837
Coverage of RuleSet : 0.000
"
0.001291549665014884,0.004641588833612777,0.8526190069953933,0.0,0.8451064701064701,0.0,0.8373426143924659,0.0,"HyRS
Positive rules : 
 []
Negative rules : 
 []
HyRS Accuracy : 0.837
Coverage of RuleSet : 0.000
"
0.001291549665014884,0.01,0.8522777682989251,0.3164988909742365,0.8456183456183456,0.3157248157248157,0.8370355205241069,0.31538540280479066,"HyRS
Positive rules : 
 []
Negative rules : 
 ['marital_status_Single && capital_gain_0']
HyRS Accuracy : 0.837
Coverage of RuleSet : 0.315
"
0.001291549665014884,0.021544346900318832,0.8462037195017915,0.6888585565603139,0.8413185913185913,0.6903153153153153,0.8346811342000204,0.6861500665370048,"HyRS
Positive rules : 
 []
Negative rules : 
 ['occupation_Blue-Collar && capital_gain_0', 'neg_marital_status_Married']
HyRS Accuracy : 0.835
Coverage of RuleSet : 0.686
"
0.001291549665014884,0.046415888336127774,0.8462037195017915,0.6888585565603139,0.8413185913185913,0.6903153153153153,0.8346811342000204,0.6861500665370048,"HyRS
Positive rules : 
 []
Negative rules : 
 ['neg_marital_status_Married', 'occupation_Blue-Collar && capital_gain_0']
HyRS Accuracy : 0.835
Coverage of RuleSet : 0.686
"
0.001291549665014884,0.1,0.8402661661832452,0.7819143490871865,0.8368140868140869,0.7884930384930385,0.8309960077797113,0.779301873272597,"HyRS
Positive rules : 
 ['education_Bachelors && marital_status_Married']
Negative rules : 
 ['neg_marital_status_Married', 'hours_per_week_low && education_HS-grad', 'occupation_Blue-Collar && capital_gain_0']
HyRS Accuracy : 0.831
Coverage of RuleSet : 0.779
"
0.001291549665014884,0.21544346900318823,0.8159699709947108,0.9675140760962293,0.8156224406224406,0.9682637182637183,0.8074521445388474,0.9644794758931313,"HyRS
Positive rules : 
 ['education_Bachelors && marital_status_Married', 'neg_capital_gain_0']
Negative rules : 
 ['neg_marital_status_Married', 'neg_education_Masters_Doctorate']
HyRS Accuracy : 0.807
Coverage of RuleSet : 0.964
"
0.001291549665014884,0.46415888336127775,0.7882955127111414,1.0,0.7907452907452908,1.0,0.7882075954550107,1.0,"HyRS
Positive rules : 
 ['education_Bachelors && marital_status_Married']
Negative rules : 
 ['neg_race_Amer-Indian-Eskimo', 'neg_race_White']
HyRS Accuracy : 0.788
Coverage of RuleSet : 1.000
"
0.001291549665014884,1.0,0.7884320081897287,0.9997611329124723,0.7907452907452908,0.9998976248976249,0.7882075954550107,0.9998976353772137,"HyRS
Positive rules : 
 ['education_Bachelors && marital_status_Married']
Negative rules : 
 ['hours_per_week_low && marital_status_Single', 'capital_loss_0', 'neg_race_Amer-Indian-Eskimo']
HyRS Accuracy : 0.788
Coverage of RuleSet : 1.000
"
0.0016681005372000592,0.001,0.8526190069953933,0.0,0.8451064701064701,0.0,0.8373426143924659,0.0,"HyRS
Positive rules : 
 []
Negative rules : 
 []
HyRS Accuracy : 0.837
Coverage of RuleSet : 0.000
"
0.0016681005372000592,0.0021544346900318843,0.8526190069953933,0.0,0.8451064701064701,0.0,0.8373426143924659,0.0,"HyRS
Positive rules : 
 []
Negative rules : 
 []
HyRS Accuracy : 0.837
Coverage of RuleSet : 0.000
"
0.0016681005372000592,0.004641588833612777,0.8526190069953933,0.0,0.8451064701064701,0.0,0.8373426143924659,0.0,"HyRS
Positive rules : 
 []
Negative rules : 
 []
HyRS Accuracy : 0.837
Coverage of RuleSet : 0.000
"
0.0016681005372000592,0.01,0.8522777682989251,0.3164988909742365,0.8456183456183456,0.3157248157248157,0.8370355205241069,0.31538540280479066,"HyRS
Positive rules : 
 []
Negative rules : 
 ['marital_status_Single && capital_gain_0']
HyRS Accuracy : 0.837
Coverage of RuleSet : 0.315
"
0.0016681005372000592,0.021544346900318832,0.8462037195017915,0.6888585565603139,0.8413185913185913,0.6903153153153153,0.8346811342000204,0.6861500665370048,"HyRS
Positive rules : 
 []
Negative rules : 
 ['neg_marital_status_Married', 'occupation_Blue-Collar && capital_gain_0']
HyRS Accuracy : 0.835
Coverage of RuleSet : 0.686
"
0.0016681005372000592,0.046415888336127774,0.8462037195017915,0.6888585565603139,0.8413185913185913,0.6903153153153153,0.8346811342000204,0.6861500665370048,"HyRS
Positive rules : 
 []
Negative rules : 
 ['neg_marital_status_Married', 'occupation_Blue-Collar && capital_gain_0']
HyRS Accuracy : 0.835
Coverage of RuleSet : 0.686
"
0.0016681005372000592,0.1,0.8361371779559802,0.8473980549394301,0.8335380835380836,0.8544226044226044,0.8281297983416931,0.8492169106356843,"HyRS
Positive rules : 
 ['education_Bachelors && marital_status_Married']
Negative rules : 
 ['occupation_Blue-Collar && capital_gain_0', 'neg_marital_status_Married', 'hours_per_week_low && gender_Male', 'education_HS-grad && capital_gain_0']
HyRS Accuracy : 0.828
Coverage of RuleSet : 0.849
"
0.0016681005372000592,0.21544346900318823,0.818734004436103,0.9344480464084627,0.8163390663390664,0.9371416871416871,0.8096018016173611,0.9377623093458901,"HyRS
Positive rules : 
 ['education_Bachelors && marital_status_Married']
Negative rules : 
 ['neg_marital_status_Married', 'capital_gain_0 && capital_loss_0']
HyRS Accuracy : 0.810
Coverage of RuleSet : 0.938
"
0.0016681005372000592,0.46415888336127775,0.7882955127111414,1.0,0.7907452907452908,1.0,0.7882075954550107,1.0,"HyRS
Positive rules : 
 ['education_Bachelors && marital_status_Married']
Negative rules : 
 ['neg_race_Amer-Indian-Eskimo', 'neg_race_White']
HyRS Accuracy : 0.788
Coverage of RuleSet : 1.000
"
0.0016681005372000592,1.0,0.786691690837741,1.0,0.7893120393120393,1.0,0.7860579383764971,1.0,"HyRS
Positive rules : 
 ['education_Bachelors && relationship_Husband']
Negative rules : 
 ['neg_race_Other', 'neg_race_Amer-Indian-Eskimo']
HyRS Accuracy : 0.786
Coverage of RuleSet : 1.000
"
0.0021544346900318843,0.001,0.8526190069953933,0.0,0.8451064701064701,0.0,0.8373426143924659,0.0,"HyRS
Positive rules : 
 []
Negative rules : 
 []
HyRS Accuracy : 0.837
Coverage of RuleSet : 0.000
"
0.0021544346900318843,0.0021544346900318843,0.8526190069953933,0.0,0.8451064701064701,0.0,0.8373426143924659,0.0,"HyRS
Positive rules : 
 []
Negative rules : 
 []
HyRS Accuracy : 0.837
Coverage of RuleSet : 0.000
"
0.0021544346900318843,0.004641588833612777,0.8526190069953933,0.0,0.8451064701064701,0.0,0.8373426143924659,0.0,"HyRS
Positive rules : 
 []
Negative rules : 
 []
HyRS Accuracy : 0.837
Coverage of RuleSet : 0.000
"
0.0021544346900318843,0.01,0.8526190069953933,0.0,0.8451064701064701,0.0,0.8373426143924659,0.0,"HyRS
Positive rules : 
 []
Negative rules : 
 []
HyRS Accuracy : 0.837
Coverage of RuleSet : 0.000
"
0.0021544346900318843,0.021544346900318832,0.8462037195017915,0.6888585565603139,0.8413185913185913,0.6903153153153153,0.8346811342000204,0.6861500665370048,"HyRS
Positive rules : 
 []
Negative rules : 
 ['neg_marital_status_Married', 'occupation_Blue-Collar && capital_gain_0']
HyRS Accuracy : 0.835
Coverage of RuleSet : 0.686
"
0.0021544346900318843,0.046415888336127774,0.8462037195017915,0.6888585565603139,0.8413185913185913,0.6903153153153153,0.8346811342000204,0.6861500665370048,"HyRS
Positive rules : 
 []
Negative rules : 
 ['neg_marital_status_Married', 'occupation_Blue-Collar && capital_gain_0']
HyRS Accuracy : 0.835
Coverage of RuleSet : 0.686
"
0.0021544346900318843,0.1,0.8462037195017915,0.6888585565603139,0.8413185913185913,0.6903153153153153,0.8346811342000204,0.6861500665370048,"HyRS
Positive rules : 
 []
Negative rules : 
 ['neg_marital_status_Married', 'occupation_Blue-Collar && capital_gain_0']
HyRS Accuracy : 0.835
Coverage of RuleSet : 0.686
"
0.0021544346900318843,0.21544346900318823,0.818734004436103,0.9344480464084627,0.8163390663390664,0.9371416871416871,0.8096018016173611,0.9377623093458901,"HyRS
Positive rules : 
 ['education_Bachelors && marital_status_Married']
Negative rules : 
 ['neg_marital_status_Married', 'capital_gain_0 && capital_loss_0']
HyRS Accuracy : 0.810
Coverage of RuleSet : 0.938
"
0.0021544346900318843,0.46415888336127775,0.8062105442757209,0.9694250127964511,0.8057944307944308,0.972051597051597,0.8017197256628109,0.9693929777868768,"HyRS
Positive rules : 
 ['education_Bachelors && marital_status_Married']
Negative rules : 
 ['neg_capital_gain_>0', 'education_HS-grad && gender_Male', 'neg_marital_status_Married']
HyRS Accuracy : 0.802
Coverage of RuleSet : 0.969
"
0.0021544346900318843,1.0,0.7882955127111414,1.0,0.7907452907452908,1.0,0.7882075954550107,1.0,"HyRS
Positive rules : 
 ['education_Bachelors && marital_status_Married']
Negative rules : 
 ['neg_race_Other', 'neg_race_Asian-Pac-Islander']
HyRS Accuracy : 0.788
Coverage of RuleSet : 1.000
"
0.0027825594022071257,0.001,0.8526190069953933,0.0,0.8451064701064701,0.0,0.8373426143924659,0.0,"HyRS
Positive rules : 
 []
Negative rules : 
 []
HyRS Accuracy : 0.837
Coverage of RuleSet : 0.000
"
0.0027825594022071257,0.0021544346900318843,0.8526190069953933,0.0,0.8451064701064701,0.0,0.8373426143924659,0.0,"HyRS
Positive rules : 
 []
Negative rules : 
 []
HyRS Accuracy : 0.837
Coverage of RuleSet : 0.000
"
0.0027825594022071257,0.004641588833612777,0.8526190069953933,0.0,0.8451064701064701,0.0,0.8373426143924659,0.0,"HyRS
Positive rules : 
 []
Negative rules : 
 []
HyRS Accuracy : 0.837
Coverage of RuleSet : 0.000
"
0.0027825594022071257,0.01,0.8526190069953933,0.0,0.8451064701064701,0.0,0.8373426143924659,0.0,"HyRS
Positive rules : 
 []
Negative rules : 
 []
HyRS Accuracy : 0.837
Coverage of RuleSet : 0.000
"
0.0027825594022071257,0.021544346900318832,0.8475004265483705,0.5280668827845078,0.8409090909090909,0.5336814086814087,0.8352953219367386,0.5230832224383253,"HyRS
Positive rules : 
 []
Negative rules : 
 ['neg_marital_status_Married']
HyRS Accuracy : 0.835
Coverage of RuleSet : 0.523
"
0.0027825594022071257,0.046415888336127774,0.8462037195017915,0.6888585565603139,0.8413185913185913,0.6903153153153153,0.8346811342000204,0.6861500665370048,"HyRS
Positive rules : 
 []
Negative rules : 
 ['neg_marital_status_Married', 'occupation_Blue-Collar && capital_gain_0']
HyRS Accuracy : 0.835
Coverage of RuleSet : 0.686
"
0.0027825594022071257,0.1,0.8462037195017915,0.6888585565603139,0.8413185913185913,0.6903153153153153,0.8346811342000204,0.6861500665370048,"HyRS
Positive rules : 
 []
Negative rules : 
 ['neg_marital_status_Married', 'occupation_Blue-Collar && capital_gain_0']
HyRS Accuracy : 0.835
Coverage of RuleSet : 0.686
"
0.0027825594022071257,0.21544346900318823,0.8159699709947108,0.9675140760962293,0.8156224406224406,0.9682637182637183,0.8074521445388474,0.9644794758931313,"HyRS
Positive rules : 
 ['education_Bachelors && marital_status_Married', 'capital_gain_>0']
Negative rules : 
 ['neg_marital_status_Married', 'neg_education_Masters_Doctorate']
HyRS Accuracy : 0.807
Coverage of RuleSet : 0.964
"
0.0027825594022071257,0.46415888336127775,0.8112267531138031,0.9615423989080362,0.8107084357084358,0.9636568386568387,0.8099088954857201,0.9580305046575903,"HyRS
Positive rules : 
 ['education_Bachelors && marital_status_Married']
Negative rules : 
 ['occupation_Sales && workclass_Private', 'neg_education_Masters_Doctorate', 'neg_marital_status_Married']
HyRS Accuracy : 0.810
Coverage of RuleSet : 0.958
"
0.0027825594022071257,1.0,0.7882955127111414,1.0,0.7907452907452908,1.0,0.7882075954550107,1.0,"HyRS
Positive rules : 
 ['education_Bachelors && marital_status_Married']
Negative rules : 
 ['neg_age_high', 'neg_age_low', 'hours_per_week_middle && capital_gain_0']
HyRS Accuracy : 0.788
Coverage of RuleSet : 1.000
"
0.003593813663804626,0.001,0.8526190069953933,0.0,0.8451064701064701,0.0,0.8373426143924659,0.0,"HyRS
Positive rules : 
 []
Negative rules : 
 []
HyRS Accuracy : 0.837
Coverage of RuleSet : 0.000
"
0.003593813663804626,0.0021544346900318843,0.8526190069953933,0.0,0.8451064701064701,0.0,0.8373426143924659,0.0,"HyRS
Positive rules : 
 []
Negative rules : 
 []
HyRS Accuracy : 0.837
Coverage of RuleSet : 0.000
"
0.003593813663804626,0.004641588833612777,0.8526190069953933,0.0,0.8451064701064701,0.0,0.8373426143924659,0.0,"HyRS
Positive rules : 
 []
Negative rules : 
 []
HyRS Accuracy : 0.837
Coverage of RuleSet : 0.000
"
0.003593813663804626,0.01,0.8526190069953933,0.0,0.8451064701064701,0.0,0.8373426143924659,0.0,"HyRS
Positive rules : 
 []
Negative rules : 
 []
HyRS Accuracy : 0.837
Coverage of RuleSet : 0.000
"
0.003593813663804626,0.021544346900318832,0.8475004265483705,0.5280668827845078,0.8409090909090909,0.5336814086814087,0.8352953219367386,0.5230832224383253,"HyRS
Positive rules : 
 []
Negative rules : 
 ['neg_marital_status_Married']
HyRS Accuracy : 0.835
Coverage of RuleSet : 0.523
"
0.003593813663804626,0.046415888336127774,0.8462037195017915,0.6888585565603139,0.8413185913185913,0.6903153153153153,0.8346811342000204,0.6861500665370048,"HyRS
Positive rules : 
 []
Negative rules : 
 ['neg_marital_status_Married', 'occupation_Blue-Collar && capital_gain_0']
HyRS Accuracy : 0.835
Coverage of RuleSet : 0.686
"
0.003593813663804626,0.1,0.8462037195017915,0.6888585565603139,0.8413185913185913,0.6903153153153153,0.8346811342000204,0.6861500665370048,"HyRS
Positive rules : 
 []
Negative rules : 
 ['neg_marital_status_Married', 'occupation_Blue-Collar && capital_gain_0']
HyRS Accuracy : 0.835
Coverage of RuleSet : 0.686
"
0.003593813663804626,0.21544346900318823,0.818734004436103,0.9344480464084627,0.8163390663390664,0.9371416871416871,0.8096018016173611,0.9377623093458901,"HyRS
Positive rules : 
 ['education_Bachelors && marital_status_Married']
Negative rules : 
 ['neg_marital_status_Married', 'capital_gain_0 && capital_loss_0']
HyRS Accuracy : 0.810
Coverage of RuleSet : 0.938
"
0.003593813663804626,0.46415888336127775,0.7995222658249446,0.9929022351134619,0.8000614250614251,0.9927313677313677,0.7906643464018835,0.9915037363087317,"HyRS
Positive rules : 
 ['education_Bachelors && marital_status_Married', 'capital_gain_>0 && capital_loss_0']
Negative rules : 
 ['neg_race_Other']
HyRS Accuracy : 0.791
Coverage of RuleSet : 0.992
"
0.003593813663804626,1.0,0.7885002559290224,0.9982938065176591,0.7907452907452908,0.9986691236691236,0.7881052308322244,0.9977479782987,"HyRS
Positive rules : 
 ['education_Bachelors && marital_status_Married']
Negative rules : 
 ['neg_race_Other', 'neg_education_Some-college']
HyRS Accuracy : 0.788
Coverage of RuleSet : 0.998
"
0.004641588833612777,0.001,0.8526190069953933,0.0,0.8451064701064701,0.0,0.8373426143924659,0.0,"HyRS
Positive rules : 
 []
Negative rules : 
 []
HyRS Accuracy : 0.837
Coverage of RuleSet : 0.000
"
0.004641588833612777,0.0021544346900318843,0.8526190069953933,0.0,0.8451064701064701,0.0,0.8373426143924659,0.0,"HyRS
Positive rules : 
 []
Negative rules : 
 []
HyRS Accuracy : 0.837
Coverage of RuleSet : 0.000
"
0.004641588833612777,0.004641588833612777,0.8526190069953933,0.0,0.8451064701064701,0.0,0.8373426143924659,0.0,"HyRS
Positive rules : 
 []
Negative rules : 
 []
HyRS Accuracy : 0.837
Coverage of RuleSet : 0.000
"
0.004641588833612777,0.01,0.8526190069953933,0.0,0.8451064701064701,0.0,0.8373426143924659,0.0,"HyRS
Positive rules : 
 []
Negative rules : 
 []
HyRS Accuracy : 0.837
Coverage of RuleSet : 0.000
"
0.004641588833612777,0.021544346900318832,0.8475004265483705,0.5280668827845078,0.8409090909090909,0.5336814086814087,0.8352953219367386,0.5230832224383253,"HyRS
Positive rules : 
 []
Negative rules : 
 ['neg_marital_status_Married']
HyRS Accuracy : 0.835
Coverage of RuleSet : 0.523
"
0.004641588833612777,0.046415888336127774,0.8462037195017915,0.6888585565603139,0.8413185913185913,0.6903153153153153,0.8346811342000204,0.6861500665370048,"HyRS
Positive rules : 
 []
Negative rules : 
 ['neg_marital_status_Married', 'occupation_Blue-Collar && capital_gain_0']
HyRS Accuracy : 0.835
Coverage of RuleSet : 0.686
"
0.004641588833612777,0.1,0.8462037195017915,0.6888585565603139,0.8413185913185913,0.6903153153153153,0.8346811342000204,0.6861500665370048,"HyRS
Positive rules : 
 []
Negative rules : 
 ['neg_marital_status_Married', 'occupation_Blue-Collar && capital_gain_0']
HyRS Accuracy : 0.835
Coverage of RuleSet : 0.686
"
0.004641588833612777,0.21544346900318823,0.818734004436103,0.9344480464084627,0.8163390663390664,0.9371416871416871,0.8096018016173611,0.9377623093458901,"HyRS
Positive rules : 
 ['education_Bachelors && marital_status_Married']
Negative rules : 
 ['neg_marital_status_Married', 'capital_gain_0 && capital_loss_0']
HyRS Accuracy : 0.810
Coverage of RuleSet : 0.938
"
0.004641588833612777,0.46415888336127775,0.8119774782460331,0.9596655860774612,0.8114250614250614,0.9621212121212122,0.8100112601085065,0.9574163169208721,"HyRS
Positive rules : 
 ['education_Bachelors && marital_status_Married']
Negative rules : 
 ['neg_education_Masters_Doctorate', 'neg_marital_status_Married']
HyRS Accuracy : 0.810
Coverage of RuleSet : 0.957
"
0.004641588833612777,1.0,0.7882955127111414,1.0,0.7907452907452908,1.0,0.7882075954550107,1.0,"HyRS
Positive rules : 
 ['education_Bachelors && marital_status_Married']
Negative rules : 
 ['neg_race_Other', 'neg_race_Asian-Pac-Islander']
HyRS Accuracy : 0.788
Coverage of RuleSet : 1.000
"
0.005994842503189409,0.001,0.8526190069953933,0.0,0.8451064701064701,0.0,0.8373426143924659,0.0,"HyRS
Positive rules : 
 []
Negative rules : 
 []
HyRS Accuracy : 0.837
Coverage of RuleSet : 0.000
"
0.005994842503189409,0.0021544346900318843,0.8526190069953933,0.0,0.8451064701064701,0.0,0.8373426143924659,0.0,"HyRS
Positive rules : 
 []
Negative rules : 
 []
HyRS Accuracy : 0.837
Coverage of RuleSet : 0.000
"
0.005994842503189409,0.004641588833612777,0.8526190069953933,0.0,0.8451064701064701,0.0,0.8373426143924659,0.0,"HyRS
Positive rules : 
 []
Negative rules : 
 []
HyRS Accuracy : 0.837
Coverage of RuleSet : 0.000
"
0.005994842503189409,0.01,0.8526190069953933,0.0,0.8451064701064701,0.0,0.8373426143924659,0.0,"HyRS
Positive rules : 
 []
Negative rules : 
 []
HyRS Accuracy : 0.837
Coverage of RuleSet : 0.000
"
0.005994842503189409,0.021544346900318832,0.8522777682989251,0.3164988909742365,0.8456183456183456,0.3157248157248157,0.8370355205241069,0.31538540280479066,"HyRS
Positive rules : 
 []
Negative rules : 
 ['marital_status_Single && capital_gain_0']
HyRS Accuracy : 0.837
Coverage of RuleSet : 0.315
"
0.005994842503189409,0.046415888336127774,0.8462037195017915,0.6888585565603139,0.8413185913185913,0.6903153153153153,0.8346811342000204,0.6861500665370048,"HyRS
Positive rules : 
 []
Negative rules : 
 ['neg_marital_status_Married', 'occupation_Blue-Collar && capital_gain_0']
HyRS Accuracy : 0.835
Coverage of RuleSet : 0.686
"
0.005994842503189409,0.1,0.8462037195017915,0.6888585565603139,0.8413185913185913,0.6903153153153153,0.8346811342000204,0.6861500665370048,"HyRS
Positive rules : 
 []
Negative rules : 
 ['neg_marital_status_Married', 'occupation_Blue-Collar && capital_gain_0']
HyRS Accuracy : 0.835
Coverage of RuleSet : 0.686
"
0.005994842503189409,0.21544346900318823,0.8142979013820167,0.9334243303190581,0.8133701883701884,0.936015561015561,0.8108301770907974,0.9309038796192036,"HyRS
Positive rules : 
 ['education_Bachelors && marital_status_Married']
Negative rules : 
 ['neg_education_Masters_Doctorate']
HyRS Accuracy : 0.811
Coverage of RuleSet : 0.931
"
0.005994842503189409,0.46415888336127775,0.78873912301655,0.9925268725473468,0.7907452907452908,0.9922194922194922,0.7881052308322244,0.9911966424403726,"HyRS
Positive rules : 
 ['education_Bachelors && marital_status_Married']
Negative rules : 
 ['neg_race_Other']
HyRS Accuracy : 0.788
Coverage of RuleSet : 0.991
"
0.005994842503189409,1.0,0.7883978843200818,0.9989762839105955,0.7907452907452908,0.9987714987714987,0.788002866209438,0.9986692599037773,"HyRS
Positive rules : 
 ['education_Bachelors && marital_status_Married']
Negative rules : 
 ['neg_race_Other', 'neg_occupation_White-Collar']
HyRS Accuracy : 0.788
Coverage of RuleSet : 0.999
"
0.007742636826811269,0.001,0.8526190069953933,0.0,0.8451064701064701,0.0,0.8373426143924659,0.0,"HyRS
Positive rules : 
 []
Negative rules : 
 []
HyRS Accuracy : 0.837
Coverage of RuleSet : 0.000
"
0.007742636826811269,0.0021544346900318843,0.8526190069953933,0.0,0.8451064701064701,0.0,0.8373426143924659,0.0,"HyRS
Positive rules : 
 []
Negative rules : 
 []
HyRS Accuracy : 0.837
Coverage of RuleSet : 0.000
"
0.007742636826811269,0.004641588833612777,0.8526190069953933,0.0,0.8451064701064701,0.0,0.8373426143924659,0.0,"HyRS
Positive rules : 
 []
Negative rules : 
 []
HyRS Accuracy : 0.837
Coverage of RuleSet : 0.000
"
0.007742636826811269,0.01,0.8526190069953933,0.0,0.8451064701064701,0.0,0.8373426143924659,0.0,"HyRS
Positive rules : 
 []
Negative rules : 
 []
HyRS Accuracy : 0.837
Coverage of RuleSet : 0.000
"
0.007742636826811269,0.021544346900318832,0.8526190069953933,0.0,0.8451064701064701,0.0,0.8373426143924659,0.0,"HyRS
Positive rules : 
 []
Negative rules : 
 []
HyRS Accuracy : 0.837
Coverage of RuleSet : 0.000
"
0.007742636826811269,0.046415888336127774,0.8475004265483705,0.5280668827845078,0.8409090909090909,0.5336814086814087,0.8352953219367386,0.5230832224383253,"HyRS
Positive rules : 
 []
Negative rules : 
 ['neg_marital_status_Married']
HyRS Accuracy : 0.835
Coverage of RuleSet : 0.523
"
0.007742636826811269,0.1,0.8462037195017915,0.6888585565603139,0.8413185913185913,0.6903153153153153,0.8346811342000204,0.6861500665370048,"HyRS
Positive rules : 
 []
Negative rules : 
 ['neg_marital_status_Married', 'occupation_Blue-Collar && capital_gain_0']
HyRS Accuracy : 0.835
Coverage of RuleSet : 0.686
"
0.007742636826811269,0.21544346900318823,0.8142979013820167,0.9334243303190581,0.8133701883701884,0.936015561015561,0.8108301770907974,0.9309038796192036,"HyRS
Positive rules : 
 ['education_Bachelors && marital_status_Married']
Negative rules : 
 ['neg_education_Masters_Doctorate']
HyRS Accuracy : 0.811
Coverage of RuleSet : 0.931
"
0.007742636826811269,0.46415888336127775,0.7990786555195359,0.9927998635045214,0.7995495495495496,0.9925266175266175,0.7888217831917289,0.991299007063159,"HyRS
Positive rules : 
 ['capital_gain_>0 && capital_loss_0', 'education_Bachelors && relationship_Husband']
Negative rules : 
 ['neg_race_Other']
HyRS Accuracy : 0.789
Coverage of RuleSet : 0.991
"
0.007742636826811269,1.0,0.78873912301655,0.9925268725473468,0.7907452907452908,0.9922194922194922,0.7881052308322244,0.9911966424403726,"HyRS
Positive rules : 
 ['education_Bachelors && marital_status_Married']
Negative rules : 
 ['neg_race_Other']
HyRS Accuracy : 0.788
Coverage of RuleSet : 0.991
"
0.01,0.001,0.8526190069953933,0.0,0.8451064701064701,0.0,0.8373426143924659,0.0,"HyRS
Positive rules : 
 []
Negative rules : 
 []
HyRS Accuracy : 0.837
Coverage of RuleSet : 0.000
"
0.01,0.0021544346900318843,0.8526190069953933,0.0,0.8451064701064701,0.0,0.8373426143924659,0.0,"HyRS
Positive rules : 
 []
Negative rules : 
 []
HyRS Accuracy : 0.837
Coverage of RuleSet : 0.000
"
0.01,0.004641588833612777,0.8526190069953933,0.0,0.8451064701064701,0.0,0.8373426143924659,0.0,"HyRS
Positive rules : 
 []
Negative rules : 
 []
HyRS Accuracy : 0.837
Coverage of RuleSet : 0.000
"
0.01,0.01,0.8526190069953933,0.0,0.8451064701064701,0.0,0.8373426143924659,0.0,"HyRS
Positive rules : 
 []
Negative rules : 
 []
HyRS Accuracy : 0.837
Coverage of RuleSet : 0.000
"
0.01,0.021544346900318832,0.8526190069953933,0.0,0.8451064701064701,0.0,0.8373426143924659,0.0,"HyRS
Positive rules : 
 []
Negative rules : 
 []
HyRS Accuracy : 0.837
Coverage of RuleSet : 0.000
"
0.01,0.046415888336127774,0.8475004265483705,0.5280668827845078,0.8409090909090909,0.5336814086814087,0.8352953219367386,0.5230832224383253,"HyRS
Positive rules : 
 []
Negative rules : 
 ['neg_marital_status_Married']
HyRS Accuracy : 0.835
Coverage of RuleSet : 0.523
"
0.01,0.1,0.8462037195017915,0.6888585565603139,0.8413185913185913,0.6903153153153153,0.8346811342000204,0.6861500665370048,"HyRS
Positive rules : 
 []
Negative rules : 
 ['neg_marital_status_Married', 'occupation_Blue-Collar && capital_gain_0']
HyRS Accuracy : 0.835
Coverage of RuleSet : 0.686
"
0.01,0.21544346900318823,0.8142979013820167,0.9334243303190581,0.8133701883701884,0.936015561015561,0.8108301770907974,0.9309038796192036,"HyRS
Positive rules : 
 ['education_Bachelors && marital_status_Married']
Negative rules : 
 ['neg_education_Masters_Doctorate']
HyRS Accuracy : 0.811
Coverage of RuleSet : 0.931
"
0.01,0.46415888336127775,0.78873912301655,0.9925268725473468,0.7907452907452908,0.9922194922194922,0.7881052308322244,0.9911966424403726,"HyRS
Positive rules : 
 ['education_Bachelors && marital_status_Married']
Negative rules : 
 ['neg_race_Other']
HyRS Accuracy : 0.788
Coverage of RuleSet : 0.991
"
0.01,1.0,0.78873912301655,0.9925268725473468,0.7907452907452908,0.9922194922194922,0.7881052308322244,0.9911966424403726,"HyRS
Positive rules : 
 ['education_Bachelors && marital_status_Married']
Negative rules : 
 ['neg_race_Other']
HyRS Accuracy : 0.788
Coverage of RuleSet : 0.991
"
