alpha,beta,accuracy_train,transparency_train,accuracy_valid,transparency_valid,accuracy_test,transparency_test,model
na,na,0.8560655178297218,0,0.8441850941850941,0,0.8351929573139523,0,"RandomForestClassifier(max_features=None, min_samples_leaf=12, n_estimators=46,
                       random_state=4)"
0.001,0.001,0.8560655178297218,0.0,0.8441850941850941,0.0,0.8351929573139523,0.0,"HyRS
Positive rules : 
 []
Negative rules : 
 []
HyRS Accuracy : 0.835
Coverage of RuleSet : 0.000
"
0.001,0.0021544346900318843,0.8560655178297218,0.0,0.8441850941850941,0.0,0.8351929573139523,0.0,"HyRS
Positive rules : 
 []
Negative rules : 
 []
HyRS Accuracy : 0.835
Coverage of RuleSet : 0.000
"
0.001,0.004641588833612777,0.8560655178297218,0.0,0.8441850941850941,0.0,0.8351929573139523,0.0,"HyRS
Positive rules : 
 []
Negative rules : 
 []
HyRS Accuracy : 0.835
Coverage of RuleSet : 0.000
"
0.001,0.01,0.8557584030029005,0.23170107490189387,0.8443898443898444,0.23054873054873054,0.8353976865595251,0.22970621353260312,"HyRS
Positive rules : 
 []
Negative rules : 
 ['age_low && marital_status_Single']
HyRS Accuracy : 0.835
Coverage of RuleSet : 0.230
"
0.001,0.021544346900318832,0.8490018768128306,0.6888585565603139,0.8393734643734644,0.6903153153153153,0.8328385709898659,0.6861500665370048,"HyRS
Positive rules : 
 []
Negative rules : 
 ['neg_marital_status_Married', 'occupation_Blue-Collar && capital_gain_0']
HyRS Accuracy : 0.833
Coverage of RuleSet : 0.686
"
0.001,0.046415888336127774,0.8490018768128306,0.6888585565603139,0.8393734643734644,0.6903153153153153,0.8328385709898659,0.6861500665370048,"HyRS
Positive rules : 
 []
Negative rules : 
 ['neg_marital_status_Married', 'occupation_Blue-Collar && capital_gain_0']
HyRS Accuracy : 0.833
Coverage of RuleSet : 0.686
"
0.001,0.1,0.8424842177102884,0.7819143490871865,0.8353808353808354,0.7884930384930385,0.8293581738151294,0.779301873272597,"HyRS
Positive rules : 
 ['education_Bachelors && marital_status_Married']
Negative rules : 
 ['neg_marital_status_Married', 'hours_per_week_low && education_HS-grad', 'occupation_Blue-Collar && capital_gain_0']
HyRS Accuracy : 0.829
Coverage of RuleSet : 0.779
"
0.001,0.21544346900318823,0.8196553489165671,0.9344480464084627,0.816031941031941,0.9371416871416871,0.8097041662401474,0.9377623093458901,"HyRS
Positive rules : 
 ['education_Bachelors && marital_status_Married']
Negative rules : 
 ['capital_gain_0 && capital_loss_0', 'neg_marital_status_Married']
HyRS Accuracy : 0.810
Coverage of RuleSet : 0.938
"
0.001,0.46415888336127775,0.8050503327077291,0.9716771881931411,0.8053849303849304,0.9738943488943489,0.8033575596273927,0.9699048009008087,"HyRS
Positive rules : 
 ['education_Bachelors && relationship_Husband']
Negative rules : 
 ['relationship_Not-in-family && capital_gain_0', 'marital_status_Single && workclass_Private', 'neg_marital_status_Married', 'neg_relationship_Husband', 'gender_Female', 'neg_education_Masters_Doctorate', 'hours_per_week_low && capital_gain_0', 'workclass_Self-Employed && capital_gain_0']
HyRS Accuracy : 0.803
Coverage of RuleSet : 0.970
"
0.001,1.0,0.7884661320593755,0.999624637433885,0.790950040950041,0.9994881244881245,0.7883099600777971,0.9996929061316409,"HyRS
Positive rules : 
 ['education_Bachelors && marital_status_Married']
Negative rules : 
 ['neg_race_Other', 'neg_capital_gain_>0']
HyRS Accuracy : 0.788
Coverage of RuleSet : 1.000
"
0.001291549665014884,0.001,0.8560655178297218,0.0,0.8441850941850941,0.0,0.8351929573139523,0.0,"HyRS
Positive rules : 
 []
Negative rules : 
 []
HyRS Accuracy : 0.835
Coverage of RuleSet : 0.000
"
0.001291549665014884,0.0021544346900318843,0.8560655178297218,0.0,0.8441850941850941,0.0,0.8351929573139523,0.0,"HyRS
Positive rules : 
 []
Negative rules : 
 []
HyRS Accuracy : 0.835
Coverage of RuleSet : 0.000
"
0.001291549665014884,0.004641588833612777,0.8560655178297218,0.0,0.8441850941850941,0.0,0.8351929573139523,0.0,"HyRS
Positive rules : 
 []
Negative rules : 
 []
HyRS Accuracy : 0.835
Coverage of RuleSet : 0.000
"
0.001291549665014884,0.01,0.8546323153045555,0.2861286469885685,0.844082719082719,0.286957411957412,0.8343740403316614,0.29112498720442215,"HyRS
Positive rules : 
 []
Negative rules : 
 ['occupation_Blue-Collar && capital_gain_0']
HyRS Accuracy : 0.834
Coverage of RuleSet : 0.291
"
0.001291549665014884,0.021544346900318832,0.8490018768128306,0.6888585565603139,0.8393734643734644,0.6903153153153153,0.8328385709898659,0.6861500665370048,"HyRS
Positive rules : 
 []
Negative rules : 
 ['neg_marital_status_Married', 'occupation_Blue-Collar && capital_gain_0']
HyRS Accuracy : 0.833
Coverage of RuleSet : 0.686
"
0.001291549665014884,0.046415888336127774,0.8490018768128306,0.6888585565603139,0.8393734643734644,0.6903153153153153,0.8328385709898659,0.6861500665370048,"HyRS
Positive rules : 
 []
Negative rules : 
 ['neg_marital_status_Married', 'occupation_Blue-Collar && capital_gain_0']
HyRS Accuracy : 0.833
Coverage of RuleSet : 0.686
"
0.001291549665014884,0.1,0.8458283569356765,0.7353693908889268,0.8377354627354627,0.7344389844389845,0.8281297983416931,0.7344661684921691,"HyRS
Positive rules : 
 []
Negative rules : 
 ['occupation_Blue-Collar && capital_gain_0', 'hours_per_week_low && capital_gain_0', 'neg_marital_status_Married']
HyRS Accuracy : 0.828
Coverage of RuleSet : 0.734
"
0.001291549665014884,0.21544346900318823,0.813683671728374,0.9719501791503157,0.8134725634725635,0.9716420966420967,0.8061214044426246,0.9679598730678678,"HyRS
Positive rules : 
 ['education_Bachelors && marital_status_Married', 'capital_gain_>0']
Negative rules : 
 ['neg_relationship_Husband', 'neg_education_Masters_Doctorate']
HyRS Accuracy : 0.806
Coverage of RuleSet : 0.968
"
0.001291549665014884,0.46415888336127775,0.7985667974748336,0.9711994540180856,0.7997542997542998,0.9742014742014742,0.7919950864981062,0.9691882485413041,"HyRS
Positive rules : 
 ['occupation_White-Collar && relationship_Husband']
Negative rules : 
 ['neg_education_Masters_Doctorate', 'neg_marital_status_Married']
HyRS Accuracy : 0.792
Coverage of RuleSet : 0.969
"
0.001291549665014884,1.0,0.7882955127111414,1.0,0.7907452907452908,1.0,0.7882075954550107,1.0,"HyRS
Positive rules : 
 ['education_Bachelors && marital_status_Married']
Negative rules : 
 ['neg_race_Other', 'neg_race_Amer-Indian-Eskimo', 'gender_Male && race_White']
HyRS Accuracy : 0.788
Coverage of RuleSet : 1.000
"
0.0016681005372000592,0.001,0.8560655178297218,0.0,0.8441850941850941,0.0,0.8351929573139523,0.0,"HyRS
Positive rules : 
 []
Negative rules : 
 []
HyRS Accuracy : 0.835
Coverage of RuleSet : 0.000
"
0.0016681005372000592,0.0021544346900318843,0.8560655178297218,0.0,0.8441850941850941,0.0,0.8351929573139523,0.0,"HyRS
Positive rules : 
 []
Negative rules : 
 []
HyRS Accuracy : 0.835
Coverage of RuleSet : 0.000
"
0.0016681005372000592,0.004641588833612777,0.8560655178297218,0.0,0.8441850941850941,0.0,0.8351929573139523,0.0,"HyRS
Positive rules : 
 []
Negative rules : 
 []
HyRS Accuracy : 0.835
Coverage of RuleSet : 0.000
"
0.0016681005372000592,0.01,0.8560655178297218,0.0,0.8441850941850941,0.0,0.8351929573139523,0.0,"HyRS
Positive rules : 
 []
Negative rules : 
 []
HyRS Accuracy : 0.835
Coverage of RuleSet : 0.000
"
0.0016681005372000592,0.021544346900318832,0.8555877836546665,0.3164988909742365,0.8438779688779688,0.3157248157248157,0.8350905926911659,0.31538540280479066,"HyRS
Positive rules : 
 []
Negative rules : 
 ['marital_status_Single && capital_gain_0']
HyRS Accuracy : 0.835
Coverage of RuleSet : 0.315
"
0.0016681005372000592,0.046415888336127774,0.8490018768128306,0.6888585565603139,0.8393734643734644,0.6903153153153153,0.8328385709898659,0.6861500665370048,"HyRS
Positive rules : 
 []
Negative rules : 
 ['neg_marital_status_Married', 'occupation_Blue-Collar && capital_gain_0']
HyRS Accuracy : 0.833
Coverage of RuleSet : 0.686
"
0.0016681005372000592,0.1,0.8490018768128306,0.6888585565603139,0.8393734643734644,0.6903153153153153,0.8328385709898659,0.6861500665370048,"HyRS
Positive rules : 
 []
Negative rules : 
 ['neg_marital_status_Married', 'occupation_Blue-Collar && capital_gain_0']
HyRS Accuracy : 0.833
Coverage of RuleSet : 0.686
"
0.0016681005372000592,0.21544346900318823,0.813683671728374,0.9719501791503157,0.8134725634725635,0.9716420966420967,0.8061214044426246,0.9679598730678678,"HyRS
Positive rules : 
 ['education_Bachelors && marital_status_Married', 'capital_gain_>0']
Negative rules : 
 ['neg_relationship_Husband', 'neg_education_Masters_Doctorate']
HyRS Accuracy : 0.806
Coverage of RuleSet : 0.968
"
0.0016681005372000592,0.46415888336127775,0.7989762839105955,0.9927998635045214,0.7995495495495496,0.9925266175266175,0.7889241478145153,0.991299007063159,"HyRS
Positive rules : 
 ['capital_gain_>0', 'education_Bachelors && relationship_Husband']
Negative rules : 
 ['neg_race_Other']
HyRS Accuracy : 0.789
Coverage of RuleSet : 0.991
"
0.0016681005372000592,1.0,0.7882955127111414,1.0,0.7907452907452908,1.0,0.7882075954550107,1.0,"HyRS
Positive rules : 
 ['education_Bachelors && marital_status_Married']
Negative rules : 
 ['neg_race_Other', 'neg_race_Amer-Indian-Eskimo']
HyRS Accuracy : 0.788
Coverage of RuleSet : 1.000
"
0.0021544346900318843,0.001,0.8560655178297218,0.0,0.8441850941850941,0.0,0.8351929573139523,0.0,"HyRS
Positive rules : 
 []
Negative rules : 
 []
HyRS Accuracy : 0.835
Coverage of RuleSet : 0.000
"
0.0021544346900318843,0.0021544346900318843,0.8560655178297218,0.0,0.8441850941850941,0.0,0.8351929573139523,0.0,"HyRS
Positive rules : 
 []
Negative rules : 
 []
HyRS Accuracy : 0.835
Coverage of RuleSet : 0.000
"
0.0021544346900318843,0.004641588833612777,0.8560655178297218,0.0,0.8441850941850941,0.0,0.8351929573139523,0.0,"HyRS
Positive rules : 
 []
Negative rules : 
 []
HyRS Accuracy : 0.835
Coverage of RuleSet : 0.000
"
0.0021544346900318843,0.01,0.8560655178297218,0.0,0.8441850941850941,0.0,0.8351929573139523,0.0,"HyRS
Positive rules : 
 []
Negative rules : 
 []
HyRS Accuracy : 0.835
Coverage of RuleSet : 0.000
"
0.0021544346900318843,0.021544346900318832,0.8504009554683502,0.5280668827845078,0.8394758394758395,0.5336814086814087,0.8336574879721568,0.5230832224383253,"HyRS
Positive rules : 
 []
Negative rules : 
 ['neg_marital_status_Married']
HyRS Accuracy : 0.834
Coverage of RuleSet : 0.523
"
0.0021544346900318843,0.046415888336127774,0.8490018768128306,0.6888585565603139,0.8393734643734644,0.6903153153153153,0.8328385709898659,0.6861500665370048,"HyRS
Positive rules : 
 []
Negative rules : 
 ['neg_marital_status_Married', 'occupation_Blue-Collar && capital_gain_0']
HyRS Accuracy : 0.833
Coverage of RuleSet : 0.686
"
0.0021544346900318843,0.1,0.8463743388500256,0.7505203890121139,0.8371212121212122,0.7528665028665029,0.8326338417442932,0.750435049646842,"HyRS
Positive rules : 
 []
Negative rules : 
 ['occupation_Blue-Collar && capital_gain_0', 'neg_marital_status_Married', 'education_HS-grad && capital_gain_0']
HyRS Accuracy : 0.833
Coverage of RuleSet : 0.750
"
0.0021544346900318843,0.21544346900318823,0.8196553489165671,0.9344480464084627,0.816031941031941,0.9371416871416871,0.8097041662401474,0.9377623093458901,"HyRS
Positive rules : 
 ['education_Bachelors && marital_status_Married']
Negative rules : 
 ['neg_marital_status_Married', 'capital_gain_0 && capital_loss_0']
HyRS Accuracy : 0.810
Coverage of RuleSet : 0.938
"
0.0021544346900318843,0.46415888336127775,0.8084627196724109,0.9656713871353011,0.8084561834561834,0.9674447174447175,0.8080663322755656,0.9623298188146177,"HyRS
Positive rules : 
 ['education_Bachelors && marital_status_Married']
Negative rules : 
 ['neg_relationship_Husband', 'neg_education_Masters_Doctorate', 'occupation_Blue-Collar && workclass_Private']
HyRS Accuracy : 0.808
Coverage of RuleSet : 0.962
"
0.0021544346900318843,1.0,0.7882955127111414,1.0,0.7907452907452908,1.0,0.7882075954550107,1.0,"HyRS
Positive rules : 
 ['education_Bachelors && marital_status_Married']
Negative rules : 
 ['neg_race_Asian-Pac-Islander', 'neg_race_Amer-Indian-Eskimo']
HyRS Accuracy : 0.788
Coverage of RuleSet : 1.000
"
0.0027825594022071257,0.001,0.8560655178297218,0.0,0.8441850941850941,0.0,0.8351929573139523,0.0,"HyRS
Positive rules : 
 []
Negative rules : 
 []
HyRS Accuracy : 0.835
Coverage of RuleSet : 0.000
"
0.0027825594022071257,0.0021544346900318843,0.8560655178297218,0.0,0.8441850941850941,0.0,0.8351929573139523,0.0,"HyRS
Positive rules : 
 []
Negative rules : 
 []
HyRS Accuracy : 0.835
Coverage of RuleSet : 0.000
"
0.0027825594022071257,0.004641588833612777,0.8560655178297218,0.0,0.8441850941850941,0.0,0.8351929573139523,0.0,"HyRS
Positive rules : 
 []
Negative rules : 
 []
HyRS Accuracy : 0.835
Coverage of RuleSet : 0.000
"
0.0027825594022071257,0.01,0.8560655178297218,0.0,0.8441850941850941,0.0,0.8351929573139523,0.0,"HyRS
Positive rules : 
 []
Negative rules : 
 []
HyRS Accuracy : 0.835
Coverage of RuleSet : 0.000
"
0.0027825594022071257,0.021544346900318832,0.8504009554683502,0.5280668827845078,0.8394758394758395,0.5336814086814087,0.8336574879721568,0.5230832224383253,"HyRS
Positive rules : 
 []
Negative rules : 
 ['neg_marital_status_Married']
HyRS Accuracy : 0.834
Coverage of RuleSet : 0.523
"
0.0027825594022071257,0.046415888336127774,0.8490018768128306,0.6888585565603139,0.8393734643734644,0.6903153153153153,0.8328385709898659,0.6861500665370048,"HyRS
Positive rules : 
 []
Negative rules : 
 ['neg_marital_status_Married', 'occupation_Blue-Collar && capital_gain_0']
HyRS Accuracy : 0.833
Coverage of RuleSet : 0.686
"
0.0027825594022071257,0.1,0.8463743388500256,0.7505203890121139,0.8371212121212122,0.7528665028665029,0.8326338417442932,0.750435049646842,"HyRS
Positive rules : 
 []
Negative rules : 
 ['occupation_Blue-Collar && capital_gain_0', 'neg_marital_status_Married', 'education_HS-grad && capital_gain_0']
HyRS Accuracy : 0.833
Coverage of RuleSet : 0.750
"
0.0027825594022071257,0.21544346900318823,0.8196553489165671,0.9344480464084627,0.816031941031941,0.9371416871416871,0.8097041662401474,0.9377623093458901,"HyRS
Positive rules : 
 ['education_Bachelors && marital_status_Married']
Negative rules : 
 ['neg_marital_status_Married', 'capital_gain_0 && capital_loss_0']
HyRS Accuracy : 0.810
Coverage of RuleSet : 0.938
"
0.0027825594022071257,0.46415888336127775,0.7968947278621396,0.9889097423647841,0.7975020475020475,0.9894553644553644,0.7940423789538336,0.990172996212509,"HyRS
Positive rules : 
 ['education_Bachelors && marital_status_Married']
Negative rules : 
 ['neg_education_Masters_Doctorate', 'neg_capital_gain_>0']
HyRS Accuracy : 0.794
Coverage of RuleSet : 0.990
"
0.0027825594022071257,1.0,0.7882955127111414,1.0,0.7907452907452908,1.0,0.7882075954550107,1.0,"HyRS
Positive rules : 
 ['education_Bachelors && marital_status_Married']
Negative rules : 
 ['neg_race_Asian-Pac-Islander', 'neg_race_Amer-Indian-Eskimo']
HyRS Accuracy : 0.788
Coverage of RuleSet : 1.000
"
0.003593813663804626,0.001,0.8560655178297218,0.0,0.8441850941850941,0.0,0.8351929573139523,0.0,"HyRS
Positive rules : 
 []
Negative rules : 
 []
HyRS Accuracy : 0.835
Coverage of RuleSet : 0.000
"
0.003593813663804626,0.0021544346900318843,0.8560655178297218,0.0,0.8441850941850941,0.0,0.8351929573139523,0.0,"HyRS
Positive rules : 
 []
Negative rules : 
 []
HyRS Accuracy : 0.835
Coverage of RuleSet : 0.000
"
0.003593813663804626,0.004641588833612777,0.8560655178297218,0.0,0.8441850941850941,0.0,0.8351929573139523,0.0,"HyRS
Positive rules : 
 []
Negative rules : 
 []
HyRS Accuracy : 0.835
Coverage of RuleSet : 0.000
"
0.003593813663804626,0.01,0.8560655178297218,0.0,0.8441850941850941,0.0,0.8351929573139523,0.0,"HyRS
Positive rules : 
 []
Negative rules : 
 []
HyRS Accuracy : 0.835
Coverage of RuleSet : 0.000
"
0.003593813663804626,0.021544346900318832,0.8504009554683502,0.5280668827845078,0.8394758394758395,0.5336814086814087,0.8336574879721568,0.5230832224383253,"HyRS
Positive rules : 
 []
Negative rules : 
 ['neg_marital_status_Married']
HyRS Accuracy : 0.834
Coverage of RuleSet : 0.523
"
0.003593813663804626,0.046415888336127774,0.8490018768128306,0.6888585565603139,0.8393734643734644,0.6903153153153153,0.8328385709898659,0.6861500665370048,"HyRS
Positive rules : 
 []
Negative rules : 
 ['neg_marital_status_Married', 'occupation_Blue-Collar && capital_gain_0']
HyRS Accuracy : 0.833
Coverage of RuleSet : 0.686
"
0.003593813663804626,0.1,0.8490018768128306,0.6888585565603139,0.8393734643734644,0.6903153153153153,0.8328385709898659,0.6861500665370048,"HyRS
Positive rules : 
 []
Negative rules : 
 ['neg_marital_status_Married', 'occupation_Blue-Collar && capital_gain_0']
HyRS Accuracy : 0.833
Coverage of RuleSet : 0.686
"
0.003593813663804626,0.21544346900318823,0.8196553489165671,0.9344480464084627,0.816031941031941,0.9371416871416871,0.8097041662401474,0.9377623093458901,"HyRS
Positive rules : 
 ['education_Bachelors && marital_status_Married']
Negative rules : 
 ['neg_marital_status_Married', 'capital_gain_0 && capital_loss_0']
HyRS Accuracy : 0.810
Coverage of RuleSet : 0.938
"
0.003593813663804626,0.46415888336127775,0.7993857703463573,0.9948131718136837,0.8000614250614251,0.9940622440622441,0.7907667110246699,0.9937557580100317,"HyRS
Positive rules : 
 ['capital_gain_>0', 'education_Bachelors && marital_status_Married']
Negative rules : 
 ['age_low && hours_per_week_middle', 'neg_race_Other']
HyRS Accuracy : 0.791
Coverage of RuleSet : 0.994
"
0.003593813663804626,1.0,0.786691690837741,1.0,0.7893120393120393,1.0,0.7860579383764971,1.0,"HyRS
Positive rules : 
 ['education_Bachelors && relationship_Husband']
Negative rules : 
 ['neg_workclass_Self-Employed', 'workclass_Self-Employed']
HyRS Accuracy : 0.786
Coverage of RuleSet : 1.000
"
0.004641588833612777,0.001,0.8560655178297218,0.0,0.8441850941850941,0.0,0.8351929573139523,0.0,"HyRS
Positive rules : 
 []
Negative rules : 
 []
HyRS Accuracy : 0.835
Coverage of RuleSet : 0.000
"
0.004641588833612777,0.0021544346900318843,0.8560655178297218,0.0,0.8441850941850941,0.0,0.8351929573139523,0.0,"HyRS
Positive rules : 
 []
Negative rules : 
 []
HyRS Accuracy : 0.835
Coverage of RuleSet : 0.000
"
0.004641588833612777,0.004641588833612777,0.8560655178297218,0.0,0.8441850941850941,0.0,0.8351929573139523,0.0,"HyRS
Positive rules : 
 []
Negative rules : 
 []
HyRS Accuracy : 0.835
Coverage of RuleSet : 0.000
"
0.004641588833612777,0.01,0.8560655178297218,0.0,0.8441850941850941,0.0,0.8351929573139523,0.0,"HyRS
Positive rules : 
 []
Negative rules : 
 []
HyRS Accuracy : 0.835
Coverage of RuleSet : 0.000
"
0.004641588833612777,0.021544346900318832,0.8504009554683502,0.5280668827845078,0.8394758394758395,0.5336814086814087,0.8336574879721568,0.5230832224383253,"HyRS
Positive rules : 
 []
Negative rules : 
 ['neg_marital_status_Married']
HyRS Accuracy : 0.834
Coverage of RuleSet : 0.523
"
0.004641588833612777,0.046415888336127774,0.8490018768128306,0.6888585565603139,0.8393734643734644,0.6903153153153153,0.8328385709898659,0.6861500665370048,"HyRS
Positive rules : 
 []
Negative rules : 
 ['neg_marital_status_Married', 'occupation_Blue-Collar && capital_gain_0']
HyRS Accuracy : 0.833
Coverage of RuleSet : 0.686
"
0.004641588833612777,0.1,0.8490018768128306,0.6888585565603139,0.8393734643734644,0.6903153153153153,0.8328385709898659,0.6861500665370048,"HyRS
Positive rules : 
 []
Negative rules : 
 ['occupation_Blue-Collar && capital_gain_0', 'neg_marital_status_Married']
HyRS Accuracy : 0.833
Coverage of RuleSet : 0.686
"
0.004641588833612777,0.21544346900318823,0.8196553489165671,0.9344480464084627,0.816031941031941,0.9371416871416871,0.8097041662401474,0.9377623093458901,"HyRS
Positive rules : 
 ['education_Bachelors && marital_status_Married']
Negative rules : 
 ['neg_marital_status_Married', 'capital_gain_0 && capital_loss_0']
HyRS Accuracy : 0.810
Coverage of RuleSet : 0.938
"
0.004641588833612777,0.46415888336127775,0.7994198942160041,0.9934140931581641,0.8000614250614251,0.9934479934479934,0.7907667110246699,0.9918108301770908,"HyRS
Positive rules : 
 ['capital_gain_>0 && capital_loss_0', 'education_Bachelors && marital_status_Married']
Negative rules : 
 ['hours_per_week_low && education_HS-grad', 'neg_race_Other']
HyRS Accuracy : 0.791
Coverage of RuleSet : 0.992
"
0.004641588833612777,1.0,0.786691690837741,1.0,0.7893120393120393,1.0,0.7860579383764971,1.0,"HyRS
Positive rules : 
 ['education_Bachelors && relationship_Husband']
Negative rules : 
 ['neg_race_Other', 'neg_race_White']
HyRS Accuracy : 0.786
Coverage of RuleSet : 1.000
"
0.005994842503189409,0.001,0.8560655178297218,0.0,0.8441850941850941,0.0,0.8351929573139523,0.0,"HyRS
Positive rules : 
 []
Negative rules : 
 []
HyRS Accuracy : 0.835
Coverage of RuleSet : 0.000
"
0.005994842503189409,0.0021544346900318843,0.8560655178297218,0.0,0.8441850941850941,0.0,0.8351929573139523,0.0,"HyRS
Positive rules : 
 []
Negative rules : 
 []
HyRS Accuracy : 0.835
Coverage of RuleSet : 0.000
"
0.005994842503189409,0.004641588833612777,0.8560655178297218,0.0,0.8441850941850941,0.0,0.8351929573139523,0.0,"HyRS
Positive rules : 
 []
Negative rules : 
 []
HyRS Accuracy : 0.835
Coverage of RuleSet : 0.000
"
0.005994842503189409,0.01,0.8560655178297218,0.0,0.8441850941850941,0.0,0.8351929573139523,0.0,"HyRS
Positive rules : 
 []
Negative rules : 
 []
HyRS Accuracy : 0.835
Coverage of RuleSet : 0.000
"
0.005994842503189409,0.021544346900318832,0.8560655178297218,0.0,0.8441850941850941,0.0,0.8351929573139523,0.0,"HyRS
Positive rules : 
 []
Negative rules : 
 []
HyRS Accuracy : 0.835
Coverage of RuleSet : 0.000
"
0.005994842503189409,0.046415888336127774,0.8490018768128306,0.6888585565603139,0.8393734643734644,0.6903153153153153,0.8328385709898659,0.6861500665370048,"HyRS
Positive rules : 
 []
Negative rules : 
 ['neg_marital_status_Married', 'occupation_Blue-Collar && capital_gain_0']
HyRS Accuracy : 0.833
Coverage of RuleSet : 0.686
"
0.005994842503189409,0.1,0.8490018768128306,0.6888585565603139,0.8393734643734644,0.6903153153153153,0.8328385709898659,0.6861500665370048,"HyRS
Positive rules : 
 []
Negative rules : 
 ['occupation_Blue-Collar && capital_gain_0', 'neg_marital_status_Married']
HyRS Accuracy : 0.833
Coverage of RuleSet : 0.686
"
0.005994842503189409,0.21544346900318823,0.824569186145709,0.8896775294318375,0.8202293202293203,0.8925061425061425,0.8111372709591566,0.8952809908895486,"HyRS
Positive rules : 
 ['education_Bachelors && marital_status_Married']
Negative rules : 
 ['capital_gain_0 && capital_loss_0']
HyRS Accuracy : 0.811
Coverage of RuleSet : 0.895
"
0.005994842503189409,0.46415888336127775,0.7989762839105955,0.9927998635045214,0.7995495495495496,0.9925266175266175,0.7889241478145153,0.991299007063159,"HyRS
Positive rules : 
 ['capital_gain_>0', 'education_Bachelors && relationship_Husband']
Negative rules : 
 ['neg_race_Other']
HyRS Accuracy : 0.789
Coverage of RuleSet : 0.991
"
0.005994842503189409,1.0,0.7887049991469033,0.9925268725473468,0.790950040950041,0.9922194922194922,0.7882075954550107,0.9911966424403726,"HyRS
Positive rules : 
 ['education_Bachelors && marital_status_Married']
Negative rules : 
 ['neg_race_Other']
HyRS Accuracy : 0.788
Coverage of RuleSet : 0.991
"
0.007742636826811269,0.001,0.8560655178297218,0.0,0.8441850941850941,0.0,0.8351929573139523,0.0,"HyRS
Positive rules : 
 []
Negative rules : 
 []
HyRS Accuracy : 0.835
Coverage of RuleSet : 0.000
"
0.007742636826811269,0.0021544346900318843,0.8560655178297218,0.0,0.8441850941850941,0.0,0.8351929573139523,0.0,"HyRS
Positive rules : 
 []
Negative rules : 
 []
HyRS Accuracy : 0.835
Coverage of RuleSet : 0.000
"
0.007742636826811269,0.004641588833612777,0.8560655178297218,0.0,0.8441850941850941,0.0,0.8351929573139523,0.0,"HyRS
Positive rules : 
 []
Negative rules : 
 []
HyRS Accuracy : 0.835
Coverage of RuleSet : 0.000
"
0.007742636826811269,0.01,0.8560655178297218,0.0,0.8441850941850941,0.0,0.8351929573139523,0.0,"HyRS
Positive rules : 
 []
Negative rules : 
 []
HyRS Accuracy : 0.835
Coverage of RuleSet : 0.000
"
0.007742636826811269,0.021544346900318832,0.8560655178297218,0.0,0.8441850941850941,0.0,0.8351929573139523,0.0,"HyRS
Positive rules : 
 []
Negative rules : 
 []
HyRS Accuracy : 0.835
Coverage of RuleSet : 0.000
"
0.007742636826811269,0.046415888336127774,0.8504009554683502,0.5280668827845078,0.8394758394758395,0.5336814086814087,0.8336574879721568,0.5230832224383253,"HyRS
Positive rules : 
 []
Negative rules : 
 ['neg_marital_status_Married']
HyRS Accuracy : 0.834
Coverage of RuleSet : 0.523
"
0.007742636826811269,0.1,0.8490018768128306,0.6888585565603139,0.8393734643734644,0.6903153153153153,0.8328385709898659,0.6861500665370048,"HyRS
Positive rules : 
 []
Negative rules : 
 ['neg_marital_status_Married', 'occupation_Blue-Collar && capital_gain_0']
HyRS Accuracy : 0.833
Coverage of RuleSet : 0.686
"
0.007742636826811269,0.21544346900318823,0.824569186145709,0.8896775294318375,0.8202293202293203,0.8925061425061425,0.8111372709591566,0.8952809908895486,"HyRS
Positive rules : 
 ['education_Bachelors && marital_status_Married']
Negative rules : 
 ['capital_gain_0 && capital_loss_0']
HyRS Accuracy : 0.811
Coverage of RuleSet : 0.895
"
0.007742636826811269,0.46415888336127775,0.7871011772735028,0.9924245009384064,0.7897215397215397,0.991912366912367,0.7860579383764971,0.9909919131947998,"HyRS
Positive rules : 
 ['education_Bachelors && relationship_Husband']
Negative rules : 
 ['neg_race_Other']
HyRS Accuracy : 0.786
Coverage of RuleSet : 0.991
"
0.007742636826811269,1.0,0.7871011772735028,0.9924245009384064,0.7897215397215397,0.991912366912367,0.7860579383764971,0.9909919131947998,"HyRS
Positive rules : 
 ['education_Bachelors && relationship_Husband']
Negative rules : 
 ['neg_race_Other']
HyRS Accuracy : 0.786
Coverage of RuleSet : 0.991
"
0.01,0.001,0.8560655178297218,0.0,0.8441850941850941,0.0,0.8351929573139523,0.0,"HyRS
Positive rules : 
 []
Negative rules : 
 []
HyRS Accuracy : 0.835
Coverage of RuleSet : 0.000
"
0.01,0.0021544346900318843,0.8560655178297218,0.0,0.8441850941850941,0.0,0.8351929573139523,0.0,"HyRS
Positive rules : 
 []
Negative rules : 
 []
HyRS Accuracy : 0.835
Coverage of RuleSet : 0.000
"
0.01,0.004641588833612777,0.8560655178297218,0.0,0.8441850941850941,0.0,0.8351929573139523,0.0,"HyRS
Positive rules : 
 []
Negative rules : 
 []
HyRS Accuracy : 0.835
Coverage of RuleSet : 0.000
"
0.01,0.01,0.8560655178297218,0.0,0.8441850941850941,0.0,0.8351929573139523,0.0,"HyRS
Positive rules : 
 []
Negative rules : 
 []
HyRS Accuracy : 0.835
Coverage of RuleSet : 0.000
"
0.01,0.021544346900318832,0.8560655178297218,0.0,0.8441850941850941,0.0,0.8351929573139523,0.0,"HyRS
Positive rules : 
 []
Negative rules : 
 []
HyRS Accuracy : 0.835
Coverage of RuleSet : 0.000
"
0.01,0.046415888336127774,0.8504009554683502,0.5280668827845078,0.8394758394758395,0.5336814086814087,0.8336574879721568,0.5230832224383253,"HyRS
Positive rules : 
 []
Negative rules : 
 ['neg_marital_status_Married']
HyRS Accuracy : 0.834
Coverage of RuleSet : 0.523
"
0.01,0.1,0.8490018768128306,0.6888585565603139,0.8393734643734644,0.6903153153153153,0.8328385709898659,0.6861500665370048,"HyRS
Positive rules : 
 []
Negative rules : 
 ['neg_marital_status_Married', 'occupation_Blue-Collar && capital_gain_0']
HyRS Accuracy : 0.833
Coverage of RuleSet : 0.686
"
0.01,0.21544346900318823,0.824569186145709,0.8896775294318375,0.8202293202293203,0.8925061425061425,0.8111372709591566,0.8952809908895486,"HyRS
Positive rules : 
 ['education_Bachelors && marital_status_Married']
Negative rules : 
 ['capital_gain_0 && capital_loss_0']
HyRS Accuracy : 0.811
Coverage of RuleSet : 0.895
"
0.01,0.46415888336127775,0.7994198942160041,0.9929022351134619,0.8000614250614251,0.9927313677313677,0.7907667110246699,0.9915037363087317,"HyRS
Positive rules : 
 ['capital_gain_>0', 'education_Bachelors && marital_status_Married']
Negative rules : 
 ['neg_race_Other']
HyRS Accuracy : 0.791
Coverage of RuleSet : 0.992
"
0.01,1.0,0.7882955127111414,0.9993175226070636,0.7908476658476659,0.9989762489762489,0.7882075954550107,0.99887398914935,"HyRS
Positive rules : 
 ['education_Bachelors && marital_status_Married']
Negative rules : 
 ['neg_relationship_Other-relative', 'neg_race_Other']
HyRS Accuracy : 0.788
Coverage of RuleSet : 0.999
"
