alpha,temperature,accuracy_train,transparency_train,accuracy_valid,transparency_valid,accuracy_test,transparency_test,model
na,na,0.8512199283398737,0,0.8459254709254709,0,0.8374449790152523,0,"RandomForestClassifier(min_samples_leaf=11, n_estimators=118, random_state=3)"
0.001,0.001,0.8497526019450605,0.28664050503327076,0.8457207207207207,0.2853194103194103,0.8374449790152523,0.2912273518272085,"CRL
 ACC ,  C  ,  Rule
0.837 0.291 ['occupation_Blue-Collar && capital_gain_0']=>0
0.836 0.691 ['neg_marital_status_Married']=>0
0.834 0.751 ['education_HS-grad && capital_gain_0']=>0
0.820 0.961 ['neg_hours_per_week_low']=>1
0.814 1.000 ['neg_marital_status_Single']=>0

"
0.001,0.001,0.845180003412387,0.6890632997781949,0.8415233415233415,0.6848894348894349,0.8357047804278841,0.690961203807964,"CRL
 ACC ,  C  ,  Rule
0.837 0.291 ['occupation_Blue-Collar && capital_gain_0']=>0
0.836 0.691 ['neg_marital_status_Married']=>0
0.834 0.751 ['education_HS-grad && capital_gain_0']=>0
0.820 0.961 ['neg_hours_per_week_low']=>1
0.814 1.000 ['neg_marital_status_Single']=>0

"
0.001,0.001,0.8424500938406415,0.7516464767104589,0.8393734643734644,0.7484643734643734,0.8344764049544477,0.7514586958747057,"CRL
 ACC ,  C  ,  Rule
0.837 0.291 ['occupation_Blue-Collar && capital_gain_0']=>0
0.836 0.691 ['neg_marital_status_Married']=>0
0.834 0.751 ['education_HS-grad && capital_gain_0']=>0
0.820 0.961 ['neg_hours_per_week_low']=>1
0.814 1.000 ['neg_marital_status_Single']=>0

"
0.001,0.001,0.8199965876130353,0.9594949667292271,0.8207411957411958,0.9586404586404587,0.8196335346504248,0.9605896202272495,"CRL
 ACC ,  C  ,  Rule
0.837 0.291 ['occupation_Blue-Collar && capital_gain_0']=>0
0.836 0.691 ['neg_marital_status_Married']=>0
0.834 0.751 ['education_HS-grad && capital_gain_0']=>0
0.820 0.961 ['neg_hours_per_week_low']=>1
0.814 1.000 ['neg_marital_status_Single']=>0

"
0.001,0.001,0.814229653642723,1.0,0.8170556920556921,1.0,0.8142082096427474,1.0,"CRL
 ACC ,  C  ,  Rule
0.837 0.291 ['occupation_Blue-Collar && capital_gain_0']=>0
0.836 0.691 ['neg_marital_status_Married']=>0
0.834 0.751 ['education_HS-grad && capital_gain_0']=>0
0.820 0.961 ['neg_hours_per_week_low']=>1
0.814 1.000 ['neg_marital_status_Single']=>0

"
0.001,0.002,0.8497526019450605,0.28664050503327076,0.8457207207207207,0.2853194103194103,0.8374449790152523,0.2912273518272085,"CRL
 ACC ,  C  ,  Rule
0.837 0.291 ['occupation_Blue-Collar && capital_gain_0']=>0
0.836 0.691 ['neg_marital_status_Married']=>0
0.834 0.751 ['education_HS-grad && capital_gain_0']=>0
0.820 0.961 ['neg_hours_per_week_low']=>1
0.814 1.000 ['neg_marital_status_Single']=>0

"
0.001,0.002,0.845180003412387,0.6890632997781949,0.8415233415233415,0.6848894348894349,0.8357047804278841,0.690961203807964,"CRL
 ACC ,  C  ,  Rule
0.837 0.291 ['occupation_Blue-Collar && capital_gain_0']=>0
0.836 0.691 ['neg_marital_status_Married']=>0
0.834 0.751 ['education_HS-grad && capital_gain_0']=>0
0.820 0.961 ['neg_hours_per_week_low']=>1
0.814 1.000 ['neg_marital_status_Single']=>0

"
0.001,0.002,0.8424500938406415,0.7516464767104589,0.8393734643734644,0.7484643734643734,0.8344764049544477,0.7514586958747057,"CRL
 ACC ,  C  ,  Rule
0.837 0.291 ['occupation_Blue-Collar && capital_gain_0']=>0
0.836 0.691 ['neg_marital_status_Married']=>0
0.834 0.751 ['education_HS-grad && capital_gain_0']=>0
0.820 0.961 ['neg_hours_per_week_low']=>1
0.814 1.000 ['neg_marital_status_Single']=>0

"
0.001,0.002,0.8199965876130353,0.9594949667292271,0.8207411957411958,0.9586404586404587,0.8196335346504248,0.9605896202272495,"CRL
 ACC ,  C  ,  Rule
0.837 0.291 ['occupation_Blue-Collar && capital_gain_0']=>0
0.836 0.691 ['neg_marital_status_Married']=>0
0.834 0.751 ['education_HS-grad && capital_gain_0']=>0
0.820 0.961 ['neg_hours_per_week_low']=>1
0.814 1.000 ['neg_marital_status_Single']=>0

"
0.001,0.002,0.814229653642723,1.0,0.8170556920556921,1.0,0.8142082096427474,1.0,"CRL
 ACC ,  C  ,  Rule
0.837 0.291 ['occupation_Blue-Collar && capital_gain_0']=>0
0.836 0.691 ['neg_marital_status_Married']=>0
0.834 0.751 ['education_HS-grad && capital_gain_0']=>0
0.820 0.961 ['neg_hours_per_week_low']=>1
0.814 1.000 ['neg_marital_status_Single']=>0

"
0.001,0.003,0.8497526019450605,0.28664050503327076,0.8457207207207207,0.2853194103194103,0.8374449790152523,0.2912273518272085,"CRL
 ACC ,  C  ,  Rule
0.837 0.291 ['occupation_Blue-Collar && capital_gain_0']=>0
0.836 0.691 ['neg_marital_status_Married']=>0
0.834 0.751 ['education_HS-grad && capital_gain_0']=>0
0.820 0.961 ['neg_hours_per_week_low']=>1
0.814 1.000 ['neg_marital_status_Separated']=>0

"
0.001,0.003,0.845180003412387,0.6890632997781949,0.8415233415233415,0.6848894348894349,0.8357047804278841,0.690961203807964,"CRL
 ACC ,  C  ,  Rule
0.837 0.291 ['occupation_Blue-Collar && capital_gain_0']=>0
0.836 0.691 ['neg_marital_status_Married']=>0
0.834 0.751 ['education_HS-grad && capital_gain_0']=>0
0.820 0.961 ['neg_hours_per_week_low']=>1
0.814 1.000 ['neg_marital_status_Separated']=>0

"
0.001,0.003,0.8424500938406415,0.7516464767104589,0.8393734643734644,0.7484643734643734,0.8344764049544477,0.7514586958747057,"CRL
 ACC ,  C  ,  Rule
0.837 0.291 ['occupation_Blue-Collar && capital_gain_0']=>0
0.836 0.691 ['neg_marital_status_Married']=>0
0.834 0.751 ['education_HS-grad && capital_gain_0']=>0
0.820 0.961 ['neg_hours_per_week_low']=>1
0.814 1.000 ['neg_marital_status_Separated']=>0

"
0.001,0.003,0.8199965876130353,0.9594949667292271,0.8207411957411958,0.9586404586404587,0.8196335346504248,0.9605896202272495,"CRL
 ACC ,  C  ,  Rule
0.837 0.291 ['occupation_Blue-Collar && capital_gain_0']=>0
0.836 0.691 ['neg_marital_status_Married']=>0
0.834 0.751 ['education_HS-grad && capital_gain_0']=>0
0.820 0.961 ['neg_hours_per_week_low']=>1
0.814 1.000 ['neg_marital_status_Separated']=>0

"
0.001,0.003,0.814229653642723,1.0,0.8170556920556921,1.0,0.8142082096427474,1.0,"CRL
 ACC ,  C  ,  Rule
0.837 0.291 ['occupation_Blue-Collar && capital_gain_0']=>0
0.836 0.691 ['neg_marital_status_Married']=>0
0.834 0.751 ['education_HS-grad && capital_gain_0']=>0
0.820 0.961 ['neg_hours_per_week_low']=>1
0.814 1.000 ['neg_marital_status_Separated']=>0

"
0.001,0.004,0.8497526019450605,0.28664050503327076,0.8457207207207207,0.2853194103194103,0.8374449790152523,0.2912273518272085,"CRL
 ACC ,  C  ,  Rule
0.837 0.291 ['occupation_Blue-Collar && capital_gain_0']=>0
0.836 0.691 ['neg_marital_status_Married']=>0
0.834 0.751 ['education_HS-grad && capital_gain_0']=>0
0.820 0.961 ['neg_hours_per_week_low']=>1
0.814 1.000 ['hours_per_week_low']=>0

"
0.001,0.004,0.845180003412387,0.6890632997781949,0.8415233415233415,0.6848894348894349,0.8357047804278841,0.690961203807964,"CRL
 ACC ,  C  ,  Rule
0.837 0.291 ['occupation_Blue-Collar && capital_gain_0']=>0
0.836 0.691 ['neg_marital_status_Married']=>0
0.834 0.751 ['education_HS-grad && capital_gain_0']=>0
0.820 0.961 ['neg_hours_per_week_low']=>1
0.814 1.000 ['hours_per_week_low']=>0

"
0.001,0.004,0.8424500938406415,0.7516464767104589,0.8393734643734644,0.7484643734643734,0.8344764049544477,0.7514586958747057,"CRL
 ACC ,  C  ,  Rule
0.837 0.291 ['occupation_Blue-Collar && capital_gain_0']=>0
0.836 0.691 ['neg_marital_status_Married']=>0
0.834 0.751 ['education_HS-grad && capital_gain_0']=>0
0.820 0.961 ['neg_hours_per_week_low']=>1
0.814 1.000 ['hours_per_week_low']=>0

"
0.001,0.004,0.8199965876130353,0.9594949667292271,0.8207411957411958,0.9586404586404587,0.8196335346504248,0.9605896202272495,"CRL
 ACC ,  C  ,  Rule
0.837 0.291 ['occupation_Blue-Collar && capital_gain_0']=>0
0.836 0.691 ['neg_marital_status_Married']=>0
0.834 0.751 ['education_HS-grad && capital_gain_0']=>0
0.820 0.961 ['neg_hours_per_week_low']=>1
0.814 1.000 ['hours_per_week_low']=>0

"
0.001,0.004,0.814229653642723,1.0,0.8170556920556921,1.0,0.8142082096427474,1.0,"CRL
 ACC ,  C  ,  Rule
0.837 0.291 ['occupation_Blue-Collar && capital_gain_0']=>0
0.836 0.691 ['neg_marital_status_Married']=>0
0.834 0.751 ['education_HS-grad && capital_gain_0']=>0
0.820 0.961 ['neg_hours_per_week_low']=>1
0.814 1.000 ['hours_per_week_low']=>0

"
0.001,0.005,0.8497526019450605,0.28664050503327076,0.8457207207207207,0.2853194103194103,0.8374449790152523,0.2912273518272085,"CRL
 ACC ,  C  ,  Rule
0.837 0.291 ['occupation_Blue-Collar && capital_gain_0']=>0
0.836 0.691 ['neg_marital_status_Married']=>0
0.834 0.751 ['education_HS-grad && capital_gain_0']=>0
0.820 0.961 ['neg_hours_per_week_low']=>1
0.814 1.000 ['hours_per_week_low && marital_status_Married']=>0

"
0.001,0.005,0.845180003412387,0.6890632997781949,0.8415233415233415,0.6848894348894349,0.8357047804278841,0.690961203807964,"CRL
 ACC ,  C  ,  Rule
0.837 0.291 ['occupation_Blue-Collar && capital_gain_0']=>0
0.836 0.691 ['neg_marital_status_Married']=>0
0.834 0.751 ['education_HS-grad && capital_gain_0']=>0
0.820 0.961 ['neg_hours_per_week_low']=>1
0.814 1.000 ['hours_per_week_low && marital_status_Married']=>0

"
0.001,0.005,0.8424500938406415,0.7516464767104589,0.8393734643734644,0.7484643734643734,0.8344764049544477,0.7514586958747057,"CRL
 ACC ,  C  ,  Rule
0.837 0.291 ['occupation_Blue-Collar && capital_gain_0']=>0
0.836 0.691 ['neg_marital_status_Married']=>0
0.834 0.751 ['education_HS-grad && capital_gain_0']=>0
0.820 0.961 ['neg_hours_per_week_low']=>1
0.814 1.000 ['hours_per_week_low && marital_status_Married']=>0

"
0.001,0.005,0.8199965876130353,0.9594949667292271,0.8207411957411958,0.9586404586404587,0.8196335346504248,0.9605896202272495,"CRL
 ACC ,  C  ,  Rule
0.837 0.291 ['occupation_Blue-Collar && capital_gain_0']=>0
0.836 0.691 ['neg_marital_status_Married']=>0
0.834 0.751 ['education_HS-grad && capital_gain_0']=>0
0.820 0.961 ['neg_hours_per_week_low']=>1
0.814 1.000 ['hours_per_week_low && marital_status_Married']=>0

"
0.001,0.005,0.814229653642723,1.0,0.8170556920556921,1.0,0.8142082096427474,1.0,"CRL
 ACC ,  C  ,  Rule
0.837 0.291 ['occupation_Blue-Collar && capital_gain_0']=>0
0.836 0.691 ['neg_marital_status_Married']=>0
0.834 0.751 ['education_HS-grad && capital_gain_0']=>0
0.820 0.961 ['neg_hours_per_week_low']=>1
0.814 1.000 ['hours_per_week_low && marital_status_Married']=>0

"
0.001,0.006,0.8497526019450605,0.28664050503327076,0.8457207207207207,0.2853194103194103,0.8374449790152523,0.2912273518272085,"CRL
 ACC ,  C  ,  Rule
0.837 0.291 ['occupation_Blue-Collar && capital_gain_0']=>0
0.836 0.691 ['neg_marital_status_Married']=>0
0.834 0.751 ['education_HS-grad && capital_gain_0']=>0
0.820 0.961 ['neg_hours_per_week_low']=>1
0.814 1.000 ['neg_marital_status_Divorced']=>0

"
0.001,0.006,0.845180003412387,0.6890632997781949,0.8415233415233415,0.6848894348894349,0.8357047804278841,0.690961203807964,"CRL
 ACC ,  C  ,  Rule
0.837 0.291 ['occupation_Blue-Collar && capital_gain_0']=>0
0.836 0.691 ['neg_marital_status_Married']=>0
0.834 0.751 ['education_HS-grad && capital_gain_0']=>0
0.820 0.961 ['neg_hours_per_week_low']=>1
0.814 1.000 ['neg_marital_status_Divorced']=>0

"
0.001,0.006,0.8424500938406415,0.7516464767104589,0.8393734643734644,0.7484643734643734,0.8344764049544477,0.7514586958747057,"CRL
 ACC ,  C  ,  Rule
0.837 0.291 ['occupation_Blue-Collar && capital_gain_0']=>0
0.836 0.691 ['neg_marital_status_Married']=>0
0.834 0.751 ['education_HS-grad && capital_gain_0']=>0
0.820 0.961 ['neg_hours_per_week_low']=>1
0.814 1.000 ['neg_marital_status_Divorced']=>0

"
0.001,0.006,0.8199965876130353,0.9594949667292271,0.8207411957411958,0.9586404586404587,0.8196335346504248,0.9605896202272495,"CRL
 ACC ,  C  ,  Rule
0.837 0.291 ['occupation_Blue-Collar && capital_gain_0']=>0
0.836 0.691 ['neg_marital_status_Married']=>0
0.834 0.751 ['education_HS-grad && capital_gain_0']=>0
0.820 0.961 ['neg_hours_per_week_low']=>1
0.814 1.000 ['neg_marital_status_Divorced']=>0

"
0.001,0.006,0.814229653642723,1.0,0.8170556920556921,1.0,0.8142082096427474,1.0,"CRL
 ACC ,  C  ,  Rule
0.837 0.291 ['occupation_Blue-Collar && capital_gain_0']=>0
0.836 0.691 ['neg_marital_status_Married']=>0
0.834 0.751 ['education_HS-grad && capital_gain_0']=>0
0.820 0.961 ['neg_hours_per_week_low']=>1
0.814 1.000 ['neg_marital_status_Divorced']=>0

"
0.001,0.007,0.8497526019450605,0.28664050503327076,0.8457207207207207,0.2853194103194103,0.8374449790152523,0.2912273518272085,"CRL
 ACC ,  C  ,  Rule
0.837 0.291 ['occupation_Blue-Collar && capital_gain_0']=>0
0.836 0.691 ['neg_marital_status_Married']=>0
0.834 0.751 ['education_HS-grad && capital_gain_0']=>0
0.820 0.961 ['neg_hours_per_week_low']=>1
0.814 1.000 ['hours_per_week_low && marital_status_Married']=>0

"
0.001,0.007,0.845180003412387,0.6890632997781949,0.8415233415233415,0.6848894348894349,0.8357047804278841,0.690961203807964,"CRL
 ACC ,  C  ,  Rule
0.837 0.291 ['occupation_Blue-Collar && capital_gain_0']=>0
0.836 0.691 ['neg_marital_status_Married']=>0
0.834 0.751 ['education_HS-grad && capital_gain_0']=>0
0.820 0.961 ['neg_hours_per_week_low']=>1
0.814 1.000 ['hours_per_week_low && marital_status_Married']=>0

"
0.001,0.007,0.8424500938406415,0.7516464767104589,0.8393734643734644,0.7484643734643734,0.8344764049544477,0.7514586958747057,"CRL
 ACC ,  C  ,  Rule
0.837 0.291 ['occupation_Blue-Collar && capital_gain_0']=>0
0.836 0.691 ['neg_marital_status_Married']=>0
0.834 0.751 ['education_HS-grad && capital_gain_0']=>0
0.820 0.961 ['neg_hours_per_week_low']=>1
0.814 1.000 ['hours_per_week_low && marital_status_Married']=>0

"
0.001,0.007,0.8199965876130353,0.9594949667292271,0.8207411957411958,0.9586404586404587,0.8196335346504248,0.9605896202272495,"CRL
 ACC ,  C  ,  Rule
0.837 0.291 ['occupation_Blue-Collar && capital_gain_0']=>0
0.836 0.691 ['neg_marital_status_Married']=>0
0.834 0.751 ['education_HS-grad && capital_gain_0']=>0
0.820 0.961 ['neg_hours_per_week_low']=>1
0.814 1.000 ['hours_per_week_low && marital_status_Married']=>0

"
0.001,0.007,0.814229653642723,1.0,0.8170556920556921,1.0,0.8142082096427474,1.0,"CRL
 ACC ,  C  ,  Rule
0.837 0.291 ['occupation_Blue-Collar && capital_gain_0']=>0
0.836 0.691 ['neg_marital_status_Married']=>0
0.834 0.751 ['education_HS-grad && capital_gain_0']=>0
0.820 0.961 ['neg_hours_per_week_low']=>1
0.814 1.000 ['hours_per_week_low && marital_status_Married']=>0

"
0.001,0.008,0.8497526019450605,0.28664050503327076,0.8457207207207207,0.2853194103194103,0.8374449790152523,0.2912273518272085,"CRL
 ACC ,  C  ,  Rule
0.837 0.291 ['occupation_Blue-Collar && capital_gain_0']=>0
0.836 0.691 ['neg_marital_status_Married']=>0
0.831 0.763 ['education_HS-grad && capital_loss_0']=>0
0.828 0.795 ['hours_per_week_low && capital_gain_0']=>0
0.813 1.000 ['neg_marital_status_Single']=>1

"
0.001,0.008,0.845180003412387,0.6890632997781949,0.8415233415233415,0.6848894348894349,0.8357047804278841,0.690961203807964,"CRL
 ACC ,  C  ,  Rule
0.837 0.291 ['occupation_Blue-Collar && capital_gain_0']=>0
0.836 0.691 ['neg_marital_status_Married']=>0
0.831 0.763 ['education_HS-grad && capital_loss_0']=>0
0.828 0.795 ['hours_per_week_low && capital_gain_0']=>0
0.813 1.000 ['neg_marital_status_Single']=>1

"
0.001,0.008,0.8410168913154752,0.7630097253028494,0.8387592137592138,0.7566543816543816,0.8312007370252841,0.7629235336267786,"CRL
 ACC ,  C  ,  Rule
0.837 0.291 ['occupation_Blue-Collar && capital_gain_0']=>0
0.836 0.691 ['neg_marital_status_Married']=>0
0.831 0.763 ['education_HS-grad && capital_loss_0']=>0
0.828 0.795 ['hours_per_week_low && capital_gain_0']=>0
0.813 1.000 ['neg_marital_status_Single']=>1

"
0.001,0.008,0.837297389523972,0.7964169936870841,0.8377354627354627,0.7917690417690417,0.8281297983416931,0.7945542020677654,"CRL
 ACC ,  C  ,  Rule
0.837 0.291 ['occupation_Blue-Collar && capital_gain_0']=>0
0.836 0.691 ['neg_marital_status_Married']=>0
0.831 0.763 ['education_HS-grad && capital_loss_0']=>0
0.828 0.795 ['hours_per_week_low && capital_gain_0']=>0
0.813 1.000 ['neg_marital_status_Single']=>1

"
0.001,0.008,0.8146732639481317,1.0,0.8185913185913186,1.0,0.8125703756781656,1.0,"CRL
 ACC ,  C  ,  Rule
0.837 0.291 ['occupation_Blue-Collar && capital_gain_0']=>0
0.836 0.691 ['neg_marital_status_Married']=>0
0.831 0.763 ['education_HS-grad && capital_loss_0']=>0
0.828 0.795 ['hours_per_week_low && capital_gain_0']=>0
0.813 1.000 ['neg_marital_status_Single']=>1

"
0.001,0.009000000000000001,0.8497526019450605,0.28664050503327076,0.8457207207207207,0.2853194103194103,0.8374449790152523,0.2912273518272085,"CRL
 ACC ,  C  ,  Rule
0.837 0.291 ['occupation_Blue-Collar && capital_gain_0']=>0
0.836 0.691 ['neg_marital_status_Married']=>0
0.834 0.751 ['education_HS-grad && capital_gain_0']=>0
0.820 0.961 ['neg_hours_per_week_low']=>1
0.814 1.000 ['neg_hours_per_week_middle']=>0

"
0.001,0.009000000000000001,0.845180003412387,0.6890632997781949,0.8415233415233415,0.6848894348894349,0.8357047804278841,0.690961203807964,"CRL
 ACC ,  C  ,  Rule
0.837 0.291 ['occupation_Blue-Collar && capital_gain_0']=>0
0.836 0.691 ['neg_marital_status_Married']=>0
0.834 0.751 ['education_HS-grad && capital_gain_0']=>0
0.820 0.961 ['neg_hours_per_week_low']=>1
0.814 1.000 ['neg_hours_per_week_middle']=>0

"
0.001,0.009000000000000001,0.8424500938406415,0.7516464767104589,0.8393734643734644,0.7484643734643734,0.8344764049544477,0.7514586958747057,"CRL
 ACC ,  C  ,  Rule
0.837 0.291 ['occupation_Blue-Collar && capital_gain_0']=>0
0.836 0.691 ['neg_marital_status_Married']=>0
0.834 0.751 ['education_HS-grad && capital_gain_0']=>0
0.820 0.961 ['neg_hours_per_week_low']=>1
0.814 1.000 ['neg_hours_per_week_middle']=>0

"
0.001,0.009000000000000001,0.8199965876130353,0.9594949667292271,0.8207411957411958,0.9586404586404587,0.8196335346504248,0.9605896202272495,"CRL
 ACC ,  C  ,  Rule
0.837 0.291 ['occupation_Blue-Collar && capital_gain_0']=>0
0.836 0.691 ['neg_marital_status_Married']=>0
0.834 0.751 ['education_HS-grad && capital_gain_0']=>0
0.820 0.961 ['neg_hours_per_week_low']=>1
0.814 1.000 ['neg_hours_per_week_middle']=>0

"
0.001,0.009000000000000001,0.814229653642723,1.0,0.8170556920556921,1.0,0.8142082096427474,1.0,"CRL
 ACC ,  C  ,  Rule
0.837 0.291 ['occupation_Blue-Collar && capital_gain_0']=>0
0.836 0.691 ['neg_marital_status_Married']=>0
0.834 0.751 ['education_HS-grad && capital_gain_0']=>0
0.820 0.961 ['neg_hours_per_week_low']=>1
0.814 1.000 ['neg_hours_per_week_middle']=>0

"
0.001,0.01,0.8497526019450605,0.28664050503327076,0.8457207207207207,0.2853194103194103,0.8374449790152523,0.2912273518272085,"CRL
 ACC ,  C  ,  Rule
0.837 0.291 ['occupation_Blue-Collar && capital_gain_0']=>0
0.836 0.691 ['neg_marital_status_Married']=>0
0.831 0.763 ['education_HS-grad && capital_loss_0']=>0
0.828 0.795 ['hours_per_week_low && capital_gain_0']=>0
0.813 1.000 ['neg_marital_status_Divorced']=>1

"
0.001,0.01,0.845180003412387,0.6890632997781949,0.8415233415233415,0.6848894348894349,0.8357047804278841,0.690961203807964,"CRL
 ACC ,  C  ,  Rule
0.837 0.291 ['occupation_Blue-Collar && capital_gain_0']=>0
0.836 0.691 ['neg_marital_status_Married']=>0
0.831 0.763 ['education_HS-grad && capital_loss_0']=>0
0.828 0.795 ['hours_per_week_low && capital_gain_0']=>0
0.813 1.000 ['neg_marital_status_Divorced']=>1

"
0.001,0.01,0.8410168913154752,0.7630097253028494,0.8387592137592138,0.7566543816543816,0.8312007370252841,0.7629235336267786,"CRL
 ACC ,  C  ,  Rule
0.837 0.291 ['occupation_Blue-Collar && capital_gain_0']=>0
0.836 0.691 ['neg_marital_status_Married']=>0
0.831 0.763 ['education_HS-grad && capital_loss_0']=>0
0.828 0.795 ['hours_per_week_low && capital_gain_0']=>0
0.813 1.000 ['neg_marital_status_Divorced']=>1

"
0.001,0.01,0.837297389523972,0.7964169936870841,0.8377354627354627,0.7917690417690417,0.8281297983416931,0.7945542020677654,"CRL
 ACC ,  C  ,  Rule
0.837 0.291 ['occupation_Blue-Collar && capital_gain_0']=>0
0.836 0.691 ['neg_marital_status_Married']=>0
0.831 0.763 ['education_HS-grad && capital_loss_0']=>0
0.828 0.795 ['hours_per_week_low && capital_gain_0']=>0
0.813 1.000 ['neg_marital_status_Divorced']=>1

"
0.001,0.01,0.8146732639481317,1.0,0.8185913185913186,1.0,0.8125703756781656,1.0,"CRL
 ACC ,  C  ,  Rule
0.837 0.291 ['occupation_Blue-Collar && capital_gain_0']=>0
0.836 0.691 ['neg_marital_status_Married']=>0
0.831 0.763 ['education_HS-grad && capital_loss_0']=>0
0.828 0.795 ['hours_per_week_low && capital_gain_0']=>0
0.813 1.000 ['neg_marital_status_Divorced']=>1

"
0.0016681005372000592,0.001,0.8497526019450605,0.28664050503327076,0.8457207207207207,0.2853194103194103,0.8374449790152523,0.2912273518272085,"CRL
 ACC ,  C  ,  Rule
0.837 0.291 ['occupation_Blue-Collar && capital_gain_0']=>0
0.836 0.691 ['neg_marital_status_Married']=>0
0.831 0.763 ['education_HS-grad && capital_loss_0']=>0
0.808 1.000 ['neg_marital_status_Single']=>1

"
0.0016681005372000592,0.001,0.845180003412387,0.6890632997781949,0.8415233415233415,0.6848894348894349,0.8357047804278841,0.690961203807964,"CRL
 ACC ,  C  ,  Rule
0.837 0.291 ['occupation_Blue-Collar && capital_gain_0']=>0
0.836 0.691 ['neg_marital_status_Married']=>0
0.831 0.763 ['education_HS-grad && capital_loss_0']=>0
0.808 1.000 ['neg_marital_status_Single']=>1

"
0.0016681005372000592,0.001,0.8410168913154752,0.7630097253028494,0.8387592137592138,0.7566543816543816,0.8312007370252841,0.7629235336267786,"CRL
 ACC ,  C  ,  Rule
0.837 0.291 ['occupation_Blue-Collar && capital_gain_0']=>0
0.836 0.691 ['neg_marital_status_Married']=>0
0.831 0.763 ['education_HS-grad && capital_loss_0']=>0
0.808 1.000 ['neg_marital_status_Single']=>1

"
0.0016681005372000592,0.001,0.8032417676164477,1.0,0.8090704340704341,1.0,0.8079639676527792,1.0,"CRL
 ACC ,  C  ,  Rule
0.837 0.291 ['occupation_Blue-Collar && capital_gain_0']=>0
0.836 0.691 ['neg_marital_status_Married']=>0
0.831 0.763 ['education_HS-grad && capital_loss_0']=>0
0.808 1.000 ['neg_marital_status_Single']=>1

"
0.0016681005372000592,0.002,0.8497526019450605,0.28664050503327076,0.8457207207207207,0.2853194103194103,0.8374449790152523,0.2912273518272085,"CRL
 ACC ,  C  ,  Rule
0.837 0.291 ['occupation_Blue-Collar && capital_gain_0']=>0
0.836 0.691 ['neg_marital_status_Married']=>0
0.831 0.763 ['education_HS-grad && capital_loss_0']=>0
0.808 1.000 ['neg_marital_status_Single']=>1

"
0.0016681005372000592,0.002,0.845180003412387,0.6890632997781949,0.8415233415233415,0.6848894348894349,0.8357047804278841,0.690961203807964,"CRL
 ACC ,  C  ,  Rule
0.837 0.291 ['occupation_Blue-Collar && capital_gain_0']=>0
0.836 0.691 ['neg_marital_status_Married']=>0
0.831 0.763 ['education_HS-grad && capital_loss_0']=>0
0.808 1.000 ['neg_marital_status_Single']=>1

"
0.0016681005372000592,0.002,0.8410168913154752,0.7630097253028494,0.8387592137592138,0.7566543816543816,0.8312007370252841,0.7629235336267786,"CRL
 ACC ,  C  ,  Rule
0.837 0.291 ['occupation_Blue-Collar && capital_gain_0']=>0
0.836 0.691 ['neg_marital_status_Married']=>0
0.831 0.763 ['education_HS-grad && capital_loss_0']=>0
0.808 1.000 ['neg_marital_status_Single']=>1

"
0.0016681005372000592,0.002,0.8032417676164477,1.0,0.8090704340704341,1.0,0.8079639676527792,1.0,"CRL
 ACC ,  C  ,  Rule
0.837 0.291 ['occupation_Blue-Collar && capital_gain_0']=>0
0.836 0.691 ['neg_marital_status_Married']=>0
0.831 0.763 ['education_HS-grad && capital_loss_0']=>0
0.808 1.000 ['neg_marital_status_Single']=>1

"
0.0016681005372000592,0.003,0.8497526019450605,0.28664050503327076,0.8457207207207207,0.2853194103194103,0.8374449790152523,0.2912273518272085,"CRL
 ACC ,  C  ,  Rule
0.837 0.291 ['occupation_Blue-Collar && capital_gain_0']=>0
0.836 0.691 ['neg_marital_status_Married']=>0
0.831 0.763 ['education_HS-grad && capital_loss_0']=>0
0.808 1.000 ['neg_marital_status_Widowed']=>1

"
0.0016681005372000592,0.003,0.845180003412387,0.6890632997781949,0.8415233415233415,0.6848894348894349,0.8357047804278841,0.690961203807964,"CRL
 ACC ,  C  ,  Rule
0.837 0.291 ['occupation_Blue-Collar && capital_gain_0']=>0
0.836 0.691 ['neg_marital_status_Married']=>0
0.831 0.763 ['education_HS-grad && capital_loss_0']=>0
0.808 1.000 ['neg_marital_status_Widowed']=>1

"
0.0016681005372000592,0.003,0.8410168913154752,0.7630097253028494,0.8387592137592138,0.7566543816543816,0.8312007370252841,0.7629235336267786,"CRL
 ACC ,  C  ,  Rule
0.837 0.291 ['occupation_Blue-Collar && capital_gain_0']=>0
0.836 0.691 ['neg_marital_status_Married']=>0
0.831 0.763 ['education_HS-grad && capital_loss_0']=>0
0.808 1.000 ['neg_marital_status_Widowed']=>1

"
0.0016681005372000592,0.003,0.8032417676164477,1.0,0.8090704340704341,1.0,0.8079639676527792,1.0,"CRL
 ACC ,  C  ,  Rule
0.837 0.291 ['occupation_Blue-Collar && capital_gain_0']=>0
0.836 0.691 ['neg_marital_status_Married']=>0
0.831 0.763 ['education_HS-grad && capital_loss_0']=>0
0.808 1.000 ['neg_marital_status_Widowed']=>1

"
0.0016681005372000592,0.004,0.8497526019450605,0.28664050503327076,0.8457207207207207,0.2853194103194103,0.8374449790152523,0.2912273518272085,"CRL
 ACC ,  C  ,  Rule
0.837 0.291 ['occupation_Blue-Collar && capital_gain_0']=>0
0.836 0.691 ['neg_marital_status_Married']=>0
0.831 0.763 ['education_HS-grad && capital_loss_0']=>0
0.808 1.000 ['neg_marital_status_Widowed']=>1

"
0.0016681005372000592,0.004,0.845180003412387,0.6890632997781949,0.8415233415233415,0.6848894348894349,0.8357047804278841,0.690961203807964,"CRL
 ACC ,  C  ,  Rule
0.837 0.291 ['occupation_Blue-Collar && capital_gain_0']=>0
0.836 0.691 ['neg_marital_status_Married']=>0
0.831 0.763 ['education_HS-grad && capital_loss_0']=>0
0.808 1.000 ['neg_marital_status_Widowed']=>1

"
0.0016681005372000592,0.004,0.8410168913154752,0.7630097253028494,0.8387592137592138,0.7566543816543816,0.8312007370252841,0.7629235336267786,"CRL
 ACC ,  C  ,  Rule
0.837 0.291 ['occupation_Blue-Collar && capital_gain_0']=>0
0.836 0.691 ['neg_marital_status_Married']=>0
0.831 0.763 ['education_HS-grad && capital_loss_0']=>0
0.808 1.000 ['neg_marital_status_Widowed']=>1

"
0.0016681005372000592,0.004,0.8032417676164477,1.0,0.8090704340704341,1.0,0.8079639676527792,1.0,"CRL
 ACC ,  C  ,  Rule
0.837 0.291 ['occupation_Blue-Collar && capital_gain_0']=>0
0.836 0.691 ['neg_marital_status_Married']=>0
0.831 0.763 ['education_HS-grad && capital_loss_0']=>0
0.808 1.000 ['neg_marital_status_Widowed']=>1

"
0.0016681005372000592,0.005,0.8497526019450605,0.28664050503327076,0.8457207207207207,0.2853194103194103,0.8374449790152523,0.2912273518272085,"CRL
 ACC ,  C  ,  Rule
0.837 0.291 ['occupation_Blue-Collar && capital_gain_0']=>0
0.836 0.691 ['neg_marital_status_Married']=>0
0.831 0.763 ['education_HS-grad && capital_loss_0']=>0
0.808 1.000 ['marital_status_Married']=>1

"
0.0016681005372000592,0.005,0.845180003412387,0.6890632997781949,0.8415233415233415,0.6848894348894349,0.8357047804278841,0.690961203807964,"CRL
 ACC ,  C  ,  Rule
0.837 0.291 ['occupation_Blue-Collar && capital_gain_0']=>0
0.836 0.691 ['neg_marital_status_Married']=>0
0.831 0.763 ['education_HS-grad && capital_loss_0']=>0
0.808 1.000 ['marital_status_Married']=>1

"
0.0016681005372000592,0.005,0.8410168913154752,0.7630097253028494,0.8387592137592138,0.7566543816543816,0.8312007370252841,0.7629235336267786,"CRL
 ACC ,  C  ,  Rule
0.837 0.291 ['occupation_Blue-Collar && capital_gain_0']=>0
0.836 0.691 ['neg_marital_status_Married']=>0
0.831 0.763 ['education_HS-grad && capital_loss_0']=>0
0.808 1.000 ['marital_status_Married']=>1

"
0.0016681005372000592,0.005,0.8032417676164477,1.0,0.8090704340704341,1.0,0.8079639676527792,1.0,"CRL
 ACC ,  C  ,  Rule
0.837 0.291 ['occupation_Blue-Collar && capital_gain_0']=>0
0.836 0.691 ['neg_marital_status_Married']=>0
0.831 0.763 ['education_HS-grad && capital_loss_0']=>0
0.808 1.000 ['marital_status_Married']=>1

"
0.0016681005372000592,0.006,0.8497526019450605,0.28664050503327076,0.8457207207207207,0.2853194103194103,0.8374449790152523,0.2912273518272085,"CRL
 ACC ,  C  ,  Rule
0.837 0.291 ['occupation_Blue-Collar && capital_gain_0']=>0
0.836 0.691 ['neg_marital_status_Married']=>0
0.831 0.763 ['education_HS-grad && capital_loss_0']=>0
0.808 1.000 ['neg_marital_status_Separated']=>1

"
0.0016681005372000592,0.006,0.845180003412387,0.6890632997781949,0.8415233415233415,0.6848894348894349,0.8357047804278841,0.690961203807964,"CRL
 ACC ,  C  ,  Rule
0.837 0.291 ['occupation_Blue-Collar && capital_gain_0']=>0
0.836 0.691 ['neg_marital_status_Married']=>0
0.831 0.763 ['education_HS-grad && capital_loss_0']=>0
0.808 1.000 ['neg_marital_status_Separated']=>1

"
0.0016681005372000592,0.006,0.8410168913154752,0.7630097253028494,0.8387592137592138,0.7566543816543816,0.8312007370252841,0.7629235336267786,"CRL
 ACC ,  C  ,  Rule
0.837 0.291 ['occupation_Blue-Collar && capital_gain_0']=>0
0.836 0.691 ['neg_marital_status_Married']=>0
0.831 0.763 ['education_HS-grad && capital_loss_0']=>0
0.808 1.000 ['neg_marital_status_Separated']=>1

"
0.0016681005372000592,0.006,0.8032417676164477,1.0,0.8090704340704341,1.0,0.8079639676527792,1.0,"CRL
 ACC ,  C  ,  Rule
0.837 0.291 ['occupation_Blue-Collar && capital_gain_0']=>0
0.836 0.691 ['neg_marital_status_Married']=>0
0.831 0.763 ['education_HS-grad && capital_loss_0']=>0
0.808 1.000 ['neg_marital_status_Separated']=>1

"
0.0016681005372000592,0.007,0.8497526019450605,0.28664050503327076,0.8457207207207207,0.2853194103194103,0.8374449790152523,0.2912273518272085,"CRL
 ACC ,  C  ,  Rule
0.837 0.291 ['occupation_Blue-Collar && capital_gain_0']=>0
0.836 0.691 ['neg_marital_status_Married']=>0
0.831 0.763 ['education_HS-grad && capital_loss_0']=>0
0.808 1.000 ['marital_status_Married']=>1

"
0.0016681005372000592,0.007,0.845180003412387,0.6890632997781949,0.8415233415233415,0.6848894348894349,0.8357047804278841,0.690961203807964,"CRL
 ACC ,  C  ,  Rule
0.837 0.291 ['occupation_Blue-Collar && capital_gain_0']=>0
0.836 0.691 ['neg_marital_status_Married']=>0
0.831 0.763 ['education_HS-grad && capital_loss_0']=>0
0.808 1.000 ['marital_status_Married']=>1

"
0.0016681005372000592,0.007,0.8410168913154752,0.7630097253028494,0.8387592137592138,0.7566543816543816,0.8312007370252841,0.7629235336267786,"CRL
 ACC ,  C  ,  Rule
0.837 0.291 ['occupation_Blue-Collar && capital_gain_0']=>0
0.836 0.691 ['neg_marital_status_Married']=>0
0.831 0.763 ['education_HS-grad && capital_loss_0']=>0
0.808 1.000 ['marital_status_Married']=>1

"
0.0016681005372000592,0.007,0.8032417676164477,1.0,0.8090704340704341,1.0,0.8079639676527792,1.0,"CRL
 ACC ,  C  ,  Rule
0.837 0.291 ['occupation_Blue-Collar && capital_gain_0']=>0
0.836 0.691 ['neg_marital_status_Married']=>0
0.831 0.763 ['education_HS-grad && capital_loss_0']=>0
0.808 1.000 ['marital_status_Married']=>1

"
0.0016681005372000592,0.008,0.8497526019450605,0.28664050503327076,0.8457207207207207,0.2853194103194103,0.8374449790152523,0.2912273518272085,"CRL
 ACC ,  C  ,  Rule
0.837 0.291 ['occupation_Blue-Collar && capital_gain_0']=>0
0.836 0.691 ['neg_marital_status_Married']=>0
0.831 0.763 ['education_HS-grad && capital_loss_0']=>0
0.808 1.000 ['neg_marital_status_Widowed']=>1

"
0.0016681005372000592,0.008,0.845180003412387,0.6890632997781949,0.8415233415233415,0.6848894348894349,0.8357047804278841,0.690961203807964,"CRL
 ACC ,  C  ,  Rule
0.837 0.291 ['occupation_Blue-Collar && capital_gain_0']=>0
0.836 0.691 ['neg_marital_status_Married']=>0
0.831 0.763 ['education_HS-grad && capital_loss_0']=>0
0.808 1.000 ['neg_marital_status_Widowed']=>1

"
0.0016681005372000592,0.008,0.8410168913154752,0.7630097253028494,0.8387592137592138,0.7566543816543816,0.8312007370252841,0.7629235336267786,"CRL
 ACC ,  C  ,  Rule
0.837 0.291 ['occupation_Blue-Collar && capital_gain_0']=>0
0.836 0.691 ['neg_marital_status_Married']=>0
0.831 0.763 ['education_HS-grad && capital_loss_0']=>0
0.808 1.000 ['neg_marital_status_Widowed']=>1

"
0.0016681005372000592,0.008,0.8032417676164477,1.0,0.8090704340704341,1.0,0.8079639676527792,1.0,"CRL
 ACC ,  C  ,  Rule
0.837 0.291 ['occupation_Blue-Collar && capital_gain_0']=>0
0.836 0.691 ['neg_marital_status_Married']=>0
0.831 0.763 ['education_HS-grad && capital_loss_0']=>0
0.808 1.000 ['neg_marital_status_Widowed']=>1

"
0.0016681005372000592,0.009000000000000001,0.8497526019450605,0.28664050503327076,0.8457207207207207,0.2853194103194103,0.8374449790152523,0.2912273518272085,"CRL
 ACC ,  C  ,  Rule
0.837 0.291 ['occupation_Blue-Collar && capital_gain_0']=>0
0.836 0.691 ['neg_marital_status_Married']=>0
0.831 0.763 ['education_HS-grad && capital_loss_0']=>0
0.808 1.000 ['neg_marital_status_Divorced']=>1

"
0.0016681005372000592,0.009000000000000001,0.845180003412387,0.6890632997781949,0.8415233415233415,0.6848894348894349,0.8357047804278841,0.690961203807964,"CRL
 ACC ,  C  ,  Rule
0.837 0.291 ['occupation_Blue-Collar && capital_gain_0']=>0
0.836 0.691 ['neg_marital_status_Married']=>0
0.831 0.763 ['education_HS-grad && capital_loss_0']=>0
0.808 1.000 ['neg_marital_status_Divorced']=>1

"
0.0016681005372000592,0.009000000000000001,0.8410168913154752,0.7630097253028494,0.8387592137592138,0.7566543816543816,0.8312007370252841,0.7629235336267786,"CRL
 ACC ,  C  ,  Rule
0.837 0.291 ['occupation_Blue-Collar && capital_gain_0']=>0
0.836 0.691 ['neg_marital_status_Married']=>0
0.831 0.763 ['education_HS-grad && capital_loss_0']=>0
0.808 1.000 ['neg_marital_status_Divorced']=>1

"
0.0016681005372000592,0.009000000000000001,0.8032417676164477,1.0,0.8090704340704341,1.0,0.8079639676527792,1.0,"CRL
 ACC ,  C  ,  Rule
0.837 0.291 ['occupation_Blue-Collar && capital_gain_0']=>0
0.836 0.691 ['neg_marital_status_Married']=>0
0.831 0.763 ['education_HS-grad && capital_loss_0']=>0
0.808 1.000 ['neg_marital_status_Divorced']=>1

"
0.0016681005372000592,0.01,0.8497526019450605,0.28664050503327076,0.8457207207207207,0.2853194103194103,0.8374449790152523,0.2912273518272085,"CRL
 ACC ,  C  ,  Rule
0.837 0.291 ['occupation_Blue-Collar && capital_gain_0']=>0
0.836 0.691 ['neg_marital_status_Married']=>0
0.831 0.763 ['education_HS-grad && capital_loss_0']=>0
0.808 1.000 ['neg_marital_status_Divorced']=>1

"
0.0016681005372000592,0.01,0.845180003412387,0.6890632997781949,0.8415233415233415,0.6848894348894349,0.8357047804278841,0.690961203807964,"CRL
 ACC ,  C  ,  Rule
0.837 0.291 ['occupation_Blue-Collar && capital_gain_0']=>0
0.836 0.691 ['neg_marital_status_Married']=>0
0.831 0.763 ['education_HS-grad && capital_loss_0']=>0
0.808 1.000 ['neg_marital_status_Divorced']=>1

"
0.0016681005372000592,0.01,0.8410168913154752,0.7630097253028494,0.8387592137592138,0.7566543816543816,0.8312007370252841,0.7629235336267786,"CRL
 ACC ,  C  ,  Rule
0.837 0.291 ['occupation_Blue-Collar && capital_gain_0']=>0
0.836 0.691 ['neg_marital_status_Married']=>0
0.831 0.763 ['education_HS-grad && capital_loss_0']=>0
0.808 1.000 ['neg_marital_status_Divorced']=>1

"
0.0016681005372000592,0.01,0.8032417676164477,1.0,0.8090704340704341,1.0,0.8079639676527792,1.0,"CRL
 ACC ,  C  ,  Rule
0.837 0.291 ['occupation_Blue-Collar && capital_gain_0']=>0
0.836 0.691 ['neg_marital_status_Married']=>0
0.831 0.763 ['education_HS-grad && capital_loss_0']=>0
0.808 1.000 ['neg_marital_status_Divorced']=>1

"
0.0027825594022071257,0.001,0.8497526019450605,0.28664050503327076,0.8457207207207207,0.2853194103194103,0.8374449790152523,0.2912273518272085,"CRL
 ACC ,  C  ,  Rule
0.837 0.291 ['occupation_Blue-Collar && capital_gain_0']=>0
0.836 0.691 ['neg_marital_status_Married']=>0
0.831 0.763 ['education_HS-grad && capital_loss_0']=>0
0.808 1.000 ['neg_marital_status_Separated']=>1

"
0.0027825594022071257,0.001,0.845180003412387,0.6890632997781949,0.8415233415233415,0.6848894348894349,0.8357047804278841,0.690961203807964,"CRL
 ACC ,  C  ,  Rule
0.837 0.291 ['occupation_Blue-Collar && capital_gain_0']=>0
0.836 0.691 ['neg_marital_status_Married']=>0
0.831 0.763 ['education_HS-grad && capital_loss_0']=>0
0.808 1.000 ['neg_marital_status_Separated']=>1

"
0.0027825594022071257,0.001,0.8410168913154752,0.7630097253028494,0.8387592137592138,0.7566543816543816,0.8312007370252841,0.7629235336267786,"CRL
 ACC ,  C  ,  Rule
0.837 0.291 ['occupation_Blue-Collar && capital_gain_0']=>0
0.836 0.691 ['neg_marital_status_Married']=>0
0.831 0.763 ['education_HS-grad && capital_loss_0']=>0
0.808 1.000 ['neg_marital_status_Separated']=>1

"
0.0027825594022071257,0.001,0.8032417676164477,1.0,0.8090704340704341,1.0,0.8079639676527792,1.0,"CRL
 ACC ,  C  ,  Rule
0.837 0.291 ['occupation_Blue-Collar && capital_gain_0']=>0
0.836 0.691 ['neg_marital_status_Married']=>0
0.831 0.763 ['education_HS-grad && capital_loss_0']=>0
0.808 1.000 ['neg_marital_status_Separated']=>1

"
0.0027825594022071257,0.002,0.8497526019450605,0.28664050503327076,0.8457207207207207,0.2853194103194103,0.8374449790152523,0.2912273518272085,"CRL
 ACC ,  C  ,  Rule
0.837 0.291 ['occupation_Blue-Collar && capital_gain_0']=>0
0.836 0.691 ['neg_marital_status_Married']=>0
0.831 0.763 ['education_HS-grad && capital_loss_0']=>0
0.808 1.000 ['neg_marital_status_Divorced']=>1

"
0.0027825594022071257,0.002,0.845180003412387,0.6890632997781949,0.8415233415233415,0.6848894348894349,0.8357047804278841,0.690961203807964,"CRL
 ACC ,  C  ,  Rule
0.837 0.291 ['occupation_Blue-Collar && capital_gain_0']=>0
0.836 0.691 ['neg_marital_status_Married']=>0
0.831 0.763 ['education_HS-grad && capital_loss_0']=>0
0.808 1.000 ['neg_marital_status_Divorced']=>1

"
0.0027825594022071257,0.002,0.8410168913154752,0.7630097253028494,0.8387592137592138,0.7566543816543816,0.8312007370252841,0.7629235336267786,"CRL
 ACC ,  C  ,  Rule
0.837 0.291 ['occupation_Blue-Collar && capital_gain_0']=>0
0.836 0.691 ['neg_marital_status_Married']=>0
0.831 0.763 ['education_HS-grad && capital_loss_0']=>0
0.808 1.000 ['neg_marital_status_Divorced']=>1

"
0.0027825594022071257,0.002,0.8032417676164477,1.0,0.8090704340704341,1.0,0.8079639676527792,1.0,"CRL
 ACC ,  C  ,  Rule
0.837 0.291 ['occupation_Blue-Collar && capital_gain_0']=>0
0.836 0.691 ['neg_marital_status_Married']=>0
0.831 0.763 ['education_HS-grad && capital_loss_0']=>0
0.808 1.000 ['neg_marital_status_Divorced']=>1

"
0.0027825594022071257,0.003,0.8497526019450605,0.28664050503327076,0.8457207207207207,0.2853194103194103,0.8374449790152523,0.2912273518272085,"CRL
 ACC ,  C  ,  Rule
0.837 0.291 ['occupation_Blue-Collar && capital_gain_0']=>0
0.836 0.691 ['neg_marital_status_Married']=>0
0.831 0.763 ['education_HS-grad && capital_loss_0']=>0
0.808 1.000 ['neg_marital_status_Widowed']=>1

"
0.0027825594022071257,0.003,0.845180003412387,0.6890632997781949,0.8415233415233415,0.6848894348894349,0.8357047804278841,0.690961203807964,"CRL
 ACC ,  C  ,  Rule
0.837 0.291 ['occupation_Blue-Collar && capital_gain_0']=>0
0.836 0.691 ['neg_marital_status_Married']=>0
0.831 0.763 ['education_HS-grad && capital_loss_0']=>0
0.808 1.000 ['neg_marital_status_Widowed']=>1

"
0.0027825594022071257,0.003,0.8410168913154752,0.7630097253028494,0.8387592137592138,0.7566543816543816,0.8312007370252841,0.7629235336267786,"CRL
 ACC ,  C  ,  Rule
0.837 0.291 ['occupation_Blue-Collar && capital_gain_0']=>0
0.836 0.691 ['neg_marital_status_Married']=>0
0.831 0.763 ['education_HS-grad && capital_loss_0']=>0
0.808 1.000 ['neg_marital_status_Widowed']=>1

"
0.0027825594022071257,0.003,0.8032417676164477,1.0,0.8090704340704341,1.0,0.8079639676527792,1.0,"CRL
 ACC ,  C  ,  Rule
0.837 0.291 ['occupation_Blue-Collar && capital_gain_0']=>0
0.836 0.691 ['neg_marital_status_Married']=>0
0.831 0.763 ['education_HS-grad && capital_loss_0']=>0
0.808 1.000 ['neg_marital_status_Widowed']=>1

"
0.0027825594022071257,0.004,0.8497526019450605,0.28664050503327076,0.8457207207207207,0.2853194103194103,0.8374449790152523,0.2912273518272085,"CRL
 ACC ,  C  ,  Rule
0.837 0.291 ['occupation_Blue-Collar && capital_gain_0']=>0
0.836 0.691 ['neg_marital_status_Married']=>0
0.831 0.763 ['education_HS-grad && capital_loss_0']=>0
0.808 1.000 ['neg_marital_status_Widowed']=>1

"
0.0027825594022071257,0.004,0.845180003412387,0.6890632997781949,0.8415233415233415,0.6848894348894349,0.8357047804278841,0.690961203807964,"CRL
 ACC ,  C  ,  Rule
0.837 0.291 ['occupation_Blue-Collar && capital_gain_0']=>0
0.836 0.691 ['neg_marital_status_Married']=>0
0.831 0.763 ['education_HS-grad && capital_loss_0']=>0
0.808 1.000 ['neg_marital_status_Widowed']=>1

"
0.0027825594022071257,0.004,0.8410168913154752,0.7630097253028494,0.8387592137592138,0.7566543816543816,0.8312007370252841,0.7629235336267786,"CRL
 ACC ,  C  ,  Rule
0.837 0.291 ['occupation_Blue-Collar && capital_gain_0']=>0
0.836 0.691 ['neg_marital_status_Married']=>0
0.831 0.763 ['education_HS-grad && capital_loss_0']=>0
0.808 1.000 ['neg_marital_status_Widowed']=>1

"
0.0027825594022071257,0.004,0.8032417676164477,1.0,0.8090704340704341,1.0,0.8079639676527792,1.0,"CRL
 ACC ,  C  ,  Rule
0.837 0.291 ['occupation_Blue-Collar && capital_gain_0']=>0
0.836 0.691 ['neg_marital_status_Married']=>0
0.831 0.763 ['education_HS-grad && capital_loss_0']=>0
0.808 1.000 ['neg_marital_status_Widowed']=>1

"
0.0027825594022071257,0.005,0.8497526019450605,0.28664050503327076,0.8457207207207207,0.2853194103194103,0.8374449790152523,0.2912273518272085,"CRL
 ACC ,  C  ,  Rule
0.837 0.291 ['occupation_Blue-Collar && capital_gain_0']=>0
0.836 0.691 ['neg_marital_status_Married']=>0
0.831 0.763 ['education_HS-grad && capital_loss_0']=>0
0.808 1.000 ['neg_marital_status_Single']=>1

"
0.0027825594022071257,0.005,0.845180003412387,0.6890632997781949,0.8415233415233415,0.6848894348894349,0.8357047804278841,0.690961203807964,"CRL
 ACC ,  C  ,  Rule
0.837 0.291 ['occupation_Blue-Collar && capital_gain_0']=>0
0.836 0.691 ['neg_marital_status_Married']=>0
0.831 0.763 ['education_HS-grad && capital_loss_0']=>0
0.808 1.000 ['neg_marital_status_Single']=>1

"
0.0027825594022071257,0.005,0.8410168913154752,0.7630097253028494,0.8387592137592138,0.7566543816543816,0.8312007370252841,0.7629235336267786,"CRL
 ACC ,  C  ,  Rule
0.837 0.291 ['occupation_Blue-Collar && capital_gain_0']=>0
0.836 0.691 ['neg_marital_status_Married']=>0
0.831 0.763 ['education_HS-grad && capital_loss_0']=>0
0.808 1.000 ['neg_marital_status_Single']=>1

"
0.0027825594022071257,0.005,0.8032417676164477,1.0,0.8090704340704341,1.0,0.8079639676527792,1.0,"CRL
 ACC ,  C  ,  Rule
0.837 0.291 ['occupation_Blue-Collar && capital_gain_0']=>0
0.836 0.691 ['neg_marital_status_Married']=>0
0.831 0.763 ['education_HS-grad && capital_loss_0']=>0
0.808 1.000 ['neg_marital_status_Single']=>1

"
0.0027825594022071257,0.006,0.8497526019450605,0.28664050503327076,0.8457207207207207,0.2853194103194103,0.8374449790152523,0.2912273518272085,"CRL
 ACC ,  C  ,  Rule
0.837 0.291 ['occupation_Blue-Collar && capital_gain_0']=>0
0.836 0.691 ['neg_marital_status_Married']=>0
0.831 0.763 ['education_HS-grad && capital_loss_0']=>0
0.808 1.000 ['marital_status_Married']=>1

"
0.0027825594022071257,0.006,0.845180003412387,0.6890632997781949,0.8415233415233415,0.6848894348894349,0.8357047804278841,0.690961203807964,"CRL
 ACC ,  C  ,  Rule
0.837 0.291 ['occupation_Blue-Collar && capital_gain_0']=>0
0.836 0.691 ['neg_marital_status_Married']=>0
0.831 0.763 ['education_HS-grad && capital_loss_0']=>0
0.808 1.000 ['marital_status_Married']=>1

"
0.0027825594022071257,0.006,0.8410168913154752,0.7630097253028494,0.8387592137592138,0.7566543816543816,0.8312007370252841,0.7629235336267786,"CRL
 ACC ,  C  ,  Rule
0.837 0.291 ['occupation_Blue-Collar && capital_gain_0']=>0
0.836 0.691 ['neg_marital_status_Married']=>0
0.831 0.763 ['education_HS-grad && capital_loss_0']=>0
0.808 1.000 ['marital_status_Married']=>1

"
0.0027825594022071257,0.006,0.8032417676164477,1.0,0.8090704340704341,1.0,0.8079639676527792,1.0,"CRL
 ACC ,  C  ,  Rule
0.837 0.291 ['occupation_Blue-Collar && capital_gain_0']=>0
0.836 0.691 ['neg_marital_status_Married']=>0
0.831 0.763 ['education_HS-grad && capital_loss_0']=>0
0.808 1.000 ['marital_status_Married']=>1

"
0.0027825594022071257,0.007,0.8497526019450605,0.28664050503327076,0.8457207207207207,0.2853194103194103,0.8374449790152523,0.2912273518272085,"CRL
 ACC ,  C  ,  Rule
0.837 0.291 ['occupation_Blue-Collar && capital_gain_0']=>0
0.836 0.691 ['neg_marital_status_Married']=>0
0.831 0.763 ['education_HS-grad && capital_loss_0']=>0
0.808 1.000 ['marital_status_Married']=>1

"
0.0027825594022071257,0.007,0.845180003412387,0.6890632997781949,0.8415233415233415,0.6848894348894349,0.8357047804278841,0.690961203807964,"CRL
 ACC ,  C  ,  Rule
0.837 0.291 ['occupation_Blue-Collar && capital_gain_0']=>0
0.836 0.691 ['neg_marital_status_Married']=>0
0.831 0.763 ['education_HS-grad && capital_loss_0']=>0
0.808 1.000 ['marital_status_Married']=>1

"
0.0027825594022071257,0.007,0.8410168913154752,0.7630097253028494,0.8387592137592138,0.7566543816543816,0.8312007370252841,0.7629235336267786,"CRL
 ACC ,  C  ,  Rule
0.837 0.291 ['occupation_Blue-Collar && capital_gain_0']=>0
0.836 0.691 ['neg_marital_status_Married']=>0
0.831 0.763 ['education_HS-grad && capital_loss_0']=>0
0.808 1.000 ['marital_status_Married']=>1

"
0.0027825594022071257,0.007,0.8032417676164477,1.0,0.8090704340704341,1.0,0.8079639676527792,1.0,"CRL
 ACC ,  C  ,  Rule
0.837 0.291 ['occupation_Blue-Collar && capital_gain_0']=>0
0.836 0.691 ['neg_marital_status_Married']=>0
0.831 0.763 ['education_HS-grad && capital_loss_0']=>0
0.808 1.000 ['marital_status_Married']=>1

"
0.0027825594022071257,0.008,0.8497526019450605,0.28664050503327076,0.8457207207207207,0.2853194103194103,0.8374449790152523,0.2912273518272085,"CRL
 ACC ,  C  ,  Rule
0.837 0.291 ['occupation_Blue-Collar && capital_gain_0']=>0
0.836 0.691 ['neg_marital_status_Married']=>0
0.831 0.763 ['education_HS-grad && capital_loss_0']=>0
0.808 1.000 ['neg_marital_status_Single']=>1

"
0.0027825594022071257,0.008,0.845180003412387,0.6890632997781949,0.8415233415233415,0.6848894348894349,0.8357047804278841,0.690961203807964,"CRL
 ACC ,  C  ,  Rule
0.837 0.291 ['occupation_Blue-Collar && capital_gain_0']=>0
0.836 0.691 ['neg_marital_status_Married']=>0
0.831 0.763 ['education_HS-grad && capital_loss_0']=>0
0.808 1.000 ['neg_marital_status_Single']=>1

"
0.0027825594022071257,0.008,0.8410168913154752,0.7630097253028494,0.8387592137592138,0.7566543816543816,0.8312007370252841,0.7629235336267786,"CRL
 ACC ,  C  ,  Rule
0.837 0.291 ['occupation_Blue-Collar && capital_gain_0']=>0
0.836 0.691 ['neg_marital_status_Married']=>0
0.831 0.763 ['education_HS-grad && capital_loss_0']=>0
0.808 1.000 ['neg_marital_status_Single']=>1

"
0.0027825594022071257,0.008,0.8032417676164477,1.0,0.8090704340704341,1.0,0.8079639676527792,1.0,"CRL
 ACC ,  C  ,  Rule
0.837 0.291 ['occupation_Blue-Collar && capital_gain_0']=>0
0.836 0.691 ['neg_marital_status_Married']=>0
0.831 0.763 ['education_HS-grad && capital_loss_0']=>0
0.808 1.000 ['neg_marital_status_Single']=>1

"
0.0027825594022071257,0.009000000000000001,0.8497526019450605,0.28664050503327076,0.8457207207207207,0.2853194103194103,0.8374449790152523,0.2912273518272085,"CRL
 ACC ,  C  ,  Rule
0.837 0.291 ['occupation_Blue-Collar && capital_gain_0']=>0
0.836 0.691 ['neg_marital_status_Married']=>0
0.831 0.763 ['education_HS-grad && capital_loss_0']=>0
0.808 1.000 ['neg_marital_status_Single']=>1

"
0.0027825594022071257,0.009000000000000001,0.845180003412387,0.6890632997781949,0.8415233415233415,0.6848894348894349,0.8357047804278841,0.690961203807964,"CRL
 ACC ,  C  ,  Rule
0.837 0.291 ['occupation_Blue-Collar && capital_gain_0']=>0
0.836 0.691 ['neg_marital_status_Married']=>0
0.831 0.763 ['education_HS-grad && capital_loss_0']=>0
0.808 1.000 ['neg_marital_status_Single']=>1

"
0.0027825594022071257,0.009000000000000001,0.8410168913154752,0.7630097253028494,0.8387592137592138,0.7566543816543816,0.8312007370252841,0.7629235336267786,"CRL
 ACC ,  C  ,  Rule
0.837 0.291 ['occupation_Blue-Collar && capital_gain_0']=>0
0.836 0.691 ['neg_marital_status_Married']=>0
0.831 0.763 ['education_HS-grad && capital_loss_0']=>0
0.808 1.000 ['neg_marital_status_Single']=>1

"
0.0027825594022071257,0.009000000000000001,0.8032417676164477,1.0,0.8090704340704341,1.0,0.8079639676527792,1.0,"CRL
 ACC ,  C  ,  Rule
0.837 0.291 ['occupation_Blue-Collar && capital_gain_0']=>0
0.836 0.691 ['neg_marital_status_Married']=>0
0.831 0.763 ['education_HS-grad && capital_loss_0']=>0
0.808 1.000 ['neg_marital_status_Single']=>1

"
0.0027825594022071257,0.01,0.8497526019450605,0.28664050503327076,0.8457207207207207,0.2853194103194103,0.8374449790152523,0.2912273518272085,"CRL
 ACC ,  C  ,  Rule
0.837 0.291 ['occupation_Blue-Collar && capital_gain_0']=>0
0.836 0.691 ['neg_marital_status_Married']=>0
0.831 0.763 ['education_HS-grad && capital_loss_0']=>0
0.808 1.000 ['neg_marital_status_Separated']=>1

"
0.0027825594022071257,0.01,0.845180003412387,0.6890632997781949,0.8415233415233415,0.6848894348894349,0.8357047804278841,0.690961203807964,"CRL
 ACC ,  C  ,  Rule
0.837 0.291 ['occupation_Blue-Collar && capital_gain_0']=>0
0.836 0.691 ['neg_marital_status_Married']=>0
0.831 0.763 ['education_HS-grad && capital_loss_0']=>0
0.808 1.000 ['neg_marital_status_Separated']=>1

"
0.0027825594022071257,0.01,0.8410168913154752,0.7630097253028494,0.8387592137592138,0.7566543816543816,0.8312007370252841,0.7629235336267786,"CRL
 ACC ,  C  ,  Rule
0.837 0.291 ['occupation_Blue-Collar && capital_gain_0']=>0
0.836 0.691 ['neg_marital_status_Married']=>0
0.831 0.763 ['education_HS-grad && capital_loss_0']=>0
0.808 1.000 ['neg_marital_status_Separated']=>1

"
0.0027825594022071257,0.01,0.8032417676164477,1.0,0.8090704340704341,1.0,0.8079639676527792,1.0,"CRL
 ACC ,  C  ,  Rule
0.837 0.291 ['occupation_Blue-Collar && capital_gain_0']=>0
0.836 0.691 ['neg_marital_status_Married']=>0
0.831 0.763 ['education_HS-grad && capital_loss_0']=>0
0.808 1.000 ['neg_marital_status_Separated']=>1

"
0.004641588833612777,0.001,0.8497526019450605,0.28664050503327076,0.8457207207207207,0.2853194103194103,0.8374449790152523,0.2912273518272085,"CRL
 ACC ,  C  ,  Rule
0.837 0.291 ['occupation_Blue-Collar && capital_gain_0']=>0
0.836 0.691 ['neg_marital_status_Married']=>0
0.788 1.000 ['neg_marital_status_Single']=>1

"
0.004641588833612777,0.001,0.845180003412387,0.6890632997781949,0.8415233415233415,0.6848894348894349,0.8357047804278841,0.690961203807964,"CRL
 ACC ,  C  ,  Rule
0.837 0.291 ['occupation_Blue-Collar && capital_gain_0']=>0
0.836 0.691 ['neg_marital_status_Married']=>0
0.788 1.000 ['neg_marital_status_Single']=>1

"
0.004641588833612777,0.001,0.7793891827333219,1.0,0.7862407862407862,1.0,0.788002866209438,1.0,"CRL
 ACC ,  C  ,  Rule
0.837 0.291 ['occupation_Blue-Collar && capital_gain_0']=>0
0.836 0.691 ['neg_marital_status_Married']=>0
0.788 1.000 ['neg_marital_status_Single']=>1

"
0.004641588833612777,0.002,0.8497526019450605,0.28664050503327076,0.8457207207207207,0.2853194103194103,0.8374449790152523,0.2912273518272085,"CRL
 ACC ,  C  ,  Rule
0.837 0.291 ['occupation_Blue-Collar && capital_gain_0']=>0
0.836 0.691 ['neg_marital_status_Married']=>0
0.788 1.000 ['neg_marital_status_Single']=>1

"
0.004641588833612777,0.002,0.845180003412387,0.6890632997781949,0.8415233415233415,0.6848894348894349,0.8357047804278841,0.690961203807964,"CRL
 ACC ,  C  ,  Rule
0.837 0.291 ['occupation_Blue-Collar && capital_gain_0']=>0
0.836 0.691 ['neg_marital_status_Married']=>0
0.788 1.000 ['neg_marital_status_Single']=>1

"
0.004641588833612777,0.002,0.7793891827333219,1.0,0.7862407862407862,1.0,0.788002866209438,1.0,"CRL
 ACC ,  C  ,  Rule
0.837 0.291 ['occupation_Blue-Collar && capital_gain_0']=>0
0.836 0.691 ['neg_marital_status_Married']=>0
0.788 1.000 ['neg_marital_status_Single']=>1

"
0.004641588833612777,0.003,0.8497526019450605,0.28664050503327076,0.8457207207207207,0.2853194103194103,0.8374449790152523,0.2912273518272085,"CRL
 ACC ,  C  ,  Rule
0.837 0.291 ['occupation_Blue-Collar && capital_gain_0']=>0
0.836 0.691 ['neg_marital_status_Married']=>0
0.788 1.000 ['marital_status_Married']=>1

"
0.004641588833612777,0.003,0.845180003412387,0.6890632997781949,0.8415233415233415,0.6848894348894349,0.8357047804278841,0.690961203807964,"CRL
 ACC ,  C  ,  Rule
0.837 0.291 ['occupation_Blue-Collar && capital_gain_0']=>0
0.836 0.691 ['neg_marital_status_Married']=>0
0.788 1.000 ['marital_status_Married']=>1

"
0.004641588833612777,0.003,0.7793891827333219,1.0,0.7862407862407862,1.0,0.788002866209438,1.0,"CRL
 ACC ,  C  ,  Rule
0.837 0.291 ['occupation_Blue-Collar && capital_gain_0']=>0
0.836 0.691 ['neg_marital_status_Married']=>0
0.788 1.000 ['marital_status_Married']=>1

"
0.004641588833612777,0.004,0.8497526019450605,0.28664050503327076,0.8457207207207207,0.2853194103194103,0.8374449790152523,0.2912273518272085,"CRL
 ACC ,  C  ,  Rule
0.837 0.291 ['occupation_Blue-Collar && capital_gain_0']=>0
0.836 0.691 ['neg_marital_status_Married']=>0
0.788 1.000 ['neg_marital_status_Separated']=>1

"
0.004641588833612777,0.004,0.845180003412387,0.6890632997781949,0.8415233415233415,0.6848894348894349,0.8357047804278841,0.690961203807964,"CRL
 ACC ,  C  ,  Rule
0.837 0.291 ['occupation_Blue-Collar && capital_gain_0']=>0
0.836 0.691 ['neg_marital_status_Married']=>0
0.788 1.000 ['neg_marital_status_Separated']=>1

"
0.004641588833612777,0.004,0.7793891827333219,1.0,0.7862407862407862,1.0,0.788002866209438,1.0,"CRL
 ACC ,  C  ,  Rule
0.837 0.291 ['occupation_Blue-Collar && capital_gain_0']=>0
0.836 0.691 ['neg_marital_status_Married']=>0
0.788 1.000 ['neg_marital_status_Separated']=>1

"
0.004641588833612777,0.005,0.8497526019450605,0.28664050503327076,0.8457207207207207,0.2853194103194103,0.8374449790152523,0.2912273518272085,"CRL
 ACC ,  C  ,  Rule
0.837 0.291 ['occupation_Blue-Collar && capital_gain_0']=>0
0.836 0.691 ['neg_marital_status_Married']=>0
0.788 1.000 ['neg_marital_status_Divorced']=>1

"
0.004641588833612777,0.005,0.845180003412387,0.6890632997781949,0.8415233415233415,0.6848894348894349,0.8357047804278841,0.690961203807964,"CRL
 ACC ,  C  ,  Rule
0.837 0.291 ['occupation_Blue-Collar && capital_gain_0']=>0
0.836 0.691 ['neg_marital_status_Married']=>0
0.788 1.000 ['neg_marital_status_Divorced']=>1

"
0.004641588833612777,0.005,0.7793891827333219,1.0,0.7862407862407862,1.0,0.788002866209438,1.0,"CRL
 ACC ,  C  ,  Rule
0.837 0.291 ['occupation_Blue-Collar && capital_gain_0']=>0
0.836 0.691 ['neg_marital_status_Married']=>0
0.788 1.000 ['neg_marital_status_Divorced']=>1

"
0.004641588833612777,0.006,0.8497526019450605,0.28664050503327076,0.8457207207207207,0.2853194103194103,0.8374449790152523,0.2912273518272085,"CRL
 ACC ,  C  ,  Rule
0.837 0.291 ['occupation_Blue-Collar && capital_gain_0']=>0
0.836 0.691 ['neg_marital_status_Married']=>0
0.788 1.000 ['neg_marital_status_Single']=>1

"
0.004641588833612777,0.006,0.845180003412387,0.6890632997781949,0.8415233415233415,0.6848894348894349,0.8357047804278841,0.690961203807964,"CRL
 ACC ,  C  ,  Rule
0.837 0.291 ['occupation_Blue-Collar && capital_gain_0']=>0
0.836 0.691 ['neg_marital_status_Married']=>0
0.788 1.000 ['neg_marital_status_Single']=>1

"
0.004641588833612777,0.006,0.7793891827333219,1.0,0.7862407862407862,1.0,0.788002866209438,1.0,"CRL
 ACC ,  C  ,  Rule
0.837 0.291 ['occupation_Blue-Collar && capital_gain_0']=>0
0.836 0.691 ['neg_marital_status_Married']=>0
0.788 1.000 ['neg_marital_status_Single']=>1

"
0.004641588833612777,0.007,0.8497526019450605,0.28664050503327076,0.8457207207207207,0.2853194103194103,0.8374449790152523,0.2912273518272085,"CRL
 ACC ,  C  ,  Rule
0.837 0.291 ['occupation_Blue-Collar && capital_gain_0']=>0
0.836 0.691 ['neg_marital_status_Married']=>0
0.788 1.000 ['neg_marital_status_Single']=>1

"
0.004641588833612777,0.007,0.845180003412387,0.6890632997781949,0.8415233415233415,0.6848894348894349,0.8357047804278841,0.690961203807964,"CRL
 ACC ,  C  ,  Rule
0.837 0.291 ['occupation_Blue-Collar && capital_gain_0']=>0
0.836 0.691 ['neg_marital_status_Married']=>0
0.788 1.000 ['neg_marital_status_Single']=>1

"
0.004641588833612777,0.007,0.7793891827333219,1.0,0.7862407862407862,1.0,0.788002866209438,1.0,"CRL
 ACC ,  C  ,  Rule
0.837 0.291 ['occupation_Blue-Collar && capital_gain_0']=>0
0.836 0.691 ['neg_marital_status_Married']=>0
0.788 1.000 ['neg_marital_status_Single']=>1

"
0.004641588833612777,0.008,0.8497526019450605,0.28664050503327076,0.8457207207207207,0.2853194103194103,0.8374449790152523,0.2912273518272085,"CRL
 ACC ,  C  ,  Rule
0.837 0.291 ['occupation_Blue-Collar && capital_gain_0']=>0
0.836 0.691 ['neg_marital_status_Married']=>0
0.788 1.000 ['neg_marital_status_Divorced']=>1

"
0.004641588833612777,0.008,0.845180003412387,0.6890632997781949,0.8415233415233415,0.6848894348894349,0.8357047804278841,0.690961203807964,"CRL
 ACC ,  C  ,  Rule
0.837 0.291 ['occupation_Blue-Collar && capital_gain_0']=>0
0.836 0.691 ['neg_marital_status_Married']=>0
0.788 1.000 ['neg_marital_status_Divorced']=>1

"
0.004641588833612777,0.008,0.7793891827333219,1.0,0.7862407862407862,1.0,0.788002866209438,1.0,"CRL
 ACC ,  C  ,  Rule
0.837 0.291 ['occupation_Blue-Collar && capital_gain_0']=>0
0.836 0.691 ['neg_marital_status_Married']=>0
0.788 1.000 ['neg_marital_status_Divorced']=>1

"
0.004641588833612777,0.009000000000000001,0.8497526019450605,0.28664050503327076,0.8457207207207207,0.2853194103194103,0.8374449790152523,0.2912273518272085,"CRL
 ACC ,  C  ,  Rule
0.837 0.291 ['occupation_Blue-Collar && capital_gain_0']=>0
0.836 0.691 ['neg_marital_status_Married']=>0
0.788 1.000 ['neg_marital_status_Single']=>1

"
0.004641588833612777,0.009000000000000001,0.845180003412387,0.6890632997781949,0.8415233415233415,0.6848894348894349,0.8357047804278841,0.690961203807964,"CRL
 ACC ,  C  ,  Rule
0.837 0.291 ['occupation_Blue-Collar && capital_gain_0']=>0
0.836 0.691 ['neg_marital_status_Married']=>0
0.788 1.000 ['neg_marital_status_Single']=>1

"
0.004641588833612777,0.009000000000000001,0.7793891827333219,1.0,0.7862407862407862,1.0,0.788002866209438,1.0,"CRL
 ACC ,  C  ,  Rule
0.837 0.291 ['occupation_Blue-Collar && capital_gain_0']=>0
0.836 0.691 ['neg_marital_status_Married']=>0
0.788 1.000 ['neg_marital_status_Single']=>1

"
0.004641588833612777,0.01,0.8497526019450605,0.28664050503327076,0.8457207207207207,0.2853194103194103,0.8374449790152523,0.2912273518272085,"CRL
 ACC ,  C  ,  Rule
0.837 0.291 ['occupation_Blue-Collar && capital_gain_0']=>0
0.836 0.691 ['neg_marital_status_Married']=>0
0.788 1.000 ['marital_status_Married']=>1

"
0.004641588833612777,0.01,0.845180003412387,0.6890632997781949,0.8415233415233415,0.6848894348894349,0.8357047804278841,0.690961203807964,"CRL
 ACC ,  C  ,  Rule
0.837 0.291 ['occupation_Blue-Collar && capital_gain_0']=>0
0.836 0.691 ['neg_marital_status_Married']=>0
0.788 1.000 ['marital_status_Married']=>1

"
0.004641588833612777,0.01,0.7793891827333219,1.0,0.7862407862407862,1.0,0.788002866209438,1.0,"CRL
 ACC ,  C  ,  Rule
0.837 0.291 ['occupation_Blue-Collar && capital_gain_0']=>0
0.836 0.691 ['neg_marital_status_Married']=>0
0.788 1.000 ['marital_status_Married']=>1

"
0.007742636826811269,0.001,0.8497526019450605,0.28664050503327076,0.8457207207207207,0.2853194103194103,0.8374449790152523,0.2912273518272085,"CRL
 ACC ,  C  ,  Rule
0.837 0.291 ['occupation_Blue-Collar && capital_gain_0']=>0
0.836 0.691 ['neg_marital_status_Married']=>0
0.788 1.000 ['marital_status_Married']=>1

"
0.007742636826811269,0.001,0.845180003412387,0.6890632997781949,0.8415233415233415,0.6848894348894349,0.8357047804278841,0.690961203807964,"CRL
 ACC ,  C  ,  Rule
0.837 0.291 ['occupation_Blue-Collar && capital_gain_0']=>0
0.836 0.691 ['neg_marital_status_Married']=>0
0.788 1.000 ['marital_status_Married']=>1

"
0.007742636826811269,0.001,0.7793891827333219,1.0,0.7862407862407862,1.0,0.788002866209438,1.0,"CRL
 ACC ,  C  ,  Rule
0.837 0.291 ['occupation_Blue-Collar && capital_gain_0']=>0
0.836 0.691 ['neg_marital_status_Married']=>0
0.788 1.000 ['marital_status_Married']=>1

"
0.007742636826811269,0.002,0.8497526019450605,0.28664050503327076,0.8457207207207207,0.2853194103194103,0.8374449790152523,0.2912273518272085,"CRL
 ACC ,  C  ,  Rule
0.837 0.291 ['occupation_Blue-Collar && capital_gain_0']=>0
0.836 0.691 ['neg_marital_status_Married']=>0
0.788 1.000 ['marital_status_Married']=>1

"
0.007742636826811269,0.002,0.845180003412387,0.6890632997781949,0.8415233415233415,0.6848894348894349,0.8357047804278841,0.690961203807964,"CRL
 ACC ,  C  ,  Rule
0.837 0.291 ['occupation_Blue-Collar && capital_gain_0']=>0
0.836 0.691 ['neg_marital_status_Married']=>0
0.788 1.000 ['marital_status_Married']=>1

"
0.007742636826811269,0.002,0.7793891827333219,1.0,0.7862407862407862,1.0,0.788002866209438,1.0,"CRL
 ACC ,  C  ,  Rule
0.837 0.291 ['occupation_Blue-Collar && capital_gain_0']=>0
0.836 0.691 ['neg_marital_status_Married']=>0
0.788 1.000 ['marital_status_Married']=>1

"
0.007742636826811269,0.003,0.8497526019450605,0.28664050503327076,0.8457207207207207,0.2853194103194103,0.8374449790152523,0.2912273518272085,"CRL
 ACC ,  C  ,  Rule
0.837 0.291 ['occupation_Blue-Collar && capital_gain_0']=>0
0.836 0.691 ['neg_marital_status_Married']=>0
0.788 1.000 ['marital_status_Married']=>1

"
0.007742636826811269,0.003,0.845180003412387,0.6890632997781949,0.8415233415233415,0.6848894348894349,0.8357047804278841,0.690961203807964,"CRL
 ACC ,  C  ,  Rule
0.837 0.291 ['occupation_Blue-Collar && capital_gain_0']=>0
0.836 0.691 ['neg_marital_status_Married']=>0
0.788 1.000 ['marital_status_Married']=>1

"
0.007742636826811269,0.003,0.7793891827333219,1.0,0.7862407862407862,1.0,0.788002866209438,1.0,"CRL
 ACC ,  C  ,  Rule
0.837 0.291 ['occupation_Blue-Collar && capital_gain_0']=>0
0.836 0.691 ['neg_marital_status_Married']=>0
0.788 1.000 ['marital_status_Married']=>1

"
0.007742636826811269,0.004,0.8497526019450605,0.28664050503327076,0.8457207207207207,0.2853194103194103,0.8374449790152523,0.2912273518272085,"CRL
 ACC ,  C  ,  Rule
0.837 0.291 ['occupation_Blue-Collar && capital_gain_0']=>0
0.836 0.691 ['neg_marital_status_Married']=>0
0.788 1.000 ['neg_marital_status_Divorced']=>1

"
0.007742636826811269,0.004,0.845180003412387,0.6890632997781949,0.8415233415233415,0.6848894348894349,0.8357047804278841,0.690961203807964,"CRL
 ACC ,  C  ,  Rule
0.837 0.291 ['occupation_Blue-Collar && capital_gain_0']=>0
0.836 0.691 ['neg_marital_status_Married']=>0
0.788 1.000 ['neg_marital_status_Divorced']=>1

"
0.007742636826811269,0.004,0.7793891827333219,1.0,0.7862407862407862,1.0,0.788002866209438,1.0,"CRL
 ACC ,  C  ,  Rule
0.837 0.291 ['occupation_Blue-Collar && capital_gain_0']=>0
0.836 0.691 ['neg_marital_status_Married']=>0
0.788 1.000 ['neg_marital_status_Divorced']=>1

"
0.007742636826811269,0.005,0.8497526019450605,0.28664050503327076,0.8457207207207207,0.2853194103194103,0.8374449790152523,0.2912273518272085,"CRL
 ACC ,  C  ,  Rule
0.837 0.291 ['occupation_Blue-Collar && capital_gain_0']=>0
0.836 0.691 ['neg_marital_status_Married']=>0
0.788 1.000 ['neg_marital_status_Widowed']=>1

"
0.007742636826811269,0.005,0.845180003412387,0.6890632997781949,0.8415233415233415,0.6848894348894349,0.8357047804278841,0.690961203807964,"CRL
 ACC ,  C  ,  Rule
0.837 0.291 ['occupation_Blue-Collar && capital_gain_0']=>0
0.836 0.691 ['neg_marital_status_Married']=>0
0.788 1.000 ['neg_marital_status_Widowed']=>1

"
0.007742636826811269,0.005,0.7793891827333219,1.0,0.7862407862407862,1.0,0.788002866209438,1.0,"CRL
 ACC ,  C  ,  Rule
0.837 0.291 ['occupation_Blue-Collar && capital_gain_0']=>0
0.836 0.691 ['neg_marital_status_Married']=>0
0.788 1.000 ['neg_marital_status_Widowed']=>1

"
0.007742636826811269,0.006,0.8497526019450605,0.28664050503327076,0.8457207207207207,0.2853194103194103,0.8374449790152523,0.2912273518272085,"CRL
 ACC ,  C  ,  Rule
0.837 0.291 ['occupation_Blue-Collar && capital_gain_0']=>0
0.836 0.691 ['neg_marital_status_Married']=>0
0.788 1.000 ['neg_marital_status_Divorced']=>1

"
0.007742636826811269,0.006,0.845180003412387,0.6890632997781949,0.8415233415233415,0.6848894348894349,0.8357047804278841,0.690961203807964,"CRL
 ACC ,  C  ,  Rule
0.837 0.291 ['occupation_Blue-Collar && capital_gain_0']=>0
0.836 0.691 ['neg_marital_status_Married']=>0
0.788 1.000 ['neg_marital_status_Divorced']=>1

"
0.007742636826811269,0.006,0.7793891827333219,1.0,0.7862407862407862,1.0,0.788002866209438,1.0,"CRL
 ACC ,  C  ,  Rule
0.837 0.291 ['occupation_Blue-Collar && capital_gain_0']=>0
0.836 0.691 ['neg_marital_status_Married']=>0
0.788 1.000 ['neg_marital_status_Divorced']=>1

"
0.007742636826811269,0.007,0.8497526019450605,0.28664050503327076,0.8457207207207207,0.2853194103194103,0.8374449790152523,0.2912273518272085,"CRL
 ACC ,  C  ,  Rule
0.837 0.291 ['occupation_Blue-Collar && capital_gain_0']=>0
0.836 0.691 ['neg_marital_status_Married']=>0
0.788 1.000 ['neg_marital_status_Divorced']=>1

"
0.007742636826811269,0.007,0.845180003412387,0.6890632997781949,0.8415233415233415,0.6848894348894349,0.8357047804278841,0.690961203807964,"CRL
 ACC ,  C  ,  Rule
0.837 0.291 ['occupation_Blue-Collar && capital_gain_0']=>0
0.836 0.691 ['neg_marital_status_Married']=>0
0.788 1.000 ['neg_marital_status_Divorced']=>1

"
0.007742636826811269,0.007,0.7793891827333219,1.0,0.7862407862407862,1.0,0.788002866209438,1.0,"CRL
 ACC ,  C  ,  Rule
0.837 0.291 ['occupation_Blue-Collar && capital_gain_0']=>0
0.836 0.691 ['neg_marital_status_Married']=>0
0.788 1.000 ['neg_marital_status_Divorced']=>1

"
0.007742636826811269,0.008,0.8497526019450605,0.28664050503327076,0.8457207207207207,0.2853194103194103,0.8374449790152523,0.2912273518272085,"CRL
 ACC ,  C  ,  Rule
0.837 0.291 ['occupation_Blue-Collar && capital_gain_0']=>0
0.836 0.691 ['neg_marital_status_Married']=>0
0.788 1.000 ['marital_status_Married']=>1

"
0.007742636826811269,0.008,0.845180003412387,0.6890632997781949,0.8415233415233415,0.6848894348894349,0.8357047804278841,0.690961203807964,"CRL
 ACC ,  C  ,  Rule
0.837 0.291 ['occupation_Blue-Collar && capital_gain_0']=>0
0.836 0.691 ['neg_marital_status_Married']=>0
0.788 1.000 ['marital_status_Married']=>1

"
0.007742636826811269,0.008,0.7793891827333219,1.0,0.7862407862407862,1.0,0.788002866209438,1.0,"CRL
 ACC ,  C  ,  Rule
0.837 0.291 ['occupation_Blue-Collar && capital_gain_0']=>0
0.836 0.691 ['neg_marital_status_Married']=>0
0.788 1.000 ['marital_status_Married']=>1

"
0.007742636826811269,0.009000000000000001,0.8497526019450605,0.28664050503327076,0.8457207207207207,0.2853194103194103,0.8374449790152523,0.2912273518272085,"CRL
 ACC ,  C  ,  Rule
0.837 0.291 ['occupation_Blue-Collar && capital_gain_0']=>0
0.836 0.691 ['neg_marital_status_Married']=>0
0.788 1.000 ['neg_marital_status_Widowed']=>1

"
0.007742636826811269,0.009000000000000001,0.845180003412387,0.6890632997781949,0.8415233415233415,0.6848894348894349,0.8357047804278841,0.690961203807964,"CRL
 ACC ,  C  ,  Rule
0.837 0.291 ['occupation_Blue-Collar && capital_gain_0']=>0
0.836 0.691 ['neg_marital_status_Married']=>0
0.788 1.000 ['neg_marital_status_Widowed']=>1

"
0.007742636826811269,0.009000000000000001,0.7793891827333219,1.0,0.7862407862407862,1.0,0.788002866209438,1.0,"CRL
 ACC ,  C  ,  Rule
0.837 0.291 ['occupation_Blue-Collar && capital_gain_0']=>0
0.836 0.691 ['neg_marital_status_Married']=>0
0.788 1.000 ['neg_marital_status_Widowed']=>1

"
0.007742636826811269,0.01,0.8497526019450605,0.28664050503327076,0.8457207207207207,0.2853194103194103,0.8374449790152523,0.2912273518272085,"CRL
 ACC ,  C  ,  Rule
0.837 0.291 ['occupation_Blue-Collar && capital_gain_0']=>0
0.836 0.691 ['neg_marital_status_Married']=>0
0.788 1.000 ['neg_marital_status_Single']=>1

"
0.007742636826811269,0.01,0.845180003412387,0.6890632997781949,0.8415233415233415,0.6848894348894349,0.8357047804278841,0.690961203807964,"CRL
 ACC ,  C  ,  Rule
0.837 0.291 ['occupation_Blue-Collar && capital_gain_0']=>0
0.836 0.691 ['neg_marital_status_Married']=>0
0.788 1.000 ['neg_marital_status_Single']=>1

"
0.007742636826811269,0.01,0.7793891827333219,1.0,0.7862407862407862,1.0,0.788002866209438,1.0,"CRL
 ACC ,  C  ,  Rule
0.837 0.291 ['occupation_Blue-Collar && capital_gain_0']=>0
0.836 0.691 ['neg_marital_status_Married']=>0
0.788 1.000 ['neg_marital_status_Single']=>1

"
0.01291549665014884,0.001,0.8466473298072001,0.5291247227435592,0.8417280917280917,0.5244676494676495,0.8357047804278841,0.5291227351827208,"CRL
 ACC ,  C  ,  Rule
0.836 0.529 ['neg_marital_status_Married']=>0
0.759 1.000 ['neg_marital_status_Separated']=>0

"
0.01291549665014884,0.001,0.7603480634703975,1.0,0.7639230139230139,1.0,0.7586242194697512,1.0,"CRL
 ACC ,  C  ,  Rule
0.836 0.529 ['neg_marital_status_Married']=>0
0.759 1.000 ['neg_marital_status_Separated']=>0

"
0.01291549665014884,0.002,0.8466473298072001,0.5291247227435592,0.8417280917280917,0.5244676494676495,0.8357047804278841,0.5291227351827208,"CRL
 ACC ,  C  ,  Rule
0.836 0.529 ['neg_marital_status_Married']=>0
0.759 1.000 ['neg_marital_status_Separated']=>0

"
0.01291549665014884,0.002,0.7603480634703975,1.0,0.7639230139230139,1.0,0.7586242194697512,1.0,"CRL
 ACC ,  C  ,  Rule
0.836 0.529 ['neg_marital_status_Married']=>0
0.759 1.000 ['neg_marital_status_Separated']=>0

"
0.01291549665014884,0.003,0.8466473298072001,0.5291247227435592,0.8417280917280917,0.5244676494676495,0.8357047804278841,0.5291227351827208,"CRL
 ACC ,  C  ,  Rule
0.836 0.529 ['neg_marital_status_Married']=>0
0.759 1.000 ['neg_marital_status_Divorced']=>0

"
0.01291549665014884,0.003,0.7603480634703975,1.0,0.7639230139230139,1.0,0.7586242194697512,1.0,"CRL
 ACC ,  C  ,  Rule
0.836 0.529 ['neg_marital_status_Married']=>0
0.759 1.000 ['neg_marital_status_Divorced']=>0

"
0.01291549665014884,0.004,0.8466473298072001,0.5291247227435592,0.8417280917280917,0.5244676494676495,0.8357047804278841,0.5291227351827208,"CRL
 ACC ,  C  ,  Rule
0.836 0.529 ['neg_marital_status_Married']=>0
0.759 1.000 ['neg_marital_status_Divorced']=>0

"
0.01291549665014884,0.004,0.7603480634703975,1.0,0.7639230139230139,1.0,0.7586242194697512,1.0,"CRL
 ACC ,  C  ,  Rule
0.836 0.529 ['neg_marital_status_Married']=>0
0.759 1.000 ['neg_marital_status_Divorced']=>0

"
0.01291549665014884,0.005,0.8466473298072001,0.5291247227435592,0.8417280917280917,0.5244676494676495,0.8357047804278841,0.5291227351827208,"CRL
 ACC ,  C  ,  Rule
0.836 0.529 ['neg_marital_status_Married']=>0
0.759 1.000 ['neg_marital_status_Divorced']=>0

"
0.01291549665014884,0.005,0.7603480634703975,1.0,0.7639230139230139,1.0,0.7586242194697512,1.0,"CRL
 ACC ,  C  ,  Rule
0.836 0.529 ['neg_marital_status_Married']=>0
0.759 1.000 ['neg_marital_status_Divorced']=>0

"
0.01291549665014884,0.006,0.8466473298072001,0.5291247227435592,0.8417280917280917,0.5244676494676495,0.8357047804278841,0.5291227351827208,"CRL
 ACC ,  C  ,  Rule
0.836 0.529 ['neg_marital_status_Married']=>0
0.759 1.000 ['neg_marital_status_Divorced']=>0

"
0.01291549665014884,0.006,0.7603480634703975,1.0,0.7639230139230139,1.0,0.7586242194697512,1.0,"CRL
 ACC ,  C  ,  Rule
0.836 0.529 ['neg_marital_status_Married']=>0
0.759 1.000 ['neg_marital_status_Divorced']=>0

"
0.01291549665014884,0.007,0.8466473298072001,0.5291247227435592,0.8417280917280917,0.5244676494676495,0.8357047804278841,0.5291227351827208,"CRL
 ACC ,  C  ,  Rule
0.836 0.529 ['neg_marital_status_Married']=>0
0.759 1.000 ['neg_marital_status_Divorced']=>0

"
0.01291549665014884,0.007,0.7603480634703975,1.0,0.7639230139230139,1.0,0.7586242194697512,1.0,"CRL
 ACC ,  C  ,  Rule
0.836 0.529 ['neg_marital_status_Married']=>0
0.759 1.000 ['neg_marital_status_Divorced']=>0

"
0.01291549665014884,0.008,0.8466473298072001,0.5291247227435592,0.8417280917280917,0.5244676494676495,0.8357047804278841,0.5291227351827208,"CRL
 ACC ,  C  ,  Rule
0.836 0.529 ['neg_marital_status_Married']=>0
0.759 1.000 ['neg_marital_status_Divorced']=>0

"
0.01291549665014884,0.008,0.7603480634703975,1.0,0.7639230139230139,1.0,0.7586242194697512,1.0,"CRL
 ACC ,  C  ,  Rule
0.836 0.529 ['neg_marital_status_Married']=>0
0.759 1.000 ['neg_marital_status_Divorced']=>0

"
0.01291549665014884,0.009000000000000001,0.8466473298072001,0.5291247227435592,0.8417280917280917,0.5244676494676495,0.8357047804278841,0.5291227351827208,"CRL
 ACC ,  C  ,  Rule
0.836 0.529 ['neg_marital_status_Married']=>0
0.759 1.000 ['neg_marital_status_Divorced']=>0

"
0.01291549665014884,0.009000000000000001,0.7603480634703975,1.0,0.7639230139230139,1.0,0.7586242194697512,1.0,"CRL
 ACC ,  C  ,  Rule
0.836 0.529 ['neg_marital_status_Married']=>0
0.759 1.000 ['neg_marital_status_Divorced']=>0

"
0.01291549665014884,0.01,0.8466473298072001,0.5291247227435592,0.8417280917280917,0.5244676494676495,0.8357047804278841,0.5291227351827208,"CRL
 ACC ,  C  ,  Rule
0.836 0.529 ['neg_marital_status_Married']=>0
0.759 1.000 ['neg_marital_status_Divorced']=>0

"
0.01291549665014884,0.01,0.7603480634703975,1.0,0.7639230139230139,1.0,0.7586242194697512,1.0,"CRL
 ACC ,  C  ,  Rule
0.836 0.529 ['neg_marital_status_Married']=>0
0.759 1.000 ['neg_marital_status_Divorced']=>0

"
0.021544346900318832,0.001,0.8466473298072001,0.5291247227435592,0.8417280917280917,0.5244676494676495,0.8357047804278841,0.5291227351827208,"CRL
 ACC ,  C  ,  Rule
0.836 0.529 ['neg_marital_status_Married']=>0
0.759 1.000 ['neg_marital_status_Divorced']=>0

"
0.021544346900318832,0.001,0.7603480634703975,1.0,0.7639230139230139,1.0,0.7586242194697512,1.0,"CRL
 ACC ,  C  ,  Rule
0.836 0.529 ['neg_marital_status_Married']=>0
0.759 1.000 ['neg_marital_status_Divorced']=>0

"
0.021544346900318832,0.002,0.8466473298072001,0.5291247227435592,0.8417280917280917,0.5244676494676495,0.8357047804278841,0.5291227351827208,"CRL
 ACC ,  C  ,  Rule
0.836 0.529 ['neg_marital_status_Married']=>0
0.759 1.000 ['neg_marital_status_Divorced']=>0

"
0.021544346900318832,0.002,0.7603480634703975,1.0,0.7639230139230139,1.0,0.7586242194697512,1.0,"CRL
 ACC ,  C  ,  Rule
0.836 0.529 ['neg_marital_status_Married']=>0
0.759 1.000 ['neg_marital_status_Divorced']=>0

"
0.021544346900318832,0.003,0.8466473298072001,0.5291247227435592,0.8417280917280917,0.5244676494676495,0.8357047804278841,0.5291227351827208,"CRL
 ACC ,  C  ,  Rule
0.836 0.529 ['neg_marital_status_Married']=>0
0.759 1.000 ['neg_marital_status_Divorced']=>0

"
0.021544346900318832,0.003,0.7603480634703975,1.0,0.7639230139230139,1.0,0.7586242194697512,1.0,"CRL
 ACC ,  C  ,  Rule
0.836 0.529 ['neg_marital_status_Married']=>0
0.759 1.000 ['neg_marital_status_Divorced']=>0

"
0.021544346900318832,0.004,0.8466473298072001,0.5291247227435592,0.8417280917280917,0.5244676494676495,0.8357047804278841,0.5291227351827208,"CRL
 ACC ,  C  ,  Rule
0.836 0.529 ['neg_marital_status_Married']=>0
0.759 1.000 ['neg_marital_status_Divorced']=>0

"
0.021544346900318832,0.004,0.7603480634703975,1.0,0.7639230139230139,1.0,0.7586242194697512,1.0,"CRL
 ACC ,  C  ,  Rule
0.836 0.529 ['neg_marital_status_Married']=>0
0.759 1.000 ['neg_marital_status_Divorced']=>0

"
0.021544346900318832,0.005,0.8466473298072001,0.5291247227435592,0.8417280917280917,0.5244676494676495,0.8357047804278841,0.5291227351827208,"CRL
 ACC ,  C  ,  Rule
0.836 0.529 ['neg_marital_status_Married']=>0
0.759 1.000 ['neg_marital_status_Divorced']=>0

"
0.021544346900318832,0.005,0.7603480634703975,1.0,0.7639230139230139,1.0,0.7586242194697512,1.0,"CRL
 ACC ,  C  ,  Rule
0.836 0.529 ['neg_marital_status_Married']=>0
0.759 1.000 ['neg_marital_status_Divorced']=>0

"
0.021544346900318832,0.006,0.8466473298072001,0.5291247227435592,0.8417280917280917,0.5244676494676495,0.8357047804278841,0.5291227351827208,"CRL
 ACC ,  C  ,  Rule
0.836 0.529 ['neg_marital_status_Married']=>0
0.759 1.000 ['neg_marital_status_Divorced']=>0

"
0.021544346900318832,0.006,0.7603480634703975,1.0,0.7639230139230139,1.0,0.7586242194697512,1.0,"CRL
 ACC ,  C  ,  Rule
0.836 0.529 ['neg_marital_status_Married']=>0
0.759 1.000 ['neg_marital_status_Divorced']=>0

"
0.021544346900318832,0.007,0.8466473298072001,0.5291247227435592,0.8417280917280917,0.5244676494676495,0.8357047804278841,0.5291227351827208,"CRL
 ACC ,  C  ,  Rule
0.836 0.529 ['neg_marital_status_Married']=>0
0.759 1.000 ['neg_marital_status_Separated']=>0

"
0.021544346900318832,0.007,0.7603480634703975,1.0,0.7639230139230139,1.0,0.7586242194697512,1.0,"CRL
 ACC ,  C  ,  Rule
0.836 0.529 ['neg_marital_status_Married']=>0
0.759 1.000 ['neg_marital_status_Separated']=>0

"
0.021544346900318832,0.008,0.8466473298072001,0.5291247227435592,0.8417280917280917,0.5244676494676495,0.8357047804278841,0.5291227351827208,"CRL
 ACC ,  C  ,  Rule
0.836 0.529 ['neg_marital_status_Married']=>0
0.759 1.000 ['neg_marital_status_Separated']=>0

"
0.021544346900318832,0.008,0.7603480634703975,1.0,0.7639230139230139,1.0,0.7586242194697512,1.0,"CRL
 ACC ,  C  ,  Rule
0.836 0.529 ['neg_marital_status_Married']=>0
0.759 1.000 ['neg_marital_status_Separated']=>0

"
0.021544346900318832,0.009000000000000001,0.8466473298072001,0.5291247227435592,0.8417280917280917,0.5244676494676495,0.8357047804278841,0.5291227351827208,"CRL
 ACC ,  C  ,  Rule
0.836 0.529 ['neg_marital_status_Married']=>0
0.759 1.000 ['neg_marital_status_Separated']=>0

"
0.021544346900318832,0.009000000000000001,0.7603480634703975,1.0,0.7639230139230139,1.0,0.7586242194697512,1.0,"CRL
 ACC ,  C  ,  Rule
0.836 0.529 ['neg_marital_status_Married']=>0
0.759 1.000 ['neg_marital_status_Separated']=>0

"
0.021544346900318832,0.01,0.8466473298072001,0.5291247227435592,0.8417280917280917,0.5244676494676495,0.8357047804278841,0.5291227351827208,"CRL
 ACC ,  C  ,  Rule
0.836 0.529 ['neg_marital_status_Married']=>0
0.759 1.000 ['neg_marital_status_Separated']=>0

"
0.021544346900318832,0.01,0.7603480634703975,1.0,0.7639230139230139,1.0,0.7586242194697512,1.0,"CRL
 ACC ,  C  ,  Rule
0.836 0.529 ['neg_marital_status_Married']=>0
0.759 1.000 ['neg_marital_status_Separated']=>0

"
0.03593813663804626,0.001,0.7607234260365126,0.9911619177614741,0.7637182637182637,0.9918099918099919,0.7586242194697512,0.9931415702733135,"CRL
 ACC ,  C  ,  Rule
0.759 0.993 ['neg_race_Other']=>0

"
0.03593813663804626,0.002,0.7607234260365126,0.9911619177614741,0.7637182637182637,0.9918099918099919,0.7586242194697512,0.9931415702733135,"CRL
 ACC ,  C  ,  Rule
0.759 0.993 ['neg_race_Other']=>0

"
0.03593813663804626,0.003,0.7607234260365126,0.9911619177614741,0.7637182637182637,0.9918099918099919,0.7586242194697512,0.9931415702733135,"CRL
 ACC ,  C  ,  Rule
0.759 0.993 ['neg_race_Other']=>0

"
0.03593813663804626,0.004,0.7607234260365126,0.9911619177614741,0.7637182637182637,0.9918099918099919,0.7586242194697512,0.9931415702733135,"CRL
 ACC ,  C  ,  Rule
0.759 0.993 ['neg_race_Other']=>0

"
0.03593813663804626,0.005,0.7607234260365126,0.9911619177614741,0.7637182637182637,0.9918099918099919,0.7586242194697512,0.9931415702733135,"CRL
 ACC ,  C  ,  Rule
0.759 0.993 ['neg_race_Other']=>0

"
0.03593813663804626,0.006,0.7607234260365126,0.9911619177614741,0.7637182637182637,0.9918099918099919,0.7586242194697512,0.9931415702733135,"CRL
 ACC ,  C  ,  Rule
0.759 0.993 ['neg_race_Other']=>0

"
0.03593813663804626,0.007,0.7607234260365126,0.9911619177614741,0.7637182637182637,0.9918099918099919,0.7586242194697512,0.9931415702733135,"CRL
 ACC ,  C  ,  Rule
0.759 0.993 ['neg_race_Other']=>0

"
0.03593813663804626,0.008,0.7607234260365126,0.9911619177614741,0.7637182637182637,0.9918099918099919,0.7586242194697512,0.9931415702733135,"CRL
 ACC ,  C  ,  Rule
0.759 0.993 ['neg_race_Other']=>0

"
0.03593813663804626,0.009000000000000001,0.7607234260365126,0.9911619177614741,0.7637182637182637,0.9918099918099919,0.7586242194697512,0.9931415702733135,"CRL
 ACC ,  C  ,  Rule
0.759 0.993 ['neg_race_Other']=>0

"
0.03593813663804626,0.01,0.7607234260365126,0.9911619177614741,0.7637182637182637,0.9918099918099919,0.7586242194697512,0.9931415702733135,"CRL
 ACC ,  C  ,  Rule
0.759 0.993 ['neg_race_Other']=>0

"
0.05994842503189409,0.001,0.7607234260365126,0.9911619177614741,0.7637182637182637,0.9918099918099919,0.7586242194697512,0.9931415702733135,"CRL
 ACC ,  C  ,  Rule
0.759 0.993 ['neg_race_Other']=>0

"
0.05994842503189409,0.002,0.7607234260365126,0.9911619177614741,0.7637182637182637,0.9918099918099919,0.7586242194697512,0.9931415702733135,"CRL
 ACC ,  C  ,  Rule
0.759 0.993 ['neg_race_Other']=>0

"
0.05994842503189409,0.003,0.7607234260365126,0.9911619177614741,0.7637182637182637,0.9918099918099919,0.7586242194697512,0.9931415702733135,"CRL
 ACC ,  C  ,  Rule
0.759 0.993 ['neg_race_Other']=>0

"
0.05994842503189409,0.004,0.7607234260365126,0.9911619177614741,0.7637182637182637,0.9918099918099919,0.7586242194697512,0.9931415702733135,"CRL
 ACC ,  C  ,  Rule
0.759 0.993 ['neg_race_Other']=>0

"
0.05994842503189409,0.005,0.7607234260365126,0.9911619177614741,0.7637182637182637,0.9918099918099919,0.7586242194697512,0.9931415702733135,"CRL
 ACC ,  C  ,  Rule
0.759 0.993 ['neg_race_Other']=>0

"
0.05994842503189409,0.006,0.7607234260365126,0.9911619177614741,0.7637182637182637,0.9918099918099919,0.7586242194697512,0.9931415702733135,"CRL
 ACC ,  C  ,  Rule
0.759 0.993 ['neg_race_Other']=>0

"
0.05994842503189409,0.007,0.7607234260365126,0.9911619177614741,0.7637182637182637,0.9918099918099919,0.7586242194697512,0.9931415702733135,"CRL
 ACC ,  C  ,  Rule
0.759 0.993 ['neg_race_Other']=>0

"
0.05994842503189409,0.008,0.7607234260365126,0.9911619177614741,0.7637182637182637,0.9918099918099919,0.7586242194697512,0.9931415702733135,"CRL
 ACC ,  C  ,  Rule
0.759 0.993 ['neg_race_Other']=>0

"
0.05994842503189409,0.009000000000000001,0.7607234260365126,0.9911619177614741,0.7637182637182637,0.9918099918099919,0.7586242194697512,0.9931415702733135,"CRL
 ACC ,  C  ,  Rule
0.759 0.993 ['neg_race_Other']=>0

"
0.05994842503189409,0.01,0.7607234260365126,0.9911619177614741,0.7637182637182637,0.9918099918099919,0.7586242194697512,0.9931415702733135,"CRL
 ACC ,  C  ,  Rule
0.759 0.993 ['neg_race_Other']=>0

"
0.1,0.001,0.7607234260365126,0.9911619177614741,0.7637182637182637,0.9918099918099919,0.7586242194697512,0.9931415702733135,"CRL
 ACC ,  C  ,  Rule
0.759 0.993 ['neg_race_Other']=>0

"
0.1,0.002,0.7607234260365126,0.9911619177614741,0.7637182637182637,0.9918099918099919,0.7586242194697512,0.9931415702733135,"CRL
 ACC ,  C  ,  Rule
0.759 0.993 ['neg_race_Other']=>0

"
0.1,0.003,0.7607234260365126,0.9911619177614741,0.7637182637182637,0.9918099918099919,0.7586242194697512,0.9931415702733135,"CRL
 ACC ,  C  ,  Rule
0.759 0.993 ['neg_race_Other']=>0

"
0.1,0.004,0.7607234260365126,0.9911619177614741,0.7637182637182637,0.9918099918099919,0.7586242194697512,0.9931415702733135,"CRL
 ACC ,  C  ,  Rule
0.759 0.993 ['neg_race_Other']=>0

"
0.1,0.005,0.7607234260365126,0.9911619177614741,0.7637182637182637,0.9918099918099919,0.7586242194697512,0.9931415702733135,"CRL
 ACC ,  C  ,  Rule
0.759 0.993 ['neg_race_Other']=>0

"
0.1,0.006,0.7607234260365126,0.9911619177614741,0.7637182637182637,0.9918099918099919,0.7586242194697512,0.9931415702733135,"CRL
 ACC ,  C  ,  Rule
0.759 0.993 ['neg_race_Other']=>0

"
0.1,0.007,0.7607234260365126,0.9911619177614741,0.7637182637182637,0.9918099918099919,0.7586242194697512,0.9931415702733135,"CRL
 ACC ,  C  ,  Rule
0.759 0.993 ['neg_race_Other']=>0

"
0.1,0.008,0.7607234260365126,0.9911619177614741,0.7637182637182637,0.9918099918099919,0.7586242194697512,0.9931415702733135,"CRL
 ACC ,  C  ,  Rule
0.759 0.993 ['neg_race_Other']=>0

"
0.1,0.009000000000000001,0.7607234260365126,0.9911619177614741,0.7637182637182637,0.9918099918099919,0.7586242194697512,0.9931415702733135,"CRL
 ACC ,  C  ,  Rule
0.759 0.993 ['neg_race_Other']=>0

"
0.1,0.01,0.7607234260365126,0.9911619177614741,0.7637182637182637,0.9918099918099919,0.7586242194697512,0.9931415702733135,"CRL
 ACC ,  C  ,  Rule
0.759 0.993 ['neg_race_Other']=>0

"
