alpha,beta,accuracy_train,transparency_train,accuracy_valid,transparency_valid,accuracy_test,transparency_test,model
na,na,0.8391059546152534,0,0.834049959049959,0,0.8400040945849114,0,"AdaBoostClassifier(algorithm='SAMME', learning_rate=0.9090461536045141,
                   n_estimators=148, random_state=2)"
0.001,0.001,0.8391059546152534,0.0,0.834049959049959,0.0,0.8400040945849114,0.0,"HyRS
Positive rules : 
 []
Negative rules : 
 []
HyRS Accuracy : 0.840
Coverage of RuleSet : 0.000
"
0.001,0.0021544346900318843,0.8391059546152534,0.0,0.834049959049959,0.0,0.8400040945849114,0.0,"HyRS
Positive rules : 
 []
Negative rules : 
 []
HyRS Accuracy : 0.840
Coverage of RuleSet : 0.000
"
0.001,0.004641588833612777,0.8394130694420747,0.3171131206278792,0.8343570843570843,0.3102989352989353,0.8400040945849114,0.3189681646023134,"HyRS
Positive rules : 
 []
Negative rules : 
 ['marital_status_Single && capital_gain_0']
HyRS Accuracy : 0.840
Coverage of RuleSet : 0.319
"
0.001,0.01,0.8394130694420747,0.3171131206278792,0.8343570843570843,0.3102989352989353,0.8400040945849114,0.3189681646023134,"HyRS
Positive rules : 
 []
Negative rules : 
 ['marital_status_Single && capital_gain_0']
HyRS Accuracy : 0.840
Coverage of RuleSet : 0.319
"
0.001,0.021544346900318832,0.8364784166524484,0.6910424842177103,0.8314905814905815,0.6846846846846847,0.8376497082608251,0.6852287849319275,"HyRS
Positive rules : 
 []
Negative rules : 
 ['neg_marital_status_Married', 'occupation_Blue-Collar && capital_gain_0']
HyRS Accuracy : 0.838
Coverage of RuleSet : 0.685
"
0.001,0.046415888336127774,0.8357618153898652,0.7513393618836376,0.8298525798525799,0.7521498771498771,0.8361142389190296,0.7486948510594739,"HyRS
Positive rules : 
 []
Negative rules : 
 ['neg_marital_status_Married', 'education_HS-grad && capital_gain_0', 'occupation_Blue-Collar && capital_gain_0']
HyRS Accuracy : 0.836
Coverage of RuleSet : 0.749
"
0.001,0.1,0.8292782801569698,0.8683159870329296,0.827088452088452,0.8664004914004914,0.8297676323062749,0.8666188965093664,"HyRS
Positive rules : 
 ['education_Bachelors && marital_status_Married']
Negative rules : 
 ['neg_marital_status_Married', 'hours_per_week_low && gender_Male', 'age_low && capital_loss_0', 'relationship_Own-child && race_White', 'occupation_Blue-Collar && capital_gain_0', 'education_HS-grad && capital_gain_0']
HyRS Accuracy : 0.830
Coverage of RuleSet : 0.867
"
0.001,0.21544346900318823,0.8126599556389694,0.9606210544275721,0.8079443079443079,0.959971334971335,0.8096018016173611,0.9566997645613676,"HyRS
Positive rules : 
 ['education_Bachelors && marital_status_Married']
Negative rules : 
 ['neg_education_Masters_Doctorate', 'neg_marital_status_Married']
HyRS Accuracy : 0.810
Coverage of RuleSet : 0.957
"
0.001,0.46415888336127775,0.7983961781265996,0.9997611329124723,0.7954545454545454,0.9995904995904996,0.7982393284880746,0.9996929061316409,"HyRS
Positive rules : 
 ['education_Bachelors && marital_status_Married', 'neg_capital_gain_0']
Negative rules : 
 ['neg_race_Other', 'neg_education_Masters_Doctorate']
HyRS Accuracy : 0.798
Coverage of RuleSet : 1.000
"
0.001,1.0,0.7905476881078314,1.0,0.7864455364455365,1.0,0.785750844508138,1.0,"HyRS
Positive rules : 
 ['education_Bachelors && marital_status_Married']
Negative rules : 
 ['neg_race_Black', 'neg_race_Amer-Indian-Eskimo']
HyRS Accuracy : 0.786
Coverage of RuleSet : 1.000
"
0.001291549665014884,0.001,0.8391059546152534,0.0,0.834049959049959,0.0,0.8400040945849114,0.0,"HyRS
Positive rules : 
 []
Negative rules : 
 []
HyRS Accuracy : 0.840
Coverage of RuleSet : 0.000
"
0.001291549665014884,0.0021544346900318843,0.8391059546152534,0.0,0.834049959049959,0.0,0.8400040945849114,0.0,"HyRS
Positive rules : 
 []
Negative rules : 
 []
HyRS Accuracy : 0.840
Coverage of RuleSet : 0.000
"
0.001291549665014884,0.004641588833612777,0.8391059546152534,0.0,0.834049959049959,0.0,0.8400040945849114,0.0,"HyRS
Positive rules : 
 []
Negative rules : 
 []
HyRS Accuracy : 0.840
Coverage of RuleSet : 0.000
"
0.001291549665014884,0.01,0.8394813171813683,0.46753113803105273,0.834049959049959,0.4631449631449631,0.8407206469444161,0.46821578462483365,"HyRS
Positive rules : 
 []
Negative rules : 
 ['relationship_Not-in-family && capital_gain_0', 'occupation_Blue-Collar && capital_gain_0']
HyRS Accuracy : 0.841
Coverage of RuleSet : 0.468
"
0.001291549665014884,0.021544346900318832,0.8364784166524484,0.6910424842177103,0.8314905814905815,0.6846846846846847,0.8376497082608251,0.6852287849319275,"HyRS
Positive rules : 
 []
Negative rules : 
 ['neg_marital_status_Married', 'occupation_Blue-Collar && capital_gain_0']
HyRS Accuracy : 0.838
Coverage of RuleSet : 0.685
"
0.001291549665014884,0.046415888336127774,0.8357618153898652,0.7513393618836376,0.8298525798525799,0.7521498771498771,0.8361142389190296,0.7486948510594739,"HyRS
Positive rules : 
 []
Negative rules : 
 ['neg_marital_status_Married', 'occupation_Blue-Collar && capital_gain_0', 'education_HS-grad && capital_gain_0']
HyRS Accuracy : 0.836
Coverage of RuleSet : 0.749
"
0.001291549665014884,0.1,0.8283569356765057,0.8663026787237673,0.8260647010647011,0.8636363636363636,0.8302794554202068,0.8621148531067663,"HyRS
Positive rules : 
 ['education_Bachelors && marital_status_Married']
Negative rules : 
 ['occupation_Blue-Collar && capital_gain_0', 'education_HS-grad && capital_loss_0', 'neg_marital_status_Married', 'hours_per_week_low && capital_gain_0']
HyRS Accuracy : 0.830
Coverage of RuleSet : 0.862
"
0.001291549665014884,0.21544346900318823,0.8145708923391912,0.9676846954444634,0.8107084357084358,0.9668304668304668,0.8147200327566793,0.9654007574982086,"HyRS
Positive rules : 
 ['capital_gain_>0 && capital_loss_0', 'education_Bachelors && marital_status_Married']
Negative rules : 
 ['neg_education_Masters_Doctorate', 'neg_marital_status_Married']
HyRS Accuracy : 0.815
Coverage of RuleSet : 0.965
"
0.001291549665014884,0.46415888336127775,0.8006824773929364,0.9850196212250469,0.7972972972972973,0.9838247338247338,0.7984440577336472,0.9802436278022315,"HyRS
Positive rules : 
 ['education_Bachelors && marital_status_Married']
Negative rules : 
 ['neg_education_Masters_Doctorate', 'education_School_Prof-School && marital_status_Married', 'occupation_Sales && workclass_Private', 'capital_gain_0 && capital_loss_0']
HyRS Accuracy : 0.798
Coverage of RuleSet : 0.980
"
0.001291549665014884,1.0,0.7924927486777,0.9993857703463572,0.7858312858312858,0.9996928746928747,0.7941447435766199,0.9994881768860682,"HyRS
Positive rules : 
 ['occupation_Professional && gender_Male', 'occupation_White-Collar && marital_status_Married']
Negative rules : 
 ['capital_gain_0 && capital_loss_0', 'neg_race_Other']
HyRS Accuracy : 0.794
Coverage of RuleSet : 0.999
"
0.0016681005372000592,0.001,0.8391059546152534,0.0,0.834049959049959,0.0,0.8400040945849114,0.0,"HyRS
Positive rules : 
 []
Negative rules : 
 []
HyRS Accuracy : 0.840
Coverage of RuleSet : 0.000
"
0.0016681005372000592,0.0021544346900318843,0.8391059546152534,0.0,0.834049959049959,0.0,0.8400040945849114,0.0,"HyRS
Positive rules : 
 []
Negative rules : 
 []
HyRS Accuracy : 0.840
Coverage of RuleSet : 0.000
"
0.0016681005372000592,0.004641588833612777,0.8391059546152534,0.0,0.834049959049959,0.0,0.8400040945849114,0.0,"HyRS
Positive rules : 
 []
Negative rules : 
 []
HyRS Accuracy : 0.840
Coverage of RuleSet : 0.000
"
0.0016681005372000592,0.01,0.8394813171813683,0.46753113803105273,0.834049959049959,0.4631449631449631,0.8407206469444161,0.46821578462483365,"HyRS
Positive rules : 
 []
Negative rules : 
 ['occupation_Blue-Collar && capital_gain_0', 'relationship_Not-in-family && capital_gain_0']
HyRS Accuracy : 0.841
Coverage of RuleSet : 0.468
"
0.0016681005372000592,0.021544346900318832,0.8364784166524484,0.6910424842177103,0.8314905814905815,0.6846846846846847,0.8376497082608251,0.6852287849319275,"HyRS
Positive rules : 
 []
Negative rules : 
 ['neg_marital_status_Married', 'occupation_Blue-Collar && capital_gain_0']
HyRS Accuracy : 0.838
Coverage of RuleSet : 0.685
"
0.0016681005372000592,0.046415888336127774,0.8364784166524484,0.6910424842177103,0.8314905814905815,0.6846846846846847,0.8376497082608251,0.6852287849319275,"HyRS
Positive rules : 
 []
Negative rules : 
 ['neg_marital_status_Married', 'occupation_Blue-Collar && capital_gain_0']
HyRS Accuracy : 0.838
Coverage of RuleSet : 0.685
"
0.0016681005372000592,0.1,0.8263436273673435,0.8594779047944037,0.8244266994266994,0.85995085995086,0.8276179752277613,0.8602722898966118,"HyRS
Positive rules : 
 ['education_Bachelors && marital_status_Married']
Negative rules : 
 ['neg_relationship_Husband', 'occupation_Blue-Collar && capital_gain_0', 'education_HS-grad && capital_gain_0']
HyRS Accuracy : 0.828
Coverage of RuleSet : 0.860
"
0.0016681005372000592,0.21544346900318823,0.8128988227264972,0.9714041972359666,0.8088656838656839,0.9709254709254709,0.8127751049237384,0.9703142593919541,"HyRS
Positive rules : 
 ['capital_gain_>0 && capital_loss_0', 'education_Bachelors && marital_status_Married']
Negative rules : 
 ['neg_relationship_Husband', 'neg_education_Masters_Doctorate']
HyRS Accuracy : 0.813
Coverage of RuleSet : 0.970
"
0.0016681005372000592,0.46415888336127775,0.7906159358471251,0.9992833987374168,0.7864455364455365,0.9995904995904996,0.7859555737537107,0.9992834476404955,"HyRS
Positive rules : 
 ['education_Bachelors && marital_status_Married']
Negative rules : 
 ['neg_race_Other', 'capital_gain_0 && capital_loss_0']
HyRS Accuracy : 0.786
Coverage of RuleSet : 0.999
"
0.0016681005372000592,1.0,0.7891827333219588,0.9997270090428254,0.7828624078624079,0.9995904995904996,0.7855461152625652,0.9995905415088545,"HyRS
Positive rules : 
 ['education_Bachelors && relationship_Husband']
Negative rules : 
 ['neg_race_Other', 'neg_education_Masters_Doctorate']
HyRS Accuracy : 0.786
Coverage of RuleSet : 1.000
"
0.0021544346900318843,0.001,0.8391059546152534,0.0,0.834049959049959,0.0,0.8400040945849114,0.0,"HyRS
Positive rules : 
 []
Negative rules : 
 []
HyRS Accuracy : 0.840
Coverage of RuleSet : 0.000
"
0.0021544346900318843,0.0021544346900318843,0.8391059546152534,0.0,0.834049959049959,0.0,0.8400040945849114,0.0,"HyRS
Positive rules : 
 []
Negative rules : 
 []
HyRS Accuracy : 0.840
Coverage of RuleSet : 0.000
"
0.0021544346900318843,0.004641588833612777,0.8391059546152534,0.0,0.834049959049959,0.0,0.8400040945849114,0.0,"HyRS
Positive rules : 
 []
Negative rules : 
 []
HyRS Accuracy : 0.840
Coverage of RuleSet : 0.000
"
0.0021544346900318843,0.01,0.8370585224364443,0.5306944207473128,0.8319000819000819,0.5224201474201474,0.8381615313747569,0.5264612549902754,"HyRS
Positive rules : 
 []
Negative rules : 
 ['neg_marital_status_Married']
HyRS Accuracy : 0.838
Coverage of RuleSet : 0.526
"
0.0021544346900318843,0.021544346900318832,0.8364784166524484,0.6910424842177103,0.8314905814905815,0.6846846846846847,0.8376497082608251,0.6852287849319275,"HyRS
Positive rules : 
 []
Negative rules : 
 ['neg_marital_status_Married', 'occupation_Blue-Collar && capital_gain_0']
HyRS Accuracy : 0.838
Coverage of RuleSet : 0.685
"
0.0021544346900318843,0.046415888336127774,0.8364784166524484,0.6910424842177103,0.8314905814905815,0.6846846846846847,0.8376497082608251,0.6852287849319275,"HyRS
Positive rules : 
 []
Negative rules : 
 ['neg_marital_status_Married', 'occupation_Blue-Collar && capital_gain_0']
HyRS Accuracy : 0.838
Coverage of RuleSet : 0.685
"
0.0021544346900318843,0.1,0.8292782801569698,0.8678723767275209,0.827088452088452,0.8658886158886159,0.8297676323062749,0.8664141672637936,"HyRS
Positive rules : 
 ['education_Bachelors && marital_status_Married']
Negative rules : 
 ['occupation_Blue-Collar && capital_gain_0', 'age_low && capital_loss_0', 'hours_per_week_low && gender_Male', 'neg_marital_status_Married', 'education_HS-grad && capital_gain_0']
HyRS Accuracy : 0.830
Coverage of RuleSet : 0.866
"
0.0021544346900318843,0.21544346900318823,0.8126599556389694,0.9606210544275721,0.8079443079443079,0.959971334971335,0.8096018016173611,0.9566997645613676,"HyRS
Positive rules : 
 ['education_Bachelors && marital_status_Married']
Negative rules : 
 ['neg_education_Masters_Doctorate', 'neg_marital_status_Married']
HyRS Accuracy : 0.810
Coverage of RuleSet : 0.957
"
0.0021544346900318843,0.46415888336127775,0.7978160723426037,0.9997611329124723,0.7926904176904177,0.9995904995904996,0.7989558808475791,0.9996929061316409,"HyRS
Positive rules : 
 ['capital_gain_>0', 'education_Bachelors && relationship_Husband']
Negative rules : 
 ['neg_race_Other', 'neg_education_Masters_Doctorate']
HyRS Accuracy : 0.799
Coverage of RuleSet : 1.000
"
0.0021544346900318843,1.0,0.7924927486777,0.9993857703463572,0.7858312858312858,0.9996928746928747,0.7941447435766199,0.9994881768860682,"HyRS
Positive rules : 
 ['occupation_Professional && gender_Male', 'occupation_White-Collar && marital_status_Married']
Negative rules : 
 ['capital_gain_0 && capital_loss_0', 'neg_race_Other']
HyRS Accuracy : 0.794
Coverage of RuleSet : 0.999
"
0.0027825594022071257,0.001,0.8391059546152534,0.0,0.834049959049959,0.0,0.8400040945849114,0.0,"HyRS
Positive rules : 
 []
Negative rules : 
 []
HyRS Accuracy : 0.840
Coverage of RuleSet : 0.000
"
0.0027825594022071257,0.0021544346900318843,0.8391059546152534,0.0,0.834049959049959,0.0,0.8400040945849114,0.0,"HyRS
Positive rules : 
 []
Negative rules : 
 []
HyRS Accuracy : 0.840
Coverage of RuleSet : 0.000
"
0.0027825594022071257,0.004641588833612777,0.8391059546152534,0.0,0.834049959049959,0.0,0.8400040945849114,0.0,"HyRS
Positive rules : 
 []
Negative rules : 
 []
HyRS Accuracy : 0.840
Coverage of RuleSet : 0.000
"
0.0027825594022071257,0.01,0.8401296707046579,0.24197235966558608,0.8347665847665847,0.23454135954135955,0.8412324700583478,0.2423994267581124,"HyRS
Positive rules : 
 []
Negative rules : 
 ['relationship_Not-in-family && capital_gain_0']
HyRS Accuracy : 0.841
Coverage of RuleSet : 0.242
"
0.0027825594022071257,0.021544346900318832,0.8364784166524484,0.6910424842177103,0.8314905814905815,0.6846846846846847,0.8376497082608251,0.6852287849319275,"HyRS
Positive rules : 
 []
Negative rules : 
 ['neg_marital_status_Married', 'occupation_Blue-Collar && capital_gain_0']
HyRS Accuracy : 0.838
Coverage of RuleSet : 0.685
"
0.0027825594022071257,0.046415888336127774,0.8364784166524484,0.6910424842177103,0.8314905814905815,0.6846846846846847,0.8376497082608251,0.6852287849319275,"HyRS
Positive rules : 
 []
Negative rules : 
 ['neg_marital_status_Married', 'occupation_Blue-Collar && capital_gain_0']
HyRS Accuracy : 0.838
Coverage of RuleSet : 0.685
"
0.0027825594022071257,0.1,0.8136495478587272,0.9352328954103395,0.808968058968059,0.9332514332514332,0.8104207185996519,0.9282423994267581,"HyRS
Positive rules : 
 ['education_Bachelors && marital_status_Married']
Negative rules : 
 ['neg_education_Masters_Doctorate']
HyRS Accuracy : 0.810
Coverage of RuleSet : 0.928
"
0.0027825594022071257,0.21544346900318823,0.8126599556389694,0.9606210544275721,0.8079443079443079,0.959971334971335,0.8096018016173611,0.9566997645613676,"HyRS
Positive rules : 
 ['education_Bachelors && marital_status_Married']
Negative rules : 
 ['neg_education_Masters_Doctorate', 'neg_marital_status_Married']
HyRS Accuracy : 0.810
Coverage of RuleSet : 0.957
"
0.0027825594022071257,0.46415888336127775,0.7905476881078314,1.0,0.7864455364455365,1.0,0.785750844508138,1.0,"HyRS
Positive rules : 
 ['education_Bachelors && marital_status_Married']
Negative rules : 
 ['neg_education_Masters_Doctorate', 'neg_education_Some-college']
HyRS Accuracy : 0.786
Coverage of RuleSet : 1.000
"
0.0027825594022071257,1.0,0.7924927486777,0.9993857703463572,0.7858312858312858,0.9996928746928747,0.7941447435766199,0.9994881768860682,"HyRS
Positive rules : 
 ['occupation_Professional && gender_Male', 'occupation_White-Collar && marital_status_Married']
Negative rules : 
 ['capital_gain_0 && capital_loss_0', 'neg_race_Other']
HyRS Accuracy : 0.794
Coverage of RuleSet : 0.999
"
0.003593813663804626,0.001,0.8391059546152534,0.0,0.834049959049959,0.0,0.8400040945849114,0.0,"HyRS
Positive rules : 
 []
Negative rules : 
 []
HyRS Accuracy : 0.840
Coverage of RuleSet : 0.000
"
0.003593813663804626,0.0021544346900318843,0.8391059546152534,0.0,0.834049959049959,0.0,0.8400040945849114,0.0,"HyRS
Positive rules : 
 []
Negative rules : 
 []
HyRS Accuracy : 0.840
Coverage of RuleSet : 0.000
"
0.003593813663804626,0.004641588833612777,0.8391059546152534,0.0,0.834049959049959,0.0,0.8400040945849114,0.0,"HyRS
Positive rules : 
 []
Negative rules : 
 []
HyRS Accuracy : 0.840
Coverage of RuleSet : 0.000
"
0.003593813663804626,0.01,0.8391059546152534,0.0,0.834049959049959,0.0,0.8400040945849114,0.0,"HyRS
Positive rules : 
 []
Negative rules : 
 []
HyRS Accuracy : 0.840
Coverage of RuleSet : 0.000
"
0.003593813663804626,0.021544346900318832,0.8370585224364443,0.5306944207473128,0.8319000819000819,0.5224201474201474,0.8381615313747569,0.5264612549902754,"HyRS
Positive rules : 
 []
Negative rules : 
 ['neg_marital_status_Married']
HyRS Accuracy : 0.838
Coverage of RuleSet : 0.526
"
0.003593813663804626,0.046415888336127774,0.8364784166524484,0.6910424842177103,0.8314905814905815,0.6846846846846847,0.8376497082608251,0.6852287849319275,"HyRS
Positive rules : 
 []
Negative rules : 
 ['neg_marital_status_Married', 'occupation_Blue-Collar && capital_gain_0']
HyRS Accuracy : 0.838
Coverage of RuleSet : 0.685
"
0.003593813663804626,0.1,0.8136495478587272,0.9352328954103395,0.808968058968059,0.9332514332514332,0.8104207185996519,0.9282423994267581,"HyRS
Positive rules : 
 ['education_Bachelors && marital_status_Married']
Negative rules : 
 ['neg_education_Masters_Doctorate']
HyRS Accuracy : 0.810
Coverage of RuleSet : 0.928
"
0.003593813663804626,0.21544346900318823,0.8136495478587272,0.9352328954103395,0.808968058968059,0.9332514332514332,0.8104207185996519,0.9282423994267581,"HyRS
Positive rules : 
 ['education_Bachelors && marital_status_Married']
Negative rules : 
 ['neg_education_Masters_Doctorate']
HyRS Accuracy : 0.810
Coverage of RuleSet : 0.928
"
0.003593813663804626,0.46415888336127775,0.7962122504692032,0.9898310868452482,0.7901310401310402,0.9898648648648649,0.7941447435766199,0.9869996929061317,"HyRS
Positive rules : 
 ['education_Bachelors && relationship_Husband']
Negative rules : 
 ['capital_gain_0', 'neg_education_Masters_Doctorate']
HyRS Accuracy : 0.794
Coverage of RuleSet : 0.987
"
0.003593813663804626,1.0,0.7890803617130182,1.0,0.7826576576576577,1.0,0.7855461152625652,1.0,"HyRS
Positive rules : 
 ['education_Bachelors && relationship_Husband']
Negative rules : 
 ['neg_race_Amer-Indian-Eskimo', 'neg_race_Asian-Pac-Islander']
HyRS Accuracy : 0.786
Coverage of RuleSet : 1.000
"
0.004641588833612777,0.001,0.8391059546152534,0.0,0.834049959049959,0.0,0.8400040945849114,0.0,"HyRS
Positive rules : 
 []
Negative rules : 
 []
HyRS Accuracy : 0.840
Coverage of RuleSet : 0.000
"
0.004641588833612777,0.0021544346900318843,0.8391059546152534,0.0,0.834049959049959,0.0,0.8400040945849114,0.0,"HyRS
Positive rules : 
 []
Negative rules : 
 []
HyRS Accuracy : 0.840
Coverage of RuleSet : 0.000
"
0.004641588833612777,0.004641588833612777,0.8391059546152534,0.0,0.834049959049959,0.0,0.8400040945849114,0.0,"HyRS
Positive rules : 
 []
Negative rules : 
 []
HyRS Accuracy : 0.840
Coverage of RuleSet : 0.000
"
0.004641588833612777,0.01,0.8391059546152534,0.0,0.834049959049959,0.0,0.8400040945849114,0.0,"HyRS
Positive rules : 
 []
Negative rules : 
 []
HyRS Accuracy : 0.840
Coverage of RuleSet : 0.000
"
0.004641588833612777,0.021544346900318832,0.8370585224364443,0.5306944207473128,0.8319000819000819,0.5224201474201474,0.8381615313747569,0.5264612549902754,"HyRS
Positive rules : 
 []
Negative rules : 
 ['neg_marital_status_Married']
HyRS Accuracy : 0.838
Coverage of RuleSet : 0.526
"
0.004641588833612777,0.046415888336127774,0.8364784166524484,0.6910424842177103,0.8314905814905815,0.6846846846846847,0.8376497082608251,0.6852287849319275,"HyRS
Positive rules : 
 []
Negative rules : 
 ['neg_marital_status_Married', 'occupation_Blue-Collar && capital_gain_0']
HyRS Accuracy : 0.838
Coverage of RuleSet : 0.685
"
0.004641588833612777,0.1,0.8136495478587272,0.9352328954103395,0.808968058968059,0.9332514332514332,0.8104207185996519,0.9282423994267581,"HyRS
Positive rules : 
 ['education_Bachelors && marital_status_Married']
Negative rules : 
 ['neg_education_Masters_Doctorate']
HyRS Accuracy : 0.810
Coverage of RuleSet : 0.928
"
0.004641588833612777,0.21544346900318823,0.8136495478587272,0.9352328954103395,0.808968058968059,0.9332514332514332,0.8104207185996519,0.9282423994267581,"HyRS
Positive rules : 
 ['education_Bachelors && marital_status_Married']
Negative rules : 
 ['neg_education_Masters_Doctorate']
HyRS Accuracy : 0.810
Coverage of RuleSet : 0.928
"
0.004641588833612777,0.46415888336127775,0.7906500597167719,0.9924245009384064,0.7867526617526618,0.9916052416052417,0.7858532091309244,0.9921179240454499,"HyRS
Positive rules : 
 ['education_Bachelors && marital_status_Married']
Negative rules : 
 ['neg_race_Other']
HyRS Accuracy : 0.786
Coverage of RuleSet : 0.992
"
0.004641588833612777,1.0,0.7906841835864187,0.9950520389012114,0.7866502866502867,0.9948812448812449,0.785750844508138,0.9951888627290408,"HyRS
Positive rules : 
 ['education_Bachelors && marital_status_Married']
Negative rules : 
 ['hours_per_week_middle && gender_Male', 'neg_race_Other']
HyRS Accuracy : 0.786
Coverage of RuleSet : 0.995
"
0.005994842503189409,0.001,0.8391059546152534,0.0,0.834049959049959,0.0,0.8400040945849114,0.0,"HyRS
Positive rules : 
 []
Negative rules : 
 []
HyRS Accuracy : 0.840
Coverage of RuleSet : 0.000
"
0.005994842503189409,0.0021544346900318843,0.8391059546152534,0.0,0.834049959049959,0.0,0.8400040945849114,0.0,"HyRS
Positive rules : 
 []
Negative rules : 
 []
HyRS Accuracy : 0.840
Coverage of RuleSet : 0.000
"
0.005994842503189409,0.004641588833612777,0.8391059546152534,0.0,0.834049959049959,0.0,0.8400040945849114,0.0,"HyRS
Positive rules : 
 []
Negative rules : 
 []
HyRS Accuracy : 0.840
Coverage of RuleSet : 0.000
"
0.005994842503189409,0.01,0.8391059546152534,0.0,0.834049959049959,0.0,0.8400040945849114,0.0,"HyRS
Positive rules : 
 []
Negative rules : 
 []
HyRS Accuracy : 0.840
Coverage of RuleSet : 0.000
"
0.005994842503189409,0.021544346900318832,0.8370585224364443,0.5306944207473128,0.8319000819000819,0.5224201474201474,0.8381615313747569,0.5264612549902754,"HyRS
Positive rules : 
 []
Negative rules : 
 ['neg_marital_status_Married']
HyRS Accuracy : 0.838
Coverage of RuleSet : 0.526
"
0.005994842503189409,0.046415888336127774,0.8364784166524484,0.6910424842177103,0.8314905814905815,0.6846846846846847,0.8376497082608251,0.6852287849319275,"HyRS
Positive rules : 
 []
Negative rules : 
 ['neg_marital_status_Married', 'occupation_Blue-Collar && capital_gain_0']
HyRS Accuracy : 0.838
Coverage of RuleSet : 0.685
"
0.005994842503189409,0.1,0.8136495478587272,0.9352328954103395,0.808968058968059,0.9332514332514332,0.8104207185996519,0.9282423994267581,"HyRS
Positive rules : 
 ['education_Bachelors && marital_status_Married']
Negative rules : 
 ['neg_education_Masters_Doctorate']
HyRS Accuracy : 0.810
Coverage of RuleSet : 0.928
"
0.005994842503189409,0.21544346900318823,0.8136495478587272,0.9352328954103395,0.808968058968059,0.9332514332514332,0.8104207185996519,0.9282423994267581,"HyRS
Positive rules : 
 ['education_Bachelors && marital_status_Married']
Negative rules : 
 ['neg_education_Masters_Doctorate']
HyRS Accuracy : 0.810
Coverage of RuleSet : 0.928
"
0.005994842503189409,0.46415888336127775,0.7906500597167719,0.9924245009384064,0.7867526617526618,0.9916052416052417,0.7858532091309244,0.9921179240454499,"HyRS
Positive rules : 
 ['education_Bachelors && marital_status_Married']
Negative rules : 
 ['neg_race_Other']
HyRS Accuracy : 0.786
Coverage of RuleSet : 0.992
"
0.005994842503189409,1.0,0.7906500597167719,0.9924245009384064,0.7867526617526618,0.9916052416052417,0.7858532091309244,0.9921179240454499,"HyRS
Positive rules : 
 ['education_Bachelors && marital_status_Married']
Negative rules : 
 ['neg_race_Other']
HyRS Accuracy : 0.786
Coverage of RuleSet : 0.992
"
0.007742636826811269,0.001,0.8391059546152534,0.0,0.834049959049959,0.0,0.8400040945849114,0.0,"HyRS
Positive rules : 
 []
Negative rules : 
 []
HyRS Accuracy : 0.840
Coverage of RuleSet : 0.000
"
0.007742636826811269,0.0021544346900318843,0.8391059546152534,0.0,0.834049959049959,0.0,0.8400040945849114,0.0,"HyRS
Positive rules : 
 []
Negative rules : 
 []
HyRS Accuracy : 0.840
Coverage of RuleSet : 0.000
"
0.007742636826811269,0.004641588833612777,0.8391059546152534,0.0,0.834049959049959,0.0,0.8400040945849114,0.0,"HyRS
Positive rules : 
 []
Negative rules : 
 []
HyRS Accuracy : 0.840
Coverage of RuleSet : 0.000
"
0.007742636826811269,0.01,0.8391059546152534,0.0,0.834049959049959,0.0,0.8400040945849114,0.0,"HyRS
Positive rules : 
 []
Negative rules : 
 []
HyRS Accuracy : 0.840
Coverage of RuleSet : 0.000
"
0.007742636826811269,0.021544346900318832,0.8370585224364443,0.5306944207473128,0.8319000819000819,0.5224201474201474,0.8381615313747569,0.5264612549902754,"HyRS
Positive rules : 
 []
Negative rules : 
 ['neg_marital_status_Married']
HyRS Accuracy : 0.838
Coverage of RuleSet : 0.526
"
0.007742636826811269,0.046415888336127774,0.8370585224364443,0.5306944207473128,0.8319000819000819,0.5224201474201474,0.8381615313747569,0.5264612549902754,"HyRS
Positive rules : 
 []
Negative rules : 
 ['neg_marital_status_Married']
HyRS Accuracy : 0.838
Coverage of RuleSet : 0.526
"
0.007742636826811269,0.1,0.8136495478587272,0.9352328954103395,0.808968058968059,0.9332514332514332,0.8104207185996519,0.9282423994267581,"HyRS
Positive rules : 
 ['education_Bachelors && marital_status_Married']
Negative rules : 
 ['neg_education_Masters_Doctorate']
HyRS Accuracy : 0.810
Coverage of RuleSet : 0.928
"
0.007742636826811269,0.21544346900318823,0.8136495478587272,0.9352328954103395,0.808968058968059,0.9332514332514332,0.8104207185996519,0.9282423994267581,"HyRS
Positive rules : 
 ['education_Bachelors && marital_status_Married']
Negative rules : 
 ['neg_education_Masters_Doctorate']
HyRS Accuracy : 0.810
Coverage of RuleSet : 0.928
"
0.007742636826811269,0.46415888336127775,0.7983279303873059,0.9929022351134619,0.7955569205569205,0.9918099918099919,0.7983416931108609,0.992425017913809,"HyRS
Positive rules : 
 ['capital_gain_>0', 'education_Bachelors && marital_status_Married']
Negative rules : 
 ['neg_race_Other']
HyRS Accuracy : 0.798
Coverage of RuleSet : 0.992
"
0.007742636826811269,1.0,0.7906500597167719,0.9924245009384064,0.7867526617526618,0.9916052416052417,0.7858532091309244,0.9921179240454499,"HyRS
Positive rules : 
 ['education_Bachelors && marital_status_Married']
Negative rules : 
 ['neg_race_Other']
HyRS Accuracy : 0.786
Coverage of RuleSet : 0.992
"
0.01,0.001,0.8391059546152534,0.0,0.834049959049959,0.0,0.8400040945849114,0.0,"HyRS
Positive rules : 
 []
Negative rules : 
 []
HyRS Accuracy : 0.840
Coverage of RuleSet : 0.000
"
0.01,0.0021544346900318843,0.8391059546152534,0.0,0.834049959049959,0.0,0.8400040945849114,0.0,"HyRS
Positive rules : 
 []
Negative rules : 
 []
HyRS Accuracy : 0.840
Coverage of RuleSet : 0.000
"
0.01,0.004641588833612777,0.8391059546152534,0.0,0.834049959049959,0.0,0.8400040945849114,0.0,"HyRS
Positive rules : 
 []
Negative rules : 
 []
HyRS Accuracy : 0.840
Coverage of RuleSet : 0.000
"
0.01,0.01,0.8391059546152534,0.0,0.834049959049959,0.0,0.8400040945849114,0.0,"HyRS
Positive rules : 
 []
Negative rules : 
 []
HyRS Accuracy : 0.840
Coverage of RuleSet : 0.000
"
0.01,0.021544346900318832,0.8391059546152534,0.0,0.834049959049959,0.0,0.8400040945849114,0.0,"HyRS
Positive rules : 
 []
Negative rules : 
 []
HyRS Accuracy : 0.840
Coverage of RuleSet : 0.000
"
0.01,0.046415888336127774,0.8370585224364443,0.5306944207473128,0.8319000819000819,0.5224201474201474,0.8381615313747569,0.5264612549902754,"HyRS
Positive rules : 
 []
Negative rules : 
 ['neg_marital_status_Married']
HyRS Accuracy : 0.838
Coverage of RuleSet : 0.526
"
0.01,0.1,0.8136495478587272,0.9352328954103395,0.808968058968059,0.9332514332514332,0.8104207185996519,0.9282423994267581,"HyRS
Positive rules : 
 ['education_Bachelors && marital_status_Married']
Negative rules : 
 ['neg_education_Masters_Doctorate']
HyRS Accuracy : 0.810
Coverage of RuleSet : 0.928
"
0.01,0.21544346900318823,0.8136495478587272,0.9352328954103395,0.808968058968059,0.9332514332514332,0.8104207185996519,0.9282423994267581,"HyRS
Positive rules : 
 ['education_Bachelors && marital_status_Married']
Negative rules : 
 ['neg_education_Masters_Doctorate']
HyRS Accuracy : 0.810
Coverage of RuleSet : 0.928
"
0.01,0.46415888336127775,0.7891827333219588,0.9922197577205255,0.7828624078624079,0.9915028665028665,0.7856484798853516,0.9920155594226635,"HyRS
Positive rules : 
 ['education_Bachelors && relationship_Husband']
Negative rules : 
 ['neg_race_Other']
HyRS Accuracy : 0.786
Coverage of RuleSet : 0.992
"
0.01,1.0,0.7891827333219588,0.9922197577205255,0.7828624078624079,0.9915028665028665,0.7856484798853516,0.9920155594226635,"HyRS
Positive rules : 
 ['education_Bachelors && relationship_Husband']
Negative rules : 
 ['neg_race_Other']
HyRS Accuracy : 0.786
Coverage of RuleSet : 0.992
"
