alpha,beta,accuracy_train,transparency_train,accuracy_valid,transparency_valid,accuracy_test,transparency_test,model
na,na,0.6843807763401109,0,0.6888426888426888,0,0.6673596673596673,0,"GradientBoostingClassifier(criterion='squared_error',
                           learning_rate=0.019326085949643832, max_depth=2,
                           min_samples_leaf=48, n_estimators=367,
                           random_state=0)"
0.001,0.001,0.6855360443622921,0.1393253234750462,0.6895356895356896,0.15038115038115038,0.6666666666666666,0.15176715176715178,"HyRS
Positive rules : 
 []
Negative rules : 
 ['Prior-Crimes=0 && Age=24-40']
HyRS Accuracy : 0.667
Coverage of RuleSet : 0.152
"
0.001,0.0021544346900318843,0.6855360443622921,0.1393253234750462,0.6895356895356896,0.15038115038115038,0.6666666666666666,0.15176715176715178,"HyRS
Positive rules : 
 []
Negative rules : 
 ['Prior-Crimes=0 && Age=24-40']
HyRS Accuracy : 0.667
Coverage of RuleSet : 0.152
"
0.001,0.004641588833612777,0.6855360443622921,0.1393253234750462,0.6895356895356896,0.15038115038115038,0.6666666666666666,0.15176715176715178,"HyRS
Positive rules : 
 []
Negative rules : 
 ['Prior-Crimes=0 && Age=24-40']
HyRS Accuracy : 0.667
Coverage of RuleSet : 0.152
"
0.001,0.01,0.6850739371534196,0.34288354898336415,0.6888426888426888,0.36313236313236313,0.6666666666666666,0.3575883575883576,"HyRS
Positive rules : 
 []
Negative rules : 
 ['Prior-Crimes=1-3 && Age>=30', 'Prior-Crimes=0 && Age=24-40']
HyRS Accuracy : 0.667
Coverage of RuleSet : 0.358
"
0.001,0.021544346900318832,0.6820702402957486,0.7118761552680222,0.6812196812196812,0.7318087318087318,0.6666666666666666,0.695079695079695,"HyRS
Positive rules : 
 ['Juvenile-Felonies=1-3 && Juvenile-Crimes=1-3', 'Prior-Crimes>5 && Prior-Crimes>3']
Negative rules : 
 ['Age>=30 && Juvenile-Crimes=0', 'Prior-Crimes=0 && Age=24-40']
HyRS Accuracy : 0.667
Coverage of RuleSet : 0.695
"
0.001,0.046415888336127774,0.6762939001848429,0.9628003696857671,0.6860706860706861,0.9646569646569647,0.6618156618156619,0.9667359667359667,"HyRS
Positive rules : 
 ['Age=18-22 && Gender=Male', 'Age=18-25 && Prior-Crimes=1-3', 'Prior-Crimes>5 && Gender=Male', 'Juvenile-Crimes=1-3 && Age=18-25', 'Prior-Crimes>3 && Age=24-40']
Negative rules : 
 ['neg_Prior-Crimes>3']
HyRS Accuracy : 0.662
Coverage of RuleSet : 0.967
"
0.001,0.1,0.6728280961182994,1.0,0.6867636867636867,1.0,0.6555786555786556,1.0,"HyRS
Positive rules : 
 ['Age=18-25 && Prior-Crimes=1-3', 'Juvenile-Crimes=1-3 && Prior-Crimes=1-3', 'Prior-Crimes>3', 'Prior-Crimes>3 && Juvenile-Felonies=0', 'Age=18-22 && Gender=Male']
Negative rules : 
 ['neg_Prior-Crimes>3']
HyRS Accuracy : 0.656
Coverage of RuleSet : 1.000
"
0.001,0.21544346900318823,0.6721349353049908,1.0,0.6860706860706861,1.0,0.6562716562716563,1.0,"HyRS
Positive rules : 
 ['Age=18-22 && Gender=Male', 'Prior-Crimes>5 && Race=African-American', 'Age=18-25 && Prior-Crimes=1-3', 'Prior-Crimes>3', 'Juvenile-Felonies=1-3', 'Prior-Crimes>5 && Prior-Crimes>3']
Negative rules : 
 ['neg_Prior-Crimes>5']
HyRS Accuracy : 0.656
Coverage of RuleSet : 1.000
"
0.001,0.46415888336127775,0.6638170055452866,0.9972273567467652,0.6687456687456688,0.9972279972279973,0.6514206514206514,0.9972279972279973,"HyRS
Positive rules : 
 ['Prior-Crimes>3', 'Age=18-25 && Gender=Male']
Negative rules : 
 ['Juvenile-Felonies=0']
HyRS Accuracy : 0.651
Coverage of RuleSet : 0.997
"
0.001,1.0,0.663354898336414,1.0,0.6784476784476784,1.0,0.6465696465696466,1.0,"HyRS
Positive rules : 
 ['Age=18-25 && Prior-Crimes=1-3', 'Prior-Crimes>3']
Negative rules : 
 ['neg_Juvenile-Crimes>3', 'neg_Juvenile-Felonies=0', 'neg_Juvenile-Felonies>3', 'Age<=45']
HyRS Accuracy : 0.647
Coverage of RuleSet : 1.000
"
0.001291549665014884,0.001,0.6855360443622921,0.1393253234750462,0.6895356895356896,0.15038115038115038,0.6666666666666666,0.15176715176715178,"HyRS
Positive rules : 
 []
Negative rules : 
 ['Prior-Crimes=0 && Age=24-40']
HyRS Accuracy : 0.667
Coverage of RuleSet : 0.152
"
0.001291549665014884,0.0021544346900318843,0.6855360443622921,0.1393253234750462,0.6895356895356896,0.15038115038115038,0.6666666666666666,0.15176715176715178,"HyRS
Positive rules : 
 []
Negative rules : 
 ['Prior-Crimes=0 && Age=24-40']
HyRS Accuracy : 0.667
Coverage of RuleSet : 0.152
"
0.001291549665014884,0.004641588833612777,0.6855360443622921,0.1393253234750462,0.6895356895356896,0.15038115038115038,0.6666666666666666,0.15176715176715178,"HyRS
Positive rules : 
 []
Negative rules : 
 ['Prior-Crimes=0 && Age=24-40']
HyRS Accuracy : 0.667
Coverage of RuleSet : 0.152
"
0.001291549665014884,0.01,0.6850739371534196,0.34288354898336415,0.6888426888426888,0.36313236313236313,0.6666666666666666,0.3575883575883576,"HyRS
Positive rules : 
 []
Negative rules : 
 ['Prior-Crimes=1-3 && Age>=30', 'Prior-Crimes=0 && Age=24-40']
HyRS Accuracy : 0.667
Coverage of RuleSet : 0.358
"
0.001291549665014884,0.021544346900318832,0.6799907578558225,0.7426062846580407,0.6895356895356896,0.7602217602217602,0.6604296604296604,0.717948717948718,"HyRS
Positive rules : 
 ['Prior-Crimes>3']
Negative rules : 
 ['Age>=30 && Juvenile-Crimes=0', 'Prior-Crimes=0 && Age=24-40']
HyRS Accuracy : 0.660
Coverage of RuleSet : 0.718
"
0.001291549665014884,0.046415888336127774,0.6788354898336414,0.8909426987060998,0.6881496881496881,0.8974358974358975,0.6611226611226612,0.9168399168399168,"HyRS
Positive rules : 
 ['Age=18-25 && Prior-Crimes=1-3', 'Prior-Crimes>3 && Age=24-40', 'Age=18-22 && Gender=Male', 'Juvenile-Crimes=1-3 && Prior-Crimes=1-3']
Negative rules : 
 ['neg_Prior-Crimes>3']
HyRS Accuracy : 0.661
Coverage of RuleSet : 0.917
"
0.001291549665014884,0.1,0.6721349353049908,0.9875231053604436,0.6853776853776854,0.9882189882189882,0.6597366597366597,0.9826749826749827,"HyRS
Positive rules : 
 ['Age=18-25 && Prior-Crimes=1-3', 'Prior-Crimes>3', 'Age=18-22 && Gender=Male']
Negative rules : 
 ['neg_Juvenile-Crimes=1-3']
HyRS Accuracy : 0.660
Coverage of RuleSet : 0.983
"
0.001291549665014884,0.21544346900318823,0.6707486136783734,1.0,0.6867636867636867,1.0,0.6541926541926542,1.0,"HyRS
Positive rules : 
 ['Age=18-25 && Prior-Crimes=1-3', 'Prior-Crimes>3', 'Age=18-22 && Gender=Male']
Negative rules : 
 ['neg_Prior-Crimes>5']
HyRS Accuracy : 0.654
Coverage of RuleSet : 1.000
"
0.001291549665014884,0.46415888336127775,0.6645101663585952,0.9976894639556377,0.6784476784476784,0.9993069993069993,0.6486486486486487,0.997920997920998,"HyRS
Positive rules : 
 ['Age=18-25 && Prior-Crimes=1-3', 'Prior-Crimes>3']
Negative rules : 
 ['Juvenile-Felonies=0']
HyRS Accuracy : 0.649
Coverage of RuleSet : 0.998
"
0.001291549665014884,1.0,0.6610443622920518,1.0,0.6708246708246708,1.0,0.6472626472626473,1.0,"HyRS
Positive rules : 
 ['Age=18-22 && Prior-Crimes=1-3', 'Juvenile-Crimes=1-3 && Prior-Crimes=1-3', 'Prior-Crimes>3']
Negative rules : 
 ['neg_Juvenile-Felonies>3']
HyRS Accuracy : 0.647
Coverage of RuleSet : 1.000
"
0.0016681005372000592,0.001,0.6843807763401109,0.0,0.6888426888426888,0.0,0.6673596673596673,0.0,"HyRS
Positive rules : 
 []
Negative rules : 
 []
HyRS Accuracy : 0.667
Coverage of RuleSet : 0.000
"
0.0016681005372000592,0.0021544346900318843,0.6843807763401109,0.0,0.6888426888426888,0.0,0.6673596673596673,0.0,"HyRS
Positive rules : 
 []
Negative rules : 
 []
HyRS Accuracy : 0.667
Coverage of RuleSet : 0.000
"
0.0016681005372000592,0.004641588833612777,0.6855360443622921,0.1393253234750462,0.6895356895356896,0.15038115038115038,0.6666666666666666,0.15176715176715178,"HyRS
Positive rules : 
 []
Negative rules : 
 ['Prior-Crimes=0 && Age=24-40']
HyRS Accuracy : 0.667
Coverage of RuleSet : 0.152
"
0.0016681005372000592,0.01,0.6855360443622921,0.1393253234750462,0.6895356895356896,0.15038115038115038,0.6666666666666666,0.15176715176715178,"HyRS
Positive rules : 
 []
Negative rules : 
 ['Prior-Crimes=0 && Age=24-40']
HyRS Accuracy : 0.667
Coverage of RuleSet : 0.152
"
0.0016681005372000592,0.021544346900318832,0.6799907578558225,0.7426062846580407,0.6895356895356896,0.7602217602217602,0.6604296604296604,0.717948717948718,"HyRS
Positive rules : 
 ['Prior-Crimes>3']
Negative rules : 
 ['Age>=30 && Juvenile-Crimes=0', 'Prior-Crimes=0 && Age=24-40']
HyRS Accuracy : 0.660
Coverage of RuleSet : 0.718
"
0.0016681005372000592,0.046415888336127774,0.6725970425138632,0.9429297597042514,0.6860706860706861,0.9556479556479557,0.6486486486486487,0.9424809424809425,"HyRS
Positive rules : 
 ['Age=18-25 && Prior-Crimes=1-3', 'Prior-Crimes>3']
Negative rules : 
 ['neg_Age=18-22']
HyRS Accuracy : 0.649
Coverage of RuleSet : 0.942
"
0.0016681005372000592,0.1,0.6728280961182994,1.0,0.6867636867636867,1.0,0.6555786555786556,1.0,"HyRS
Positive rules : 
 ['Age=18-25 && Prior-Crimes=1-3', 'Juvenile-Crimes=1-3 && Prior-Crimes=1-3', 'Prior-Crimes>3', 'Age=18-22 && Gender=Male']
Negative rules : 
 ['neg_Prior-Crimes>3']
HyRS Accuracy : 0.656
Coverage of RuleSet : 1.000
"
0.0016681005372000592,0.21544346900318823,0.6707486136783734,1.0,0.6867636867636867,1.0,0.6541926541926542,1.0,"HyRS
Positive rules : 
 ['Age=18-25 && Prior-Crimes=1-3', 'Prior-Crimes>3', 'Age=18-22 && Gender=Male']
Negative rules : 
 ['neg_Prior-Crimes>5']
HyRS Accuracy : 0.654
Coverage of RuleSet : 1.000
"
0.0016681005372000592,0.46415888336127775,0.6638170055452866,0.9972273567467652,0.6687456687456688,0.9972279972279973,0.6514206514206514,0.9972279972279973,"HyRS
Positive rules : 
 ['Prior-Crimes>5 && Age<=45', 'Prior-Crimes>3', 'Age=18-25 && Gender=Male']
Negative rules : 
 ['Age<=45 && Prior-Crimes=1-3', 'Juvenile-Felonies=0']
HyRS Accuracy : 0.651
Coverage of RuleSet : 0.997
"
0.0016681005372000592,1.0,0.6635859519408502,1.0,0.6715176715176715,1.0,0.6528066528066528,1.0,"HyRS
Positive rules : 
 ['Age=18-22 && Gender=Male', 'Prior-Crimes>3']
Negative rules : 
 ['neg_Juvenile-Felonies>3', 'neg_Prior-Crimes>5', 'neg_Age<=45', 'neg_Age=18-25', 'neg_Race=Native-American', 'neg_Juvenile-Crimes>5', 'Age<=40 && Age=24-40']
HyRS Accuracy : 0.653
Coverage of RuleSet : 1.000
"
0.0021544346900318843,0.001,0.6843807763401109,0.0,0.6888426888426888,0.0,0.6673596673596673,0.0,"HyRS
Positive rules : 
 []
Negative rules : 
 []
HyRS Accuracy : 0.667
Coverage of RuleSet : 0.000
"
0.0021544346900318843,0.0021544346900318843,0.6843807763401109,0.0,0.6888426888426888,0.0,0.6673596673596673,0.0,"HyRS
Positive rules : 
 []
Negative rules : 
 []
HyRS Accuracy : 0.667
Coverage of RuleSet : 0.000
"
0.0021544346900318843,0.004641588833612777,0.6843807763401109,0.0,0.6888426888426888,0.0,0.6673596673596673,0.0,"HyRS
Positive rules : 
 []
Negative rules : 
 []
HyRS Accuracy : 0.667
Coverage of RuleSet : 0.000
"
0.0021544346900318843,0.01,0.6859981515711645,0.34681146025878,0.6909216909216909,0.3548163548163548,0.665973665973666,0.34996534996534995,"HyRS
Positive rules : 
 ['Prior-Crimes>3 && Age=24-40']
Negative rules : 
 ['Prior-Crimes=0 && Age=24-40']
HyRS Accuracy : 0.666
Coverage of RuleSet : 0.350
"
0.0021544346900318843,0.021544346900318832,0.6818391866913124,0.6987060998151571,0.6812196812196812,0.7130977130977131,0.6666666666666666,0.6777546777546778,"HyRS
Positive rules : 
 ['Prior-Crimes>5 && Prior-Crimes>3']
Negative rules : 
 ['Age>=30 && Juvenile-Crimes=0', 'Prior-Crimes=0 && Age=24-40']
HyRS Accuracy : 0.667
Coverage of RuleSet : 0.678
"
0.0021544346900318843,0.046415888336127774,0.6762939001848429,0.9685767097966729,0.6881496881496881,0.9715869715869716,0.6625086625086625,0.975051975051975,"HyRS
Positive rules : 
 ['Prior-Crimes>5 && Prior-Crimes>3', 'Age=18-22 && Gender=Male', 'Prior-Crimes>3 && Age=24-40', 'Age=18-25 && Prior-Crimes=1-3']
Negative rules : 
 ['neg_Prior-Crimes>3']
HyRS Accuracy : 0.663
Coverage of RuleSet : 0.975
"
0.0021544346900318843,0.1,0.6707486136783734,1.0,0.6867636867636867,1.0,0.6541926541926542,1.0,"HyRS
Positive rules : 
 ['Prior-Crimes>3', 'Age=18-25 && Prior-Crimes=1-3', 'Age=18-22 && Gender=Male']
Negative rules : 
 ['neg_Prior-Crimes>3']
HyRS Accuracy : 0.654
Coverage of RuleSet : 1.000
"
0.0021544346900318843,0.21544346900318823,0.6670517560073937,1.0,0.6777546777546778,1.0,0.6583506583506583,1.0,"HyRS
Positive rules : 
 ['neg_Juvenile-Crimes=0', 'Prior-Crimes>3 && Juvenile-Felonies=0', 'Age=18-22 && Gender=Male']
Negative rules : 
 ['neg_Prior-Crimes>5']
HyRS Accuracy : 0.658
Coverage of RuleSet : 1.000
"
0.0021544346900318843,0.46415888336127775,0.6638170055452866,0.9972273567467652,0.6687456687456688,0.9972279972279973,0.6514206514206514,0.9972279972279973,"HyRS
Positive rules : 
 ['Prior-Crimes>3', 'Age=18-25 && Gender=Male']
Negative rules : 
 ['Age=24-30 && Age>=30', 'Juvenile-Felonies=0']
HyRS Accuracy : 0.651
Coverage of RuleSet : 0.997
"
0.0021544346900318843,1.0,0.6626617375231053,1.0,0.6673596673596673,1.0,0.65003465003465,1.0,"HyRS
Positive rules : 
 ['Age=18-25 && Gender=Male', 'Prior-Crimes>3']
Negative rules : 
 ['neg_Juvenile-Felonies>3', 'Race=African-American && Age>=30']
HyRS Accuracy : 0.650
Coverage of RuleSet : 1.000
"
0.0027825594022071257,0.001,0.6843807763401109,0.0,0.6888426888426888,0.0,0.6673596673596673,0.0,"HyRS
Positive rules : 
 []
Negative rules : 
 []
HyRS Accuracy : 0.667
Coverage of RuleSet : 0.000
"
0.0027825594022071257,0.0021544346900318843,0.6843807763401109,0.0,0.6888426888426888,0.0,0.6673596673596673,0.0,"HyRS
Positive rules : 
 []
Negative rules : 
 []
HyRS Accuracy : 0.667
Coverage of RuleSet : 0.000
"
0.0027825594022071257,0.004641588833612777,0.6843807763401109,0.0,0.6888426888426888,0.0,0.6673596673596673,0.0,"HyRS
Positive rules : 
 []
Negative rules : 
 []
HyRS Accuracy : 0.667
Coverage of RuleSet : 0.000
"
0.0027825594022071257,0.01,0.6843807763401109,0.0,0.6888426888426888,0.0,0.6673596673596673,0.0,"HyRS
Positive rules : 
 []
Negative rules : 
 []
HyRS Accuracy : 0.667
Coverage of RuleSet : 0.000
"
0.0027825594022071257,0.021544346900318832,0.6806839186691312,0.6303142329020333,0.6805266805266805,0.6417186417186417,0.6673596673596673,0.5987525987525988,"HyRS
Positive rules : 
 ['Prior-Crimes>5 && Prior-Crimes>3']
Negative rules : 
 ['Age>=30 && Juvenile-Crimes=0']
HyRS Accuracy : 0.667
Coverage of RuleSet : 0.599
"
0.0027825594022071257,0.046415888336127774,0.6707486136783734,1.0,0.6867636867636867,1.0,0.6541926541926542,1.0,"HyRS
Positive rules : 
 ['Age=18-25 && Prior-Crimes=1-3', 'Age=18-22 && Gender=Male', 'Prior-Crimes>3']
Negative rules : 
 ['neg_Prior-Crimes>3']
HyRS Accuracy : 0.654
Coverage of RuleSet : 1.000
"
0.0027825594022071257,0.1,0.6707486136783734,1.0,0.6867636867636867,1.0,0.6541926541926542,1.0,"HyRS
Positive rules : 
 ['Age=18-22 && Gender=Male', 'Prior-Crimes>3', 'Age=18-25 && Prior-Crimes=1-3']
Negative rules : 
 ['neg_Prior-Crimes>3']
HyRS Accuracy : 0.654
Coverage of RuleSet : 1.000
"
0.0027825594022071257,0.21544346900318823,0.6670517560073937,1.0,0.6777546777546778,1.0,0.6583506583506583,1.0,"HyRS
Positive rules : 
 ['Age=18-22 && Gender=Male', 'Prior-Crimes>3 && Juvenile-Crimes=0', 'neg_Juvenile-Crimes=0']
Negative rules : 
 ['neg_Prior-Crimes>5']
HyRS Accuracy : 0.658
Coverage of RuleSet : 1.000
"
0.0027825594022071257,0.46415888336127775,0.66728280961183,0.9847504621072088,0.674982674982675,0.9896049896049897,0.6576576576576577,0.9785169785169785,"HyRS
Positive rules : 
 ['Age=18-22 && Gender=Male', 'Prior-Crimes>3']
Negative rules : 
 ['Prior-Crimes=1-3 && Current-Charge-Degree=Misdemeanor', 'neg_Gender=Male', 'Juvenile-Crimes=0 && Juvenile-Felonies=0']
HyRS Accuracy : 0.658
Coverage of RuleSet : 0.979
"
0.0027825594022071257,1.0,0.663354898336414,1.0,0.6784476784476784,1.0,0.6465696465696466,1.0,"HyRS
Positive rules : 
 ['Prior-Crimes>3', 'Prior-Crimes>5 && Current-Charge-Degree=Misdemeanor', 'Age=18-25 && Prior-Crimes=1-3']
Negative rules : 
 ['Age<=45 && Prior-Crimes=0', 'neg_Juvenile-Felonies>3', 'neg_Age=18-22']
HyRS Accuracy : 0.647
Coverage of RuleSet : 1.000
"
0.003593813663804626,0.001,0.6843807763401109,0.0,0.6888426888426888,0.0,0.6673596673596673,0.0,"HyRS
Positive rules : 
 []
Negative rules : 
 []
HyRS Accuracy : 0.667
Coverage of RuleSet : 0.000
"
0.003593813663804626,0.0021544346900318843,0.6843807763401109,0.0,0.6888426888426888,0.0,0.6673596673596673,0.0,"HyRS
Positive rules : 
 []
Negative rules : 
 []
HyRS Accuracy : 0.667
Coverage of RuleSet : 0.000
"
0.003593813663804626,0.004641588833612777,0.6843807763401109,0.0,0.6888426888426888,0.0,0.6673596673596673,0.0,"HyRS
Positive rules : 
 []
Negative rules : 
 []
HyRS Accuracy : 0.667
Coverage of RuleSet : 0.000
"
0.003593813663804626,0.01,0.6843807763401109,0.0,0.6888426888426888,0.0,0.6673596673596673,0.0,"HyRS
Positive rules : 
 []
Negative rules : 
 []
HyRS Accuracy : 0.667
Coverage of RuleSet : 0.000
"
0.003593813663804626,0.021544346900318832,0.6806839186691312,0.6303142329020333,0.6805266805266805,0.6417186417186417,0.6673596673596673,0.5987525987525988,"HyRS
Positive rules : 
 ['Prior-Crimes>5 && Prior-Crimes>3']
Negative rules : 
 ['Age>=30 && Juvenile-Crimes=0']
HyRS Accuracy : 0.667
Coverage of RuleSet : 0.599
"
0.003593813663804626,0.046415888336127774,0.6751386321626618,0.7798059149722736,0.6860706860706861,0.8024948024948025,0.6521136521136521,0.7623007623007623,"HyRS
Positive rules : 
 ['Prior-Crimes>3']
Negative rules : 
 ['neg_Age=18-25']
HyRS Accuracy : 0.652
Coverage of RuleSet : 0.762
"
0.003593813663804626,0.1,0.6721349353049908,0.9872920517560074,0.6853776853776854,0.9882189882189882,0.6597366597366597,0.9826749826749827,"HyRS
Positive rules : 
 ['Age=18-25 && Prior-Crimes=1-3', 'Age=18-22 && Gender=Male', 'Prior-Crimes>3']
Negative rules : 
 ['Juvenile-Crimes=0 && Juvenile-Felonies=0']
HyRS Accuracy : 0.660
Coverage of RuleSet : 0.983
"
0.003593813663804626,0.21544346900318823,0.6707486136783734,1.0,0.6867636867636867,1.0,0.6541926541926542,1.0,"HyRS
Positive rules : 
 ['Age=18-22 && Gender=Male', 'Age=18-25 && Prior-Crimes=1-3', 'Prior-Crimes>3']
Negative rules : 
 ['neg_Prior-Crimes>5']
HyRS Accuracy : 0.654
Coverage of RuleSet : 1.000
"
0.003593813663804626,0.46415888336127775,0.6520332717190388,0.9963031423290203,0.6576576576576577,0.9972279972279973,0.6410256410256411,0.9951489951489951,"HyRS
Positive rules : 
 ['Age=18-25 && Gender=Male', 'Prior-Crimes>3 && Gender=Male']
Negative rules : 
 ['Juvenile-Felonies=0']
HyRS Accuracy : 0.641
Coverage of RuleSet : 0.995
"
0.003593813663804626,1.0,0.6559611829944547,1.0,0.6652806652806653,1.0,0.6424116424116424,1.0,"HyRS
Positive rules : 
 ['Prior-Crimes>3', 'Age=18-22 && Prior-Crimes=1-3']
Negative rules : 
 ['neg_Juvenile-Felonies>3']
HyRS Accuracy : 0.642
Coverage of RuleSet : 1.000
"
0.004641588833612777,0.001,0.6843807763401109,0.0,0.6888426888426888,0.0,0.6673596673596673,0.0,"HyRS
Positive rules : 
 []
Negative rules : 
 []
HyRS Accuracy : 0.667
Coverage of RuleSet : 0.000
"
0.004641588833612777,0.0021544346900318843,0.6843807763401109,0.0,0.6888426888426888,0.0,0.6673596673596673,0.0,"HyRS
Positive rules : 
 []
Negative rules : 
 []
HyRS Accuracy : 0.667
Coverage of RuleSet : 0.000
"
0.004641588833612777,0.004641588833612777,0.6843807763401109,0.0,0.6888426888426888,0.0,0.6673596673596673,0.0,"HyRS
Positive rules : 
 []
Negative rules : 
 []
HyRS Accuracy : 0.667
Coverage of RuleSet : 0.000
"
0.004641588833612777,0.01,0.6843807763401109,0.0,0.6888426888426888,0.0,0.6673596673596673,0.0,"HyRS
Positive rules : 
 []
Negative rules : 
 []
HyRS Accuracy : 0.667
Coverage of RuleSet : 0.000
"
0.004641588833612777,0.021544346900318832,0.6806839186691312,0.6303142329020333,0.6805266805266805,0.6417186417186417,0.6673596673596673,0.5987525987525988,"HyRS
Positive rules : 
 ['Prior-Crimes>5']
Negative rules : 
 ['Age>=30 && Juvenile-Crimes=0']
HyRS Accuracy : 0.667
Coverage of RuleSet : 0.599
"
0.004641588833612777,0.046415888336127774,0.6751386321626618,0.7798059149722736,0.6860706860706861,0.8024948024948025,0.6521136521136521,0.7623007623007623,"HyRS
Positive rules : 
 ['Prior-Crimes>3']
Negative rules : 
 ['neg_Age=18-25']
HyRS Accuracy : 0.652
Coverage of RuleSet : 0.762
"
0.004641588833612777,0.1,0.6725970425138632,0.9429297597042514,0.6860706860706861,0.9556479556479557,0.6486486486486487,0.9424809424809425,"HyRS
Positive rules : 
 ['Prior-Crimes>3', 'Age=18-25 && Prior-Crimes=1-3']
Negative rules : 
 ['neg_Age=18-22']
HyRS Accuracy : 0.649
Coverage of RuleSet : 0.942
"
0.004641588833612777,0.21544346900318823,0.6635859519408502,1.0,0.6715176715176715,1.0,0.6528066528066528,1.0,"HyRS
Positive rules : 
 ['Prior-Crimes>3', 'Age=18-22 && Gender=Male']
Negative rules : 
 ['neg_Prior-Crimes>5']
HyRS Accuracy : 0.653
Coverage of RuleSet : 1.000
"
0.004641588833612777,0.46415888336127775,0.6460258780036968,0.9956099815157117,0.6576576576576577,0.9958419958419958,0.6375606375606375,0.9944559944559944,"HyRS
Positive rules : 
 ['Prior-Crimes>3 && Gender=Male', 'Prior-Crimes>5 && Age<=40', 'Age=18-22 && Prior-Crimes=1-3']
Negative rules : 
 ['Juvenile-Felonies=0']
HyRS Accuracy : 0.638
Coverage of RuleSet : 0.994
"
0.004641588833612777,1.0,0.6559611829944547,0.9995378927911276,0.6652806652806653,1.0,0.6424116424116424,1.0,"HyRS
Positive rules : 
 ['Age=18-22 && Prior-Crimes=1-3', 'Prior-Crimes>3']
Negative rules : 
 ['neg_Juvenile-Crimes>5']
HyRS Accuracy : 0.642
Coverage of RuleSet : 1.000
"
0.005994842503189409,0.001,0.6843807763401109,0.0,0.6888426888426888,0.0,0.6673596673596673,0.0,"HyRS
Positive rules : 
 []
Negative rules : 
 []
HyRS Accuracy : 0.667
Coverage of RuleSet : 0.000
"
0.005994842503189409,0.0021544346900318843,0.6843807763401109,0.0,0.6888426888426888,0.0,0.6673596673596673,0.0,"HyRS
Positive rules : 
 []
Negative rules : 
 []
HyRS Accuracy : 0.667
Coverage of RuleSet : 0.000
"
0.005994842503189409,0.004641588833612777,0.6843807763401109,0.0,0.6888426888426888,0.0,0.6673596673596673,0.0,"HyRS
Positive rules : 
 []
Negative rules : 
 []
HyRS Accuracy : 0.667
Coverage of RuleSet : 0.000
"
0.005994842503189409,0.01,0.6843807763401109,0.0,0.6888426888426888,0.0,0.6673596673596673,0.0,"HyRS
Positive rules : 
 []
Negative rules : 
 []
HyRS Accuracy : 0.667
Coverage of RuleSet : 0.000
"
0.005994842503189409,0.021544346900318832,0.6843807763401109,0.0,0.6888426888426888,0.0,0.6673596673596673,0.0,"HyRS
Positive rules : 
 []
Negative rules : 
 []
HyRS Accuracy : 0.667
Coverage of RuleSet : 0.000
"
0.005994842503189409,0.046415888336127774,0.6751386321626618,0.7798059149722736,0.6860706860706861,0.8024948024948025,0.6521136521136521,0.7623007623007623,"HyRS
Positive rules : 
 ['Prior-Crimes>3']
Negative rules : 
 ['neg_Age=18-25']
HyRS Accuracy : 0.652
Coverage of RuleSet : 0.762
"
0.005994842503189409,0.1,0.6684380776340111,0.9801293900184843,0.6798336798336798,0.9812889812889813,0.6521136521136521,0.9757449757449758,"HyRS
Positive rules : 
 ['Prior-Crimes>3', 'Age=18-25 && Prior-Crimes=1-3']
Negative rules : 
 ['neg_Juvenile-Crimes=1-3']
HyRS Accuracy : 0.652
Coverage of RuleSet : 0.976
"
0.005994842503189409,0.21544346900318823,0.6707486136783734,1.0,0.6867636867636867,1.0,0.6541926541926542,1.0,"HyRS
Positive rules : 
 ['Prior-Crimes>3', 'Age=18-22 && Gender=Male', 'Age=18-25 && Prior-Crimes=1-3']
Negative rules : 
 ['neg_Prior-Crimes>5']
HyRS Accuracy : 0.654
Coverage of RuleSet : 1.000
"
0.005994842503189409,0.46415888336127775,0.6596580406654344,0.9997689463955638,0.674982674982675,0.9993069993069993,0.6514206514206514,0.9993069993069993,"HyRS
Positive rules : 
 ['Age=18-22 && Age=18-25', 'Prior-Crimes>3']
Negative rules : 
 ['Juvenile-Crimes=0 && Juvenile-Felonies=0', 'neg_Race=Other']
HyRS Accuracy : 0.651
Coverage of RuleSet : 0.999
"
0.005994842503189409,1.0,0.663354898336414,1.0,0.6652806652806653,1.0,0.6528066528066528,1.0,"HyRS
Positive rules : 
 ['Juvenile-Crimes=1-3 && Current-Charge-Degree=Misdemeanor', 'Age=18-25 && Gender=Male', 'Prior-Crimes>3']
Negative rules : 
 ['neg_Juvenile-Felonies>3']
HyRS Accuracy : 0.653
Coverage of RuleSet : 1.000
"
0.007742636826811269,0.001,0.6843807763401109,0.0,0.6888426888426888,0.0,0.6673596673596673,0.0,"HyRS
Positive rules : 
 []
Negative rules : 
 []
HyRS Accuracy : 0.667
Coverage of RuleSet : 0.000
"
0.007742636826811269,0.0021544346900318843,0.6843807763401109,0.0,0.6888426888426888,0.0,0.6673596673596673,0.0,"HyRS
Positive rules : 
 []
Negative rules : 
 []
HyRS Accuracy : 0.667
Coverage of RuleSet : 0.000
"
0.007742636826811269,0.004641588833612777,0.6843807763401109,0.0,0.6888426888426888,0.0,0.6673596673596673,0.0,"HyRS
Positive rules : 
 []
Negative rules : 
 []
HyRS Accuracy : 0.667
Coverage of RuleSet : 0.000
"
0.007742636826811269,0.01,0.6843807763401109,0.0,0.6888426888426888,0.0,0.6673596673596673,0.0,"HyRS
Positive rules : 
 []
Negative rules : 
 []
HyRS Accuracy : 0.667
Coverage of RuleSet : 0.000
"
0.007742636826811269,0.021544346900318832,0.6843807763401109,0.0,0.6888426888426888,0.0,0.6673596673596673,0.0,"HyRS
Positive rules : 
 []
Negative rules : 
 []
HyRS Accuracy : 0.667
Coverage of RuleSet : 0.000
"
0.007742636826811269,0.046415888336127774,0.6751386321626618,0.7798059149722736,0.6860706860706861,0.8024948024948025,0.6521136521136521,0.7623007623007623,"HyRS
Positive rules : 
 ['Prior-Crimes>3']
Negative rules : 
 ['neg_Age=18-25']
HyRS Accuracy : 0.652
Coverage of RuleSet : 0.762
"
0.007742636826811269,0.1,0.6684380776340111,0.9801293900184843,0.6798336798336798,0.9812889812889813,0.6521136521136521,0.9757449757449758,"HyRS
Positive rules : 
 ['Age=18-25 && Prior-Crimes=1-3', 'Prior-Crimes>3']
Negative rules : 
 ['neg_Juvenile-Crimes=1-3']
HyRS Accuracy : 0.652
Coverage of RuleSet : 0.976
"
0.007742636826811269,0.21544346900318823,0.6635859519408502,1.0,0.6715176715176715,1.0,0.6528066528066528,1.0,"HyRS
Positive rules : 
 ['Age=18-22 && Gender=Male', 'Prior-Crimes>3']
Negative rules : 
 ['neg_Prior-Crimes>5']
HyRS Accuracy : 0.653
Coverage of RuleSet : 1.000
"
0.007742636826811269,0.46415888336127775,0.6538817005545287,1.0,0.6645876645876646,1.0,0.6382536382536382,1.0,"HyRS
Positive rules : 
 ['neg_Juvenile-Crimes=0', 'Prior-Crimes>3']
Negative rules : 
 ['Juvenile-Felonies=0']
HyRS Accuracy : 0.638
Coverage of RuleSet : 1.000
"
0.007742636826811269,1.0,0.663354898336414,1.0,0.6784476784476784,1.0,0.6465696465696466,1.0,"HyRS
Positive rules : 
 ['Prior-Crimes>3', 'Age=18-25 && Prior-Crimes=1-3']
Negative rules : 
 ['neg_Juvenile-Felonies>3']
HyRS Accuracy : 0.647
Coverage of RuleSet : 1.000
"
0.01,0.001,0.6843807763401109,0.0,0.6888426888426888,0.0,0.6673596673596673,0.0,"HyRS
Positive rules : 
 []
Negative rules : 
 []
HyRS Accuracy : 0.667
Coverage of RuleSet : 0.000
"
0.01,0.0021544346900318843,0.6843807763401109,0.0,0.6888426888426888,0.0,0.6673596673596673,0.0,"HyRS
Positive rules : 
 []
Negative rules : 
 []
HyRS Accuracy : 0.667
Coverage of RuleSet : 0.000
"
0.01,0.004641588833612777,0.6843807763401109,0.0,0.6888426888426888,0.0,0.6673596673596673,0.0,"HyRS
Positive rules : 
 []
Negative rules : 
 []
HyRS Accuracy : 0.667
Coverage of RuleSet : 0.000
"
0.01,0.01,0.6843807763401109,0.0,0.6888426888426888,0.0,0.6673596673596673,0.0,"HyRS
Positive rules : 
 []
Negative rules : 
 []
HyRS Accuracy : 0.667
Coverage of RuleSet : 0.000
"
0.01,0.021544346900318832,0.6843807763401109,0.0,0.6888426888426888,0.0,0.6673596673596673,0.0,"HyRS
Positive rules : 
 []
Negative rules : 
 []
HyRS Accuracy : 0.667
Coverage of RuleSet : 0.000
"
0.01,0.046415888336127774,0.6751386321626618,0.7798059149722736,0.6860706860706861,0.8024948024948025,0.6521136521136521,0.7623007623007623,"HyRS
Positive rules : 
 ['Prior-Crimes>3']
Negative rules : 
 ['neg_Age=18-25']
HyRS Accuracy : 0.652
Coverage of RuleSet : 0.762
"
0.01,0.1,0.6661275415896488,0.8902495378927912,0.6735966735966736,0.8932778932778933,0.6465696465696466,0.8828828828828829,"HyRS
Positive rules : 
 ['Prior-Crimes>3']
Negative rules : 
 ['neg_Age=18-22']
HyRS Accuracy : 0.647
Coverage of RuleSet : 0.883
"
0.01,0.21544346900318823,0.6635859519408502,1.0,0.6715176715176715,1.0,0.6528066528066528,1.0,"HyRS
Positive rules : 
 ['Age=18-22 && Gender=Male', 'Prior-Crimes>3']
Negative rules : 
 ['neg_Prior-Crimes>5']
HyRS Accuracy : 0.653
Coverage of RuleSet : 1.000
"
0.01,0.46415888336127775,0.6571164510166358,0.9963031423290203,0.6673596673596673,0.9958419958419958,0.6451836451836452,0.9958419958419958,"HyRS
Positive rules : 
 ['Prior-Crimes>3', 'Age=18-22 && Prior-Crimes=1-3']
Negative rules : 
 ['Juvenile-Felonies=0']
HyRS Accuracy : 0.645
Coverage of RuleSet : 0.996
"
0.01,1.0,0.6594269870609981,1.0,0.674982674982675,1.0,0.6514206514206514,1.0,"HyRS
Positive rules : 
 ['Prior-Crimes>3', 'Age=18-22 && Age=18-25']
Negative rules : 
 ['neg_Juvenile-Felonies>3']
HyRS Accuracy : 0.651
Coverage of RuleSet : 1.000
"
