alpha,temperature,accuracy_train,transparency_train,accuracy_valid,transparency_valid,accuracy_test,transparency_test,model
na,na,0.8488653813342433,0,0.8408067158067158,0,0.8413348346811342,0,"RandomForestClassifier(bootstrap=False, max_features='log2',
                       min_samples_leaf=16, n_estimators=40, random_state=0)"
0.001,0.001,0.847807541375192,0.3112438150486265,0.8400900900900901,0.3090704340704341,0.8401064592076978,0.31047190091104515,"CRL
 ACC ,  C  ,  Rule
0.840 0.310 ['age_low && capital_gain_0']=>0
0.839 0.509 ['occupation_Blue-Collar && capital_gain_0']=>0
0.836 0.718 ['neg_marital_status_Married']=>0
0.836 0.771 ['education_HS-grad && capital_gain_0']=>0
0.825 0.969 ['neg_education_School_Prof-School']=>1
0.815 1.000 ['neg_marital_status_Separated']=>0

"
0.001,0.001,0.8461354717624978,0.5066712165159529,0.8404995904995906,0.5056306306306306,0.8394922714709796,0.5090592691165934,"CRL
 ACC ,  C  ,  Rule
0.840 0.310 ['age_low && capital_gain_0']=>0
0.839 0.509 ['occupation_Blue-Collar && capital_gain_0']=>0
0.836 0.718 ['neg_marital_status_Married']=>0
0.836 0.771 ['education_HS-grad && capital_gain_0']=>0
0.825 0.969 ['neg_education_School_Prof-School']=>1
0.815 1.000 ['neg_marital_status_Separated']=>0

"
0.001,0.001,0.8425183415799352,0.7264630609111074,0.8384520884520884,0.7303439803439804,0.8364213327873887,0.7177807349779917,"CRL
 ACC ,  C  ,  Rule
0.840 0.310 ['age_low && capital_gain_0']=>0
0.839 0.509 ['occupation_Blue-Collar && capital_gain_0']=>0
0.836 0.718 ['neg_marital_status_Married']=>0
0.836 0.771 ['education_HS-grad && capital_gain_0']=>0
0.825 0.969 ['neg_education_School_Prof-School']=>1
0.815 1.000 ['neg_marital_status_Separated']=>0

"
0.001,0.001,0.8405391571404197,0.7790479440368538,0.8347665847665847,0.7798935298935299,0.8356024158050978,0.770907974204115,"CRL
 ACC ,  C  ,  Rule
0.840 0.310 ['age_low && capital_gain_0']=>0
0.839 0.509 ['occupation_Blue-Collar && capital_gain_0']=>0
0.836 0.718 ['neg_marital_status_Married']=>0
0.836 0.771 ['education_HS-grad && capital_gain_0']=>0
0.825 0.969 ['neg_education_School_Prof-School']=>1
0.815 1.000 ['neg_marital_status_Separated']=>0

"
0.001,0.001,0.8280156969800375,0.9693226411875107,0.8276003276003276,0.9713349713349714,0.8249564950353158,0.9690858839185178,"CRL
 ACC ,  C  ,  Rule
0.840 0.310 ['age_low && capital_gain_0']=>0
0.839 0.509 ['occupation_Blue-Collar && capital_gain_0']=>0
0.836 0.718 ['neg_marital_status_Married']=>0
0.836 0.771 ['education_HS-grad && capital_gain_0']=>0
0.825 0.969 ['neg_education_School_Prof-School']=>1
0.815 1.000 ['neg_marital_status_Separated']=>0

"
0.001,0.001,0.8205084456577376,1.0,0.8211506961506961,1.0,0.8153342204933974,1.0,"CRL
 ACC ,  C  ,  Rule
0.840 0.310 ['age_low && capital_gain_0']=>0
0.839 0.509 ['occupation_Blue-Collar && capital_gain_0']=>0
0.836 0.718 ['neg_marital_status_Married']=>0
0.836 0.771 ['education_HS-grad && capital_gain_0']=>0
0.825 0.969 ['neg_education_School_Prof-School']=>1
0.815 1.000 ['neg_marital_status_Separated']=>0

"
0.001,0.002,0.847807541375192,0.3112438150486265,0.8400900900900901,0.3090704340704341,0.8401064592076978,0.31047190091104515,"CRL
 ACC ,  C  ,  Rule
0.840 0.310 ['age_low && capital_gain_0']=>0
0.839 0.509 ['occupation_Blue-Collar && capital_gain_0']=>0
0.836 0.718 ['neg_marital_status_Married']=>0
0.836 0.771 ['education_HS-grad && capital_gain_0']=>0
0.825 0.969 ['neg_education_School_Prof-School']=>1
0.815 1.000 ['neg_marital_status_Divorced']=>0

"
0.001,0.002,0.8461354717624978,0.5066712165159529,0.8404995904995906,0.5056306306306306,0.8394922714709796,0.5090592691165934,"CRL
 ACC ,  C  ,  Rule
0.840 0.310 ['age_low && capital_gain_0']=>0
0.839 0.509 ['occupation_Blue-Collar && capital_gain_0']=>0
0.836 0.718 ['neg_marital_status_Married']=>0
0.836 0.771 ['education_HS-grad && capital_gain_0']=>0
0.825 0.969 ['neg_education_School_Prof-School']=>1
0.815 1.000 ['neg_marital_status_Divorced']=>0

"
0.001,0.002,0.8425183415799352,0.7264630609111074,0.8384520884520884,0.7303439803439804,0.8364213327873887,0.7177807349779917,"CRL
 ACC ,  C  ,  Rule
0.840 0.310 ['age_low && capital_gain_0']=>0
0.839 0.509 ['occupation_Blue-Collar && capital_gain_0']=>0
0.836 0.718 ['neg_marital_status_Married']=>0
0.836 0.771 ['education_HS-grad && capital_gain_0']=>0
0.825 0.969 ['neg_education_School_Prof-School']=>1
0.815 1.000 ['neg_marital_status_Divorced']=>0

"
0.001,0.002,0.8405391571404197,0.7790479440368538,0.8347665847665847,0.7798935298935299,0.8356024158050978,0.770907974204115,"CRL
 ACC ,  C  ,  Rule
0.840 0.310 ['age_low && capital_gain_0']=>0
0.839 0.509 ['occupation_Blue-Collar && capital_gain_0']=>0
0.836 0.718 ['neg_marital_status_Married']=>0
0.836 0.771 ['education_HS-grad && capital_gain_0']=>0
0.825 0.969 ['neg_education_School_Prof-School']=>1
0.815 1.000 ['neg_marital_status_Divorced']=>0

"
0.001,0.002,0.8280156969800375,0.9693226411875107,0.8276003276003276,0.9713349713349714,0.8249564950353158,0.9690858839185178,"CRL
 ACC ,  C  ,  Rule
0.840 0.310 ['age_low && capital_gain_0']=>0
0.839 0.509 ['occupation_Blue-Collar && capital_gain_0']=>0
0.836 0.718 ['neg_marital_status_Married']=>0
0.836 0.771 ['education_HS-grad && capital_gain_0']=>0
0.825 0.969 ['neg_education_School_Prof-School']=>1
0.815 1.000 ['neg_marital_status_Divorced']=>0

"
0.001,0.002,0.8205084456577376,1.0,0.8211506961506961,1.0,0.8153342204933974,1.0,"CRL
 ACC ,  C  ,  Rule
0.840 0.310 ['age_low && capital_gain_0']=>0
0.839 0.509 ['occupation_Blue-Collar && capital_gain_0']=>0
0.836 0.718 ['neg_marital_status_Married']=>0
0.836 0.771 ['education_HS-grad && capital_gain_0']=>0
0.825 0.969 ['neg_education_School_Prof-School']=>1
0.815 1.000 ['neg_marital_status_Divorced']=>0

"
0.001,0.003,0.847807541375192,0.3112438150486265,0.8400900900900901,0.3090704340704341,0.8401064592076978,0.31047190091104515,"CRL
 ACC ,  C  ,  Rule
0.840 0.310 ['age_low && capital_gain_0']=>0
0.839 0.509 ['occupation_Blue-Collar && capital_gain_0']=>0
0.836 0.718 ['neg_marital_status_Married']=>0
0.836 0.771 ['education_HS-grad && capital_gain_0']=>0
0.825 0.969 ['neg_education_School_Prof-School']=>1
0.815 1.000 ['neg_marital_status_Widowed']=>0

"
0.001,0.003,0.8461354717624978,0.5066712165159529,0.8404995904995906,0.5056306306306306,0.8394922714709796,0.5090592691165934,"CRL
 ACC ,  C  ,  Rule
0.840 0.310 ['age_low && capital_gain_0']=>0
0.839 0.509 ['occupation_Blue-Collar && capital_gain_0']=>0
0.836 0.718 ['neg_marital_status_Married']=>0
0.836 0.771 ['education_HS-grad && capital_gain_0']=>0
0.825 0.969 ['neg_education_School_Prof-School']=>1
0.815 1.000 ['neg_marital_status_Widowed']=>0

"
0.001,0.003,0.8425183415799352,0.7264630609111074,0.8384520884520884,0.7303439803439804,0.8364213327873887,0.7177807349779917,"CRL
 ACC ,  C  ,  Rule
0.840 0.310 ['age_low && capital_gain_0']=>0
0.839 0.509 ['occupation_Blue-Collar && capital_gain_0']=>0
0.836 0.718 ['neg_marital_status_Married']=>0
0.836 0.771 ['education_HS-grad && capital_gain_0']=>0
0.825 0.969 ['neg_education_School_Prof-School']=>1
0.815 1.000 ['neg_marital_status_Widowed']=>0

"
0.001,0.003,0.8405391571404197,0.7790479440368538,0.8347665847665847,0.7798935298935299,0.8356024158050978,0.770907974204115,"CRL
 ACC ,  C  ,  Rule
0.840 0.310 ['age_low && capital_gain_0']=>0
0.839 0.509 ['occupation_Blue-Collar && capital_gain_0']=>0
0.836 0.718 ['neg_marital_status_Married']=>0
0.836 0.771 ['education_HS-grad && capital_gain_0']=>0
0.825 0.969 ['neg_education_School_Prof-School']=>1
0.815 1.000 ['neg_marital_status_Widowed']=>0

"
0.001,0.003,0.8280156969800375,0.9693226411875107,0.8276003276003276,0.9713349713349714,0.8249564950353158,0.9690858839185178,"CRL
 ACC ,  C  ,  Rule
0.840 0.310 ['age_low && capital_gain_0']=>0
0.839 0.509 ['occupation_Blue-Collar && capital_gain_0']=>0
0.836 0.718 ['neg_marital_status_Married']=>0
0.836 0.771 ['education_HS-grad && capital_gain_0']=>0
0.825 0.969 ['neg_education_School_Prof-School']=>1
0.815 1.000 ['neg_marital_status_Widowed']=>0

"
0.001,0.003,0.8205084456577376,1.0,0.8211506961506961,1.0,0.8153342204933974,1.0,"CRL
 ACC ,  C  ,  Rule
0.840 0.310 ['age_low && capital_gain_0']=>0
0.839 0.509 ['occupation_Blue-Collar && capital_gain_0']=>0
0.836 0.718 ['neg_marital_status_Married']=>0
0.836 0.771 ['education_HS-grad && capital_gain_0']=>0
0.825 0.969 ['neg_education_School_Prof-School']=>1
0.815 1.000 ['neg_marital_status_Widowed']=>0

"
0.001,0.004,0.847807541375192,0.3112438150486265,0.8400900900900901,0.3090704340704341,0.8401064592076978,0.31047190091104515,"CRL
 ACC ,  C  ,  Rule
0.840 0.310 ['age_low && capital_gain_0']=>0
0.839 0.509 ['occupation_Blue-Collar && capital_gain_0']=>0
0.836 0.718 ['neg_marital_status_Married']=>0
0.836 0.771 ['education_HS-grad && capital_gain_0']=>0
0.825 0.969 ['neg_education_School_Prof-School']=>1
0.815 1.000 ['neg_marital_status_Widowed']=>0

"
0.001,0.004,0.8461354717624978,0.5066712165159529,0.8404995904995906,0.5056306306306306,0.8394922714709796,0.5090592691165934,"CRL
 ACC ,  C  ,  Rule
0.840 0.310 ['age_low && capital_gain_0']=>0
0.839 0.509 ['occupation_Blue-Collar && capital_gain_0']=>0
0.836 0.718 ['neg_marital_status_Married']=>0
0.836 0.771 ['education_HS-grad && capital_gain_0']=>0
0.825 0.969 ['neg_education_School_Prof-School']=>1
0.815 1.000 ['neg_marital_status_Widowed']=>0

"
0.001,0.004,0.8425183415799352,0.7264630609111074,0.8384520884520884,0.7303439803439804,0.8364213327873887,0.7177807349779917,"CRL
 ACC ,  C  ,  Rule
0.840 0.310 ['age_low && capital_gain_0']=>0
0.839 0.509 ['occupation_Blue-Collar && capital_gain_0']=>0
0.836 0.718 ['neg_marital_status_Married']=>0
0.836 0.771 ['education_HS-grad && capital_gain_0']=>0
0.825 0.969 ['neg_education_School_Prof-School']=>1
0.815 1.000 ['neg_marital_status_Widowed']=>0

"
0.001,0.004,0.8405391571404197,0.7790479440368538,0.8347665847665847,0.7798935298935299,0.8356024158050978,0.770907974204115,"CRL
 ACC ,  C  ,  Rule
0.840 0.310 ['age_low && capital_gain_0']=>0
0.839 0.509 ['occupation_Blue-Collar && capital_gain_0']=>0
0.836 0.718 ['neg_marital_status_Married']=>0
0.836 0.771 ['education_HS-grad && capital_gain_0']=>0
0.825 0.969 ['neg_education_School_Prof-School']=>1
0.815 1.000 ['neg_marital_status_Widowed']=>0

"
0.001,0.004,0.8280156969800375,0.9693226411875107,0.8276003276003276,0.9713349713349714,0.8249564950353158,0.9690858839185178,"CRL
 ACC ,  C  ,  Rule
0.840 0.310 ['age_low && capital_gain_0']=>0
0.839 0.509 ['occupation_Blue-Collar && capital_gain_0']=>0
0.836 0.718 ['neg_marital_status_Married']=>0
0.836 0.771 ['education_HS-grad && capital_gain_0']=>0
0.825 0.969 ['neg_education_School_Prof-School']=>1
0.815 1.000 ['neg_marital_status_Widowed']=>0

"
0.001,0.004,0.8205084456577376,1.0,0.8211506961506961,1.0,0.8153342204933974,1.0,"CRL
 ACC ,  C  ,  Rule
0.840 0.310 ['age_low && capital_gain_0']=>0
0.839 0.509 ['occupation_Blue-Collar && capital_gain_0']=>0
0.836 0.718 ['neg_marital_status_Married']=>0
0.836 0.771 ['education_HS-grad && capital_gain_0']=>0
0.825 0.969 ['neg_education_School_Prof-School']=>1
0.815 1.000 ['neg_marital_status_Widowed']=>0

"
0.001,0.005,0.847807541375192,0.3112438150486265,0.8400900900900901,0.3090704340704341,0.8401064592076978,0.31047190091104515,"CRL
 ACC ,  C  ,  Rule
0.840 0.310 ['age_low && capital_gain_0']=>0
0.839 0.509 ['occupation_Blue-Collar && capital_gain_0']=>0
0.836 0.718 ['neg_marital_status_Married']=>0
0.836 0.771 ['education_HS-grad && capital_gain_0']=>0
0.812 1.000 ['neg_marital_status_Divorced']=>1

"
0.001,0.005,0.8461354717624978,0.5066712165159529,0.8404995904995906,0.5056306306306306,0.8394922714709796,0.5090592691165934,"CRL
 ACC ,  C  ,  Rule
0.840 0.310 ['age_low && capital_gain_0']=>0
0.839 0.509 ['occupation_Blue-Collar && capital_gain_0']=>0
0.836 0.718 ['neg_marital_status_Married']=>0
0.836 0.771 ['education_HS-grad && capital_gain_0']=>0
0.812 1.000 ['neg_marital_status_Divorced']=>1

"
0.001,0.005,0.8425183415799352,0.7264630609111074,0.8384520884520884,0.7303439803439804,0.8364213327873887,0.7177807349779917,"CRL
 ACC ,  C  ,  Rule
0.840 0.310 ['age_low && capital_gain_0']=>0
0.839 0.509 ['occupation_Blue-Collar && capital_gain_0']=>0
0.836 0.718 ['neg_marital_status_Married']=>0
0.836 0.771 ['education_HS-grad && capital_gain_0']=>0
0.812 1.000 ['neg_marital_status_Divorced']=>1

"
0.001,0.005,0.8405391571404197,0.7790479440368538,0.8347665847665847,0.7798935298935299,0.8356024158050978,0.770907974204115,"CRL
 ACC ,  C  ,  Rule
0.840 0.310 ['age_low && capital_gain_0']=>0
0.839 0.509 ['occupation_Blue-Collar && capital_gain_0']=>0
0.836 0.718 ['neg_marital_status_Married']=>0
0.836 0.771 ['education_HS-grad && capital_gain_0']=>0
0.812 1.000 ['neg_marital_status_Divorced']=>1

"
0.001,0.005,0.815355741341068,1.0,0.8176699426699426,1.0,0.8124680110553792,1.0,"CRL
 ACC ,  C  ,  Rule
0.840 0.310 ['age_low && capital_gain_0']=>0
0.839 0.509 ['occupation_Blue-Collar && capital_gain_0']=>0
0.836 0.718 ['neg_marital_status_Married']=>0
0.836 0.771 ['education_HS-grad && capital_gain_0']=>0
0.812 1.000 ['neg_marital_status_Divorced']=>1

"
0.001,0.006,0.847807541375192,0.3112438150486265,0.8400900900900901,0.3090704340704341,0.8401064592076978,0.31047190091104515,"CRL
 ACC ,  C  ,  Rule
0.840 0.310 ['age_low && capital_gain_0']=>0
0.839 0.509 ['occupation_Blue-Collar && capital_gain_0']=>0
0.836 0.718 ['neg_marital_status_Married']=>0
0.836 0.771 ['education_HS-grad && capital_gain_0']=>0
0.812 1.000 ['marital_status_Married']=>1

"
0.001,0.006,0.8461354717624978,0.5066712165159529,0.8404995904995906,0.5056306306306306,0.8394922714709796,0.5090592691165934,"CRL
 ACC ,  C  ,  Rule
0.840 0.310 ['age_low && capital_gain_0']=>0
0.839 0.509 ['occupation_Blue-Collar && capital_gain_0']=>0
0.836 0.718 ['neg_marital_status_Married']=>0
0.836 0.771 ['education_HS-grad && capital_gain_0']=>0
0.812 1.000 ['marital_status_Married']=>1

"
0.001,0.006,0.8425183415799352,0.7264630609111074,0.8384520884520884,0.7303439803439804,0.8364213327873887,0.7177807349779917,"CRL
 ACC ,  C  ,  Rule
0.840 0.310 ['age_low && capital_gain_0']=>0
0.839 0.509 ['occupation_Blue-Collar && capital_gain_0']=>0
0.836 0.718 ['neg_marital_status_Married']=>0
0.836 0.771 ['education_HS-grad && capital_gain_0']=>0
0.812 1.000 ['marital_status_Married']=>1

"
0.001,0.006,0.8405391571404197,0.7790479440368538,0.8347665847665847,0.7798935298935299,0.8356024158050978,0.770907974204115,"CRL
 ACC ,  C  ,  Rule
0.840 0.310 ['age_low && capital_gain_0']=>0
0.839 0.509 ['occupation_Blue-Collar && capital_gain_0']=>0
0.836 0.718 ['neg_marital_status_Married']=>0
0.836 0.771 ['education_HS-grad && capital_gain_0']=>0
0.812 1.000 ['marital_status_Married']=>1

"
0.001,0.006,0.815355741341068,1.0,0.8176699426699426,1.0,0.8124680110553792,1.0,"CRL
 ACC ,  C  ,  Rule
0.840 0.310 ['age_low && capital_gain_0']=>0
0.839 0.509 ['occupation_Blue-Collar && capital_gain_0']=>0
0.836 0.718 ['neg_marital_status_Married']=>0
0.836 0.771 ['education_HS-grad && capital_gain_0']=>0
0.812 1.000 ['marital_status_Married']=>1

"
0.001,0.007,0.847807541375192,0.3112438150486265,0.8400900900900901,0.3090704340704341,0.8401064592076978,0.31047190091104515,"CRL
 ACC ,  C  ,  Rule
0.840 0.310 ['age_low && capital_gain_0']=>0
0.839 0.509 ['occupation_Blue-Collar && capital_gain_0']=>0
0.836 0.718 ['neg_marital_status_Married']=>0
0.836 0.771 ['education_HS-grad && capital_gain_0']=>0
0.812 1.000 ['neg_marital_status_Separated']=>1

"
0.001,0.007,0.8461354717624978,0.5066712165159529,0.8404995904995906,0.5056306306306306,0.8394922714709796,0.5090592691165934,"CRL
 ACC ,  C  ,  Rule
0.840 0.310 ['age_low && capital_gain_0']=>0
0.839 0.509 ['occupation_Blue-Collar && capital_gain_0']=>0
0.836 0.718 ['neg_marital_status_Married']=>0
0.836 0.771 ['education_HS-grad && capital_gain_0']=>0
0.812 1.000 ['neg_marital_status_Separated']=>1

"
0.001,0.007,0.8425183415799352,0.7264630609111074,0.8384520884520884,0.7303439803439804,0.8364213327873887,0.7177807349779917,"CRL
 ACC ,  C  ,  Rule
0.840 0.310 ['age_low && capital_gain_0']=>0
0.839 0.509 ['occupation_Blue-Collar && capital_gain_0']=>0
0.836 0.718 ['neg_marital_status_Married']=>0
0.836 0.771 ['education_HS-grad && capital_gain_0']=>0
0.812 1.000 ['neg_marital_status_Separated']=>1

"
0.001,0.007,0.8405391571404197,0.7790479440368538,0.8347665847665847,0.7798935298935299,0.8356024158050978,0.770907974204115,"CRL
 ACC ,  C  ,  Rule
0.840 0.310 ['age_low && capital_gain_0']=>0
0.839 0.509 ['occupation_Blue-Collar && capital_gain_0']=>0
0.836 0.718 ['neg_marital_status_Married']=>0
0.836 0.771 ['education_HS-grad && capital_gain_0']=>0
0.812 1.000 ['neg_marital_status_Separated']=>1

"
0.001,0.007,0.815355741341068,1.0,0.8176699426699426,1.0,0.8124680110553792,1.0,"CRL
 ACC ,  C  ,  Rule
0.840 0.310 ['age_low && capital_gain_0']=>0
0.839 0.509 ['occupation_Blue-Collar && capital_gain_0']=>0
0.836 0.718 ['neg_marital_status_Married']=>0
0.836 0.771 ['education_HS-grad && capital_gain_0']=>0
0.812 1.000 ['neg_marital_status_Separated']=>1

"
0.001,0.008,0.847807541375192,0.3112438150486265,0.8400900900900901,0.3090704340704341,0.8401064592076978,0.31047190091104515,"CRL
 ACC ,  C  ,  Rule
0.840 0.310 ['age_low && capital_gain_0']=>0
0.839 0.509 ['occupation_Blue-Collar && capital_gain_0']=>0
0.836 0.718 ['neg_marital_status_Married']=>0
0.836 0.771 ['education_HS-grad && capital_gain_0']=>0
0.812 1.000 ['neg_marital_status_Divorced']=>1

"
0.001,0.008,0.8461354717624978,0.5066712165159529,0.8404995904995906,0.5056306306306306,0.8394922714709796,0.5090592691165934,"CRL
 ACC ,  C  ,  Rule
0.840 0.310 ['age_low && capital_gain_0']=>0
0.839 0.509 ['occupation_Blue-Collar && capital_gain_0']=>0
0.836 0.718 ['neg_marital_status_Married']=>0
0.836 0.771 ['education_HS-grad && capital_gain_0']=>0
0.812 1.000 ['neg_marital_status_Divorced']=>1

"
0.001,0.008,0.8425183415799352,0.7264630609111074,0.8384520884520884,0.7303439803439804,0.8364213327873887,0.7177807349779917,"CRL
 ACC ,  C  ,  Rule
0.840 0.310 ['age_low && capital_gain_0']=>0
0.839 0.509 ['occupation_Blue-Collar && capital_gain_0']=>0
0.836 0.718 ['neg_marital_status_Married']=>0
0.836 0.771 ['education_HS-grad && capital_gain_0']=>0
0.812 1.000 ['neg_marital_status_Divorced']=>1

"
0.001,0.008,0.8405391571404197,0.7790479440368538,0.8347665847665847,0.7798935298935299,0.8356024158050978,0.770907974204115,"CRL
 ACC ,  C  ,  Rule
0.840 0.310 ['age_low && capital_gain_0']=>0
0.839 0.509 ['occupation_Blue-Collar && capital_gain_0']=>0
0.836 0.718 ['neg_marital_status_Married']=>0
0.836 0.771 ['education_HS-grad && capital_gain_0']=>0
0.812 1.000 ['neg_marital_status_Divorced']=>1

"
0.001,0.008,0.815355741341068,1.0,0.8176699426699426,1.0,0.8124680110553792,1.0,"CRL
 ACC ,  C  ,  Rule
0.840 0.310 ['age_low && capital_gain_0']=>0
0.839 0.509 ['occupation_Blue-Collar && capital_gain_0']=>0
0.836 0.718 ['neg_marital_status_Married']=>0
0.836 0.771 ['education_HS-grad && capital_gain_0']=>0
0.812 1.000 ['neg_marital_status_Divorced']=>1

"
0.001,0.009000000000000001,0.847807541375192,0.3112438150486265,0.8400900900900901,0.3090704340704341,0.8401064592076978,0.31047190091104515,"CRL
 ACC ,  C  ,  Rule
0.840 0.310 ['age_low && capital_gain_0']=>0
0.839 0.509 ['occupation_Blue-Collar && capital_gain_0']=>0
0.836 0.718 ['neg_marital_status_Married']=>0
0.836 0.771 ['education_HS-grad && capital_gain_0']=>0
0.812 1.000 ['marital_status_Married']=>1

"
0.001,0.009000000000000001,0.8461354717624978,0.5066712165159529,0.8404995904995906,0.5056306306306306,0.8394922714709796,0.5090592691165934,"CRL
 ACC ,  C  ,  Rule
0.840 0.310 ['age_low && capital_gain_0']=>0
0.839 0.509 ['occupation_Blue-Collar && capital_gain_0']=>0
0.836 0.718 ['neg_marital_status_Married']=>0
0.836 0.771 ['education_HS-grad && capital_gain_0']=>0
0.812 1.000 ['marital_status_Married']=>1

"
0.001,0.009000000000000001,0.8425183415799352,0.7264630609111074,0.8384520884520884,0.7303439803439804,0.8364213327873887,0.7177807349779917,"CRL
 ACC ,  C  ,  Rule
0.840 0.310 ['age_low && capital_gain_0']=>0
0.839 0.509 ['occupation_Blue-Collar && capital_gain_0']=>0
0.836 0.718 ['neg_marital_status_Married']=>0
0.836 0.771 ['education_HS-grad && capital_gain_0']=>0
0.812 1.000 ['marital_status_Married']=>1

"
0.001,0.009000000000000001,0.8405391571404197,0.7790479440368538,0.8347665847665847,0.7798935298935299,0.8356024158050978,0.770907974204115,"CRL
 ACC ,  C  ,  Rule
0.840 0.310 ['age_low && capital_gain_0']=>0
0.839 0.509 ['occupation_Blue-Collar && capital_gain_0']=>0
0.836 0.718 ['neg_marital_status_Married']=>0
0.836 0.771 ['education_HS-grad && capital_gain_0']=>0
0.812 1.000 ['marital_status_Married']=>1

"
0.001,0.009000000000000001,0.815355741341068,1.0,0.8176699426699426,1.0,0.8124680110553792,1.0,"CRL
 ACC ,  C  ,  Rule
0.840 0.310 ['age_low && capital_gain_0']=>0
0.839 0.509 ['occupation_Blue-Collar && capital_gain_0']=>0
0.836 0.718 ['neg_marital_status_Married']=>0
0.836 0.771 ['education_HS-grad && capital_gain_0']=>0
0.812 1.000 ['marital_status_Married']=>1

"
0.001,0.01,0.847807541375192,0.3112438150486265,0.8400900900900901,0.3090704340704341,0.8401064592076978,0.31047190091104515,"CRL
 ACC ,  C  ,  Rule
0.840 0.310 ['age_low && capital_gain_0']=>0
0.839 0.519 ['education_HS-grad && capital_gain_0']=>0
0.839 0.621 ['occupation_Blue-Collar && capital_gain_0']=>0
0.836 0.771 ['neg_marital_status_Married']=>0
0.812 1.000 ['neg_marital_status_Separated']=>1

"
0.001,0.01,0.8454188704999147,0.5156799181027129,0.8367117117117117,0.5145372645372646,0.8386733544886887,0.5193980960180162,"CRL
 ACC ,  C  ,  Rule
0.840 0.310 ['age_low && capital_gain_0']=>0
0.839 0.519 ['education_HS-grad && capital_gain_0']=>0
0.839 0.621 ['occupation_Blue-Collar && capital_gain_0']=>0
0.836 0.771 ['neg_marital_status_Married']=>0
0.812 1.000 ['neg_marital_status_Separated']=>1

"
0.001,0.01,0.8441562873229824,0.6173690496502303,0.8368140868140869,0.6171171171171171,0.8386733544886887,0.621148531067663,"CRL
 ACC ,  C  ,  Rule
0.840 0.310 ['age_low && capital_gain_0']=>0
0.839 0.519 ['education_HS-grad && capital_gain_0']=>0
0.839 0.621 ['occupation_Blue-Collar && capital_gain_0']=>0
0.836 0.771 ['neg_marital_status_Married']=>0
0.812 1.000 ['neg_marital_status_Separated']=>1

"
0.001,0.01,0.8405391571404197,0.7790479440368538,0.8347665847665847,0.7798935298935299,0.8356024158050978,0.770907974204115,"CRL
 ACC ,  C  ,  Rule
0.840 0.310 ['age_low && capital_gain_0']=>0
0.839 0.519 ['education_HS-grad && capital_gain_0']=>0
0.839 0.621 ['occupation_Blue-Collar && capital_gain_0']=>0
0.836 0.771 ['neg_marital_status_Married']=>0
0.812 1.000 ['neg_marital_status_Separated']=>1

"
0.001,0.01,0.815355741341068,1.0,0.8176699426699426,1.0,0.8124680110553792,1.0,"CRL
 ACC ,  C  ,  Rule
0.840 0.310 ['age_low && capital_gain_0']=>0
0.839 0.519 ['education_HS-grad && capital_gain_0']=>0
0.839 0.621 ['occupation_Blue-Collar && capital_gain_0']=>0
0.836 0.771 ['neg_marital_status_Married']=>0
0.812 1.000 ['neg_marital_status_Separated']=>1

"
0.0016681005372000592,0.001,0.847807541375192,0.3112438150486265,0.8400900900900901,0.3090704340704341,0.8401064592076978,0.31047190091104515,"CRL
 ACC ,  C  ,  Rule
0.840 0.310 ['age_low && capital_gain_0']=>0
0.839 0.509 ['occupation_Blue-Collar && capital_gain_0']=>0
0.836 0.718 ['neg_marital_status_Married']=>0
0.836 0.771 ['education_HS-grad && capital_gain_0']=>0
0.812 1.000 ['neg_marital_status_Divorced']=>1

"
0.0016681005372000592,0.001,0.8461354717624978,0.5066712165159529,0.8404995904995906,0.5056306306306306,0.8394922714709796,0.5090592691165934,"CRL
 ACC ,  C  ,  Rule
0.840 0.310 ['age_low && capital_gain_0']=>0
0.839 0.509 ['occupation_Blue-Collar && capital_gain_0']=>0
0.836 0.718 ['neg_marital_status_Married']=>0
0.836 0.771 ['education_HS-grad && capital_gain_0']=>0
0.812 1.000 ['neg_marital_status_Divorced']=>1

"
0.0016681005372000592,0.001,0.8425183415799352,0.7264630609111074,0.8384520884520884,0.7303439803439804,0.8364213327873887,0.7177807349779917,"CRL
 ACC ,  C  ,  Rule
0.840 0.310 ['age_low && capital_gain_0']=>0
0.839 0.509 ['occupation_Blue-Collar && capital_gain_0']=>0
0.836 0.718 ['neg_marital_status_Married']=>0
0.836 0.771 ['education_HS-grad && capital_gain_0']=>0
0.812 1.000 ['neg_marital_status_Divorced']=>1

"
0.0016681005372000592,0.001,0.8405391571404197,0.7790479440368538,0.8347665847665847,0.7798935298935299,0.8356024158050978,0.770907974204115,"CRL
 ACC ,  C  ,  Rule
0.840 0.310 ['age_low && capital_gain_0']=>0
0.839 0.509 ['occupation_Blue-Collar && capital_gain_0']=>0
0.836 0.718 ['neg_marital_status_Married']=>0
0.836 0.771 ['education_HS-grad && capital_gain_0']=>0
0.812 1.000 ['neg_marital_status_Divorced']=>1

"
0.0016681005372000592,0.001,0.815355741341068,1.0,0.8176699426699426,1.0,0.8124680110553792,1.0,"CRL
 ACC ,  C  ,  Rule
0.840 0.310 ['age_low && capital_gain_0']=>0
0.839 0.509 ['occupation_Blue-Collar && capital_gain_0']=>0
0.836 0.718 ['neg_marital_status_Married']=>0
0.836 0.771 ['education_HS-grad && capital_gain_0']=>0
0.812 1.000 ['neg_marital_status_Divorced']=>1

"
0.0016681005372000592,0.002,0.847807541375192,0.3112438150486265,0.8400900900900901,0.3090704340704341,0.8401064592076978,0.31047190091104515,"CRL
 ACC ,  C  ,  Rule
0.840 0.310 ['age_low && capital_gain_0']=>0
0.839 0.509 ['occupation_Blue-Collar && capital_gain_0']=>0
0.836 0.718 ['neg_marital_status_Married']=>0
0.836 0.771 ['education_HS-grad && capital_gain_0']=>0
0.812 1.000 ['neg_marital_status_Single']=>1

"
0.0016681005372000592,0.002,0.8461354717624978,0.5066712165159529,0.8404995904995906,0.5056306306306306,0.8394922714709796,0.5090592691165934,"CRL
 ACC ,  C  ,  Rule
0.840 0.310 ['age_low && capital_gain_0']=>0
0.839 0.509 ['occupation_Blue-Collar && capital_gain_0']=>0
0.836 0.718 ['neg_marital_status_Married']=>0
0.836 0.771 ['education_HS-grad && capital_gain_0']=>0
0.812 1.000 ['neg_marital_status_Single']=>1

"
0.0016681005372000592,0.002,0.8425183415799352,0.7264630609111074,0.8384520884520884,0.7303439803439804,0.8364213327873887,0.7177807349779917,"CRL
 ACC ,  C  ,  Rule
0.840 0.310 ['age_low && capital_gain_0']=>0
0.839 0.509 ['occupation_Blue-Collar && capital_gain_0']=>0
0.836 0.718 ['neg_marital_status_Married']=>0
0.836 0.771 ['education_HS-grad && capital_gain_0']=>0
0.812 1.000 ['neg_marital_status_Single']=>1

"
0.0016681005372000592,0.002,0.8405391571404197,0.7790479440368538,0.8347665847665847,0.7798935298935299,0.8356024158050978,0.770907974204115,"CRL
 ACC ,  C  ,  Rule
0.840 0.310 ['age_low && capital_gain_0']=>0
0.839 0.509 ['occupation_Blue-Collar && capital_gain_0']=>0
0.836 0.718 ['neg_marital_status_Married']=>0
0.836 0.771 ['education_HS-grad && capital_gain_0']=>0
0.812 1.000 ['neg_marital_status_Single']=>1

"
0.0016681005372000592,0.002,0.815355741341068,1.0,0.8176699426699426,1.0,0.8124680110553792,1.0,"CRL
 ACC ,  C  ,  Rule
0.840 0.310 ['age_low && capital_gain_0']=>0
0.839 0.509 ['occupation_Blue-Collar && capital_gain_0']=>0
0.836 0.718 ['neg_marital_status_Married']=>0
0.836 0.771 ['education_HS-grad && capital_gain_0']=>0
0.812 1.000 ['neg_marital_status_Single']=>1

"
0.0016681005372000592,0.003,0.847807541375192,0.3112438150486265,0.8400900900900901,0.3090704340704341,0.8401064592076978,0.31047190091104515,"CRL
 ACC ,  C  ,  Rule
0.840 0.310 ['age_low && capital_gain_0']=>0
0.839 0.509 ['occupation_Blue-Collar && capital_gain_0']=>0
0.836 0.718 ['neg_marital_status_Married']=>0
0.836 0.771 ['education_HS-grad && capital_gain_0']=>0
0.812 1.000 ['neg_marital_status_Single']=>1

"
0.0016681005372000592,0.003,0.8461354717624978,0.5066712165159529,0.8404995904995906,0.5056306306306306,0.8394922714709796,0.5090592691165934,"CRL
 ACC ,  C  ,  Rule
0.840 0.310 ['age_low && capital_gain_0']=>0
0.839 0.509 ['occupation_Blue-Collar && capital_gain_0']=>0
0.836 0.718 ['neg_marital_status_Married']=>0
0.836 0.771 ['education_HS-grad && capital_gain_0']=>0
0.812 1.000 ['neg_marital_status_Single']=>1

"
0.0016681005372000592,0.003,0.8425183415799352,0.7264630609111074,0.8384520884520884,0.7303439803439804,0.8364213327873887,0.7177807349779917,"CRL
 ACC ,  C  ,  Rule
0.840 0.310 ['age_low && capital_gain_0']=>0
0.839 0.509 ['occupation_Blue-Collar && capital_gain_0']=>0
0.836 0.718 ['neg_marital_status_Married']=>0
0.836 0.771 ['education_HS-grad && capital_gain_0']=>0
0.812 1.000 ['neg_marital_status_Single']=>1

"
0.0016681005372000592,0.003,0.8405391571404197,0.7790479440368538,0.8347665847665847,0.7798935298935299,0.8356024158050978,0.770907974204115,"CRL
 ACC ,  C  ,  Rule
0.840 0.310 ['age_low && capital_gain_0']=>0
0.839 0.509 ['occupation_Blue-Collar && capital_gain_0']=>0
0.836 0.718 ['neg_marital_status_Married']=>0
0.836 0.771 ['education_HS-grad && capital_gain_0']=>0
0.812 1.000 ['neg_marital_status_Single']=>1

"
0.0016681005372000592,0.003,0.815355741341068,1.0,0.8176699426699426,1.0,0.8124680110553792,1.0,"CRL
 ACC ,  C  ,  Rule
0.840 0.310 ['age_low && capital_gain_0']=>0
0.839 0.509 ['occupation_Blue-Collar && capital_gain_0']=>0
0.836 0.718 ['neg_marital_status_Married']=>0
0.836 0.771 ['education_HS-grad && capital_gain_0']=>0
0.812 1.000 ['neg_marital_status_Single']=>1

"
0.0016681005372000592,0.004,0.847807541375192,0.3112438150486265,0.8400900900900901,0.3090704340704341,0.8401064592076978,0.31047190091104515,"CRL
 ACC ,  C  ,  Rule
0.840 0.310 ['age_low && capital_gain_0']=>0
0.839 0.509 ['occupation_Blue-Collar && capital_gain_0']=>0
0.836 0.718 ['neg_marital_status_Married']=>0
0.836 0.771 ['education_HS-grad && capital_gain_0']=>0
0.812 1.000 ['neg_marital_status_Widowed']=>1

"
0.0016681005372000592,0.004,0.8461354717624978,0.5066712165159529,0.8404995904995906,0.5056306306306306,0.8394922714709796,0.5090592691165934,"CRL
 ACC ,  C  ,  Rule
0.840 0.310 ['age_low && capital_gain_0']=>0
0.839 0.509 ['occupation_Blue-Collar && capital_gain_0']=>0
0.836 0.718 ['neg_marital_status_Married']=>0
0.836 0.771 ['education_HS-grad && capital_gain_0']=>0
0.812 1.000 ['neg_marital_status_Widowed']=>1

"
0.0016681005372000592,0.004,0.8425183415799352,0.7264630609111074,0.8384520884520884,0.7303439803439804,0.8364213327873887,0.7177807349779917,"CRL
 ACC ,  C  ,  Rule
0.840 0.310 ['age_low && capital_gain_0']=>0
0.839 0.509 ['occupation_Blue-Collar && capital_gain_0']=>0
0.836 0.718 ['neg_marital_status_Married']=>0
0.836 0.771 ['education_HS-grad && capital_gain_0']=>0
0.812 1.000 ['neg_marital_status_Widowed']=>1

"
0.0016681005372000592,0.004,0.8405391571404197,0.7790479440368538,0.8347665847665847,0.7798935298935299,0.8356024158050978,0.770907974204115,"CRL
 ACC ,  C  ,  Rule
0.840 0.310 ['age_low && capital_gain_0']=>0
0.839 0.509 ['occupation_Blue-Collar && capital_gain_0']=>0
0.836 0.718 ['neg_marital_status_Married']=>0
0.836 0.771 ['education_HS-grad && capital_gain_0']=>0
0.812 1.000 ['neg_marital_status_Widowed']=>1

"
0.0016681005372000592,0.004,0.815355741341068,1.0,0.8176699426699426,1.0,0.8124680110553792,1.0,"CRL
 ACC ,  C  ,  Rule
0.840 0.310 ['age_low && capital_gain_0']=>0
0.839 0.509 ['occupation_Blue-Collar && capital_gain_0']=>0
0.836 0.718 ['neg_marital_status_Married']=>0
0.836 0.771 ['education_HS-grad && capital_gain_0']=>0
0.812 1.000 ['neg_marital_status_Widowed']=>1

"
0.0016681005372000592,0.005,0.847807541375192,0.3112438150486265,0.8400900900900901,0.3090704340704341,0.8401064592076978,0.31047190091104515,"CRL
 ACC ,  C  ,  Rule
0.840 0.310 ['age_low && capital_gain_0']=>0
0.839 0.509 ['occupation_Blue-Collar && capital_gain_0']=>0
0.836 0.718 ['neg_marital_status_Married']=>0
0.836 0.771 ['education_HS-grad && capital_gain_0']=>0
0.812 1.000 ['neg_marital_status_Widowed']=>1

"
0.0016681005372000592,0.005,0.8461354717624978,0.5066712165159529,0.8404995904995906,0.5056306306306306,0.8394922714709796,0.5090592691165934,"CRL
 ACC ,  C  ,  Rule
0.840 0.310 ['age_low && capital_gain_0']=>0
0.839 0.509 ['occupation_Blue-Collar && capital_gain_0']=>0
0.836 0.718 ['neg_marital_status_Married']=>0
0.836 0.771 ['education_HS-grad && capital_gain_0']=>0
0.812 1.000 ['neg_marital_status_Widowed']=>1

"
0.0016681005372000592,0.005,0.8425183415799352,0.7264630609111074,0.8384520884520884,0.7303439803439804,0.8364213327873887,0.7177807349779917,"CRL
 ACC ,  C  ,  Rule
0.840 0.310 ['age_low && capital_gain_0']=>0
0.839 0.509 ['occupation_Blue-Collar && capital_gain_0']=>0
0.836 0.718 ['neg_marital_status_Married']=>0
0.836 0.771 ['education_HS-grad && capital_gain_0']=>0
0.812 1.000 ['neg_marital_status_Widowed']=>1

"
0.0016681005372000592,0.005,0.8405391571404197,0.7790479440368538,0.8347665847665847,0.7798935298935299,0.8356024158050978,0.770907974204115,"CRL
 ACC ,  C  ,  Rule
0.840 0.310 ['age_low && capital_gain_0']=>0
0.839 0.509 ['occupation_Blue-Collar && capital_gain_0']=>0
0.836 0.718 ['neg_marital_status_Married']=>0
0.836 0.771 ['education_HS-grad && capital_gain_0']=>0
0.812 1.000 ['neg_marital_status_Widowed']=>1

"
0.0016681005372000592,0.005,0.815355741341068,1.0,0.8176699426699426,1.0,0.8124680110553792,1.0,"CRL
 ACC ,  C  ,  Rule
0.840 0.310 ['age_low && capital_gain_0']=>0
0.839 0.509 ['occupation_Blue-Collar && capital_gain_0']=>0
0.836 0.718 ['neg_marital_status_Married']=>0
0.836 0.771 ['education_HS-grad && capital_gain_0']=>0
0.812 1.000 ['neg_marital_status_Widowed']=>1

"
0.0016681005372000592,0.006,0.847807541375192,0.3112438150486265,0.8400900900900901,0.3090704340704341,0.8401064592076978,0.31047190091104515,"CRL
 ACC ,  C  ,  Rule
0.840 0.310 ['age_low && capital_gain_0']=>0
0.839 0.509 ['occupation_Blue-Collar && capital_gain_0']=>0
0.836 0.718 ['neg_marital_status_Married']=>0
0.836 0.771 ['education_HS-grad && capital_gain_0']=>0
0.812 1.000 ['marital_status_Married']=>1

"
0.0016681005372000592,0.006,0.8461354717624978,0.5066712165159529,0.8404995904995906,0.5056306306306306,0.8394922714709796,0.5090592691165934,"CRL
 ACC ,  C  ,  Rule
0.840 0.310 ['age_low && capital_gain_0']=>0
0.839 0.509 ['occupation_Blue-Collar && capital_gain_0']=>0
0.836 0.718 ['neg_marital_status_Married']=>0
0.836 0.771 ['education_HS-grad && capital_gain_0']=>0
0.812 1.000 ['marital_status_Married']=>1

"
0.0016681005372000592,0.006,0.8425183415799352,0.7264630609111074,0.8384520884520884,0.7303439803439804,0.8364213327873887,0.7177807349779917,"CRL
 ACC ,  C  ,  Rule
0.840 0.310 ['age_low && capital_gain_0']=>0
0.839 0.509 ['occupation_Blue-Collar && capital_gain_0']=>0
0.836 0.718 ['neg_marital_status_Married']=>0
0.836 0.771 ['education_HS-grad && capital_gain_0']=>0
0.812 1.000 ['marital_status_Married']=>1

"
0.0016681005372000592,0.006,0.8405391571404197,0.7790479440368538,0.8347665847665847,0.7798935298935299,0.8356024158050978,0.770907974204115,"CRL
 ACC ,  C  ,  Rule
0.840 0.310 ['age_low && capital_gain_0']=>0
0.839 0.509 ['occupation_Blue-Collar && capital_gain_0']=>0
0.836 0.718 ['neg_marital_status_Married']=>0
0.836 0.771 ['education_HS-grad && capital_gain_0']=>0
0.812 1.000 ['marital_status_Married']=>1

"
0.0016681005372000592,0.006,0.815355741341068,1.0,0.8176699426699426,1.0,0.8124680110553792,1.0,"CRL
 ACC ,  C  ,  Rule
0.840 0.310 ['age_low && capital_gain_0']=>0
0.839 0.509 ['occupation_Blue-Collar && capital_gain_0']=>0
0.836 0.718 ['neg_marital_status_Married']=>0
0.836 0.771 ['education_HS-grad && capital_gain_0']=>0
0.812 1.000 ['marital_status_Married']=>1

"
0.0016681005372000592,0.007,0.847807541375192,0.3112438150486265,0.8400900900900901,0.3090704340704341,0.8401064592076978,0.31047190091104515,"CRL
 ACC ,  C  ,  Rule
0.840 0.310 ['age_low && capital_gain_0']=>0
0.839 0.509 ['occupation_Blue-Collar && capital_gain_0']=>0
0.836 0.718 ['neg_marital_status_Married']=>0
0.836 0.771 ['education_HS-grad && capital_gain_0']=>0
0.812 1.000 ['marital_status_Married']=>1

"
0.0016681005372000592,0.007,0.8461354717624978,0.5066712165159529,0.8404995904995906,0.5056306306306306,0.8394922714709796,0.5090592691165934,"CRL
 ACC ,  C  ,  Rule
0.840 0.310 ['age_low && capital_gain_0']=>0
0.839 0.509 ['occupation_Blue-Collar && capital_gain_0']=>0
0.836 0.718 ['neg_marital_status_Married']=>0
0.836 0.771 ['education_HS-grad && capital_gain_0']=>0
0.812 1.000 ['marital_status_Married']=>1

"
0.0016681005372000592,0.007,0.8425183415799352,0.7264630609111074,0.8384520884520884,0.7303439803439804,0.8364213327873887,0.7177807349779917,"CRL
 ACC ,  C  ,  Rule
0.840 0.310 ['age_low && capital_gain_0']=>0
0.839 0.509 ['occupation_Blue-Collar && capital_gain_0']=>0
0.836 0.718 ['neg_marital_status_Married']=>0
0.836 0.771 ['education_HS-grad && capital_gain_0']=>0
0.812 1.000 ['marital_status_Married']=>1

"
0.0016681005372000592,0.007,0.8405391571404197,0.7790479440368538,0.8347665847665847,0.7798935298935299,0.8356024158050978,0.770907974204115,"CRL
 ACC ,  C  ,  Rule
0.840 0.310 ['age_low && capital_gain_0']=>0
0.839 0.509 ['occupation_Blue-Collar && capital_gain_0']=>0
0.836 0.718 ['neg_marital_status_Married']=>0
0.836 0.771 ['education_HS-grad && capital_gain_0']=>0
0.812 1.000 ['marital_status_Married']=>1

"
0.0016681005372000592,0.007,0.815355741341068,1.0,0.8176699426699426,1.0,0.8124680110553792,1.0,"CRL
 ACC ,  C  ,  Rule
0.840 0.310 ['age_low && capital_gain_0']=>0
0.839 0.509 ['occupation_Blue-Collar && capital_gain_0']=>0
0.836 0.718 ['neg_marital_status_Married']=>0
0.836 0.771 ['education_HS-grad && capital_gain_0']=>0
0.812 1.000 ['marital_status_Married']=>1

"
0.0016681005372000592,0.008,0.847807541375192,0.3112438150486265,0.8400900900900901,0.3090704340704341,0.8401064592076978,0.31047190091104515,"CRL
 ACC ,  C  ,  Rule
0.840 0.310 ['age_low && capital_gain_0']=>0
0.839 0.509 ['occupation_Blue-Collar && capital_gain_0']=>0
0.836 0.718 ['neg_marital_status_Married']=>0
0.836 0.771 ['education_HS-grad && capital_gain_0']=>0
0.812 1.000 ['neg_marital_status_Divorced']=>1

"
0.0016681005372000592,0.008,0.8461354717624978,0.5066712165159529,0.8404995904995906,0.5056306306306306,0.8394922714709796,0.5090592691165934,"CRL
 ACC ,  C  ,  Rule
0.840 0.310 ['age_low && capital_gain_0']=>0
0.839 0.509 ['occupation_Blue-Collar && capital_gain_0']=>0
0.836 0.718 ['neg_marital_status_Married']=>0
0.836 0.771 ['education_HS-grad && capital_gain_0']=>0
0.812 1.000 ['neg_marital_status_Divorced']=>1

"
0.0016681005372000592,0.008,0.8425183415799352,0.7264630609111074,0.8384520884520884,0.7303439803439804,0.8364213327873887,0.7177807349779917,"CRL
 ACC ,  C  ,  Rule
0.840 0.310 ['age_low && capital_gain_0']=>0
0.839 0.509 ['occupation_Blue-Collar && capital_gain_0']=>0
0.836 0.718 ['neg_marital_status_Married']=>0
0.836 0.771 ['education_HS-grad && capital_gain_0']=>0
0.812 1.000 ['neg_marital_status_Divorced']=>1

"
0.0016681005372000592,0.008,0.8405391571404197,0.7790479440368538,0.8347665847665847,0.7798935298935299,0.8356024158050978,0.770907974204115,"CRL
 ACC ,  C  ,  Rule
0.840 0.310 ['age_low && capital_gain_0']=>0
0.839 0.509 ['occupation_Blue-Collar && capital_gain_0']=>0
0.836 0.718 ['neg_marital_status_Married']=>0
0.836 0.771 ['education_HS-grad && capital_gain_0']=>0
0.812 1.000 ['neg_marital_status_Divorced']=>1

"
0.0016681005372000592,0.008,0.815355741341068,1.0,0.8176699426699426,1.0,0.8124680110553792,1.0,"CRL
 ACC ,  C  ,  Rule
0.840 0.310 ['age_low && capital_gain_0']=>0
0.839 0.509 ['occupation_Blue-Collar && capital_gain_0']=>0
0.836 0.718 ['neg_marital_status_Married']=>0
0.836 0.771 ['education_HS-grad && capital_gain_0']=>0
0.812 1.000 ['neg_marital_status_Divorced']=>1

"
0.0016681005372000592,0.009000000000000001,0.847807541375192,0.3112438150486265,0.8400900900900901,0.3090704340704341,0.8401064592076978,0.31047190091104515,"CRL
 ACC ,  C  ,  Rule
0.840 0.310 ['age_low && capital_gain_0']=>0
0.839 0.509 ['occupation_Blue-Collar && capital_gain_0']=>0
0.836 0.718 ['neg_marital_status_Married']=>0
0.836 0.771 ['education_HS-grad && capital_gain_0']=>0
0.812 1.000 ['neg_marital_status_Divorced']=>1

"
0.0016681005372000592,0.009000000000000001,0.8461354717624978,0.5066712165159529,0.8404995904995906,0.5056306306306306,0.8394922714709796,0.5090592691165934,"CRL
 ACC ,  C  ,  Rule
0.840 0.310 ['age_low && capital_gain_0']=>0
0.839 0.509 ['occupation_Blue-Collar && capital_gain_0']=>0
0.836 0.718 ['neg_marital_status_Married']=>0
0.836 0.771 ['education_HS-grad && capital_gain_0']=>0
0.812 1.000 ['neg_marital_status_Divorced']=>1

"
0.0016681005372000592,0.009000000000000001,0.8425183415799352,0.7264630609111074,0.8384520884520884,0.7303439803439804,0.8364213327873887,0.7177807349779917,"CRL
 ACC ,  C  ,  Rule
0.840 0.310 ['age_low && capital_gain_0']=>0
0.839 0.509 ['occupation_Blue-Collar && capital_gain_0']=>0
0.836 0.718 ['neg_marital_status_Married']=>0
0.836 0.771 ['education_HS-grad && capital_gain_0']=>0
0.812 1.000 ['neg_marital_status_Divorced']=>1

"
0.0016681005372000592,0.009000000000000001,0.8405391571404197,0.7790479440368538,0.8347665847665847,0.7798935298935299,0.8356024158050978,0.770907974204115,"CRL
 ACC ,  C  ,  Rule
0.840 0.310 ['age_low && capital_gain_0']=>0
0.839 0.509 ['occupation_Blue-Collar && capital_gain_0']=>0
0.836 0.718 ['neg_marital_status_Married']=>0
0.836 0.771 ['education_HS-grad && capital_gain_0']=>0
0.812 1.000 ['neg_marital_status_Divorced']=>1

"
0.0016681005372000592,0.009000000000000001,0.815355741341068,1.0,0.8176699426699426,1.0,0.8124680110553792,1.0,"CRL
 ACC ,  C  ,  Rule
0.840 0.310 ['age_low && capital_gain_0']=>0
0.839 0.509 ['occupation_Blue-Collar && capital_gain_0']=>0
0.836 0.718 ['neg_marital_status_Married']=>0
0.836 0.771 ['education_HS-grad && capital_gain_0']=>0
0.812 1.000 ['neg_marital_status_Divorced']=>1

"
0.0016681005372000592,0.01,0.8471933117215492,0.2865381334243303,0.8412162162162162,0.28736691236691236,0.8407206469444161,0.2894871532398403,"CRL
 ACC ,  C  ,  Rule
0.841 0.289 ['occupation_Blue-Collar && capital_gain_0']=>0
0.838 0.680 ['neg_marital_status_Married']=>0
0.837 0.743 ['education_HS-grad && capital_gain_0']=>0
0.806 1.000 ['neg_marital_status_Separated']=>1

"
0.0016681005372000592,0.01,0.8435761815389865,0.6897457771711313,0.8391687141687142,0.6936936936936937,0.8376497082608251,0.6801105537926093,"CRL
 ACC ,  C  ,  Rule
0.841 0.289 ['occupation_Blue-Collar && capital_gain_0']=>0
0.838 0.680 ['neg_marital_status_Married']=>0
0.837 0.743 ['education_HS-grad && capital_gain_0']=>0
0.806 1.000 ['neg_marital_status_Separated']=>1

"
0.0016681005372000592,0.01,0.8415628732298243,0.7526701927998635,0.8354832104832105,0.7533783783783784,0.8368307912785341,0.7434742552973692,"CRL
 ACC ,  C  ,  Rule
0.841 0.289 ['occupation_Blue-Collar && capital_gain_0']=>0
0.838 0.680 ['neg_marital_status_Married']=>0
0.837 0.743 ['education_HS-grad && capital_gain_0']=>0
0.806 1.000 ['neg_marital_status_Separated']=>1

"
0.0016681005372000592,0.01,0.8052891997952568,1.0,0.806920556920557,1.0,0.8063261336881974,1.0,"CRL
 ACC ,  C  ,  Rule
0.841 0.289 ['occupation_Blue-Collar && capital_gain_0']=>0
0.838 0.680 ['neg_marital_status_Married']=>0
0.837 0.743 ['education_HS-grad && capital_gain_0']=>0
0.806 1.000 ['neg_marital_status_Separated']=>1

"
0.0027825594022071257,0.001,0.8471933117215492,0.2865381334243303,0.8412162162162162,0.28736691236691236,0.8407206469444161,0.2894871532398403,"CRL
 ACC ,  C  ,  Rule
0.841 0.289 ['occupation_Blue-Collar && capital_gain_0']=>0
0.838 0.680 ['neg_marital_status_Married']=>0
0.837 0.743 ['education_HS-grad && capital_gain_0']=>0
0.806 1.000 ['neg_marital_status_Separated']=>1

"
0.0027825594022071257,0.001,0.8435761815389865,0.6897457771711313,0.8391687141687142,0.6936936936936937,0.8376497082608251,0.6801105537926093,"CRL
 ACC ,  C  ,  Rule
0.841 0.289 ['occupation_Blue-Collar && capital_gain_0']=>0
0.838 0.680 ['neg_marital_status_Married']=>0
0.837 0.743 ['education_HS-grad && capital_gain_0']=>0
0.806 1.000 ['neg_marital_status_Separated']=>1

"
0.0027825594022071257,0.001,0.8415628732298243,0.7526701927998635,0.8354832104832105,0.7533783783783784,0.8368307912785341,0.7434742552973692,"CRL
 ACC ,  C  ,  Rule
0.841 0.289 ['occupation_Blue-Collar && capital_gain_0']=>0
0.838 0.680 ['neg_marital_status_Married']=>0
0.837 0.743 ['education_HS-grad && capital_gain_0']=>0
0.806 1.000 ['neg_marital_status_Separated']=>1

"
0.0027825594022071257,0.001,0.8052891997952568,1.0,0.806920556920557,1.0,0.8063261336881974,1.0,"CRL
 ACC ,  C  ,  Rule
0.841 0.289 ['occupation_Blue-Collar && capital_gain_0']=>0
0.838 0.680 ['neg_marital_status_Married']=>0
0.837 0.743 ['education_HS-grad && capital_gain_0']=>0
0.806 1.000 ['neg_marital_status_Separated']=>1

"
0.0027825594022071257,0.002,0.8471933117215492,0.2865381334243303,0.8412162162162162,0.28736691236691236,0.8407206469444161,0.2894871532398403,"CRL
 ACC ,  C  ,  Rule
0.841 0.289 ['occupation_Blue-Collar && capital_gain_0']=>0
0.838 0.680 ['neg_marital_status_Married']=>0
0.837 0.743 ['education_HS-grad && capital_gain_0']=>0
0.806 1.000 ['marital_status_Married']=>1

"
0.0027825594022071257,0.002,0.8435761815389865,0.6897457771711313,0.8391687141687142,0.6936936936936937,0.8376497082608251,0.6801105537926093,"CRL
 ACC ,  C  ,  Rule
0.841 0.289 ['occupation_Blue-Collar && capital_gain_0']=>0
0.838 0.680 ['neg_marital_status_Married']=>0
0.837 0.743 ['education_HS-grad && capital_gain_0']=>0
0.806 1.000 ['marital_status_Married']=>1

"
0.0027825594022071257,0.002,0.8415628732298243,0.7526701927998635,0.8354832104832105,0.7533783783783784,0.8368307912785341,0.7434742552973692,"CRL
 ACC ,  C  ,  Rule
0.841 0.289 ['occupation_Blue-Collar && capital_gain_0']=>0
0.838 0.680 ['neg_marital_status_Married']=>0
0.837 0.743 ['education_HS-grad && capital_gain_0']=>0
0.806 1.000 ['marital_status_Married']=>1

"
0.0027825594022071257,0.002,0.8052891997952568,1.0,0.806920556920557,1.0,0.8063261336881974,1.0,"CRL
 ACC ,  C  ,  Rule
0.841 0.289 ['occupation_Blue-Collar && capital_gain_0']=>0
0.838 0.680 ['neg_marital_status_Married']=>0
0.837 0.743 ['education_HS-grad && capital_gain_0']=>0
0.806 1.000 ['marital_status_Married']=>1

"
0.0027825594022071257,0.003,0.8471933117215492,0.2865381334243303,0.8412162162162162,0.28736691236691236,0.8407206469444161,0.2894871532398403,"CRL
 ACC ,  C  ,  Rule
0.841 0.289 ['occupation_Blue-Collar && capital_gain_0']=>0
0.838 0.680 ['neg_marital_status_Married']=>0
0.837 0.743 ['education_HS-grad && capital_gain_0']=>0
0.806 1.000 ['neg_marital_status_Divorced']=>1

"
0.0027825594022071257,0.003,0.8435761815389865,0.6897457771711313,0.8391687141687142,0.6936936936936937,0.8376497082608251,0.6801105537926093,"CRL
 ACC ,  C  ,  Rule
0.841 0.289 ['occupation_Blue-Collar && capital_gain_0']=>0
0.838 0.680 ['neg_marital_status_Married']=>0
0.837 0.743 ['education_HS-grad && capital_gain_0']=>0
0.806 1.000 ['neg_marital_status_Divorced']=>1

"
0.0027825594022071257,0.003,0.8415628732298243,0.7526701927998635,0.8354832104832105,0.7533783783783784,0.8368307912785341,0.7434742552973692,"CRL
 ACC ,  C  ,  Rule
0.841 0.289 ['occupation_Blue-Collar && capital_gain_0']=>0
0.838 0.680 ['neg_marital_status_Married']=>0
0.837 0.743 ['education_HS-grad && capital_gain_0']=>0
0.806 1.000 ['neg_marital_status_Divorced']=>1

"
0.0027825594022071257,0.003,0.8052891997952568,1.0,0.806920556920557,1.0,0.8063261336881974,1.0,"CRL
 ACC ,  C  ,  Rule
0.841 0.289 ['occupation_Blue-Collar && capital_gain_0']=>0
0.838 0.680 ['neg_marital_status_Married']=>0
0.837 0.743 ['education_HS-grad && capital_gain_0']=>0
0.806 1.000 ['neg_marital_status_Divorced']=>1

"
0.0027825594022071257,0.004,0.8471933117215492,0.2865381334243303,0.8412162162162162,0.28736691236691236,0.8407206469444161,0.2894871532398403,"CRL
 ACC ,  C  ,  Rule
0.841 0.289 ['occupation_Blue-Collar && capital_gain_0']=>0
0.838 0.680 ['neg_marital_status_Married']=>0
0.837 0.743 ['education_HS-grad && capital_gain_0']=>0
0.806 1.000 ['neg_marital_status_Single']=>1

"
0.0027825594022071257,0.004,0.8435761815389865,0.6897457771711313,0.8391687141687142,0.6936936936936937,0.8376497082608251,0.6801105537926093,"CRL
 ACC ,  C  ,  Rule
0.841 0.289 ['occupation_Blue-Collar && capital_gain_0']=>0
0.838 0.680 ['neg_marital_status_Married']=>0
0.837 0.743 ['education_HS-grad && capital_gain_0']=>0
0.806 1.000 ['neg_marital_status_Single']=>1

"
0.0027825594022071257,0.004,0.8415628732298243,0.7526701927998635,0.8354832104832105,0.7533783783783784,0.8368307912785341,0.7434742552973692,"CRL
 ACC ,  C  ,  Rule
0.841 0.289 ['occupation_Blue-Collar && capital_gain_0']=>0
0.838 0.680 ['neg_marital_status_Married']=>0
0.837 0.743 ['education_HS-grad && capital_gain_0']=>0
0.806 1.000 ['neg_marital_status_Single']=>1

"
0.0027825594022071257,0.004,0.8052891997952568,1.0,0.806920556920557,1.0,0.8063261336881974,1.0,"CRL
 ACC ,  C  ,  Rule
0.841 0.289 ['occupation_Blue-Collar && capital_gain_0']=>0
0.838 0.680 ['neg_marital_status_Married']=>0
0.837 0.743 ['education_HS-grad && capital_gain_0']=>0
0.806 1.000 ['neg_marital_status_Single']=>1

"
0.0027825594022071257,0.005,0.8471933117215492,0.2865381334243303,0.8412162162162162,0.28736691236691236,0.8407206469444161,0.2894871532398403,"CRL
 ACC ,  C  ,  Rule
0.841 0.289 ['occupation_Blue-Collar && capital_gain_0']=>0
0.838 0.680 ['neg_marital_status_Married']=>0
0.837 0.743 ['education_HS-grad && capital_gain_0']=>0
0.806 1.000 ['neg_marital_status_Separated']=>1

"
0.0027825594022071257,0.005,0.8435761815389865,0.6897457771711313,0.8391687141687142,0.6936936936936937,0.8376497082608251,0.6801105537926093,"CRL
 ACC ,  C  ,  Rule
0.841 0.289 ['occupation_Blue-Collar && capital_gain_0']=>0
0.838 0.680 ['neg_marital_status_Married']=>0
0.837 0.743 ['education_HS-grad && capital_gain_0']=>0
0.806 1.000 ['neg_marital_status_Separated']=>1

"
0.0027825594022071257,0.005,0.8415628732298243,0.7526701927998635,0.8354832104832105,0.7533783783783784,0.8368307912785341,0.7434742552973692,"CRL
 ACC ,  C  ,  Rule
0.841 0.289 ['occupation_Blue-Collar && capital_gain_0']=>0
0.838 0.680 ['neg_marital_status_Married']=>0
0.837 0.743 ['education_HS-grad && capital_gain_0']=>0
0.806 1.000 ['neg_marital_status_Separated']=>1

"
0.0027825594022071257,0.005,0.8052891997952568,1.0,0.806920556920557,1.0,0.8063261336881974,1.0,"CRL
 ACC ,  C  ,  Rule
0.841 0.289 ['occupation_Blue-Collar && capital_gain_0']=>0
0.838 0.680 ['neg_marital_status_Married']=>0
0.837 0.743 ['education_HS-grad && capital_gain_0']=>0
0.806 1.000 ['neg_marital_status_Separated']=>1

"
0.0027825594022071257,0.006,0.8471933117215492,0.2865381334243303,0.8412162162162162,0.28736691236691236,0.8407206469444161,0.2894871532398403,"CRL
 ACC ,  C  ,  Rule
0.841 0.289 ['occupation_Blue-Collar && capital_gain_0']=>0
0.838 0.680 ['neg_marital_status_Married']=>0
0.837 0.743 ['education_HS-grad && capital_gain_0']=>0
0.806 1.000 ['marital_status_Married']=>1

"
0.0027825594022071257,0.006,0.8435761815389865,0.6897457771711313,0.8391687141687142,0.6936936936936937,0.8376497082608251,0.6801105537926093,"CRL
 ACC ,  C  ,  Rule
0.841 0.289 ['occupation_Blue-Collar && capital_gain_0']=>0
0.838 0.680 ['neg_marital_status_Married']=>0
0.837 0.743 ['education_HS-grad && capital_gain_0']=>0
0.806 1.000 ['marital_status_Married']=>1

"
0.0027825594022071257,0.006,0.8415628732298243,0.7526701927998635,0.8354832104832105,0.7533783783783784,0.8368307912785341,0.7434742552973692,"CRL
 ACC ,  C  ,  Rule
0.841 0.289 ['occupation_Blue-Collar && capital_gain_0']=>0
0.838 0.680 ['neg_marital_status_Married']=>0
0.837 0.743 ['education_HS-grad && capital_gain_0']=>0
0.806 1.000 ['marital_status_Married']=>1

"
0.0027825594022071257,0.006,0.8052891997952568,1.0,0.806920556920557,1.0,0.8063261336881974,1.0,"CRL
 ACC ,  C  ,  Rule
0.841 0.289 ['occupation_Blue-Collar && capital_gain_0']=>0
0.838 0.680 ['neg_marital_status_Married']=>0
0.837 0.743 ['education_HS-grad && capital_gain_0']=>0
0.806 1.000 ['marital_status_Married']=>1

"
0.0027825594022071257,0.007,0.8471933117215492,0.2865381334243303,0.8412162162162162,0.28736691236691236,0.8407206469444161,0.2894871532398403,"CRL
 ACC ,  C  ,  Rule
0.841 0.289 ['occupation_Blue-Collar && capital_gain_0']=>0
0.838 0.680 ['neg_marital_status_Married']=>0
0.837 0.743 ['education_HS-grad && capital_gain_0']=>0
0.806 1.000 ['neg_marital_status_Divorced']=>1

"
0.0027825594022071257,0.007,0.8435761815389865,0.6897457771711313,0.8391687141687142,0.6936936936936937,0.8376497082608251,0.6801105537926093,"CRL
 ACC ,  C  ,  Rule
0.841 0.289 ['occupation_Blue-Collar && capital_gain_0']=>0
0.838 0.680 ['neg_marital_status_Married']=>0
0.837 0.743 ['education_HS-grad && capital_gain_0']=>0
0.806 1.000 ['neg_marital_status_Divorced']=>1

"
0.0027825594022071257,0.007,0.8415628732298243,0.7526701927998635,0.8354832104832105,0.7533783783783784,0.8368307912785341,0.7434742552973692,"CRL
 ACC ,  C  ,  Rule
0.841 0.289 ['occupation_Blue-Collar && capital_gain_0']=>0
0.838 0.680 ['neg_marital_status_Married']=>0
0.837 0.743 ['education_HS-grad && capital_gain_0']=>0
0.806 1.000 ['neg_marital_status_Divorced']=>1

"
0.0027825594022071257,0.007,0.8052891997952568,1.0,0.806920556920557,1.0,0.8063261336881974,1.0,"CRL
 ACC ,  C  ,  Rule
0.841 0.289 ['occupation_Blue-Collar && capital_gain_0']=>0
0.838 0.680 ['neg_marital_status_Married']=>0
0.837 0.743 ['education_HS-grad && capital_gain_0']=>0
0.806 1.000 ['neg_marital_status_Divorced']=>1

"
0.0027825594022071257,0.008,0.8471933117215492,0.2865381334243303,0.8412162162162162,0.28736691236691236,0.8407206469444161,0.2894871532398403,"CRL
 ACC ,  C  ,  Rule
0.841 0.289 ['occupation_Blue-Collar && capital_gain_0']=>0
0.838 0.680 ['neg_marital_status_Married']=>0
0.837 0.743 ['education_HS-grad && capital_gain_0']=>0
0.806 1.000 ['neg_marital_status_Single']=>1

"
0.0027825594022071257,0.008,0.8435761815389865,0.6897457771711313,0.8391687141687142,0.6936936936936937,0.8376497082608251,0.6801105537926093,"CRL
 ACC ,  C  ,  Rule
0.841 0.289 ['occupation_Blue-Collar && capital_gain_0']=>0
0.838 0.680 ['neg_marital_status_Married']=>0
0.837 0.743 ['education_HS-grad && capital_gain_0']=>0
0.806 1.000 ['neg_marital_status_Single']=>1

"
0.0027825594022071257,0.008,0.8415628732298243,0.7526701927998635,0.8354832104832105,0.7533783783783784,0.8368307912785341,0.7434742552973692,"CRL
 ACC ,  C  ,  Rule
0.841 0.289 ['occupation_Blue-Collar && capital_gain_0']=>0
0.838 0.680 ['neg_marital_status_Married']=>0
0.837 0.743 ['education_HS-grad && capital_gain_0']=>0
0.806 1.000 ['neg_marital_status_Single']=>1

"
0.0027825594022071257,0.008,0.8052891997952568,1.0,0.806920556920557,1.0,0.8063261336881974,1.0,"CRL
 ACC ,  C  ,  Rule
0.841 0.289 ['occupation_Blue-Collar && capital_gain_0']=>0
0.838 0.680 ['neg_marital_status_Married']=>0
0.837 0.743 ['education_HS-grad && capital_gain_0']=>0
0.806 1.000 ['neg_marital_status_Single']=>1

"
0.0027825594022071257,0.009000000000000001,0.8471933117215492,0.2865381334243303,0.8412162162162162,0.28736691236691236,0.8407206469444161,0.2894871532398403,"CRL
 ACC ,  C  ,  Rule
0.841 0.289 ['occupation_Blue-Collar && capital_gain_0']=>0
0.838 0.680 ['neg_marital_status_Married']=>0
0.837 0.743 ['education_HS-grad && capital_gain_0']=>0
0.806 1.000 ['neg_marital_status_Single']=>1

"
0.0027825594022071257,0.009000000000000001,0.8435761815389865,0.6897457771711313,0.8391687141687142,0.6936936936936937,0.8376497082608251,0.6801105537926093,"CRL
 ACC ,  C  ,  Rule
0.841 0.289 ['occupation_Blue-Collar && capital_gain_0']=>0
0.838 0.680 ['neg_marital_status_Married']=>0
0.837 0.743 ['education_HS-grad && capital_gain_0']=>0
0.806 1.000 ['neg_marital_status_Single']=>1

"
0.0027825594022071257,0.009000000000000001,0.8415628732298243,0.7526701927998635,0.8354832104832105,0.7533783783783784,0.8368307912785341,0.7434742552973692,"CRL
 ACC ,  C  ,  Rule
0.841 0.289 ['occupation_Blue-Collar && capital_gain_0']=>0
0.838 0.680 ['neg_marital_status_Married']=>0
0.837 0.743 ['education_HS-grad && capital_gain_0']=>0
0.806 1.000 ['neg_marital_status_Single']=>1

"
0.0027825594022071257,0.009000000000000001,0.8052891997952568,1.0,0.806920556920557,1.0,0.8063261336881974,1.0,"CRL
 ACC ,  C  ,  Rule
0.841 0.289 ['occupation_Blue-Collar && capital_gain_0']=>0
0.838 0.680 ['neg_marital_status_Married']=>0
0.837 0.743 ['education_HS-grad && capital_gain_0']=>0
0.806 1.000 ['neg_marital_status_Single']=>1

"
0.0027825594022071257,0.01,0.8471933117215492,0.2865381334243303,0.8412162162162162,0.28736691236691236,0.8407206469444161,0.2894871532398403,"CRL
 ACC ,  C  ,  Rule
0.841 0.289 ['occupation_Blue-Collar && capital_gain_0']=>0
0.838 0.680 ['neg_marital_status_Married']=>0
0.837 0.743 ['education_HS-grad && capital_gain_0']=>0
0.806 1.000 ['neg_marital_status_Widowed']=>1

"
0.0027825594022071257,0.01,0.8435761815389865,0.6897457771711313,0.8391687141687142,0.6936936936936937,0.8376497082608251,0.6801105537926093,"CRL
 ACC ,  C  ,  Rule
0.841 0.289 ['occupation_Blue-Collar && capital_gain_0']=>0
0.838 0.680 ['neg_marital_status_Married']=>0
0.837 0.743 ['education_HS-grad && capital_gain_0']=>0
0.806 1.000 ['neg_marital_status_Widowed']=>1

"
0.0027825594022071257,0.01,0.8415628732298243,0.7526701927998635,0.8354832104832105,0.7533783783783784,0.8368307912785341,0.7434742552973692,"CRL
 ACC ,  C  ,  Rule
0.841 0.289 ['occupation_Blue-Collar && capital_gain_0']=>0
0.838 0.680 ['neg_marital_status_Married']=>0
0.837 0.743 ['education_HS-grad && capital_gain_0']=>0
0.806 1.000 ['neg_marital_status_Widowed']=>1

"
0.0027825594022071257,0.01,0.8052891997952568,1.0,0.806920556920557,1.0,0.8063261336881974,1.0,"CRL
 ACC ,  C  ,  Rule
0.841 0.289 ['occupation_Blue-Collar && capital_gain_0']=>0
0.838 0.680 ['neg_marital_status_Married']=>0
0.837 0.743 ['education_HS-grad && capital_gain_0']=>0
0.806 1.000 ['neg_marital_status_Widowed']=>1

"
0.004641588833612777,0.001,0.8471933117215492,0.2865381334243303,0.8412162162162162,0.28736691236691236,0.8407206469444161,0.2894871532398403,"CRL
 ACC ,  C  ,  Rule
0.841 0.289 ['occupation_Blue-Collar && capital_gain_0']=>0
0.838 0.680 ['neg_marital_status_Married']=>0
0.837 0.743 ['education_HS-grad && capital_gain_0']=>0
0.806 1.000 ['neg_marital_status_Divorced']=>1

"
0.004641588833612777,0.001,0.8435761815389865,0.6897457771711313,0.8391687141687142,0.6936936936936937,0.8376497082608251,0.6801105537926093,"CRL
 ACC ,  C  ,  Rule
0.841 0.289 ['occupation_Blue-Collar && capital_gain_0']=>0
0.838 0.680 ['neg_marital_status_Married']=>0
0.837 0.743 ['education_HS-grad && capital_gain_0']=>0
0.806 1.000 ['neg_marital_status_Divorced']=>1

"
0.004641588833612777,0.001,0.8415628732298243,0.7526701927998635,0.8354832104832105,0.7533783783783784,0.8368307912785341,0.7434742552973692,"CRL
 ACC ,  C  ,  Rule
0.841 0.289 ['occupation_Blue-Collar && capital_gain_0']=>0
0.838 0.680 ['neg_marital_status_Married']=>0
0.837 0.743 ['education_HS-grad && capital_gain_0']=>0
0.806 1.000 ['neg_marital_status_Divorced']=>1

"
0.004641588833612777,0.001,0.8052891997952568,1.0,0.806920556920557,1.0,0.8063261336881974,1.0,"CRL
 ACC ,  C  ,  Rule
0.841 0.289 ['occupation_Blue-Collar && capital_gain_0']=>0
0.838 0.680 ['neg_marital_status_Married']=>0
0.837 0.743 ['education_HS-grad && capital_gain_0']=>0
0.806 1.000 ['neg_marital_status_Divorced']=>1

"
0.004641588833612777,0.002,0.8471933117215492,0.2865381334243303,0.8412162162162162,0.28736691236691236,0.8407206469444161,0.2894871532398403,"CRL
 ACC ,  C  ,  Rule
0.841 0.289 ['occupation_Blue-Collar && capital_gain_0']=>0
0.838 0.680 ['neg_marital_status_Married']=>0
0.837 0.743 ['education_HS-grad && capital_gain_0']=>0
0.806 1.000 ['neg_marital_status_Divorced']=>1

"
0.004641588833612777,0.002,0.8435761815389865,0.6897457771711313,0.8391687141687142,0.6936936936936937,0.8376497082608251,0.6801105537926093,"CRL
 ACC ,  C  ,  Rule
0.841 0.289 ['occupation_Blue-Collar && capital_gain_0']=>0
0.838 0.680 ['neg_marital_status_Married']=>0
0.837 0.743 ['education_HS-grad && capital_gain_0']=>0
0.806 1.000 ['neg_marital_status_Divorced']=>1

"
0.004641588833612777,0.002,0.8415628732298243,0.7526701927998635,0.8354832104832105,0.7533783783783784,0.8368307912785341,0.7434742552973692,"CRL
 ACC ,  C  ,  Rule
0.841 0.289 ['occupation_Blue-Collar && capital_gain_0']=>0
0.838 0.680 ['neg_marital_status_Married']=>0
0.837 0.743 ['education_HS-grad && capital_gain_0']=>0
0.806 1.000 ['neg_marital_status_Divorced']=>1

"
0.004641588833612777,0.002,0.8052891997952568,1.0,0.806920556920557,1.0,0.8063261336881974,1.0,"CRL
 ACC ,  C  ,  Rule
0.841 0.289 ['occupation_Blue-Collar && capital_gain_0']=>0
0.838 0.680 ['neg_marital_status_Married']=>0
0.837 0.743 ['education_HS-grad && capital_gain_0']=>0
0.806 1.000 ['neg_marital_status_Divorced']=>1

"
0.004641588833612777,0.003,0.8471933117215492,0.2865381334243303,0.8412162162162162,0.28736691236691236,0.8407206469444161,0.2894871532398403,"CRL
 ACC ,  C  ,  Rule
0.841 0.289 ['occupation_Blue-Collar && capital_gain_0']=>0
0.838 0.680 ['neg_marital_status_Married']=>0
0.837 0.743 ['education_HS-grad && capital_gain_0']=>0
0.806 1.000 ['neg_marital_status_Separated']=>1

"
0.004641588833612777,0.003,0.8435761815389865,0.6897457771711313,0.8391687141687142,0.6936936936936937,0.8376497082608251,0.6801105537926093,"CRL
 ACC ,  C  ,  Rule
0.841 0.289 ['occupation_Blue-Collar && capital_gain_0']=>0
0.838 0.680 ['neg_marital_status_Married']=>0
0.837 0.743 ['education_HS-grad && capital_gain_0']=>0
0.806 1.000 ['neg_marital_status_Separated']=>1

"
0.004641588833612777,0.003,0.8415628732298243,0.7526701927998635,0.8354832104832105,0.7533783783783784,0.8368307912785341,0.7434742552973692,"CRL
 ACC ,  C  ,  Rule
0.841 0.289 ['occupation_Blue-Collar && capital_gain_0']=>0
0.838 0.680 ['neg_marital_status_Married']=>0
0.837 0.743 ['education_HS-grad && capital_gain_0']=>0
0.806 1.000 ['neg_marital_status_Separated']=>1

"
0.004641588833612777,0.003,0.8052891997952568,1.0,0.806920556920557,1.0,0.8063261336881974,1.0,"CRL
 ACC ,  C  ,  Rule
0.841 0.289 ['occupation_Blue-Collar && capital_gain_0']=>0
0.838 0.680 ['neg_marital_status_Married']=>0
0.837 0.743 ['education_HS-grad && capital_gain_0']=>0
0.806 1.000 ['neg_marital_status_Separated']=>1

"
0.004641588833612777,0.004,0.8471933117215492,0.2865381334243303,0.8412162162162162,0.28736691236691236,0.8407206469444161,0.2894871532398403,"CRL
 ACC ,  C  ,  Rule
0.841 0.289 ['occupation_Blue-Collar && capital_gain_0']=>0
0.838 0.680 ['neg_marital_status_Married']=>0
0.837 0.743 ['education_HS-grad && capital_gain_0']=>0
0.806 1.000 ['neg_marital_status_Separated']=>1

"
0.004641588833612777,0.004,0.8435761815389865,0.6897457771711313,0.8391687141687142,0.6936936936936937,0.8376497082608251,0.6801105537926093,"CRL
 ACC ,  C  ,  Rule
0.841 0.289 ['occupation_Blue-Collar && capital_gain_0']=>0
0.838 0.680 ['neg_marital_status_Married']=>0
0.837 0.743 ['education_HS-grad && capital_gain_0']=>0
0.806 1.000 ['neg_marital_status_Separated']=>1

"
0.004641588833612777,0.004,0.8415628732298243,0.7526701927998635,0.8354832104832105,0.7533783783783784,0.8368307912785341,0.7434742552973692,"CRL
 ACC ,  C  ,  Rule
0.841 0.289 ['occupation_Blue-Collar && capital_gain_0']=>0
0.838 0.680 ['neg_marital_status_Married']=>0
0.837 0.743 ['education_HS-grad && capital_gain_0']=>0
0.806 1.000 ['neg_marital_status_Separated']=>1

"
0.004641588833612777,0.004,0.8052891997952568,1.0,0.806920556920557,1.0,0.8063261336881974,1.0,"CRL
 ACC ,  C  ,  Rule
0.841 0.289 ['occupation_Blue-Collar && capital_gain_0']=>0
0.838 0.680 ['neg_marital_status_Married']=>0
0.837 0.743 ['education_HS-grad && capital_gain_0']=>0
0.806 1.000 ['neg_marital_status_Separated']=>1

"
0.004641588833612777,0.005,0.8471933117215492,0.2865381334243303,0.8412162162162162,0.28736691236691236,0.8407206469444161,0.2894871532398403,"CRL
 ACC ,  C  ,  Rule
0.841 0.289 ['occupation_Blue-Collar && capital_gain_0']=>0
0.838 0.680 ['neg_marital_status_Married']=>0
0.837 0.743 ['education_HS-grad && capital_gain_0']=>0
0.806 1.000 ['neg_marital_status_Separated']=>1

"
0.004641588833612777,0.005,0.8435761815389865,0.6897457771711313,0.8391687141687142,0.6936936936936937,0.8376497082608251,0.6801105537926093,"CRL
 ACC ,  C  ,  Rule
0.841 0.289 ['occupation_Blue-Collar && capital_gain_0']=>0
0.838 0.680 ['neg_marital_status_Married']=>0
0.837 0.743 ['education_HS-grad && capital_gain_0']=>0
0.806 1.000 ['neg_marital_status_Separated']=>1

"
0.004641588833612777,0.005,0.8415628732298243,0.7526701927998635,0.8354832104832105,0.7533783783783784,0.8368307912785341,0.7434742552973692,"CRL
 ACC ,  C  ,  Rule
0.841 0.289 ['occupation_Blue-Collar && capital_gain_0']=>0
0.838 0.680 ['neg_marital_status_Married']=>0
0.837 0.743 ['education_HS-grad && capital_gain_0']=>0
0.806 1.000 ['neg_marital_status_Separated']=>1

"
0.004641588833612777,0.005,0.8052891997952568,1.0,0.806920556920557,1.0,0.8063261336881974,1.0,"CRL
 ACC ,  C  ,  Rule
0.841 0.289 ['occupation_Blue-Collar && capital_gain_0']=>0
0.838 0.680 ['neg_marital_status_Married']=>0
0.837 0.743 ['education_HS-grad && capital_gain_0']=>0
0.806 1.000 ['neg_marital_status_Separated']=>1

"
0.004641588833612777,0.006,0.8471933117215492,0.2865381334243303,0.8412162162162162,0.28736691236691236,0.8407206469444161,0.2894871532398403,"CRL
 ACC ,  C  ,  Rule
0.841 0.289 ['occupation_Blue-Collar && capital_gain_0']=>0
0.838 0.680 ['neg_marital_status_Married']=>0
0.837 0.743 ['education_HS-grad && capital_gain_0']=>0
0.806 1.000 ['neg_marital_status_Separated']=>1

"
0.004641588833612777,0.006,0.8435761815389865,0.6897457771711313,0.8391687141687142,0.6936936936936937,0.8376497082608251,0.6801105537926093,"CRL
 ACC ,  C  ,  Rule
0.841 0.289 ['occupation_Blue-Collar && capital_gain_0']=>0
0.838 0.680 ['neg_marital_status_Married']=>0
0.837 0.743 ['education_HS-grad && capital_gain_0']=>0
0.806 1.000 ['neg_marital_status_Separated']=>1

"
0.004641588833612777,0.006,0.8415628732298243,0.7526701927998635,0.8354832104832105,0.7533783783783784,0.8368307912785341,0.7434742552973692,"CRL
 ACC ,  C  ,  Rule
0.841 0.289 ['occupation_Blue-Collar && capital_gain_0']=>0
0.838 0.680 ['neg_marital_status_Married']=>0
0.837 0.743 ['education_HS-grad && capital_gain_0']=>0
0.806 1.000 ['neg_marital_status_Separated']=>1

"
0.004641588833612777,0.006,0.8052891997952568,1.0,0.806920556920557,1.0,0.8063261336881974,1.0,"CRL
 ACC ,  C  ,  Rule
0.841 0.289 ['occupation_Blue-Collar && capital_gain_0']=>0
0.838 0.680 ['neg_marital_status_Married']=>0
0.837 0.743 ['education_HS-grad && capital_gain_0']=>0
0.806 1.000 ['neg_marital_status_Separated']=>1

"
0.004641588833612777,0.007,0.8471933117215492,0.2865381334243303,0.8412162162162162,0.28736691236691236,0.8407206469444161,0.2894871532398403,"CRL
 ACC ,  C  ,  Rule
0.841 0.289 ['occupation_Blue-Collar && capital_gain_0']=>0
0.838 0.680 ['neg_marital_status_Married']=>0
0.837 0.743 ['education_HS-grad && capital_gain_0']=>0
0.806 1.000 ['neg_marital_status_Divorced']=>1

"
0.004641588833612777,0.007,0.8435761815389865,0.6897457771711313,0.8391687141687142,0.6936936936936937,0.8376497082608251,0.6801105537926093,"CRL
 ACC ,  C  ,  Rule
0.841 0.289 ['occupation_Blue-Collar && capital_gain_0']=>0
0.838 0.680 ['neg_marital_status_Married']=>0
0.837 0.743 ['education_HS-grad && capital_gain_0']=>0
0.806 1.000 ['neg_marital_status_Divorced']=>1

"
0.004641588833612777,0.007,0.8415628732298243,0.7526701927998635,0.8354832104832105,0.7533783783783784,0.8368307912785341,0.7434742552973692,"CRL
 ACC ,  C  ,  Rule
0.841 0.289 ['occupation_Blue-Collar && capital_gain_0']=>0
0.838 0.680 ['neg_marital_status_Married']=>0
0.837 0.743 ['education_HS-grad && capital_gain_0']=>0
0.806 1.000 ['neg_marital_status_Divorced']=>1

"
0.004641588833612777,0.007,0.8052891997952568,1.0,0.806920556920557,1.0,0.8063261336881974,1.0,"CRL
 ACC ,  C  ,  Rule
0.841 0.289 ['occupation_Blue-Collar && capital_gain_0']=>0
0.838 0.680 ['neg_marital_status_Married']=>0
0.837 0.743 ['education_HS-grad && capital_gain_0']=>0
0.806 1.000 ['neg_marital_status_Divorced']=>1

"
0.004641588833612777,0.008,0.8471933117215492,0.2865381334243303,0.8412162162162162,0.28736691236691236,0.8407206469444161,0.2894871532398403,"CRL
 ACC ,  C  ,  Rule
0.841 0.289 ['occupation_Blue-Collar && capital_gain_0']=>0
0.838 0.680 ['neg_marital_status_Married']=>0
0.837 0.743 ['education_HS-grad && capital_gain_0']=>0
0.806 1.000 ['neg_marital_status_Single']=>1

"
0.004641588833612777,0.008,0.8435761815389865,0.6897457771711313,0.8391687141687142,0.6936936936936937,0.8376497082608251,0.6801105537926093,"CRL
 ACC ,  C  ,  Rule
0.841 0.289 ['occupation_Blue-Collar && capital_gain_0']=>0
0.838 0.680 ['neg_marital_status_Married']=>0
0.837 0.743 ['education_HS-grad && capital_gain_0']=>0
0.806 1.000 ['neg_marital_status_Single']=>1

"
0.004641588833612777,0.008,0.8415628732298243,0.7526701927998635,0.8354832104832105,0.7533783783783784,0.8368307912785341,0.7434742552973692,"CRL
 ACC ,  C  ,  Rule
0.841 0.289 ['occupation_Blue-Collar && capital_gain_0']=>0
0.838 0.680 ['neg_marital_status_Married']=>0
0.837 0.743 ['education_HS-grad && capital_gain_0']=>0
0.806 1.000 ['neg_marital_status_Single']=>1

"
0.004641588833612777,0.008,0.8052891997952568,1.0,0.806920556920557,1.0,0.8063261336881974,1.0,"CRL
 ACC ,  C  ,  Rule
0.841 0.289 ['occupation_Blue-Collar && capital_gain_0']=>0
0.838 0.680 ['neg_marital_status_Married']=>0
0.837 0.743 ['education_HS-grad && capital_gain_0']=>0
0.806 1.000 ['neg_marital_status_Single']=>1

"
0.004641588833612777,0.009000000000000001,0.8471933117215492,0.2865381334243303,0.8412162162162162,0.28736691236691236,0.8407206469444161,0.2894871532398403,"CRL
 ACC ,  C  ,  Rule
0.841 0.289 ['occupation_Blue-Collar && capital_gain_0']=>0
0.838 0.680 ['neg_marital_status_Married']=>0
0.837 0.743 ['education_HS-grad && capital_gain_0']=>0
0.806 1.000 ['neg_marital_status_Divorced']=>1

"
0.004641588833612777,0.009000000000000001,0.8435761815389865,0.6897457771711313,0.8391687141687142,0.6936936936936937,0.8376497082608251,0.6801105537926093,"CRL
 ACC ,  C  ,  Rule
0.841 0.289 ['occupation_Blue-Collar && capital_gain_0']=>0
0.838 0.680 ['neg_marital_status_Married']=>0
0.837 0.743 ['education_HS-grad && capital_gain_0']=>0
0.806 1.000 ['neg_marital_status_Divorced']=>1

"
0.004641588833612777,0.009000000000000001,0.8415628732298243,0.7526701927998635,0.8354832104832105,0.7533783783783784,0.8368307912785341,0.7434742552973692,"CRL
 ACC ,  C  ,  Rule
0.841 0.289 ['occupation_Blue-Collar && capital_gain_0']=>0
0.838 0.680 ['neg_marital_status_Married']=>0
0.837 0.743 ['education_HS-grad && capital_gain_0']=>0
0.806 1.000 ['neg_marital_status_Divorced']=>1

"
0.004641588833612777,0.009000000000000001,0.8052891997952568,1.0,0.806920556920557,1.0,0.8063261336881974,1.0,"CRL
 ACC ,  C  ,  Rule
0.841 0.289 ['occupation_Blue-Collar && capital_gain_0']=>0
0.838 0.680 ['neg_marital_status_Married']=>0
0.837 0.743 ['education_HS-grad && capital_gain_0']=>0
0.806 1.000 ['neg_marital_status_Divorced']=>1

"
0.004641588833612777,0.01,0.8471933117215492,0.2865381334243303,0.8412162162162162,0.28736691236691236,0.8407206469444161,0.2894871532398403,"CRL
 ACC ,  C  ,  Rule
0.841 0.289 ['occupation_Blue-Collar && capital_gain_0']=>0
0.838 0.680 ['neg_marital_status_Married']=>0
0.837 0.743 ['education_HS-grad && capital_gain_0']=>0
0.806 1.000 ['neg_marital_status_Divorced']=>1

"
0.004641588833612777,0.01,0.8435761815389865,0.6897457771711313,0.8391687141687142,0.6936936936936937,0.8376497082608251,0.6801105537926093,"CRL
 ACC ,  C  ,  Rule
0.841 0.289 ['occupation_Blue-Collar && capital_gain_0']=>0
0.838 0.680 ['neg_marital_status_Married']=>0
0.837 0.743 ['education_HS-grad && capital_gain_0']=>0
0.806 1.000 ['neg_marital_status_Divorced']=>1

"
0.004641588833612777,0.01,0.8415628732298243,0.7526701927998635,0.8354832104832105,0.7533783783783784,0.8368307912785341,0.7434742552973692,"CRL
 ACC ,  C  ,  Rule
0.841 0.289 ['occupation_Blue-Collar && capital_gain_0']=>0
0.838 0.680 ['neg_marital_status_Married']=>0
0.837 0.743 ['education_HS-grad && capital_gain_0']=>0
0.806 1.000 ['neg_marital_status_Divorced']=>1

"
0.004641588833612777,0.01,0.8052891997952568,1.0,0.806920556920557,1.0,0.8063261336881974,1.0,"CRL
 ACC ,  C  ,  Rule
0.841 0.289 ['occupation_Blue-Collar && capital_gain_0']=>0
0.838 0.680 ['neg_marital_status_Married']=>0
0.837 0.743 ['education_HS-grad && capital_gain_0']=>0
0.806 1.000 ['neg_marital_status_Divorced']=>1

"
0.007742636826811269,0.001,0.8471933117215492,0.2865381334243303,0.8412162162162162,0.28736691236691236,0.8407206469444161,0.2894871532398403,"CRL
 ACC ,  C  ,  Rule
0.841 0.289 ['occupation_Blue-Collar && capital_gain_0']=>0
0.838 0.680 ['neg_marital_status_Married']=>0
0.783 1.000 ['marital_status_Married']=>1

"
0.007742636826811269,0.001,0.8435761815389865,0.6897457771711313,0.8391687141687142,0.6936936936936937,0.8376497082608251,0.6801105537926093,"CRL
 ACC ,  C  ,  Rule
0.841 0.289 ['occupation_Blue-Collar && capital_gain_0']=>0
0.838 0.680 ['neg_marital_status_Married']=>0
0.783 1.000 ['marital_status_Married']=>1

"
0.007742636826811269,0.001,0.7806517659102542,1.0,0.7873669123669124,1.0,0.7830893643156925,1.0,"CRL
 ACC ,  C  ,  Rule
0.841 0.289 ['occupation_Blue-Collar && capital_gain_0']=>0
0.838 0.680 ['neg_marital_status_Married']=>0
0.783 1.000 ['marital_status_Married']=>1

"
0.007742636826811269,0.002,0.8471933117215492,0.2865381334243303,0.8412162162162162,0.28736691236691236,0.8407206469444161,0.2894871532398403,"CRL
 ACC ,  C  ,  Rule
0.841 0.289 ['occupation_Blue-Collar && capital_gain_0']=>0
0.838 0.680 ['neg_marital_status_Married']=>0
0.783 1.000 ['marital_status_Married']=>1

"
0.007742636826811269,0.002,0.8435761815389865,0.6897457771711313,0.8391687141687142,0.6936936936936937,0.8376497082608251,0.6801105537926093,"CRL
 ACC ,  C  ,  Rule
0.841 0.289 ['occupation_Blue-Collar && capital_gain_0']=>0
0.838 0.680 ['neg_marital_status_Married']=>0
0.783 1.000 ['marital_status_Married']=>1

"
0.007742636826811269,0.002,0.7806517659102542,1.0,0.7873669123669124,1.0,0.7830893643156925,1.0,"CRL
 ACC ,  C  ,  Rule
0.841 0.289 ['occupation_Blue-Collar && capital_gain_0']=>0
0.838 0.680 ['neg_marital_status_Married']=>0
0.783 1.000 ['marital_status_Married']=>1

"
0.007742636826811269,0.003,0.8471933117215492,0.2865381334243303,0.8412162162162162,0.28736691236691236,0.8407206469444161,0.2894871532398403,"CRL
 ACC ,  C  ,  Rule
0.841 0.289 ['occupation_Blue-Collar && capital_gain_0']=>0
0.838 0.680 ['neg_marital_status_Married']=>0
0.783 1.000 ['marital_status_Married']=>1

"
0.007742636826811269,0.003,0.8435761815389865,0.6897457771711313,0.8391687141687142,0.6936936936936937,0.8376497082608251,0.6801105537926093,"CRL
 ACC ,  C  ,  Rule
0.841 0.289 ['occupation_Blue-Collar && capital_gain_0']=>0
0.838 0.680 ['neg_marital_status_Married']=>0
0.783 1.000 ['marital_status_Married']=>1

"
0.007742636826811269,0.003,0.7806517659102542,1.0,0.7873669123669124,1.0,0.7830893643156925,1.0,"CRL
 ACC ,  C  ,  Rule
0.841 0.289 ['occupation_Blue-Collar && capital_gain_0']=>0
0.838 0.680 ['neg_marital_status_Married']=>0
0.783 1.000 ['marital_status_Married']=>1

"
0.007742636826811269,0.004,0.8471933117215492,0.2865381334243303,0.8412162162162162,0.28736691236691236,0.8407206469444161,0.2894871532398403,"CRL
 ACC ,  C  ,  Rule
0.841 0.289 ['occupation_Blue-Collar && capital_gain_0']=>0
0.838 0.680 ['neg_marital_status_Married']=>0
0.783 1.000 ['marital_status_Married']=>1

"
0.007742636826811269,0.004,0.8435761815389865,0.6897457771711313,0.8391687141687142,0.6936936936936937,0.8376497082608251,0.6801105537926093,"CRL
 ACC ,  C  ,  Rule
0.841 0.289 ['occupation_Blue-Collar && capital_gain_0']=>0
0.838 0.680 ['neg_marital_status_Married']=>0
0.783 1.000 ['marital_status_Married']=>1

"
0.007742636826811269,0.004,0.7806517659102542,1.0,0.7873669123669124,1.0,0.7830893643156925,1.0,"CRL
 ACC ,  C  ,  Rule
0.841 0.289 ['occupation_Blue-Collar && capital_gain_0']=>0
0.838 0.680 ['neg_marital_status_Married']=>0
0.783 1.000 ['marital_status_Married']=>1

"
0.007742636826811269,0.005,0.8471933117215492,0.2865381334243303,0.8412162162162162,0.28736691236691236,0.8407206469444161,0.2894871532398403,"CRL
 ACC ,  C  ,  Rule
0.841 0.289 ['occupation_Blue-Collar && capital_gain_0']=>0
0.838 0.680 ['neg_marital_status_Married']=>0
0.783 1.000 ['marital_status_Married']=>1

"
0.007742636826811269,0.005,0.8435761815389865,0.6897457771711313,0.8391687141687142,0.6936936936936937,0.8376497082608251,0.6801105537926093,"CRL
 ACC ,  C  ,  Rule
0.841 0.289 ['occupation_Blue-Collar && capital_gain_0']=>0
0.838 0.680 ['neg_marital_status_Married']=>0
0.783 1.000 ['marital_status_Married']=>1

"
0.007742636826811269,0.005,0.7806517659102542,1.0,0.7873669123669124,1.0,0.7830893643156925,1.0,"CRL
 ACC ,  C  ,  Rule
0.841 0.289 ['occupation_Blue-Collar && capital_gain_0']=>0
0.838 0.680 ['neg_marital_status_Married']=>0
0.783 1.000 ['marital_status_Married']=>1

"
0.007742636826811269,0.006,0.8471933117215492,0.2865381334243303,0.8412162162162162,0.28736691236691236,0.8407206469444161,0.2894871532398403,"CRL
 ACC ,  C  ,  Rule
0.841 0.289 ['occupation_Blue-Collar && capital_gain_0']=>0
0.838 0.680 ['neg_marital_status_Married']=>0
0.783 1.000 ['neg_marital_status_Single']=>1

"
0.007742636826811269,0.006,0.8435761815389865,0.6897457771711313,0.8391687141687142,0.6936936936936937,0.8376497082608251,0.6801105537926093,"CRL
 ACC ,  C  ,  Rule
0.841 0.289 ['occupation_Blue-Collar && capital_gain_0']=>0
0.838 0.680 ['neg_marital_status_Married']=>0
0.783 1.000 ['neg_marital_status_Single']=>1

"
0.007742636826811269,0.006,0.7806517659102542,1.0,0.7873669123669124,1.0,0.7830893643156925,1.0,"CRL
 ACC ,  C  ,  Rule
0.841 0.289 ['occupation_Blue-Collar && capital_gain_0']=>0
0.838 0.680 ['neg_marital_status_Married']=>0
0.783 1.000 ['neg_marital_status_Single']=>1

"
0.007742636826811269,0.007,0.8471933117215492,0.2865381334243303,0.8412162162162162,0.28736691236691236,0.8407206469444161,0.2894871532398403,"CRL
 ACC ,  C  ,  Rule
0.841 0.289 ['occupation_Blue-Collar && capital_gain_0']=>0
0.838 0.680 ['neg_marital_status_Married']=>0
0.783 1.000 ['neg_marital_status_Single']=>1

"
0.007742636826811269,0.007,0.8435761815389865,0.6897457771711313,0.8391687141687142,0.6936936936936937,0.8376497082608251,0.6801105537926093,"CRL
 ACC ,  C  ,  Rule
0.841 0.289 ['occupation_Blue-Collar && capital_gain_0']=>0
0.838 0.680 ['neg_marital_status_Married']=>0
0.783 1.000 ['neg_marital_status_Single']=>1

"
0.007742636826811269,0.007,0.7806517659102542,1.0,0.7873669123669124,1.0,0.7830893643156925,1.0,"CRL
 ACC ,  C  ,  Rule
0.841 0.289 ['occupation_Blue-Collar && capital_gain_0']=>0
0.838 0.680 ['neg_marital_status_Married']=>0
0.783 1.000 ['neg_marital_status_Single']=>1

"
0.007742636826811269,0.008,0.8471933117215492,0.2865381334243303,0.8412162162162162,0.28736691236691236,0.8407206469444161,0.2894871532398403,"CRL
 ACC ,  C  ,  Rule
0.841 0.289 ['occupation_Blue-Collar && capital_gain_0']=>0
0.838 0.680 ['neg_marital_status_Married']=>0
0.783 1.000 ['neg_marital_status_Single']=>1

"
0.007742636826811269,0.008,0.8435761815389865,0.6897457771711313,0.8391687141687142,0.6936936936936937,0.8376497082608251,0.6801105537926093,"CRL
 ACC ,  C  ,  Rule
0.841 0.289 ['occupation_Blue-Collar && capital_gain_0']=>0
0.838 0.680 ['neg_marital_status_Married']=>0
0.783 1.000 ['neg_marital_status_Single']=>1

"
0.007742636826811269,0.008,0.7806517659102542,1.0,0.7873669123669124,1.0,0.7830893643156925,1.0,"CRL
 ACC ,  C  ,  Rule
0.841 0.289 ['occupation_Blue-Collar && capital_gain_0']=>0
0.838 0.680 ['neg_marital_status_Married']=>0
0.783 1.000 ['neg_marital_status_Single']=>1

"
0.007742636826811269,0.009000000000000001,0.8471933117215492,0.2865381334243303,0.8412162162162162,0.28736691236691236,0.8407206469444161,0.2894871532398403,"CRL
 ACC ,  C  ,  Rule
0.841 0.289 ['occupation_Blue-Collar && capital_gain_0']=>0
0.838 0.680 ['neg_marital_status_Married']=>0
0.783 1.000 ['neg_marital_status_Single']=>1

"
0.007742636826811269,0.009000000000000001,0.8435761815389865,0.6897457771711313,0.8391687141687142,0.6936936936936937,0.8376497082608251,0.6801105537926093,"CRL
 ACC ,  C  ,  Rule
0.841 0.289 ['occupation_Blue-Collar && capital_gain_0']=>0
0.838 0.680 ['neg_marital_status_Married']=>0
0.783 1.000 ['neg_marital_status_Single']=>1

"
0.007742636826811269,0.009000000000000001,0.7806517659102542,1.0,0.7873669123669124,1.0,0.7830893643156925,1.0,"CRL
 ACC ,  C  ,  Rule
0.841 0.289 ['occupation_Blue-Collar && capital_gain_0']=>0
0.838 0.680 ['neg_marital_status_Married']=>0
0.783 1.000 ['neg_marital_status_Single']=>1

"
0.007742636826811269,0.01,0.8471933117215492,0.2865381334243303,0.8412162162162162,0.28736691236691236,0.8407206469444161,0.2894871532398403,"CRL
 ACC ,  C  ,  Rule
0.841 0.289 ['occupation_Blue-Collar && capital_gain_0']=>0
0.838 0.680 ['neg_marital_status_Married']=>0
0.783 1.000 ['neg_marital_status_Divorced']=>1

"
0.007742636826811269,0.01,0.8435761815389865,0.6897457771711313,0.8391687141687142,0.6936936936936937,0.8376497082608251,0.6801105537926093,"CRL
 ACC ,  C  ,  Rule
0.841 0.289 ['occupation_Blue-Collar && capital_gain_0']=>0
0.838 0.680 ['neg_marital_status_Married']=>0
0.783 1.000 ['neg_marital_status_Divorced']=>1

"
0.007742636826811269,0.01,0.7806517659102542,1.0,0.7873669123669124,1.0,0.7830893643156925,1.0,"CRL
 ACC ,  C  ,  Rule
0.841 0.289 ['occupation_Blue-Collar && capital_gain_0']=>0
0.838 0.680 ['neg_marital_status_Married']=>0
0.783 1.000 ['neg_marital_status_Divorced']=>1

"
0.01291549665014884,0.001,0.8452482511516806,0.5298413240061424,0.8387592137592138,0.5352170352170352,0.8382638959975433,0.5162247927116388,"CRL
 ACC ,  C  ,  Rule
0.838 0.516 ['neg_marital_status_Married']=>0
0.754 1.000 ['neg_marital_status_Divorced']=>0

"
0.01291549665014884,0.001,0.7624296195188535,1.0,0.7619778869778869,1.0,0.7543249053127239,1.0,"CRL
 ACC ,  C  ,  Rule
0.838 0.516 ['neg_marital_status_Married']=>0
0.754 1.000 ['neg_marital_status_Divorced']=>0

"
0.01291549665014884,0.002,0.8452482511516806,0.5298413240061424,0.8387592137592138,0.5352170352170352,0.8382638959975433,0.5162247927116388,"CRL
 ACC ,  C  ,  Rule
0.838 0.516 ['neg_marital_status_Married']=>0
0.754 1.000 ['neg_marital_status_Widowed']=>0

"
0.01291549665014884,0.002,0.7624296195188535,1.0,0.7619778869778869,1.0,0.7543249053127239,1.0,"CRL
 ACC ,  C  ,  Rule
0.838 0.516 ['neg_marital_status_Married']=>0
0.754 1.000 ['neg_marital_status_Widowed']=>0

"
0.01291549665014884,0.003,0.8452482511516806,0.5298413240061424,0.8387592137592138,0.5352170352170352,0.8382638959975433,0.5162247927116388,"CRL
 ACC ,  C  ,  Rule
0.838 0.516 ['neg_marital_status_Married']=>0
0.754 1.000 ['neg_marital_status_Divorced']=>0

"
0.01291549665014884,0.003,0.7624296195188535,1.0,0.7619778869778869,1.0,0.7543249053127239,1.0,"CRL
 ACC ,  C  ,  Rule
0.838 0.516 ['neg_marital_status_Married']=>0
0.754 1.000 ['neg_marital_status_Divorced']=>0

"
0.01291549665014884,0.004,0.8452482511516806,0.5298413240061424,0.8387592137592138,0.5352170352170352,0.8382638959975433,0.5162247927116388,"CRL
 ACC ,  C  ,  Rule
0.838 0.516 ['neg_marital_status_Married']=>0
0.754 1.000 ['neg_marital_status_Divorced']=>0

"
0.01291549665014884,0.004,0.7624296195188535,1.0,0.7619778869778869,1.0,0.7543249053127239,1.0,"CRL
 ACC ,  C  ,  Rule
0.838 0.516 ['neg_marital_status_Married']=>0
0.754 1.000 ['neg_marital_status_Divorced']=>0

"
0.01291549665014884,0.005,0.8452482511516806,0.5298413240061424,0.8387592137592138,0.5352170352170352,0.8382638959975433,0.5162247927116388,"CRL
 ACC ,  C  ,  Rule
0.838 0.516 ['neg_marital_status_Married']=>0
0.754 1.000 ['neg_marital_status_Divorced']=>0

"
0.01291549665014884,0.005,0.7624296195188535,1.0,0.7619778869778869,1.0,0.7543249053127239,1.0,"CRL
 ACC ,  C  ,  Rule
0.838 0.516 ['neg_marital_status_Married']=>0
0.754 1.000 ['neg_marital_status_Divorced']=>0

"
0.01291549665014884,0.006,0.8452482511516806,0.5298413240061424,0.8387592137592138,0.5352170352170352,0.8382638959975433,0.5162247927116388,"CRL
 ACC ,  C  ,  Rule
0.838 0.516 ['neg_marital_status_Married']=>0
0.754 1.000 ['neg_marital_status_Divorced']=>0

"
0.01291549665014884,0.006,0.7624296195188535,1.0,0.7619778869778869,1.0,0.7543249053127239,1.0,"CRL
 ACC ,  C  ,  Rule
0.838 0.516 ['neg_marital_status_Married']=>0
0.754 1.000 ['neg_marital_status_Divorced']=>0

"
0.01291549665014884,0.007,0.8452482511516806,0.5298413240061424,0.8387592137592138,0.5352170352170352,0.8382638959975433,0.5162247927116388,"CRL
 ACC ,  C  ,  Rule
0.838 0.516 ['neg_marital_status_Married']=>0
0.754 1.000 ['neg_marital_status_Divorced']=>0

"
0.01291549665014884,0.007,0.7624296195188535,1.0,0.7619778869778869,1.0,0.7543249053127239,1.0,"CRL
 ACC ,  C  ,  Rule
0.838 0.516 ['neg_marital_status_Married']=>0
0.754 1.000 ['neg_marital_status_Divorced']=>0

"
0.01291549665014884,0.008,0.8452482511516806,0.5298413240061424,0.8387592137592138,0.5352170352170352,0.8382638959975433,0.5162247927116388,"CRL
 ACC ,  C  ,  Rule
0.838 0.516 ['neg_marital_status_Married']=>0
0.754 1.000 ['neg_marital_status_Divorced']=>0

"
0.01291549665014884,0.008,0.7624296195188535,1.0,0.7619778869778869,1.0,0.7543249053127239,1.0,"CRL
 ACC ,  C  ,  Rule
0.838 0.516 ['neg_marital_status_Married']=>0
0.754 1.000 ['neg_marital_status_Divorced']=>0

"
0.01291549665014884,0.009000000000000001,0.8452482511516806,0.5298413240061424,0.8387592137592138,0.5352170352170352,0.8382638959975433,0.5162247927116388,"CRL
 ACC ,  C  ,  Rule
0.838 0.516 ['neg_marital_status_Married']=>0
0.754 1.000 ['neg_marital_status_Divorced']=>0

"
0.01291549665014884,0.009000000000000001,0.7624296195188535,1.0,0.7619778869778869,1.0,0.7543249053127239,1.0,"CRL
 ACC ,  C  ,  Rule
0.838 0.516 ['neg_marital_status_Married']=>0
0.754 1.000 ['neg_marital_status_Divorced']=>0

"
0.01291549665014884,0.01,0.8452482511516806,0.5298413240061424,0.8387592137592138,0.5352170352170352,0.8382638959975433,0.5162247927116388,"CRL
 ACC ,  C  ,  Rule
0.838 0.516 ['neg_marital_status_Married']=>0
0.754 1.000 ['neg_marital_status_Divorced']=>0

"
0.01291549665014884,0.01,0.7624296195188535,1.0,0.7619778869778869,1.0,0.7543249053127239,1.0,"CRL
 ACC ,  C  ,  Rule
0.838 0.516 ['neg_marital_status_Married']=>0
0.754 1.000 ['neg_marital_status_Divorced']=>0

"
0.021544346900318832,0.001,0.8452482511516806,0.5298413240061424,0.8387592137592138,0.5352170352170352,0.8382638959975433,0.5162247927116388,"CRL
 ACC ,  C  ,  Rule
0.838 0.516 ['neg_marital_status_Married']=>0
0.754 1.000 ['neg_marital_status_Widowed']=>0

"
0.021544346900318832,0.001,0.7624296195188535,1.0,0.7619778869778869,1.0,0.7543249053127239,1.0,"CRL
 ACC ,  C  ,  Rule
0.838 0.516 ['neg_marital_status_Married']=>0
0.754 1.000 ['neg_marital_status_Widowed']=>0

"
0.021544346900318832,0.002,0.8452482511516806,0.5298413240061424,0.8387592137592138,0.5352170352170352,0.8382638959975433,0.5162247927116388,"CRL
 ACC ,  C  ,  Rule
0.838 0.516 ['neg_marital_status_Married']=>0
0.754 1.000 ['neg_marital_status_Divorced']=>0

"
0.021544346900318832,0.002,0.7624296195188535,1.0,0.7619778869778869,1.0,0.7543249053127239,1.0,"CRL
 ACC ,  C  ,  Rule
0.838 0.516 ['neg_marital_status_Married']=>0
0.754 1.000 ['neg_marital_status_Divorced']=>0

"
0.021544346900318832,0.003,0.8452482511516806,0.5298413240061424,0.8387592137592138,0.5352170352170352,0.8382638959975433,0.5162247927116388,"CRL
 ACC ,  C  ,  Rule
0.838 0.516 ['neg_marital_status_Married']=>0
0.754 1.000 ['neg_marital_status_Divorced']=>0

"
0.021544346900318832,0.003,0.7624296195188535,1.0,0.7619778869778869,1.0,0.7543249053127239,1.0,"CRL
 ACC ,  C  ,  Rule
0.838 0.516 ['neg_marital_status_Married']=>0
0.754 1.000 ['neg_marital_status_Divorced']=>0

"
0.021544346900318832,0.004,0.8452482511516806,0.5298413240061424,0.8387592137592138,0.5352170352170352,0.8382638959975433,0.5162247927116388,"CRL
 ACC ,  C  ,  Rule
0.838 0.516 ['neg_marital_status_Married']=>0
0.754 1.000 ['neg_marital_status_Widowed']=>0

"
0.021544346900318832,0.004,0.7624296195188535,1.0,0.7619778869778869,1.0,0.7543249053127239,1.0,"CRL
 ACC ,  C  ,  Rule
0.838 0.516 ['neg_marital_status_Married']=>0
0.754 1.000 ['neg_marital_status_Widowed']=>0

"
0.021544346900318832,0.005,0.8452482511516806,0.5298413240061424,0.8387592137592138,0.5352170352170352,0.8382638959975433,0.5162247927116388,"CRL
 ACC ,  C  ,  Rule
0.838 0.516 ['neg_marital_status_Married']=>0
0.754 1.000 ['neg_marital_status_Widowed']=>0

"
0.021544346900318832,0.005,0.7624296195188535,1.0,0.7619778869778869,1.0,0.7543249053127239,1.0,"CRL
 ACC ,  C  ,  Rule
0.838 0.516 ['neg_marital_status_Married']=>0
0.754 1.000 ['neg_marital_status_Widowed']=>0

"
0.021544346900318832,0.006,0.8452482511516806,0.5298413240061424,0.8387592137592138,0.5352170352170352,0.8382638959975433,0.5162247927116388,"CRL
 ACC ,  C  ,  Rule
0.838 0.516 ['neg_marital_status_Married']=>0
0.754 1.000 ['neg_marital_status_Widowed']=>0

"
0.021544346900318832,0.006,0.7624296195188535,1.0,0.7619778869778869,1.0,0.7543249053127239,1.0,"CRL
 ACC ,  C  ,  Rule
0.838 0.516 ['neg_marital_status_Married']=>0
0.754 1.000 ['neg_marital_status_Widowed']=>0

"
0.021544346900318832,0.007,0.8452482511516806,0.5298413240061424,0.8387592137592138,0.5352170352170352,0.8382638959975433,0.5162247927116388,"CRL
 ACC ,  C  ,  Rule
0.838 0.516 ['neg_marital_status_Married']=>0
0.754 1.000 ['neg_marital_status_Widowed']=>0

"
0.021544346900318832,0.007,0.7624296195188535,1.0,0.7619778869778869,1.0,0.7543249053127239,1.0,"CRL
 ACC ,  C  ,  Rule
0.838 0.516 ['neg_marital_status_Married']=>0
0.754 1.000 ['neg_marital_status_Widowed']=>0

"
0.021544346900318832,0.008,0.8452482511516806,0.5298413240061424,0.8387592137592138,0.5352170352170352,0.8382638959975433,0.5162247927116388,"CRL
 ACC ,  C  ,  Rule
0.838 0.516 ['neg_marital_status_Married']=>0
0.754 1.000 ['neg_marital_status_Divorced']=>0

"
0.021544346900318832,0.008,0.7624296195188535,1.0,0.7619778869778869,1.0,0.7543249053127239,1.0,"CRL
 ACC ,  C  ,  Rule
0.838 0.516 ['neg_marital_status_Married']=>0
0.754 1.000 ['neg_marital_status_Divorced']=>0

"
0.021544346900318832,0.009000000000000001,0.8452482511516806,0.5298413240061424,0.8387592137592138,0.5352170352170352,0.8382638959975433,0.5162247927116388,"CRL
 ACC ,  C  ,  Rule
0.838 0.516 ['neg_marital_status_Married']=>0
0.754 1.000 ['neg_marital_status_Divorced']=>0

"
0.021544346900318832,0.009000000000000001,0.7624296195188535,1.0,0.7619778869778869,1.0,0.7543249053127239,1.0,"CRL
 ACC ,  C  ,  Rule
0.838 0.516 ['neg_marital_status_Married']=>0
0.754 1.000 ['neg_marital_status_Divorced']=>0

"
0.021544346900318832,0.01,0.8452482511516806,0.5298413240061424,0.8387592137592138,0.5352170352170352,0.8382638959975433,0.5162247927116388,"CRL
 ACC ,  C  ,  Rule
0.838 0.516 ['neg_marital_status_Married']=>0
0.754 1.000 ['marital_status_Married']=>0

"
0.021544346900318832,0.01,0.7624296195188535,1.0,0.7619778869778869,1.0,0.7543249053127239,1.0,"CRL
 ACC ,  C  ,  Rule
0.838 0.516 ['neg_marital_status_Married']=>0
0.754 1.000 ['marital_status_Married']=>0

"
0.03593813663804626,0.001,0.7625661149974408,0.9919467667633509,0.7622850122850123,0.9918099918099919,0.7544272699355102,0.9907871839492272,"CRL
 ACC ,  C  ,  Rule
0.754 0.991 ['neg_race_Other']=>0

"
0.03593813663804626,0.002,0.7625661149974408,0.9919467667633509,0.7622850122850123,0.9918099918099919,0.7544272699355102,0.9907871839492272,"CRL
 ACC ,  C  ,  Rule
0.754 0.991 ['neg_race_Other']=>0

"
0.03593813663804626,0.003,0.7625661149974408,0.9919467667633509,0.7622850122850123,0.9918099918099919,0.7544272699355102,0.9907871839492272,"CRL
 ACC ,  C  ,  Rule
0.754 0.991 ['neg_race_Other']=>0

"
0.03593813663804626,0.004,0.7625661149974408,0.9919467667633509,0.7622850122850123,0.9918099918099919,0.7544272699355102,0.9907871839492272,"CRL
 ACC ,  C  ,  Rule
0.754 0.991 ['neg_race_Other']=>0

"
0.03593813663804626,0.005,0.7625661149974408,0.9919467667633509,0.7622850122850123,0.9918099918099919,0.7544272699355102,0.9907871839492272,"CRL
 ACC ,  C  ,  Rule
0.754 0.991 ['neg_race_Other']=>0

"
0.03593813663804626,0.006,0.7625661149974408,0.9919467667633509,0.7622850122850123,0.9918099918099919,0.7544272699355102,0.9907871839492272,"CRL
 ACC ,  C  ,  Rule
0.754 0.991 ['neg_race_Other']=>0

"
0.03593813663804626,0.007,0.7625661149974408,0.9919467667633509,0.7622850122850123,0.9918099918099919,0.7544272699355102,0.9907871839492272,"CRL
 ACC ,  C  ,  Rule
0.754 0.991 ['neg_race_Other']=>0

"
0.03593813663804626,0.008,0.7625661149974408,0.9919467667633509,0.7622850122850123,0.9918099918099919,0.7544272699355102,0.9907871839492272,"CRL
 ACC ,  C  ,  Rule
0.754 0.991 ['neg_race_Other']=>0

"
0.03593813663804626,0.009000000000000001,0.7625661149974408,0.9919467667633509,0.7622850122850123,0.9918099918099919,0.7544272699355102,0.9907871839492272,"CRL
 ACC ,  C  ,  Rule
0.754 0.991 ['neg_race_Other']=>0

"
0.03593813663804626,0.01,0.7625661149974408,0.9919467667633509,0.7622850122850123,0.9918099918099919,0.7544272699355102,0.9907871839492272,"CRL
 ACC ,  C  ,  Rule
0.754 0.991 ['neg_race_Other']=>0

"
0.05994842503189409,0.001,0.7625661149974408,0.9919467667633509,0.7622850122850123,0.9918099918099919,0.7544272699355102,0.9907871839492272,"CRL
 ACC ,  C  ,  Rule
0.754 0.991 ['neg_race_Other']=>0

"
0.05994842503189409,0.002,0.7625661149974408,0.9919467667633509,0.7622850122850123,0.9918099918099919,0.7544272699355102,0.9907871839492272,"CRL
 ACC ,  C  ,  Rule
0.754 0.991 ['neg_race_Other']=>0

"
0.05994842503189409,0.003,0.7625661149974408,0.9919467667633509,0.7622850122850123,0.9918099918099919,0.7544272699355102,0.9907871839492272,"CRL
 ACC ,  C  ,  Rule
0.754 0.991 ['neg_race_Other']=>0

"
0.05994842503189409,0.004,0.7625661149974408,0.9919467667633509,0.7622850122850123,0.9918099918099919,0.7544272699355102,0.9907871839492272,"CRL
 ACC ,  C  ,  Rule
0.754 0.991 ['neg_race_Other']=>0

"
0.05994842503189409,0.005,0.7625661149974408,0.9919467667633509,0.7622850122850123,0.9918099918099919,0.7544272699355102,0.9907871839492272,"CRL
 ACC ,  C  ,  Rule
0.754 0.991 ['neg_race_Other']=>0

"
0.05994842503189409,0.006,0.7625661149974408,0.9919467667633509,0.7622850122850123,0.9918099918099919,0.7544272699355102,0.9907871839492272,"CRL
 ACC ,  C  ,  Rule
0.754 0.991 ['neg_race_Other']=>0

"
0.05994842503189409,0.007,0.7625661149974408,0.9919467667633509,0.7622850122850123,0.9918099918099919,0.7544272699355102,0.9907871839492272,"CRL
 ACC ,  C  ,  Rule
0.754 0.991 ['neg_race_Other']=>0

"
0.05994842503189409,0.008,0.7625661149974408,0.9919467667633509,0.7622850122850123,0.9918099918099919,0.7544272699355102,0.9907871839492272,"CRL
 ACC ,  C  ,  Rule
0.754 0.991 ['neg_race_Other']=>0

"
0.05994842503189409,0.009000000000000001,0.7625661149974408,0.9919467667633509,0.7622850122850123,0.9918099918099919,0.7544272699355102,0.9907871839492272,"CRL
 ACC ,  C  ,  Rule
0.754 0.991 ['neg_race_Other']=>0

"
0.05994842503189409,0.01,0.7625661149974408,0.9919467667633509,0.7622850122850123,0.9918099918099919,0.7544272699355102,0.9907871839492272,"CRL
 ACC ,  C  ,  Rule
0.754 0.991 ['neg_race_Other']=>0

"
0.1,0.001,0.7625661149974408,0.9919467667633509,0.7622850122850123,0.9918099918099919,0.7544272699355102,0.9907871839492272,"CRL
 ACC ,  C  ,  Rule
0.754 0.991 ['neg_race_Other']=>0

"
0.1,0.002,0.7625661149974408,0.9919467667633509,0.7622850122850123,0.9918099918099919,0.7544272699355102,0.9907871839492272,"CRL
 ACC ,  C  ,  Rule
0.754 0.991 ['neg_race_Other']=>0

"
0.1,0.003,0.7625661149974408,0.9919467667633509,0.7622850122850123,0.9918099918099919,0.7544272699355102,0.9907871839492272,"CRL
 ACC ,  C  ,  Rule
0.754 0.991 ['neg_race_Other']=>0

"
0.1,0.004,0.7625661149974408,0.9919467667633509,0.7622850122850123,0.9918099918099919,0.7544272699355102,0.9907871839492272,"CRL
 ACC ,  C  ,  Rule
0.754 0.991 ['neg_race_Other']=>0

"
0.1,0.005,0.7625661149974408,0.9919467667633509,0.7622850122850123,0.9918099918099919,0.7544272699355102,0.9907871839492272,"CRL
 ACC ,  C  ,  Rule
0.754 0.991 ['neg_race_Other']=>0

"
0.1,0.006,0.7625661149974408,0.9919467667633509,0.7622850122850123,0.9918099918099919,0.7544272699355102,0.9907871839492272,"CRL
 ACC ,  C  ,  Rule
0.754 0.991 ['neg_race_Other']=>0

"
0.1,0.007,0.7625661149974408,0.9919467667633509,0.7622850122850123,0.9918099918099919,0.7544272699355102,0.9907871839492272,"CRL
 ACC ,  C  ,  Rule
0.754 0.991 ['neg_race_Other']=>0

"
0.1,0.008,0.7625661149974408,0.9919467667633509,0.7622850122850123,0.9918099918099919,0.7544272699355102,0.9907871839492272,"CRL
 ACC ,  C  ,  Rule
0.754 0.991 ['neg_race_Other']=>0

"
0.1,0.009000000000000001,0.7625661149974408,0.9919467667633509,0.7622850122850123,0.9918099918099919,0.7544272699355102,0.9907871839492272,"CRL
 ACC ,  C  ,  Rule
0.754 0.991 ['neg_race_Other']=>0

"
0.1,0.01,0.7625661149974408,0.9919467667633509,0.7622850122850123,0.9918099918099919,0.7544272699355102,0.9907871839492272,"CRL
 ACC ,  C  ,  Rule
0.754 0.991 ['neg_race_Other']=>0

"
