alpha,temperature,accuracy_train,transparency_train,accuracy_valid,transparency_valid,accuracy_test,transparency_test,model
na,na,0.6779112754158965,0,0.6895356895356896,0,0.6756756756756757,0,"GradientBoostingClassifier(learning_rate=0.1552391970241953,
                           max_features=0.0673599421005239, n_estimators=33,
                           random_state=3)"
0.001,0.001,0.6779112754158965,0.14579482439926061,0.6895356895356896,0.14622314622314625,0.6756756756756757,0.1427581427581428,"CRL
 ACC ,  C  ,  Rule
0.676 0.143 ['Prior-Crimes>5 && Race=African-American']=>1
0.671 0.308 ['Race=African-American && Age>=30']=>0
0.675 0.405 ['Prior-Crimes=1-3 && Race=African-American']=>1
0.675 0.475 ['Age=18-22 && Gender=Male']=>1
0.676 0.858 ['neg_Prior-Crimes>3']=>0
0.680 1.000 ['neg_Prior-Crimes=1-3']=>1

"
0.001,0.001,0.6797597042513863,0.29597966728280967,0.6881496881496881,0.31808731808731805,0.6708246708246708,0.3076923076923077,"CRL
 ACC ,  C  ,  Rule
0.676 0.143 ['Prior-Crimes>5 && Race=African-American']=>1
0.671 0.308 ['Race=African-American && Age>=30']=>0
0.675 0.405 ['Prior-Crimes=1-3 && Race=African-American']=>1
0.675 0.475 ['Age=18-22 && Gender=Male']=>1
0.676 0.858 ['neg_Prior-Crimes>3']=>0
0.680 1.000 ['neg_Prior-Crimes=1-3']=>1

"
0.001,0.001,0.6809149722735675,0.4115064695009242,0.6874566874566874,0.422037422037422,0.674982674982675,0.4054054054054054,"CRL
 ACC ,  C  ,  Rule
0.676 0.143 ['Prior-Crimes>5 && Race=African-American']=>1
0.671 0.308 ['Race=African-American && Age>=30']=>0
0.675 0.405 ['Prior-Crimes=1-3 && Race=African-American']=>1
0.675 0.475 ['Age=18-22 && Gender=Male']=>1
0.676 0.858 ['neg_Prior-Crimes>3']=>0
0.680 1.000 ['neg_Prior-Crimes=1-3']=>1

"
0.001,0.001,0.6806839186691312,0.4729667282809612,0.6888426888426888,0.48371448371448367,0.674982674982675,0.47539847539847535,"CRL
 ACC ,  C  ,  Rule
0.676 0.143 ['Prior-Crimes>5 && Race=African-American']=>1
0.671 0.308 ['Race=African-American && Age>=30']=>0
0.675 0.405 ['Prior-Crimes=1-3 && Race=African-American']=>1
0.675 0.475 ['Age=18-22 && Gender=Male']=>1
0.676 0.858 ['neg_Prior-Crimes>3']=>0
0.680 1.000 ['neg_Prior-Crimes=1-3']=>1

"
0.001,0.001,0.6797597042513863,0.8722273567467652,0.6826056826056826,0.8620928620928621,0.6763686763686764,0.8579348579348579,"CRL
 ACC ,  C  ,  Rule
0.676 0.143 ['Prior-Crimes>5 && Race=African-American']=>1
0.671 0.308 ['Race=African-American && Age>=30']=>0
0.675 0.405 ['Prior-Crimes=1-3 && Race=African-American']=>1
0.675 0.475 ['Age=18-22 && Gender=Male']=>1
0.676 0.858 ['neg_Prior-Crimes>3']=>0
0.680 1.000 ['neg_Prior-Crimes=1-3']=>1

"
0.001,0.001,0.6732902033271719,1.0,0.6846846846846847,1.0,0.6798336798336798,1.0,"CRL
 ACC ,  C  ,  Rule
0.676 0.143 ['Prior-Crimes>5 && Race=African-American']=>1
0.671 0.308 ['Race=African-American && Age>=30']=>0
0.675 0.405 ['Prior-Crimes=1-3 && Race=African-American']=>1
0.675 0.475 ['Age=18-22 && Gender=Male']=>1
0.676 0.858 ['neg_Prior-Crimes>3']=>0
0.680 1.000 ['neg_Prior-Crimes=1-3']=>1

"
0.001,0.002,0.6779112754158965,0.14579482439926061,0.6895356895356896,0.14622314622314625,0.6756756756756757,0.1427581427581428,"CRL
 ACC ,  C  ,  Rule
0.676 0.143 ['Prior-Crimes>5 && Race=African-American']=>1
0.671 0.308 ['Race=African-American && Age>=30']=>0
0.675 0.405 ['Prior-Crimes=1-3 && Race=African-American']=>1
0.675 0.475 ['Age=18-22 && Gender=Male']=>1
0.676 0.858 ['neg_Prior-Crimes>3']=>0
0.680 1.000 ['neg_Prior-Crimes=1-3']=>1

"
0.001,0.002,0.6797597042513863,0.29597966728280967,0.6881496881496881,0.31808731808731805,0.6708246708246708,0.3076923076923077,"CRL
 ACC ,  C  ,  Rule
0.676 0.143 ['Prior-Crimes>5 && Race=African-American']=>1
0.671 0.308 ['Race=African-American && Age>=30']=>0
0.675 0.405 ['Prior-Crimes=1-3 && Race=African-American']=>1
0.675 0.475 ['Age=18-22 && Gender=Male']=>1
0.676 0.858 ['neg_Prior-Crimes>3']=>0
0.680 1.000 ['neg_Prior-Crimes=1-3']=>1

"
0.001,0.002,0.6809149722735675,0.4115064695009242,0.6874566874566874,0.422037422037422,0.674982674982675,0.4054054054054054,"CRL
 ACC ,  C  ,  Rule
0.676 0.143 ['Prior-Crimes>5 && Race=African-American']=>1
0.671 0.308 ['Race=African-American && Age>=30']=>0
0.675 0.405 ['Prior-Crimes=1-3 && Race=African-American']=>1
0.675 0.475 ['Age=18-22 && Gender=Male']=>1
0.676 0.858 ['neg_Prior-Crimes>3']=>0
0.680 1.000 ['neg_Prior-Crimes=1-3']=>1

"
0.001,0.002,0.6806839186691312,0.4729667282809612,0.6888426888426888,0.48371448371448367,0.674982674982675,0.47539847539847535,"CRL
 ACC ,  C  ,  Rule
0.676 0.143 ['Prior-Crimes>5 && Race=African-American']=>1
0.671 0.308 ['Race=African-American && Age>=30']=>0
0.675 0.405 ['Prior-Crimes=1-3 && Race=African-American']=>1
0.675 0.475 ['Age=18-22 && Gender=Male']=>1
0.676 0.858 ['neg_Prior-Crimes>3']=>0
0.680 1.000 ['neg_Prior-Crimes=1-3']=>1

"
0.001,0.002,0.6797597042513863,0.8722273567467652,0.6826056826056826,0.8620928620928621,0.6763686763686764,0.8579348579348579,"CRL
 ACC ,  C  ,  Rule
0.676 0.143 ['Prior-Crimes>5 && Race=African-American']=>1
0.671 0.308 ['Race=African-American && Age>=30']=>0
0.675 0.405 ['Prior-Crimes=1-3 && Race=African-American']=>1
0.675 0.475 ['Age=18-22 && Gender=Male']=>1
0.676 0.858 ['neg_Prior-Crimes>3']=>0
0.680 1.000 ['neg_Prior-Crimes=1-3']=>1

"
0.001,0.002,0.6732902033271719,1.0,0.6846846846846847,1.0,0.6798336798336798,1.0,"CRL
 ACC ,  C  ,  Rule
0.676 0.143 ['Prior-Crimes>5 && Race=African-American']=>1
0.671 0.308 ['Race=African-American && Age>=30']=>0
0.675 0.405 ['Prior-Crimes=1-3 && Race=African-American']=>1
0.675 0.475 ['Age=18-22 && Gender=Male']=>1
0.676 0.858 ['neg_Prior-Crimes>3']=>0
0.680 1.000 ['neg_Prior-Crimes=1-3']=>1

"
0.001,0.003,0.6779112754158965,0.14579482439926061,0.6895356895356896,0.14622314622314625,0.6756756756756757,0.1427581427581428,"CRL
 ACC ,  C  ,  Rule
0.676 0.143 ['Prior-Crimes>5 && Race=African-American']=>1
0.671 0.308 ['Race=African-American && Age>=30']=>0
0.675 0.405 ['Prior-Crimes=1-3 && Race=African-American']=>1
0.675 0.475 ['Age=18-22 && Gender=Male']=>1
0.676 0.858 ['neg_Prior-Crimes>3']=>0
0.680 1.000 ['neg_Prior-Crimes=1-3']=>1

"
0.001,0.003,0.6797597042513863,0.29597966728280967,0.6881496881496881,0.31808731808731805,0.6708246708246708,0.3076923076923077,"CRL
 ACC ,  C  ,  Rule
0.676 0.143 ['Prior-Crimes>5 && Race=African-American']=>1
0.671 0.308 ['Race=African-American && Age>=30']=>0
0.675 0.405 ['Prior-Crimes=1-3 && Race=African-American']=>1
0.675 0.475 ['Age=18-22 && Gender=Male']=>1
0.676 0.858 ['neg_Prior-Crimes>3']=>0
0.680 1.000 ['neg_Prior-Crimes=1-3']=>1

"
0.001,0.003,0.6809149722735675,0.4115064695009242,0.6874566874566874,0.422037422037422,0.674982674982675,0.4054054054054054,"CRL
 ACC ,  C  ,  Rule
0.676 0.143 ['Prior-Crimes>5 && Race=African-American']=>1
0.671 0.308 ['Race=African-American && Age>=30']=>0
0.675 0.405 ['Prior-Crimes=1-3 && Race=African-American']=>1
0.675 0.475 ['Age=18-22 && Gender=Male']=>1
0.676 0.858 ['neg_Prior-Crimes>3']=>0
0.680 1.000 ['neg_Prior-Crimes=1-3']=>1

"
0.001,0.003,0.6806839186691312,0.4729667282809612,0.6888426888426888,0.48371448371448367,0.674982674982675,0.47539847539847535,"CRL
 ACC ,  C  ,  Rule
0.676 0.143 ['Prior-Crimes>5 && Race=African-American']=>1
0.671 0.308 ['Race=African-American && Age>=30']=>0
0.675 0.405 ['Prior-Crimes=1-3 && Race=African-American']=>1
0.675 0.475 ['Age=18-22 && Gender=Male']=>1
0.676 0.858 ['neg_Prior-Crimes>3']=>0
0.680 1.000 ['neg_Prior-Crimes=1-3']=>1

"
0.001,0.003,0.6797597042513863,0.8722273567467652,0.6826056826056826,0.8620928620928621,0.6763686763686764,0.8579348579348579,"CRL
 ACC ,  C  ,  Rule
0.676 0.143 ['Prior-Crimes>5 && Race=African-American']=>1
0.671 0.308 ['Race=African-American && Age>=30']=>0
0.675 0.405 ['Prior-Crimes=1-3 && Race=African-American']=>1
0.675 0.475 ['Age=18-22 && Gender=Male']=>1
0.676 0.858 ['neg_Prior-Crimes>3']=>0
0.680 1.000 ['neg_Prior-Crimes=1-3']=>1

"
0.001,0.003,0.6732902033271719,1.0,0.6846846846846847,1.0,0.6798336798336798,1.0,"CRL
 ACC ,  C  ,  Rule
0.676 0.143 ['Prior-Crimes>5 && Race=African-American']=>1
0.671 0.308 ['Race=African-American && Age>=30']=>0
0.675 0.405 ['Prior-Crimes=1-3 && Race=African-American']=>1
0.675 0.475 ['Age=18-22 && Gender=Male']=>1
0.676 0.858 ['neg_Prior-Crimes>3']=>0
0.680 1.000 ['neg_Prior-Crimes=1-3']=>1

"
0.001,0.004,0.6779112754158965,0.14579482439926061,0.6895356895356896,0.14622314622314625,0.6756756756756757,0.1427581427581428,"CRL
 ACC ,  C  ,  Rule
0.676 0.143 ['Prior-Crimes>5 && Race=African-American']=>1
0.671 0.308 ['Race=African-American && Age>=30']=>0
0.675 0.405 ['Prior-Crimes=1-3 && Race=African-American']=>1
0.675 0.475 ['Age=18-22 && Gender=Male']=>1
0.676 0.858 ['neg_Prior-Crimes>3']=>0
0.680 1.000 ['Prior-Crimes>3']=>1

"
0.001,0.004,0.6797597042513863,0.29597966728280967,0.6881496881496881,0.31808731808731805,0.6708246708246708,0.3076923076923077,"CRL
 ACC ,  C  ,  Rule
0.676 0.143 ['Prior-Crimes>5 && Race=African-American']=>1
0.671 0.308 ['Race=African-American && Age>=30']=>0
0.675 0.405 ['Prior-Crimes=1-3 && Race=African-American']=>1
0.675 0.475 ['Age=18-22 && Gender=Male']=>1
0.676 0.858 ['neg_Prior-Crimes>3']=>0
0.680 1.000 ['Prior-Crimes>3']=>1

"
0.001,0.004,0.6809149722735675,0.4115064695009242,0.6874566874566874,0.422037422037422,0.674982674982675,0.4054054054054054,"CRL
 ACC ,  C  ,  Rule
0.676 0.143 ['Prior-Crimes>5 && Race=African-American']=>1
0.671 0.308 ['Race=African-American && Age>=30']=>0
0.675 0.405 ['Prior-Crimes=1-3 && Race=African-American']=>1
0.675 0.475 ['Age=18-22 && Gender=Male']=>1
0.676 0.858 ['neg_Prior-Crimes>3']=>0
0.680 1.000 ['Prior-Crimes>3']=>1

"
0.001,0.004,0.6806839186691312,0.4729667282809612,0.6888426888426888,0.48371448371448367,0.674982674982675,0.47539847539847535,"CRL
 ACC ,  C  ,  Rule
0.676 0.143 ['Prior-Crimes>5 && Race=African-American']=>1
0.671 0.308 ['Race=African-American && Age>=30']=>0
0.675 0.405 ['Prior-Crimes=1-3 && Race=African-American']=>1
0.675 0.475 ['Age=18-22 && Gender=Male']=>1
0.676 0.858 ['neg_Prior-Crimes>3']=>0
0.680 1.000 ['Prior-Crimes>3']=>1

"
0.001,0.004,0.6797597042513863,0.8722273567467652,0.6826056826056826,0.8620928620928621,0.6763686763686764,0.8579348579348579,"CRL
 ACC ,  C  ,  Rule
0.676 0.143 ['Prior-Crimes>5 && Race=African-American']=>1
0.671 0.308 ['Race=African-American && Age>=30']=>0
0.675 0.405 ['Prior-Crimes=1-3 && Race=African-American']=>1
0.675 0.475 ['Age=18-22 && Gender=Male']=>1
0.676 0.858 ['neg_Prior-Crimes>3']=>0
0.680 1.000 ['Prior-Crimes>3']=>1

"
0.001,0.004,0.6732902033271719,1.0,0.6846846846846847,1.0,0.6798336798336798,1.0,"CRL
 ACC ,  C  ,  Rule
0.676 0.143 ['Prior-Crimes>5 && Race=African-American']=>1
0.671 0.308 ['Race=African-American && Age>=30']=>0
0.675 0.405 ['Prior-Crimes=1-3 && Race=African-American']=>1
0.675 0.475 ['Age=18-22 && Gender=Male']=>1
0.676 0.858 ['neg_Prior-Crimes>3']=>0
0.680 1.000 ['Prior-Crimes>3']=>1

"
0.001,0.005,0.6781423290203327,0.2021719038817006,0.6867636867636867,0.20512820512820518,0.674982674982675,0.21760221760221765,"CRL
 ACC ,  C  ,  Rule
0.675 0.218 ['Prior-Crimes=1-3 && Age>=30']=>0
0.679 0.315 ['Prior-Crimes=1-3 && Race=African-American']=>1
0.670 0.526 ['Prior-Crimes>3 && Race=African-American']=>1
0.670 0.595 ['Age=18-22 && Gender=Male']=>1
0.671 0.886 ['neg_Prior-Crimes>3']=>0
0.674 1.000 ['Prior-Crimes>3']=>1

"
0.001,0.005,0.6792975970425139,0.3176987060998152,0.6860706860706861,0.30907830907830913,0.6791406791406791,0.3153153153153153,"CRL
 ACC ,  C  ,  Rule
0.675 0.218 ['Prior-Crimes=1-3 && Age>=30']=>0
0.679 0.315 ['Prior-Crimes=1-3 && Race=African-American']=>1
0.670 0.526 ['Prior-Crimes>3 && Race=African-American']=>1
0.670 0.595 ['Age=18-22 && Gender=Male']=>1
0.671 0.886 ['neg_Prior-Crimes>3']=>0
0.674 1.000 ['Prior-Crimes>3']=>1

"
0.001,0.005,0.6799907578558225,0.5173290203327172,0.6784476784476784,0.5183645183645184,0.6701316701316701,0.525987525987526,"CRL
 ACC ,  C  ,  Rule
0.675 0.218 ['Prior-Crimes=1-3 && Age>=30']=>0
0.679 0.315 ['Prior-Crimes=1-3 && Race=African-American']=>1
0.670 0.526 ['Prior-Crimes>3 && Race=African-American']=>1
0.670 0.595 ['Age=18-22 && Gender=Male']=>1
0.671 0.886 ['neg_Prior-Crimes>3']=>0
0.674 1.000 ['Prior-Crimes>3']=>1

"
0.001,0.005,0.6797597042513863,0.5771719038817005,0.6798336798336798,0.5772695772695773,0.6701316701316701,0.5945945945945945,"CRL
 ACC ,  C  ,  Rule
0.675 0.218 ['Prior-Crimes=1-3 && Age>=30']=>0
0.679 0.315 ['Prior-Crimes=1-3 && Race=African-American']=>1
0.670 0.526 ['Prior-Crimes>3 && Race=African-American']=>1
0.670 0.595 ['Age=18-22 && Gender=Male']=>1
0.671 0.886 ['neg_Prior-Crimes>3']=>0
0.674 1.000 ['Prior-Crimes>3']=>1

"
0.001,0.005,0.6790665434380776,0.8969500924214417,0.6742896742896742,0.8863478863478863,0.6708246708246708,0.8856548856548856,"CRL
 ACC ,  C  ,  Rule
0.675 0.218 ['Prior-Crimes=1-3 && Age>=30']=>0
0.679 0.315 ['Prior-Crimes=1-3 && Race=African-American']=>1
0.670 0.526 ['Prior-Crimes>3 && Race=African-American']=>1
0.670 0.595 ['Age=18-22 && Gender=Male']=>1
0.671 0.886 ['neg_Prior-Crimes>3']=>0
0.674 1.000 ['Prior-Crimes>3']=>1

"
0.001,0.005,0.6725970425138632,1.0,0.6763686763686764,1.0,0.6742896742896742,1.0,"CRL
 ACC ,  C  ,  Rule
0.675 0.218 ['Prior-Crimes=1-3 && Age>=30']=>0
0.679 0.315 ['Prior-Crimes=1-3 && Race=African-American']=>1
0.670 0.526 ['Prior-Crimes>3 && Race=African-American']=>1
0.670 0.595 ['Age=18-22 && Gender=Male']=>1
0.671 0.886 ['neg_Prior-Crimes>3']=>0
0.674 1.000 ['Prior-Crimes>3']=>1

"
0.001,0.006,0.6779112754158965,0.14579482439926061,0.6895356895356896,0.14622314622314625,0.6756756756756757,0.1427581427581428,"CRL
 ACC ,  C  ,  Rule
0.676 0.143 ['Prior-Crimes>5 && Race=African-American']=>1
0.671 0.308 ['Race=African-American && Age>=30']=>0
0.675 0.405 ['Prior-Crimes=1-3 && Race=African-American']=>1
0.675 0.475 ['Age=18-22 && Gender=Male']=>1
0.676 0.858 ['neg_Prior-Crimes>3']=>0
0.680 1.000 ['Prior-Crimes>3']=>1

"
0.001,0.006,0.6797597042513863,0.29597966728280967,0.6881496881496881,0.31808731808731805,0.6708246708246708,0.3076923076923077,"CRL
 ACC ,  C  ,  Rule
0.676 0.143 ['Prior-Crimes>5 && Race=African-American']=>1
0.671 0.308 ['Race=African-American && Age>=30']=>0
0.675 0.405 ['Prior-Crimes=1-3 && Race=African-American']=>1
0.675 0.475 ['Age=18-22 && Gender=Male']=>1
0.676 0.858 ['neg_Prior-Crimes>3']=>0
0.680 1.000 ['Prior-Crimes>3']=>1

"
0.001,0.006,0.6809149722735675,0.4115064695009242,0.6874566874566874,0.422037422037422,0.674982674982675,0.4054054054054054,"CRL
 ACC ,  C  ,  Rule
0.676 0.143 ['Prior-Crimes>5 && Race=African-American']=>1
0.671 0.308 ['Race=African-American && Age>=30']=>0
0.675 0.405 ['Prior-Crimes=1-3 && Race=African-American']=>1
0.675 0.475 ['Age=18-22 && Gender=Male']=>1
0.676 0.858 ['neg_Prior-Crimes>3']=>0
0.680 1.000 ['Prior-Crimes>3']=>1

"
0.001,0.006,0.6806839186691312,0.4729667282809612,0.6888426888426888,0.48371448371448367,0.674982674982675,0.47539847539847535,"CRL
 ACC ,  C  ,  Rule
0.676 0.143 ['Prior-Crimes>5 && Race=African-American']=>1
0.671 0.308 ['Race=African-American && Age>=30']=>0
0.675 0.405 ['Prior-Crimes=1-3 && Race=African-American']=>1
0.675 0.475 ['Age=18-22 && Gender=Male']=>1
0.676 0.858 ['neg_Prior-Crimes>3']=>0
0.680 1.000 ['Prior-Crimes>3']=>1

"
0.001,0.006,0.6797597042513863,0.8722273567467652,0.6826056826056826,0.8620928620928621,0.6763686763686764,0.8579348579348579,"CRL
 ACC ,  C  ,  Rule
0.676 0.143 ['Prior-Crimes>5 && Race=African-American']=>1
0.671 0.308 ['Race=African-American && Age>=30']=>0
0.675 0.405 ['Prior-Crimes=1-3 && Race=African-American']=>1
0.675 0.475 ['Age=18-22 && Gender=Male']=>1
0.676 0.858 ['neg_Prior-Crimes>3']=>0
0.680 1.000 ['Prior-Crimes>3']=>1

"
0.001,0.006,0.6732902033271719,1.0,0.6846846846846847,1.0,0.6798336798336798,1.0,"CRL
 ACC ,  C  ,  Rule
0.676 0.143 ['Prior-Crimes>5 && Race=African-American']=>1
0.671 0.308 ['Race=African-American && Age>=30']=>0
0.675 0.405 ['Prior-Crimes=1-3 && Race=African-American']=>1
0.675 0.475 ['Age=18-22 && Gender=Male']=>1
0.676 0.858 ['neg_Prior-Crimes>3']=>0
0.680 1.000 ['Prior-Crimes>3']=>1

"
0.001,0.007,0.6781423290203327,0.2021719038817006,0.6867636867636867,0.20512820512820518,0.674982674982675,0.21760221760221765,"CRL
 ACC ,  C  ,  Rule
0.675 0.218 ['Prior-Crimes=1-3 && Age>=30']=>0
0.679 0.315 ['Prior-Crimes=1-3 && Race=African-American']=>1
0.670 0.526 ['Prior-Crimes>3 && Race=African-American']=>1
0.670 0.595 ['Age=18-22 && Gender=Male']=>1
0.671 0.886 ['neg_Prior-Crimes>3']=>0
0.674 1.000 ['neg_Prior-Crimes=0']=>1

"
0.001,0.007,0.6792975970425139,0.3176987060998152,0.6860706860706861,0.30907830907830913,0.6791406791406791,0.3153153153153153,"CRL
 ACC ,  C  ,  Rule
0.675 0.218 ['Prior-Crimes=1-3 && Age>=30']=>0
0.679 0.315 ['Prior-Crimes=1-3 && Race=African-American']=>1
0.670 0.526 ['Prior-Crimes>3 && Race=African-American']=>1
0.670 0.595 ['Age=18-22 && Gender=Male']=>1
0.671 0.886 ['neg_Prior-Crimes>3']=>0
0.674 1.000 ['neg_Prior-Crimes=0']=>1

"
0.001,0.007,0.6799907578558225,0.5173290203327172,0.6784476784476784,0.5183645183645184,0.6701316701316701,0.525987525987526,"CRL
 ACC ,  C  ,  Rule
0.675 0.218 ['Prior-Crimes=1-3 && Age>=30']=>0
0.679 0.315 ['Prior-Crimes=1-3 && Race=African-American']=>1
0.670 0.526 ['Prior-Crimes>3 && Race=African-American']=>1
0.670 0.595 ['Age=18-22 && Gender=Male']=>1
0.671 0.886 ['neg_Prior-Crimes>3']=>0
0.674 1.000 ['neg_Prior-Crimes=0']=>1

"
0.001,0.007,0.6797597042513863,0.5771719038817005,0.6798336798336798,0.5772695772695773,0.6701316701316701,0.5945945945945945,"CRL
 ACC ,  C  ,  Rule
0.675 0.218 ['Prior-Crimes=1-3 && Age>=30']=>0
0.679 0.315 ['Prior-Crimes=1-3 && Race=African-American']=>1
0.670 0.526 ['Prior-Crimes>3 && Race=African-American']=>1
0.670 0.595 ['Age=18-22 && Gender=Male']=>1
0.671 0.886 ['neg_Prior-Crimes>3']=>0
0.674 1.000 ['neg_Prior-Crimes=0']=>1

"
0.001,0.007,0.6790665434380776,0.8969500924214417,0.6742896742896742,0.8863478863478863,0.6708246708246708,0.8856548856548856,"CRL
 ACC ,  C  ,  Rule
0.675 0.218 ['Prior-Crimes=1-3 && Age>=30']=>0
0.679 0.315 ['Prior-Crimes=1-3 && Race=African-American']=>1
0.670 0.526 ['Prior-Crimes>3 && Race=African-American']=>1
0.670 0.595 ['Age=18-22 && Gender=Male']=>1
0.671 0.886 ['neg_Prior-Crimes>3']=>0
0.674 1.000 ['neg_Prior-Crimes=0']=>1

"
0.001,0.007,0.6725970425138632,1.0,0.6763686763686764,1.0,0.6742896742896742,1.0,"CRL
 ACC ,  C  ,  Rule
0.675 0.218 ['Prior-Crimes=1-3 && Age>=30']=>0
0.679 0.315 ['Prior-Crimes=1-3 && Race=African-American']=>1
0.670 0.526 ['Prior-Crimes>3 && Race=African-American']=>1
0.670 0.595 ['Age=18-22 && Gender=Male']=>1
0.671 0.886 ['neg_Prior-Crimes>3']=>0
0.674 1.000 ['neg_Prior-Crimes=0']=>1

"
0.001,0.008,0.6781423290203327,0.2021719038817006,0.6867636867636867,0.20512820512820518,0.674982674982675,0.21760221760221765,"CRL
 ACC ,  C  ,  Rule
0.675 0.218 ['Prior-Crimes=1-3 && Age>=30']=>0
0.679 0.315 ['Prior-Crimes=1-3 && Race=African-American']=>1
0.670 0.526 ['Prior-Crimes>3 && Race=African-American']=>1
0.670 0.595 ['Age=18-22 && Gender=Male']=>1
0.671 0.886 ['neg_Prior-Crimes>3']=>0
0.674 1.000 ['Prior-Crimes>3']=>1

"
0.001,0.008,0.6792975970425139,0.3176987060998152,0.6860706860706861,0.30907830907830913,0.6791406791406791,0.3153153153153153,"CRL
 ACC ,  C  ,  Rule
0.675 0.218 ['Prior-Crimes=1-3 && Age>=30']=>0
0.679 0.315 ['Prior-Crimes=1-3 && Race=African-American']=>1
0.670 0.526 ['Prior-Crimes>3 && Race=African-American']=>1
0.670 0.595 ['Age=18-22 && Gender=Male']=>1
0.671 0.886 ['neg_Prior-Crimes>3']=>0
0.674 1.000 ['Prior-Crimes>3']=>1

"
0.001,0.008,0.6799907578558225,0.5173290203327172,0.6784476784476784,0.5183645183645184,0.6701316701316701,0.525987525987526,"CRL
 ACC ,  C  ,  Rule
0.675 0.218 ['Prior-Crimes=1-3 && Age>=30']=>0
0.679 0.315 ['Prior-Crimes=1-3 && Race=African-American']=>1
0.670 0.526 ['Prior-Crimes>3 && Race=African-American']=>1
0.670 0.595 ['Age=18-22 && Gender=Male']=>1
0.671 0.886 ['neg_Prior-Crimes>3']=>0
0.674 1.000 ['Prior-Crimes>3']=>1

"
0.001,0.008,0.6797597042513863,0.5771719038817005,0.6798336798336798,0.5772695772695773,0.6701316701316701,0.5945945945945945,"CRL
 ACC ,  C  ,  Rule
0.675 0.218 ['Prior-Crimes=1-3 && Age>=30']=>0
0.679 0.315 ['Prior-Crimes=1-3 && Race=African-American']=>1
0.670 0.526 ['Prior-Crimes>3 && Race=African-American']=>1
0.670 0.595 ['Age=18-22 && Gender=Male']=>1
0.671 0.886 ['neg_Prior-Crimes>3']=>0
0.674 1.000 ['Prior-Crimes>3']=>1

"
0.001,0.008,0.6790665434380776,0.8969500924214417,0.6742896742896742,0.8863478863478863,0.6708246708246708,0.8856548856548856,"CRL
 ACC ,  C  ,  Rule
0.675 0.218 ['Prior-Crimes=1-3 && Age>=30']=>0
0.679 0.315 ['Prior-Crimes=1-3 && Race=African-American']=>1
0.670 0.526 ['Prior-Crimes>3 && Race=African-American']=>1
0.670 0.595 ['Age=18-22 && Gender=Male']=>1
0.671 0.886 ['neg_Prior-Crimes>3']=>0
0.674 1.000 ['Prior-Crimes>3']=>1

"
0.001,0.008,0.6725970425138632,1.0,0.6763686763686764,1.0,0.6742896742896742,1.0,"CRL
 ACC ,  C  ,  Rule
0.675 0.218 ['Prior-Crimes=1-3 && Age>=30']=>0
0.679 0.315 ['Prior-Crimes=1-3 && Race=African-American']=>1
0.670 0.526 ['Prior-Crimes>3 && Race=African-American']=>1
0.670 0.595 ['Age=18-22 && Gender=Male']=>1
0.671 0.886 ['neg_Prior-Crimes>3']=>0
0.674 1.000 ['Prior-Crimes>3']=>1

"
0.001,0.009000000000000001,0.6781423290203327,0.2021719038817006,0.6867636867636867,0.20512820512820518,0.674982674982675,0.21760221760221765,"CRL
 ACC ,  C  ,  Rule
0.675 0.218 ['Prior-Crimes=1-3 && Age>=30']=>0
0.679 0.315 ['Prior-Crimes=1-3 && Race=African-American']=>1
0.679 0.388 ['Age=18-22 && Gender=Male']=>1
0.680 0.679 ['neg_Prior-Crimes>3']=>0
0.674 1.000 ['neg_Prior-Crimes=0']=>1

"
0.001,0.009000000000000001,0.6792975970425139,0.3176987060998152,0.6860706860706861,0.30907830907830913,0.6791406791406791,0.3153153153153153,"CRL
 ACC ,  C  ,  Rule
0.675 0.218 ['Prior-Crimes=1-3 && Age>=30']=>0
0.679 0.315 ['Prior-Crimes=1-3 && Race=African-American']=>1
0.679 0.388 ['Age=18-22 && Gender=Male']=>1
0.680 0.679 ['neg_Prior-Crimes>3']=>0
0.674 1.000 ['neg_Prior-Crimes=0']=>1

"
0.001,0.009000000000000001,0.6790665434380776,0.3807763401109058,0.6874566874566874,0.3721413721413721,0.6791406791406791,0.38808038808038803,"CRL
 ACC ,  C  ,  Rule
0.675 0.218 ['Prior-Crimes=1-3 && Age>=30']=>0
0.679 0.315 ['Prior-Crimes=1-3 && Race=African-American']=>1
0.679 0.388 ['Age=18-22 && Gender=Male']=>1
0.680 0.679 ['neg_Prior-Crimes>3']=>0
0.674 1.000 ['neg_Prior-Crimes=0']=>1

"
0.001,0.009000000000000001,0.678373382624769,0.7005545286506469,0.681912681912682,0.6812196812196812,0.6798336798336798,0.6791406791406791,"CRL
 ACC ,  C  ,  Rule
0.675 0.218 ['Prior-Crimes=1-3 && Age>=30']=>0
0.679 0.315 ['Prior-Crimes=1-3 && Race=African-American']=>1
0.679 0.388 ['Age=18-22 && Gender=Male']=>1
0.680 0.679 ['neg_Prior-Crimes>3']=>0
0.674 1.000 ['neg_Prior-Crimes=0']=>1

"
0.001,0.009000000000000001,0.6725970425138632,1.0,0.6763686763686764,1.0,0.6742896742896742,1.0,"CRL
 ACC ,  C  ,  Rule
0.675 0.218 ['Prior-Crimes=1-3 && Age>=30']=>0
0.679 0.315 ['Prior-Crimes=1-3 && Race=African-American']=>1
0.679 0.388 ['Age=18-22 && Gender=Male']=>1
0.680 0.679 ['neg_Prior-Crimes>3']=>0
0.674 1.000 ['neg_Prior-Crimes=0']=>1

"
0.001,0.01,0.6781423290203327,0.2021719038817006,0.6867636867636867,0.20512820512820518,0.674982674982675,0.21760221760221765,"CRL
 ACC ,  C  ,  Rule
0.675 0.218 ['Prior-Crimes=1-3 && Age>=30']=>0
0.675 0.315 ['Age=18-22 && Gender=Male']=>1
0.674 0.546 ['Prior-Crimes=0 && Juvenile-Crimes=0']=>0
0.671 0.793 ['Race=African-American && Gender=Male']=>1
0.674 0.999 ['neg_Juvenile-Felonies>3']=>1

"
0.001,0.01,0.6779112754158965,0.29898336414048055,0.6881496881496881,0.3007623007623008,0.674982674982675,0.3146223146223146,"CRL
 ACC ,  C  ,  Rule
0.675 0.218 ['Prior-Crimes=1-3 && Age>=30']=>0
0.675 0.315 ['Age=18-22 && Gender=Male']=>1
0.674 0.546 ['Prior-Crimes=0 && Juvenile-Crimes=0']=>0
0.671 0.793 ['Race=African-American && Gender=Male']=>1
0.674 0.999 ['neg_Juvenile-Felonies>3']=>1

"
0.001,0.01,0.6779112754158965,0.555452865064695,0.6867636867636867,0.5564795564795565,0.6742896742896742,0.546084546084546,"CRL
 ACC ,  C  ,  Rule
0.675 0.218 ['Prior-Crimes=1-3 && Age>=30']=>0
0.675 0.315 ['Age=18-22 && Gender=Male']=>1
0.674 0.546 ['Prior-Crimes=0 && Juvenile-Crimes=0']=>0
0.671 0.793 ['Race=African-American && Gender=Male']=>1
0.674 0.999 ['neg_Juvenile-Felonies>3']=>1

"
0.001,0.01,0.6811460258780037,0.7904343807763401,0.6770616770616771,0.7900207900207901,0.6708246708246708,0.7927927927927928,"CRL
 ACC ,  C  ,  Rule
0.675 0.218 ['Prior-Crimes=1-3 && Age>=30']=>0
0.675 0.315 ['Age=18-22 && Gender=Male']=>1
0.674 0.546 ['Prior-Crimes=0 && Juvenile-Crimes=0']=>0
0.671 0.793 ['Race=African-American && Gender=Male']=>1
0.674 0.999 ['neg_Juvenile-Felonies>3']=>1

"
0.001,0.01,0.6661275415896488,0.9997689463955638,0.6701316701316701,0.9972279972279973,0.6742896742896742,0.9986139986139986,"CRL
 ACC ,  C  ,  Rule
0.675 0.218 ['Prior-Crimes=1-3 && Age>=30']=>0
0.675 0.315 ['Age=18-22 && Gender=Male']=>1
0.674 0.546 ['Prior-Crimes=0 && Juvenile-Crimes=0']=>0
0.671 0.793 ['Race=African-American && Gender=Male']=>1
0.674 0.999 ['neg_Juvenile-Felonies>3']=>1

"
0.0016681005372000592,0.001,0.6786044362292052,0.199630314232902,0.681912681912682,0.20928620928620933,0.6666666666666666,0.21067221067221065,"CRL
 ACC ,  C  ,  Rule
0.667 0.211 ['Prior-Crimes>3 && Race=African-American']=>1
0.667 0.304 ['Age=18-22 && Gender=Male']=>1
0.650 0.886 ['neg_Prior-Crimes>3']=>0
0.653 1.000 ['Prior-Crimes>3']=>1

"
0.0016681005372000592,0.001,0.678373382624769,0.2932070240295749,0.6832986832986833,0.3007623007623008,0.6666666666666666,0.30353430353430355,"CRL
 ACC ,  C  ,  Rule
0.667 0.211 ['Prior-Crimes>3 && Race=African-American']=>1
0.667 0.304 ['Age=18-22 && Gender=Male']=>1
0.650 0.886 ['neg_Prior-Crimes>3']=>0
0.653 1.000 ['Prior-Crimes>3']=>1

"
0.0016681005372000592,0.001,0.6707486136783734,0.8969500924214417,0.6666666666666666,0.8863478863478863,0.65003465003465,0.8856548856548856,"CRL
 ACC ,  C  ,  Rule
0.667 0.211 ['Prior-Crimes>3 && Race=African-American']=>1
0.667 0.304 ['Age=18-22 && Gender=Male']=>1
0.650 0.886 ['neg_Prior-Crimes>3']=>0
0.653 1.000 ['Prior-Crimes>3']=>1

"
0.0016681005372000592,0.001,0.664279112754159,1.0,0.6687456687456688,1.0,0.6534996534996536,1.0,"CRL
 ACC ,  C  ,  Rule
0.667 0.211 ['Prior-Crimes>3 && Race=African-American']=>1
0.667 0.304 ['Age=18-22 && Gender=Male']=>1
0.650 0.886 ['neg_Prior-Crimes>3']=>0
0.653 1.000 ['Prior-Crimes>3']=>1

"
0.0016681005372000592,0.002,0.6781423290203327,0.2021719038817006,0.6867636867636867,0.20512820512820518,0.674982674982675,0.21760221760221765,"CRL
 ACC ,  C  ,  Rule
0.675 0.218 ['Prior-Crimes=1-3 && Age>=30']=>0
0.675 0.315 ['Age=18-22 && Gender=Male']=>1
0.674 0.546 ['Prior-Crimes=0 && Juvenile-Crimes=0']=>0
0.669 0.827 ['Race=African-American']=>1
0.674 1.000 ['neg_Race=African-American']=>1

"
0.0016681005372000592,0.002,0.6779112754158965,0.29898336414048055,0.6881496881496881,0.3007623007623008,0.674982674982675,0.3146223146223146,"CRL
 ACC ,  C  ,  Rule
0.675 0.218 ['Prior-Crimes=1-3 && Age>=30']=>0
0.675 0.315 ['Age=18-22 && Gender=Male']=>1
0.674 0.546 ['Prior-Crimes=0 && Juvenile-Crimes=0']=>0
0.669 0.827 ['Race=African-American']=>1
0.674 1.000 ['neg_Race=African-American']=>1

"
0.0016681005372000592,0.002,0.6779112754158965,0.555452865064695,0.6867636867636867,0.5564795564795565,0.6742896742896742,0.546084546084546,"CRL
 ACC ,  C  ,  Rule
0.675 0.218 ['Prior-Crimes=1-3 && Age>=30']=>0
0.675 0.315 ['Age=18-22 && Gender=Male']=>1
0.674 0.546 ['Prior-Crimes=0 && Juvenile-Crimes=0']=>0
0.669 0.827 ['Race=African-American']=>1
0.674 1.000 ['neg_Race=African-American']=>1

"
0.0016681005372000592,0.002,0.6797597042513863,0.8350277264325323,0.674982674982675,0.8371448371448371,0.6687456687456688,0.8267498267498268,"CRL
 ACC ,  C  ,  Rule
0.675 0.218 ['Prior-Crimes=1-3 && Age>=30']=>0
0.675 0.315 ['Age=18-22 && Gender=Male']=>1
0.674 0.546 ['Prior-Crimes=0 && Juvenile-Crimes=0']=>0
0.669 0.827 ['Race=African-American']=>1
0.674 1.000 ['neg_Race=African-American']=>1

"
0.0016681005372000592,0.002,0.6661275415896488,1.0,0.6701316701316701,1.0,0.6742896742896742,1.0,"CRL
 ACC ,  C  ,  Rule
0.675 0.218 ['Prior-Crimes=1-3 && Age>=30']=>0
0.675 0.315 ['Age=18-22 && Gender=Male']=>1
0.674 0.546 ['Prior-Crimes=0 && Juvenile-Crimes=0']=>0
0.669 0.827 ['Race=African-American']=>1
0.674 1.000 ['neg_Race=African-American']=>1

"
0.0016681005372000592,0.003,0.6781423290203327,0.2021719038817006,0.6867636867636867,0.20512820512820518,0.674982674982675,0.21760221760221765,"CRL
 ACC ,  C  ,  Rule
0.675 0.218 ['Prior-Crimes=1-3 && Age>=30']=>0
0.679 0.315 ['Prior-Crimes=1-3 && Race=African-American']=>1
0.679 0.388 ['Age=18-22 && Gender=Male']=>1
0.680 0.679 ['neg_Prior-Crimes>3']=>0
0.674 1.000 ['neg_Prior-Crimes=0']=>1

"
0.0016681005372000592,0.003,0.6792975970425139,0.3176987060998152,0.6860706860706861,0.30907830907830913,0.6791406791406791,0.3153153153153153,"CRL
 ACC ,  C  ,  Rule
0.675 0.218 ['Prior-Crimes=1-3 && Age>=30']=>0
0.679 0.315 ['Prior-Crimes=1-3 && Race=African-American']=>1
0.679 0.388 ['Age=18-22 && Gender=Male']=>1
0.680 0.679 ['neg_Prior-Crimes>3']=>0
0.674 1.000 ['neg_Prior-Crimes=0']=>1

"
0.0016681005372000592,0.003,0.6790665434380776,0.3807763401109058,0.6874566874566874,0.3721413721413721,0.6791406791406791,0.38808038808038803,"CRL
 ACC ,  C  ,  Rule
0.675 0.218 ['Prior-Crimes=1-3 && Age>=30']=>0
0.679 0.315 ['Prior-Crimes=1-3 && Race=African-American']=>1
0.679 0.388 ['Age=18-22 && Gender=Male']=>1
0.680 0.679 ['neg_Prior-Crimes>3']=>0
0.674 1.000 ['neg_Prior-Crimes=0']=>1

"
0.0016681005372000592,0.003,0.678373382624769,0.7005545286506469,0.681912681912682,0.6812196812196812,0.6798336798336798,0.6791406791406791,"CRL
 ACC ,  C  ,  Rule
0.675 0.218 ['Prior-Crimes=1-3 && Age>=30']=>0
0.679 0.315 ['Prior-Crimes=1-3 && Race=African-American']=>1
0.679 0.388 ['Age=18-22 && Gender=Male']=>1
0.680 0.679 ['neg_Prior-Crimes>3']=>0
0.674 1.000 ['neg_Prior-Crimes=0']=>1

"
0.0016681005372000592,0.003,0.6725970425138632,1.0,0.6763686763686764,1.0,0.6742896742896742,1.0,"CRL
 ACC ,  C  ,  Rule
0.675 0.218 ['Prior-Crimes=1-3 && Age>=30']=>0
0.679 0.315 ['Prior-Crimes=1-3 && Race=African-American']=>1
0.679 0.388 ['Age=18-22 && Gender=Male']=>1
0.680 0.679 ['neg_Prior-Crimes>3']=>0
0.674 1.000 ['neg_Prior-Crimes=0']=>1

"
0.0016681005372000592,0.004,0.6781423290203327,0.2021719038817006,0.6867636867636867,0.20512820512820518,0.674982674982675,0.21760221760221765,"CRL
 ACC ,  C  ,  Rule
0.675 0.218 ['Prior-Crimes=1-3 && Age>=30']=>0
0.675 0.315 ['Age=18-22 && Gender=Male']=>1
0.674 0.546 ['Prior-Crimes=0 && Juvenile-Crimes=0']=>0
0.669 0.827 ['Race=African-American']=>1
0.674 1.000 ['neg_Race=African-American']=>1

"
0.0016681005372000592,0.004,0.6779112754158965,0.29898336414048055,0.6881496881496881,0.3007623007623008,0.674982674982675,0.3146223146223146,"CRL
 ACC ,  C  ,  Rule
0.675 0.218 ['Prior-Crimes=1-3 && Age>=30']=>0
0.675 0.315 ['Age=18-22 && Gender=Male']=>1
0.674 0.546 ['Prior-Crimes=0 && Juvenile-Crimes=0']=>0
0.669 0.827 ['Race=African-American']=>1
0.674 1.000 ['neg_Race=African-American']=>1

"
0.0016681005372000592,0.004,0.6779112754158965,0.555452865064695,0.6867636867636867,0.5564795564795565,0.6742896742896742,0.546084546084546,"CRL
 ACC ,  C  ,  Rule
0.675 0.218 ['Prior-Crimes=1-3 && Age>=30']=>0
0.675 0.315 ['Age=18-22 && Gender=Male']=>1
0.674 0.546 ['Prior-Crimes=0 && Juvenile-Crimes=0']=>0
0.669 0.827 ['Race=African-American']=>1
0.674 1.000 ['neg_Race=African-American']=>1

"
0.0016681005372000592,0.004,0.6797597042513863,0.8350277264325323,0.674982674982675,0.8371448371448371,0.6687456687456688,0.8267498267498268,"CRL
 ACC ,  C  ,  Rule
0.675 0.218 ['Prior-Crimes=1-3 && Age>=30']=>0
0.675 0.315 ['Age=18-22 && Gender=Male']=>1
0.674 0.546 ['Prior-Crimes=0 && Juvenile-Crimes=0']=>0
0.669 0.827 ['Race=African-American']=>1
0.674 1.000 ['neg_Race=African-American']=>1

"
0.0016681005372000592,0.004,0.6661275415896488,1.0,0.6701316701316701,1.0,0.6742896742896742,1.0,"CRL
 ACC ,  C  ,  Rule
0.675 0.218 ['Prior-Crimes=1-3 && Age>=30']=>0
0.675 0.315 ['Age=18-22 && Gender=Male']=>1
0.674 0.546 ['Prior-Crimes=0 && Juvenile-Crimes=0']=>0
0.669 0.827 ['Race=African-American']=>1
0.674 1.000 ['neg_Race=African-American']=>1

"
0.0016681005372000592,0.005,0.6781423290203327,0.2021719038817006,0.6867636867636867,0.20512820512820518,0.674982674982675,0.21760221760221765,"CRL
 ACC ,  C  ,  Rule
0.675 0.218 ['Prior-Crimes=1-3 && Age>=30']=>0
0.675 0.315 ['Age=18-22 && Gender=Male']=>1
0.674 0.546 ['Prior-Crimes=0 && Juvenile-Crimes=0']=>0
0.669 0.827 ['Race=African-American']=>1
0.674 1.000 ['neg_Race=African-American']=>1

"
0.0016681005372000592,0.005,0.6779112754158965,0.29898336414048055,0.6881496881496881,0.3007623007623008,0.674982674982675,0.3146223146223146,"CRL
 ACC ,  C  ,  Rule
0.675 0.218 ['Prior-Crimes=1-3 && Age>=30']=>0
0.675 0.315 ['Age=18-22 && Gender=Male']=>1
0.674 0.546 ['Prior-Crimes=0 && Juvenile-Crimes=0']=>0
0.669 0.827 ['Race=African-American']=>1
0.674 1.000 ['neg_Race=African-American']=>1

"
0.0016681005372000592,0.005,0.6779112754158965,0.555452865064695,0.6867636867636867,0.5564795564795565,0.6742896742896742,0.546084546084546,"CRL
 ACC ,  C  ,  Rule
0.675 0.218 ['Prior-Crimes=1-3 && Age>=30']=>0
0.675 0.315 ['Age=18-22 && Gender=Male']=>1
0.674 0.546 ['Prior-Crimes=0 && Juvenile-Crimes=0']=>0
0.669 0.827 ['Race=African-American']=>1
0.674 1.000 ['neg_Race=African-American']=>1

"
0.0016681005372000592,0.005,0.6797597042513863,0.8350277264325323,0.674982674982675,0.8371448371448371,0.6687456687456688,0.8267498267498268,"CRL
 ACC ,  C  ,  Rule
0.675 0.218 ['Prior-Crimes=1-3 && Age>=30']=>0
0.675 0.315 ['Age=18-22 && Gender=Male']=>1
0.674 0.546 ['Prior-Crimes=0 && Juvenile-Crimes=0']=>0
0.669 0.827 ['Race=African-American']=>1
0.674 1.000 ['neg_Race=African-American']=>1

"
0.0016681005372000592,0.005,0.6661275415896488,1.0,0.6701316701316701,1.0,0.6742896742896742,1.0,"CRL
 ACC ,  C  ,  Rule
0.675 0.218 ['Prior-Crimes=1-3 && Age>=30']=>0
0.675 0.315 ['Age=18-22 && Gender=Male']=>1
0.674 0.546 ['Prior-Crimes=0 && Juvenile-Crimes=0']=>0
0.669 0.827 ['Race=African-American']=>1
0.674 1.000 ['neg_Race=African-American']=>1

"
0.0016681005372000592,0.006,0.6781423290203327,0.2021719038817006,0.6867636867636867,0.20512820512820518,0.674982674982675,0.21760221760221765,"CRL
 ACC ,  C  ,  Rule
0.675 0.218 ['Prior-Crimes=1-3 && Age>=30']=>0
0.679 0.315 ['Prior-Crimes=1-3 && Race=African-American']=>1
0.679 0.388 ['Age=18-22 && Gender=Male']=>1
0.680 0.679 ['neg_Prior-Crimes>3']=>0
0.674 1.000 ['neg_Age=18-20']=>1

"
0.0016681005372000592,0.006,0.6792975970425139,0.3176987060998152,0.6860706860706861,0.30907830907830913,0.6791406791406791,0.3153153153153153,"CRL
 ACC ,  C  ,  Rule
0.675 0.218 ['Prior-Crimes=1-3 && Age>=30']=>0
0.679 0.315 ['Prior-Crimes=1-3 && Race=African-American']=>1
0.679 0.388 ['Age=18-22 && Gender=Male']=>1
0.680 0.679 ['neg_Prior-Crimes>3']=>0
0.674 1.000 ['neg_Age=18-20']=>1

"
0.0016681005372000592,0.006,0.6790665434380776,0.3807763401109058,0.6874566874566874,0.3721413721413721,0.6791406791406791,0.38808038808038803,"CRL
 ACC ,  C  ,  Rule
0.675 0.218 ['Prior-Crimes=1-3 && Age>=30']=>0
0.679 0.315 ['Prior-Crimes=1-3 && Race=African-American']=>1
0.679 0.388 ['Age=18-22 && Gender=Male']=>1
0.680 0.679 ['neg_Prior-Crimes>3']=>0
0.674 1.000 ['neg_Age=18-20']=>1

"
0.0016681005372000592,0.006,0.678373382624769,0.7005545286506469,0.681912681912682,0.6812196812196812,0.6798336798336798,0.6791406791406791,"CRL
 ACC ,  C  ,  Rule
0.675 0.218 ['Prior-Crimes=1-3 && Age>=30']=>0
0.679 0.315 ['Prior-Crimes=1-3 && Race=African-American']=>1
0.679 0.388 ['Age=18-22 && Gender=Male']=>1
0.680 0.679 ['neg_Prior-Crimes>3']=>0
0.674 1.000 ['neg_Age=18-20']=>1

"
0.0016681005372000592,0.006,0.6725970425138632,0.9997689463955638,0.6763686763686764,1.0,0.6742896742896742,1.0,"CRL
 ACC ,  C  ,  Rule
0.675 0.218 ['Prior-Crimes=1-3 && Age>=30']=>0
0.679 0.315 ['Prior-Crimes=1-3 && Race=African-American']=>1
0.679 0.388 ['Age=18-22 && Gender=Male']=>1
0.680 0.679 ['neg_Prior-Crimes>3']=>0
0.674 1.000 ['neg_Age=18-20']=>1

"
0.0016681005372000592,0.007,0.6781423290203327,0.2021719038817006,0.6867636867636867,0.20512820512820518,0.674982674982675,0.21760221760221765,"CRL
 ACC ,  C  ,  Rule
0.675 0.218 ['Prior-Crimes=1-3 && Age>=30']=>0
0.675 0.315 ['Age=18-22 && Gender=Male']=>1
0.679 0.388 ['Prior-Crimes=1-3 && Race=African-American']=>1
0.680 0.679 ['neg_Prior-Crimes>3']=>0
0.674 1.000 ['neg_Prior-Crimes=0']=>1

"
0.0016681005372000592,0.007,0.6779112754158965,0.29898336414048055,0.6881496881496881,0.3007623007623008,0.674982674982675,0.3146223146223146,"CRL
 ACC ,  C  ,  Rule
0.675 0.218 ['Prior-Crimes=1-3 && Age>=30']=>0
0.675 0.315 ['Age=18-22 && Gender=Male']=>1
0.679 0.388 ['Prior-Crimes=1-3 && Race=African-American']=>1
0.680 0.679 ['neg_Prior-Crimes>3']=>0
0.674 1.000 ['neg_Prior-Crimes=0']=>1

"
0.0016681005372000592,0.007,0.6790665434380776,0.3807763401109058,0.6874566874566874,0.3721413721413721,0.6791406791406791,0.38808038808038803,"CRL
 ACC ,  C  ,  Rule
0.675 0.218 ['Prior-Crimes=1-3 && Age>=30']=>0
0.675 0.315 ['Age=18-22 && Gender=Male']=>1
0.679 0.388 ['Prior-Crimes=1-3 && Race=African-American']=>1
0.680 0.679 ['neg_Prior-Crimes>3']=>0
0.674 1.000 ['neg_Prior-Crimes=0']=>1

"
0.0016681005372000592,0.007,0.678373382624769,0.7005545286506469,0.681912681912682,0.6812196812196812,0.6798336798336798,0.6791406791406791,"CRL
 ACC ,  C  ,  Rule
0.675 0.218 ['Prior-Crimes=1-3 && Age>=30']=>0
0.675 0.315 ['Age=18-22 && Gender=Male']=>1
0.679 0.388 ['Prior-Crimes=1-3 && Race=African-American']=>1
0.680 0.679 ['neg_Prior-Crimes>3']=>0
0.674 1.000 ['neg_Prior-Crimes=0']=>1

"
0.0016681005372000592,0.007,0.6725970425138632,1.0,0.6763686763686764,1.0,0.6742896742896742,1.0,"CRL
 ACC ,  C  ,  Rule
0.675 0.218 ['Prior-Crimes=1-3 && Age>=30']=>0
0.675 0.315 ['Age=18-22 && Gender=Male']=>1
0.679 0.388 ['Prior-Crimes=1-3 && Race=African-American']=>1
0.680 0.679 ['neg_Prior-Crimes>3']=>0
0.674 1.000 ['neg_Prior-Crimes=0']=>1

"
0.0016681005372000592,0.008,0.6781423290203327,0.2021719038817006,0.6867636867636867,0.20512820512820518,0.674982674982675,0.21760221760221765,"CRL
 ACC ,  C  ,  Rule
0.675 0.218 ['Prior-Crimes=1-3 && Age>=30']=>0
0.679 0.315 ['Prior-Crimes=1-3 && Race=African-American']=>1
0.679 0.388 ['Age=18-22 && Gender=Male']=>1
0.680 0.679 ['neg_Prior-Crimes>3']=>0
0.674 1.000 ['neg_Age=18-20']=>1

"
0.0016681005372000592,0.008,0.6792975970425139,0.3176987060998152,0.6860706860706861,0.30907830907830913,0.6791406791406791,0.3153153153153153,"CRL
 ACC ,  C  ,  Rule
0.675 0.218 ['Prior-Crimes=1-3 && Age>=30']=>0
0.679 0.315 ['Prior-Crimes=1-3 && Race=African-American']=>1
0.679 0.388 ['Age=18-22 && Gender=Male']=>1
0.680 0.679 ['neg_Prior-Crimes>3']=>0
0.674 1.000 ['neg_Age=18-20']=>1

"
0.0016681005372000592,0.008,0.6790665434380776,0.3807763401109058,0.6874566874566874,0.3721413721413721,0.6791406791406791,0.38808038808038803,"CRL
 ACC ,  C  ,  Rule
0.675 0.218 ['Prior-Crimes=1-3 && Age>=30']=>0
0.679 0.315 ['Prior-Crimes=1-3 && Race=African-American']=>1
0.679 0.388 ['Age=18-22 && Gender=Male']=>1
0.680 0.679 ['neg_Prior-Crimes>3']=>0
0.674 1.000 ['neg_Age=18-20']=>1

"
0.0016681005372000592,0.008,0.678373382624769,0.7005545286506469,0.681912681912682,0.6812196812196812,0.6798336798336798,0.6791406791406791,"CRL
 ACC ,  C  ,  Rule
0.675 0.218 ['Prior-Crimes=1-3 && Age>=30']=>0
0.679 0.315 ['Prior-Crimes=1-3 && Race=African-American']=>1
0.679 0.388 ['Age=18-22 && Gender=Male']=>1
0.680 0.679 ['neg_Prior-Crimes>3']=>0
0.674 1.000 ['neg_Age=18-20']=>1

"
0.0016681005372000592,0.008,0.6725970425138632,0.9997689463955638,0.6763686763686764,1.0,0.6742896742896742,1.0,"CRL
 ACC ,  C  ,  Rule
0.675 0.218 ['Prior-Crimes=1-3 && Age>=30']=>0
0.679 0.315 ['Prior-Crimes=1-3 && Race=African-American']=>1
0.679 0.388 ['Age=18-22 && Gender=Male']=>1
0.680 0.679 ['neg_Prior-Crimes>3']=>0
0.674 1.000 ['neg_Age=18-20']=>1

"
0.0016681005372000592,0.009000000000000001,0.6781423290203327,0.2021719038817006,0.6867636867636867,0.20512820512820518,0.674982674982675,0.21760221760221765,"CRL
 ACC ,  C  ,  Rule
0.675 0.218 ['Prior-Crimes=1-3 && Age>=30']=>0
0.675 0.315 ['Age=18-22 && Gender=Male']=>1
0.679 0.388 ['Prior-Crimes=1-3 && Race=African-American']=>1
0.680 0.679 ['neg_Prior-Crimes>3']=>0
0.674 1.000 ['neg_Prior-Crimes=0']=>1

"
0.0016681005372000592,0.009000000000000001,0.6779112754158965,0.29898336414048055,0.6881496881496881,0.3007623007623008,0.674982674982675,0.3146223146223146,"CRL
 ACC ,  C  ,  Rule
0.675 0.218 ['Prior-Crimes=1-3 && Age>=30']=>0
0.675 0.315 ['Age=18-22 && Gender=Male']=>1
0.679 0.388 ['Prior-Crimes=1-3 && Race=African-American']=>1
0.680 0.679 ['neg_Prior-Crimes>3']=>0
0.674 1.000 ['neg_Prior-Crimes=0']=>1

"
0.0016681005372000592,0.009000000000000001,0.6790665434380776,0.3807763401109058,0.6874566874566874,0.3721413721413721,0.6791406791406791,0.38808038808038803,"CRL
 ACC ,  C  ,  Rule
0.675 0.218 ['Prior-Crimes=1-3 && Age>=30']=>0
0.675 0.315 ['Age=18-22 && Gender=Male']=>1
0.679 0.388 ['Prior-Crimes=1-3 && Race=African-American']=>1
0.680 0.679 ['neg_Prior-Crimes>3']=>0
0.674 1.000 ['neg_Prior-Crimes=0']=>1

"
0.0016681005372000592,0.009000000000000001,0.678373382624769,0.7005545286506469,0.681912681912682,0.6812196812196812,0.6798336798336798,0.6791406791406791,"CRL
 ACC ,  C  ,  Rule
0.675 0.218 ['Prior-Crimes=1-3 && Age>=30']=>0
0.675 0.315 ['Age=18-22 && Gender=Male']=>1
0.679 0.388 ['Prior-Crimes=1-3 && Race=African-American']=>1
0.680 0.679 ['neg_Prior-Crimes>3']=>0
0.674 1.000 ['neg_Prior-Crimes=0']=>1

"
0.0016681005372000592,0.009000000000000001,0.6725970425138632,1.0,0.6763686763686764,1.0,0.6742896742896742,1.0,"CRL
 ACC ,  C  ,  Rule
0.675 0.218 ['Prior-Crimes=1-3 && Age>=30']=>0
0.675 0.315 ['Age=18-22 && Gender=Male']=>1
0.679 0.388 ['Prior-Crimes=1-3 && Race=African-American']=>1
0.680 0.679 ['neg_Prior-Crimes>3']=>0
0.674 1.000 ['neg_Prior-Crimes=0']=>1

"
0.0016681005372000592,0.01,0.6781423290203327,0.2021719038817006,0.6867636867636867,0.20512820512820518,0.674982674982675,0.21760221760221765,"CRL
 ACC ,  C  ,  Rule
0.675 0.218 ['Prior-Crimes=1-3 && Age>=30']=>0
0.679 0.315 ['Prior-Crimes=1-3 && Race=African-American']=>1
0.679 0.388 ['Age=18-22 && Gender=Male']=>1
0.680 0.679 ['neg_Prior-Crimes>3']=>0
0.674 1.000 ['neg_Age=18-20']=>1

"
0.0016681005372000592,0.01,0.6792975970425139,0.3176987060998152,0.6860706860706861,0.30907830907830913,0.6791406791406791,0.3153153153153153,"CRL
 ACC ,  C  ,  Rule
0.675 0.218 ['Prior-Crimes=1-3 && Age>=30']=>0
0.679 0.315 ['Prior-Crimes=1-3 && Race=African-American']=>1
0.679 0.388 ['Age=18-22 && Gender=Male']=>1
0.680 0.679 ['neg_Prior-Crimes>3']=>0
0.674 1.000 ['neg_Age=18-20']=>1

"
0.0016681005372000592,0.01,0.6790665434380776,0.3807763401109058,0.6874566874566874,0.3721413721413721,0.6791406791406791,0.38808038808038803,"CRL
 ACC ,  C  ,  Rule
0.675 0.218 ['Prior-Crimes=1-3 && Age>=30']=>0
0.679 0.315 ['Prior-Crimes=1-3 && Race=African-American']=>1
0.679 0.388 ['Age=18-22 && Gender=Male']=>1
0.680 0.679 ['neg_Prior-Crimes>3']=>0
0.674 1.000 ['neg_Age=18-20']=>1

"
0.0016681005372000592,0.01,0.678373382624769,0.7005545286506469,0.681912681912682,0.6812196812196812,0.6798336798336798,0.6791406791406791,"CRL
 ACC ,  C  ,  Rule
0.675 0.218 ['Prior-Crimes=1-3 && Age>=30']=>0
0.679 0.315 ['Prior-Crimes=1-3 && Race=African-American']=>1
0.679 0.388 ['Age=18-22 && Gender=Male']=>1
0.680 0.679 ['neg_Prior-Crimes>3']=>0
0.674 1.000 ['neg_Age=18-20']=>1

"
0.0016681005372000592,0.01,0.6725970425138632,0.9997689463955638,0.6763686763686764,1.0,0.6742896742896742,1.0,"CRL
 ACC ,  C  ,  Rule
0.675 0.218 ['Prior-Crimes=1-3 && Age>=30']=>0
0.679 0.315 ['Prior-Crimes=1-3 && Race=African-American']=>1
0.679 0.388 ['Age=18-22 && Gender=Male']=>1
0.680 0.679 ['neg_Prior-Crimes>3']=>0
0.674 1.000 ['neg_Age=18-20']=>1

"
0.0027825594022071257,0.001,0.6781423290203327,0.2021719038817006,0.6867636867636867,0.20512820512820518,0.674982674982675,0.21760221760221765,"CRL
 ACC ,  C  ,  Rule
0.675 0.218 ['Prior-Crimes=1-3 && Age>=30']=>0
0.675 0.315 ['Age=18-22 && Gender=Male']=>1
0.674 0.547 ['Prior-Crimes=0']=>0
0.676 1.000 ['neg_Prior-Crimes=0']=>1

"
0.0027825594022071257,0.001,0.6779112754158965,0.29898336414048055,0.6881496881496881,0.3007623007623008,0.674982674982675,0.3146223146223146,"CRL
 ACC ,  C  ,  Rule
0.675 0.218 ['Prior-Crimes=1-3 && Age>=30']=>0
0.675 0.315 ['Age=18-22 && Gender=Male']=>1
0.674 0.547 ['Prior-Crimes=0']=>0
0.676 1.000 ['neg_Prior-Crimes=0']=>1

"
0.0027825594022071257,0.001,0.677449168207024,0.5591497227356748,0.6860706860706861,0.5606375606375607,0.6742896742896742,0.5474705474705475,"CRL
 ACC ,  C  ,  Rule
0.675 0.218 ['Prior-Crimes=1-3 && Age>=30']=>0
0.675 0.315 ['Age=18-22 && Gender=Male']=>1
0.674 0.547 ['Prior-Crimes=0']=>0
0.676 1.000 ['neg_Prior-Crimes=0']=>1

"
0.0027825594022071257,0.001,0.6661275415896488,1.0,0.6729036729036729,1.0,0.6756756756756757,1.0,"CRL
 ACC ,  C  ,  Rule
0.675 0.218 ['Prior-Crimes=1-3 && Age>=30']=>0
0.675 0.315 ['Age=18-22 && Gender=Male']=>1
0.674 0.547 ['Prior-Crimes=0']=>0
0.676 1.000 ['neg_Prior-Crimes=0']=>1

"
0.0027825594022071257,0.002,0.6776802218114603,0.09681146025878007,0.6909216909216909,0.09563409563409564,0.6756756756756757,0.09702009702009706,"CRL
 ACC ,  C  ,  Rule
0.676 0.097 ['Age=18-22 && Gender=Male']=>1
0.659 0.679 ['neg_Prior-Crimes>3']=>0
0.653 1.000 ['Prior-Crimes>3']=>1

"
0.0027825594022071257,0.002,0.6700554528650647,0.7005545286506469,0.6742896742896742,0.6812196812196812,0.659043659043659,0.6791406791406791,"CRL
 ACC ,  C  ,  Rule
0.676 0.097 ['Age=18-22 && Gender=Male']=>1
0.659 0.679 ['neg_Prior-Crimes>3']=>0
0.653 1.000 ['Prior-Crimes>3']=>1

"
0.0027825594022071257,0.002,0.664279112754159,1.0,0.6687456687456688,1.0,0.6534996534996536,1.0,"CRL
 ACC ,  C  ,  Rule
0.676 0.097 ['Age=18-22 && Gender=Male']=>1
0.659 0.679 ['neg_Prior-Crimes>3']=>0
0.653 1.000 ['Prior-Crimes>3']=>1

"
0.0027825594022071257,0.003,0.6776802218114603,0.09681146025878007,0.6909216909216909,0.09563409563409564,0.6756756756756757,0.09702009702009706,"CRL
 ACC ,  C  ,  Rule
0.676 0.097 ['Age=18-22 && Gender=Male']=>1
0.659 0.679 ['neg_Prior-Crimes>3']=>0
0.653 1.000 ['Prior-Crimes>3']=>1

"
0.0027825594022071257,0.003,0.6700554528650647,0.7005545286506469,0.6742896742896742,0.6812196812196812,0.659043659043659,0.6791406791406791,"CRL
 ACC ,  C  ,  Rule
0.676 0.097 ['Age=18-22 && Gender=Male']=>1
0.659 0.679 ['neg_Prior-Crimes>3']=>0
0.653 1.000 ['Prior-Crimes>3']=>1

"
0.0027825594022071257,0.003,0.664279112754159,1.0,0.6687456687456688,1.0,0.6534996534996536,1.0,"CRL
 ACC ,  C  ,  Rule
0.676 0.097 ['Age=18-22 && Gender=Male']=>1
0.659 0.679 ['neg_Prior-Crimes>3']=>0
0.653 1.000 ['Prior-Crimes>3']=>1

"
0.0027825594022071257,0.004,0.6776802218114603,0.09681146025878007,0.6909216909216909,0.09563409563409564,0.6756756756756757,0.09702009702009706,"CRL
 ACC ,  C  ,  Rule
0.676 0.097 ['Age=18-22 && Gender=Male']=>1
0.659 0.679 ['neg_Prior-Crimes>3']=>0
0.653 1.000 ['neg_Prior-Crimes=1-3']=>1

"
0.0027825594022071257,0.004,0.6700554528650647,0.7005545286506469,0.6742896742896742,0.6812196812196812,0.659043659043659,0.6791406791406791,"CRL
 ACC ,  C  ,  Rule
0.676 0.097 ['Age=18-22 && Gender=Male']=>1
0.659 0.679 ['neg_Prior-Crimes>3']=>0
0.653 1.000 ['neg_Prior-Crimes=1-3']=>1

"
0.0027825594022071257,0.004,0.664279112754159,1.0,0.6687456687456688,1.0,0.6534996534996536,1.0,"CRL
 ACC ,  C  ,  Rule
0.676 0.097 ['Age=18-22 && Gender=Male']=>1
0.659 0.679 ['neg_Prior-Crimes>3']=>0
0.653 1.000 ['neg_Prior-Crimes=1-3']=>1

"
0.0027825594022071257,0.005,0.6781423290203327,0.2021719038817006,0.6867636867636867,0.20512820512820518,0.674982674982675,0.21760221760221765,"CRL
 ACC ,  C  ,  Rule
0.675 0.218 ['Prior-Crimes=1-3 && Age>=30']=>0
0.675 0.315 ['Age=18-22 && Gender=Male']=>1
0.674 0.547 ['Prior-Crimes=0']=>0
0.676 1.000 ['neg_Prior-Crimes=0']=>1

"
0.0027825594022071257,0.005,0.6779112754158965,0.29898336414048055,0.6881496881496881,0.3007623007623008,0.674982674982675,0.3146223146223146,"CRL
 ACC ,  C  ,  Rule
0.675 0.218 ['Prior-Crimes=1-3 && Age>=30']=>0
0.675 0.315 ['Age=18-22 && Gender=Male']=>1
0.674 0.547 ['Prior-Crimes=0']=>0
0.676 1.000 ['neg_Prior-Crimes=0']=>1

"
0.0027825594022071257,0.005,0.677449168207024,0.5591497227356748,0.6860706860706861,0.5606375606375607,0.6742896742896742,0.5474705474705475,"CRL
 ACC ,  C  ,  Rule
0.675 0.218 ['Prior-Crimes=1-3 && Age>=30']=>0
0.675 0.315 ['Age=18-22 && Gender=Male']=>1
0.674 0.547 ['Prior-Crimes=0']=>0
0.676 1.000 ['neg_Prior-Crimes=0']=>1

"
0.0027825594022071257,0.005,0.6661275415896488,1.0,0.6729036729036729,1.0,0.6756756756756757,1.0,"CRL
 ACC ,  C  ,  Rule
0.675 0.218 ['Prior-Crimes=1-3 && Age>=30']=>0
0.675 0.315 ['Age=18-22 && Gender=Male']=>1
0.674 0.547 ['Prior-Crimes=0']=>0
0.676 1.000 ['neg_Prior-Crimes=0']=>1

"
0.0027825594022071257,0.006,0.6781423290203327,0.2021719038817006,0.6867636867636867,0.20512820512820518,0.674982674982675,0.21760221760221765,"CRL
 ACC ,  C  ,  Rule
0.675 0.218 ['Prior-Crimes=1-3 && Age>=30']=>0
0.675 0.315 ['Age=18-22 && Gender=Male']=>1
0.674 0.547 ['Prior-Crimes=0']=>0
0.676 1.000 ['neg_Prior-Crimes=0']=>1

"
0.0027825594022071257,0.006,0.6779112754158965,0.29898336414048055,0.6881496881496881,0.3007623007623008,0.674982674982675,0.3146223146223146,"CRL
 ACC ,  C  ,  Rule
0.675 0.218 ['Prior-Crimes=1-3 && Age>=30']=>0
0.675 0.315 ['Age=18-22 && Gender=Male']=>1
0.674 0.547 ['Prior-Crimes=0']=>0
0.676 1.000 ['neg_Prior-Crimes=0']=>1

"
0.0027825594022071257,0.006,0.677449168207024,0.5591497227356748,0.6860706860706861,0.5606375606375607,0.6742896742896742,0.5474705474705475,"CRL
 ACC ,  C  ,  Rule
0.675 0.218 ['Prior-Crimes=1-3 && Age>=30']=>0
0.675 0.315 ['Age=18-22 && Gender=Male']=>1
0.674 0.547 ['Prior-Crimes=0']=>0
0.676 1.000 ['neg_Prior-Crimes=0']=>1

"
0.0027825594022071257,0.006,0.6661275415896488,1.0,0.6729036729036729,1.0,0.6756756756756757,1.0,"CRL
 ACC ,  C  ,  Rule
0.675 0.218 ['Prior-Crimes=1-3 && Age>=30']=>0
0.675 0.315 ['Age=18-22 && Gender=Male']=>1
0.674 0.547 ['Prior-Crimes=0']=>0
0.676 1.000 ['neg_Prior-Crimes=0']=>1

"
0.0027825594022071257,0.007,0.6776802218114603,0.09681146025878007,0.6909216909216909,0.09563409563409564,0.6756756756756757,0.09702009702009706,"CRL
 ACC ,  C  ,  Rule
0.676 0.097 ['Age=18-22 && Gender=Male']=>1
0.659 0.679 ['neg_Prior-Crimes>3']=>0
0.653 1.000 ['Prior-Crimes>3']=>1

"
0.0027825594022071257,0.007,0.6700554528650647,0.7005545286506469,0.6742896742896742,0.6812196812196812,0.659043659043659,0.6791406791406791,"CRL
 ACC ,  C  ,  Rule
0.676 0.097 ['Age=18-22 && Gender=Male']=>1
0.659 0.679 ['neg_Prior-Crimes>3']=>0
0.653 1.000 ['Prior-Crimes>3']=>1

"
0.0027825594022071257,0.007,0.664279112754159,1.0,0.6687456687456688,1.0,0.6534996534996536,1.0,"CRL
 ACC ,  C  ,  Rule
0.676 0.097 ['Age=18-22 && Gender=Male']=>1
0.659 0.679 ['neg_Prior-Crimes>3']=>0
0.653 1.000 ['Prior-Crimes>3']=>1

"
0.0027825594022071257,0.008,0.6781423290203327,0.2021719038817006,0.6867636867636867,0.20512820512820518,0.674982674982675,0.21760221760221765,"CRL
 ACC ,  C  ,  Rule
0.675 0.218 ['Prior-Crimes=1-3 && Age>=30']=>0
0.675 0.315 ['Age=18-22 && Gender=Male']=>1
0.674 0.547 ['Prior-Crimes=0 && Juvenile-Felonies=0']=>0
0.676 1.000 ['neg_Prior-Crimes=0']=>1

"
0.0027825594022071257,0.008,0.6779112754158965,0.29898336414048055,0.6881496881496881,0.3007623007623008,0.674982674982675,0.3146223146223146,"CRL
 ACC ,  C  ,  Rule
0.675 0.218 ['Prior-Crimes=1-3 && Age>=30']=>0
0.675 0.315 ['Age=18-22 && Gender=Male']=>1
0.674 0.547 ['Prior-Crimes=0 && Juvenile-Felonies=0']=>0
0.676 1.000 ['neg_Prior-Crimes=0']=>1

"
0.0027825594022071257,0.008,0.677449168207024,0.5591497227356748,0.6860706860706861,0.5606375606375607,0.6742896742896742,0.5474705474705475,"CRL
 ACC ,  C  ,  Rule
0.675 0.218 ['Prior-Crimes=1-3 && Age>=30']=>0
0.675 0.315 ['Age=18-22 && Gender=Male']=>1
0.674 0.547 ['Prior-Crimes=0 && Juvenile-Felonies=0']=>0
0.676 1.000 ['neg_Prior-Crimes=0']=>1

"
0.0027825594022071257,0.008,0.6661275415896488,1.0,0.6729036729036729,1.0,0.6756756756756757,1.0,"CRL
 ACC ,  C  ,  Rule
0.675 0.218 ['Prior-Crimes=1-3 && Age>=30']=>0
0.675 0.315 ['Age=18-22 && Gender=Male']=>1
0.674 0.547 ['Prior-Crimes=0 && Juvenile-Felonies=0']=>0
0.676 1.000 ['neg_Prior-Crimes=0']=>1

"
0.0027825594022071257,0.009000000000000001,0.6781423290203327,0.2021719038817006,0.6867636867636867,0.20512820512820518,0.674982674982675,0.21760221760221765,"CRL
 ACC ,  C  ,  Rule
0.675 0.218 ['Prior-Crimes=1-3 && Age>=30']=>0
0.675 0.315 ['Age=18-22 && Gender=Male']=>1
0.674 0.547 ['Prior-Crimes=0 && Juvenile-Felonies=0']=>0
0.676 1.000 ['neg_Prior-Crimes=0']=>1

"
0.0027825594022071257,0.009000000000000001,0.6779112754158965,0.29898336414048055,0.6881496881496881,0.3007623007623008,0.674982674982675,0.3146223146223146,"CRL
 ACC ,  C  ,  Rule
0.675 0.218 ['Prior-Crimes=1-3 && Age>=30']=>0
0.675 0.315 ['Age=18-22 && Gender=Male']=>1
0.674 0.547 ['Prior-Crimes=0 && Juvenile-Felonies=0']=>0
0.676 1.000 ['neg_Prior-Crimes=0']=>1

"
0.0027825594022071257,0.009000000000000001,0.677449168207024,0.5591497227356748,0.6860706860706861,0.5606375606375607,0.6742896742896742,0.5474705474705475,"CRL
 ACC ,  C  ,  Rule
0.675 0.218 ['Prior-Crimes=1-3 && Age>=30']=>0
0.675 0.315 ['Age=18-22 && Gender=Male']=>1
0.674 0.547 ['Prior-Crimes=0 && Juvenile-Felonies=0']=>0
0.676 1.000 ['neg_Prior-Crimes=0']=>1

"
0.0027825594022071257,0.009000000000000001,0.6661275415896488,1.0,0.6729036729036729,1.0,0.6756756756756757,1.0,"CRL
 ACC ,  C  ,  Rule
0.675 0.218 ['Prior-Crimes=1-3 && Age>=30']=>0
0.675 0.315 ['Age=18-22 && Gender=Male']=>1
0.674 0.547 ['Prior-Crimes=0 && Juvenile-Felonies=0']=>0
0.676 1.000 ['neg_Prior-Crimes=0']=>1

"
0.0027825594022071257,0.01,0.6781423290203327,0.2021719038817006,0.6867636867636867,0.20512820512820518,0.674982674982675,0.21760221760221765,"CRL
 ACC ,  C  ,  Rule
0.675 0.218 ['Prior-Crimes=1-3 && Age>=30']=>0
0.675 0.315 ['Age=18-22 && Gender=Male']=>1
0.674 0.547 ['Prior-Crimes=0']=>0
0.676 1.000 ['neg_Prior-Crimes=0']=>1

"
0.0027825594022071257,0.01,0.6779112754158965,0.29898336414048055,0.6881496881496881,0.3007623007623008,0.674982674982675,0.3146223146223146,"CRL
 ACC ,  C  ,  Rule
0.675 0.218 ['Prior-Crimes=1-3 && Age>=30']=>0
0.675 0.315 ['Age=18-22 && Gender=Male']=>1
0.674 0.547 ['Prior-Crimes=0']=>0
0.676 1.000 ['neg_Prior-Crimes=0']=>1

"
0.0027825594022071257,0.01,0.677449168207024,0.5591497227356748,0.6860706860706861,0.5606375606375607,0.6742896742896742,0.5474705474705475,"CRL
 ACC ,  C  ,  Rule
0.675 0.218 ['Prior-Crimes=1-3 && Age>=30']=>0
0.675 0.315 ['Age=18-22 && Gender=Male']=>1
0.674 0.547 ['Prior-Crimes=0']=>0
0.676 1.000 ['neg_Prior-Crimes=0']=>1

"
0.0027825594022071257,0.01,0.6661275415896488,1.0,0.6729036729036729,1.0,0.6756756756756757,1.0,"CRL
 ACC ,  C  ,  Rule
0.675 0.218 ['Prior-Crimes=1-3 && Age>=30']=>0
0.675 0.315 ['Age=18-22 && Gender=Male']=>1
0.674 0.547 ['Prior-Crimes=0']=>0
0.676 1.000 ['neg_Prior-Crimes=0']=>1

"
0.004641588833612777,0.001,0.6776802218114603,0.09681146025878007,0.6909216909216909,0.09563409563409564,0.6756756756756757,0.09702009702009706,"CRL
 ACC ,  C  ,  Rule
0.676 0.097 ['Age=18-22 && Gender=Male']=>1
0.659 0.679 ['neg_Prior-Crimes>3']=>0
0.653 1.000 ['neg_Prior-Crimes=0']=>1

"
0.004641588833612777,0.001,0.6700554528650647,0.7005545286506469,0.6742896742896742,0.6812196812196812,0.659043659043659,0.6791406791406791,"CRL
 ACC ,  C  ,  Rule
0.676 0.097 ['Age=18-22 && Gender=Male']=>1
0.659 0.679 ['neg_Prior-Crimes>3']=>0
0.653 1.000 ['neg_Prior-Crimes=0']=>1

"
0.004641588833612777,0.001,0.664279112754159,1.0,0.6687456687456688,1.0,0.6534996534996536,1.0,"CRL
 ACC ,  C  ,  Rule
0.676 0.097 ['Age=18-22 && Gender=Male']=>1
0.659 0.679 ['neg_Prior-Crimes>3']=>0
0.653 1.000 ['neg_Prior-Crimes=0']=>1

"
0.004641588833612777,0.002,0.6776802218114603,0.09681146025878007,0.6909216909216909,0.09563409563409564,0.6756756756756757,0.09702009702009706,"CRL
 ACC ,  C  ,  Rule
0.676 0.097 ['Age=18-22 && Gender=Male']=>1
0.659 0.679 ['neg_Prior-Crimes>3']=>0
0.653 1.000 ['Prior-Crimes>3']=>1

"
0.004641588833612777,0.002,0.6700554528650647,0.7005545286506469,0.6742896742896742,0.6812196812196812,0.659043659043659,0.6791406791406791,"CRL
 ACC ,  C  ,  Rule
0.676 0.097 ['Age=18-22 && Gender=Male']=>1
0.659 0.679 ['neg_Prior-Crimes>3']=>0
0.653 1.000 ['Prior-Crimes>3']=>1

"
0.004641588833612777,0.002,0.664279112754159,1.0,0.6687456687456688,1.0,0.6534996534996536,1.0,"CRL
 ACC ,  C  ,  Rule
0.676 0.097 ['Age=18-22 && Gender=Male']=>1
0.659 0.679 ['neg_Prior-Crimes>3']=>0
0.653 1.000 ['Prior-Crimes>3']=>1

"
0.004641588833612777,0.003,0.6776802218114603,0.09681146025878007,0.6909216909216909,0.09563409563409564,0.6756756756756757,0.09702009702009706,"CRL
 ACC ,  C  ,  Rule
0.676 0.097 ['Age=18-22 && Gender=Male']=>1
0.659 0.679 ['neg_Prior-Crimes>3']=>0
0.653 1.000 ['Prior-Crimes>3']=>1

"
0.004641588833612777,0.003,0.6700554528650647,0.7005545286506469,0.6742896742896742,0.6812196812196812,0.659043659043659,0.6791406791406791,"CRL
 ACC ,  C  ,  Rule
0.676 0.097 ['Age=18-22 && Gender=Male']=>1
0.659 0.679 ['neg_Prior-Crimes>3']=>0
0.653 1.000 ['Prior-Crimes>3']=>1

"
0.004641588833612777,0.003,0.664279112754159,1.0,0.6687456687456688,1.0,0.6534996534996536,1.0,"CRL
 ACC ,  C  ,  Rule
0.676 0.097 ['Age=18-22 && Gender=Male']=>1
0.659 0.679 ['neg_Prior-Crimes>3']=>0
0.653 1.000 ['Prior-Crimes>3']=>1

"
0.004641588833612777,0.004,0.6776802218114603,0.09681146025878007,0.6909216909216909,0.09563409563409564,0.6756756756756757,0.09702009702009706,"CRL
 ACC ,  C  ,  Rule
0.676 0.097 ['Age=18-22 && Gender=Male']=>1
0.659 0.679 ['neg_Prior-Crimes>3']=>0
0.653 1.000 ['neg_Prior-Crimes=0']=>1

"
0.004641588833612777,0.004,0.6700554528650647,0.7005545286506469,0.6742896742896742,0.6812196812196812,0.659043659043659,0.6791406791406791,"CRL
 ACC ,  C  ,  Rule
0.676 0.097 ['Age=18-22 && Gender=Male']=>1
0.659 0.679 ['neg_Prior-Crimes>3']=>0
0.653 1.000 ['neg_Prior-Crimes=0']=>1

"
0.004641588833612777,0.004,0.664279112754159,1.0,0.6687456687456688,1.0,0.6534996534996536,1.0,"CRL
 ACC ,  C  ,  Rule
0.676 0.097 ['Age=18-22 && Gender=Male']=>1
0.659 0.679 ['neg_Prior-Crimes>3']=>0
0.653 1.000 ['neg_Prior-Crimes=0']=>1

"
0.004641588833612777,0.005,0.6776802218114603,0.09681146025878007,0.6909216909216909,0.09563409563409564,0.6756756756756757,0.09702009702009706,"CRL
 ACC ,  C  ,  Rule
0.676 0.097 ['Age=18-22 && Gender=Male']=>1
0.659 0.679 ['neg_Prior-Crimes>3']=>0
0.653 1.000 ['neg_Prior-Crimes=0']=>1

"
0.004641588833612777,0.005,0.6700554528650647,0.7005545286506469,0.6742896742896742,0.6812196812196812,0.659043659043659,0.6791406791406791,"CRL
 ACC ,  C  ,  Rule
0.676 0.097 ['Age=18-22 && Gender=Male']=>1
0.659 0.679 ['neg_Prior-Crimes>3']=>0
0.653 1.000 ['neg_Prior-Crimes=0']=>1

"
0.004641588833612777,0.005,0.664279112754159,1.0,0.6687456687456688,1.0,0.6534996534996536,1.0,"CRL
 ACC ,  C  ,  Rule
0.676 0.097 ['Age=18-22 && Gender=Male']=>1
0.659 0.679 ['neg_Prior-Crimes>3']=>0
0.653 1.000 ['neg_Prior-Crimes=0']=>1

"
0.004641588833612777,0.006,0.6776802218114603,0.09681146025878007,0.6909216909216909,0.09563409563409564,0.6756756756756757,0.09702009702009706,"CRL
 ACC ,  C  ,  Rule
0.676 0.097 ['Age=18-22 && Gender=Male']=>1
0.659 0.679 ['neg_Prior-Crimes>3']=>0
0.653 1.000 ['Prior-Crimes>3']=>1

"
0.004641588833612777,0.006,0.6700554528650647,0.7005545286506469,0.6742896742896742,0.6812196812196812,0.659043659043659,0.6791406791406791,"CRL
 ACC ,  C  ,  Rule
0.676 0.097 ['Age=18-22 && Gender=Male']=>1
0.659 0.679 ['neg_Prior-Crimes>3']=>0
0.653 1.000 ['Prior-Crimes>3']=>1

"
0.004641588833612777,0.006,0.664279112754159,1.0,0.6687456687456688,1.0,0.6534996534996536,1.0,"CRL
 ACC ,  C  ,  Rule
0.676 0.097 ['Age=18-22 && Gender=Male']=>1
0.659 0.679 ['neg_Prior-Crimes>3']=>0
0.653 1.000 ['Prior-Crimes>3']=>1

"
0.004641588833612777,0.007,0.6776802218114603,0.09681146025878007,0.6909216909216909,0.09563409563409564,0.6756756756756757,0.09702009702009706,"CRL
 ACC ,  C  ,  Rule
0.676 0.097 ['Age=18-22 && Gender=Male']=>1
0.659 0.679 ['neg_Prior-Crimes>3']=>0
0.653 1.000 ['Prior-Crimes>3']=>1

"
0.004641588833612777,0.007,0.6700554528650647,0.7005545286506469,0.6742896742896742,0.6812196812196812,0.659043659043659,0.6791406791406791,"CRL
 ACC ,  C  ,  Rule
0.676 0.097 ['Age=18-22 && Gender=Male']=>1
0.659 0.679 ['neg_Prior-Crimes>3']=>0
0.653 1.000 ['Prior-Crimes>3']=>1

"
0.004641588833612777,0.007,0.664279112754159,1.0,0.6687456687456688,1.0,0.6534996534996536,1.0,"CRL
 ACC ,  C  ,  Rule
0.676 0.097 ['Age=18-22 && Gender=Male']=>1
0.659 0.679 ['neg_Prior-Crimes>3']=>0
0.653 1.000 ['Prior-Crimes>3']=>1

"
0.004641588833612777,0.008,0.6776802218114603,0.09681146025878007,0.6909216909216909,0.09563409563409564,0.6756756756756757,0.09702009702009706,"CRL
 ACC ,  C  ,  Rule
0.676 0.097 ['Age=18-22 && Gender=Male']=>1
0.659 0.679 ['neg_Prior-Crimes>3']=>0
0.653 1.000 ['neg_Prior-Crimes=0']=>1

"
0.004641588833612777,0.008,0.6700554528650647,0.7005545286506469,0.6742896742896742,0.6812196812196812,0.659043659043659,0.6791406791406791,"CRL
 ACC ,  C  ,  Rule
0.676 0.097 ['Age=18-22 && Gender=Male']=>1
0.659 0.679 ['neg_Prior-Crimes>3']=>0
0.653 1.000 ['neg_Prior-Crimes=0']=>1

"
0.004641588833612777,0.008,0.664279112754159,1.0,0.6687456687456688,1.0,0.6534996534996536,1.0,"CRL
 ACC ,  C  ,  Rule
0.676 0.097 ['Age=18-22 && Gender=Male']=>1
0.659 0.679 ['neg_Prior-Crimes>3']=>0
0.653 1.000 ['neg_Prior-Crimes=0']=>1

"
0.004641588833612777,0.009000000000000001,0.6776802218114603,0.09681146025878007,0.6909216909216909,0.09563409563409564,0.6756756756756757,0.09702009702009706,"CRL
 ACC ,  C  ,  Rule
0.676 0.097 ['Age=18-22 && Gender=Male']=>1
0.659 0.679 ['neg_Prior-Crimes>3']=>0
0.653 1.000 ['neg_Prior-Crimes=0']=>1

"
0.004641588833612777,0.009000000000000001,0.6700554528650647,0.7005545286506469,0.6742896742896742,0.6812196812196812,0.659043659043659,0.6791406791406791,"CRL
 ACC ,  C  ,  Rule
0.676 0.097 ['Age=18-22 && Gender=Male']=>1
0.659 0.679 ['neg_Prior-Crimes>3']=>0
0.653 1.000 ['neg_Prior-Crimes=0']=>1

"
0.004641588833612777,0.009000000000000001,0.664279112754159,1.0,0.6687456687456688,1.0,0.6534996534996536,1.0,"CRL
 ACC ,  C  ,  Rule
0.676 0.097 ['Age=18-22 && Gender=Male']=>1
0.659 0.679 ['neg_Prior-Crimes>3']=>0
0.653 1.000 ['neg_Prior-Crimes=0']=>1

"
0.004641588833612777,0.01,0.6776802218114603,0.09681146025878007,0.6909216909216909,0.09563409563409564,0.6756756756756757,0.09702009702009706,"CRL
 ACC ,  C  ,  Rule
0.676 0.097 ['Age=18-22 && Gender=Male']=>1
0.659 0.679 ['neg_Prior-Crimes>3']=>0
0.653 1.000 ['neg_Prior-Crimes=0']=>1

"
0.004641588833612777,0.01,0.6700554528650647,0.7005545286506469,0.6742896742896742,0.6812196812196812,0.659043659043659,0.6791406791406791,"CRL
 ACC ,  C  ,  Rule
0.676 0.097 ['Age=18-22 && Gender=Male']=>1
0.659 0.679 ['neg_Prior-Crimes>3']=>0
0.653 1.000 ['neg_Prior-Crimes=0']=>1

"
0.004641588833612777,0.01,0.664279112754159,1.0,0.6687456687456688,1.0,0.6534996534996536,1.0,"CRL
 ACC ,  C  ,  Rule
0.676 0.097 ['Age=18-22 && Gender=Male']=>1
0.659 0.679 ['neg_Prior-Crimes>3']=>0
0.653 1.000 ['neg_Prior-Crimes=0']=>1

"
0.007742636826811269,0.001,0.6776802218114603,0.09681146025878007,0.6909216909216909,0.09563409563409564,0.6756756756756757,0.09702009702009706,"CRL
 ACC ,  C  ,  Rule
0.676 0.097 ['Age=18-22 && Gender=Male']=>1
0.659 0.679 ['neg_Prior-Crimes>3']=>0
0.653 1.000 ['Prior-Crimes>3']=>1

"
0.007742636826811269,0.001,0.6700554528650647,0.7005545286506469,0.6742896742896742,0.6812196812196812,0.659043659043659,0.6791406791406791,"CRL
 ACC ,  C  ,  Rule
0.676 0.097 ['Age=18-22 && Gender=Male']=>1
0.659 0.679 ['neg_Prior-Crimes>3']=>0
0.653 1.000 ['Prior-Crimes>3']=>1

"
0.007742636826811269,0.001,0.664279112754159,1.0,0.6687456687456688,1.0,0.6534996534996536,1.0,"CRL
 ACC ,  C  ,  Rule
0.676 0.097 ['Age=18-22 && Gender=Male']=>1
0.659 0.679 ['neg_Prior-Crimes>3']=>0
0.653 1.000 ['Prior-Crimes>3']=>1

"
0.007742636826811269,0.002,0.6776802218114603,0.09681146025878007,0.6909216909216909,0.09563409563409564,0.6756756756756757,0.09702009702009706,"CRL
 ACC ,  C  ,  Rule
0.676 0.097 ['Age=18-22 && Gender=Male']=>1
0.659 0.679 ['neg_Prior-Crimes>3']=>0
0.653 1.000 ['neg_Prior-Crimes=0']=>1

"
0.007742636826811269,0.002,0.6700554528650647,0.7005545286506469,0.6742896742896742,0.6812196812196812,0.659043659043659,0.6791406791406791,"CRL
 ACC ,  C  ,  Rule
0.676 0.097 ['Age=18-22 && Gender=Male']=>1
0.659 0.679 ['neg_Prior-Crimes>3']=>0
0.653 1.000 ['neg_Prior-Crimes=0']=>1

"
0.007742636826811269,0.002,0.664279112754159,1.0,0.6687456687456688,1.0,0.6534996534996536,1.0,"CRL
 ACC ,  C  ,  Rule
0.676 0.097 ['Age=18-22 && Gender=Male']=>1
0.659 0.679 ['neg_Prior-Crimes>3']=>0
0.653 1.000 ['neg_Prior-Crimes=0']=>1

"
0.007742636826811269,0.003,0.6776802218114603,0.09681146025878007,0.6909216909216909,0.09563409563409564,0.6756756756756757,0.09702009702009706,"CRL
 ACC ,  C  ,  Rule
0.676 0.097 ['Age=18-22 && Gender=Male']=>1
0.659 0.679 ['neg_Prior-Crimes>3']=>0
0.653 1.000 ['neg_Prior-Crimes=0']=>1

"
0.007742636826811269,0.003,0.6700554528650647,0.7005545286506469,0.6742896742896742,0.6812196812196812,0.659043659043659,0.6791406791406791,"CRL
 ACC ,  C  ,  Rule
0.676 0.097 ['Age=18-22 && Gender=Male']=>1
0.659 0.679 ['neg_Prior-Crimes>3']=>0
0.653 1.000 ['neg_Prior-Crimes=0']=>1

"
0.007742636826811269,0.003,0.664279112754159,1.0,0.6687456687456688,1.0,0.6534996534996536,1.0,"CRL
 ACC ,  C  ,  Rule
0.676 0.097 ['Age=18-22 && Gender=Male']=>1
0.659 0.679 ['neg_Prior-Crimes>3']=>0
0.653 1.000 ['neg_Prior-Crimes=0']=>1

"
0.007742636826811269,0.004,0.6776802218114603,0.09681146025878007,0.6909216909216909,0.09563409563409564,0.6756756756756757,0.09702009702009706,"CRL
 ACC ,  C  ,  Rule
0.676 0.097 ['Age=18-22 && Gender=Male']=>1
0.659 0.679 ['neg_Prior-Crimes>3']=>0
0.653 1.000 ['neg_Prior-Crimes=0']=>1

"
0.007742636826811269,0.004,0.6700554528650647,0.7005545286506469,0.6742896742896742,0.6812196812196812,0.659043659043659,0.6791406791406791,"CRL
 ACC ,  C  ,  Rule
0.676 0.097 ['Age=18-22 && Gender=Male']=>1
0.659 0.679 ['neg_Prior-Crimes>3']=>0
0.653 1.000 ['neg_Prior-Crimes=0']=>1

"
0.007742636826811269,0.004,0.664279112754159,1.0,0.6687456687456688,1.0,0.6534996534996536,1.0,"CRL
 ACC ,  C  ,  Rule
0.676 0.097 ['Age=18-22 && Gender=Male']=>1
0.659 0.679 ['neg_Prior-Crimes>3']=>0
0.653 1.000 ['neg_Prior-Crimes=0']=>1

"
0.007742636826811269,0.005,0.6776802218114603,0.09681146025878007,0.6909216909216909,0.09563409563409564,0.6756756756756757,0.09702009702009706,"CRL
 ACC ,  C  ,  Rule
0.676 0.097 ['Age=18-22 && Gender=Male']=>1
0.659 0.679 ['neg_Prior-Crimes>3']=>0
0.653 1.000 ['Prior-Crimes>3']=>1

"
0.007742636826811269,0.005,0.6700554528650647,0.7005545286506469,0.6742896742896742,0.6812196812196812,0.659043659043659,0.6791406791406791,"CRL
 ACC ,  C  ,  Rule
0.676 0.097 ['Age=18-22 && Gender=Male']=>1
0.659 0.679 ['neg_Prior-Crimes>3']=>0
0.653 1.000 ['Prior-Crimes>3']=>1

"
0.007742636826811269,0.005,0.664279112754159,1.0,0.6687456687456688,1.0,0.6534996534996536,1.0,"CRL
 ACC ,  C  ,  Rule
0.676 0.097 ['Age=18-22 && Gender=Male']=>1
0.659 0.679 ['neg_Prior-Crimes>3']=>0
0.653 1.000 ['Prior-Crimes>3']=>1

"
0.007742636826811269,0.006,0.6776802218114603,0.09681146025878007,0.6909216909216909,0.09563409563409564,0.6756756756756757,0.09702009702009706,"CRL
 ACC ,  C  ,  Rule
0.676 0.097 ['Age=18-22 && Gender=Male']=>1
0.659 0.679 ['neg_Prior-Crimes>3']=>0
0.653 1.000 ['Prior-Crimes>3']=>1

"
0.007742636826811269,0.006,0.6700554528650647,0.7005545286506469,0.6742896742896742,0.6812196812196812,0.659043659043659,0.6791406791406791,"CRL
 ACC ,  C  ,  Rule
0.676 0.097 ['Age=18-22 && Gender=Male']=>1
0.659 0.679 ['neg_Prior-Crimes>3']=>0
0.653 1.000 ['Prior-Crimes>3']=>1

"
0.007742636826811269,0.006,0.664279112754159,1.0,0.6687456687456688,1.0,0.6534996534996536,1.0,"CRL
 ACC ,  C  ,  Rule
0.676 0.097 ['Age=18-22 && Gender=Male']=>1
0.659 0.679 ['neg_Prior-Crimes>3']=>0
0.653 1.000 ['Prior-Crimes>3']=>1

"
0.007742636826811269,0.007,0.6776802218114603,0.09681146025878007,0.6909216909216909,0.09563409563409564,0.6756756756756757,0.09702009702009706,"CRL
 ACC ,  C  ,  Rule
0.676 0.097 ['Age=18-22 && Gender=Male']=>1
0.659 0.679 ['neg_Prior-Crimes>3']=>0
0.653 1.000 ['Prior-Crimes>3']=>1

"
0.007742636826811269,0.007,0.6700554528650647,0.7005545286506469,0.6742896742896742,0.6812196812196812,0.659043659043659,0.6791406791406791,"CRL
 ACC ,  C  ,  Rule
0.676 0.097 ['Age=18-22 && Gender=Male']=>1
0.659 0.679 ['neg_Prior-Crimes>3']=>0
0.653 1.000 ['Prior-Crimes>3']=>1

"
0.007742636826811269,0.007,0.664279112754159,1.0,0.6687456687456688,1.0,0.6534996534996536,1.0,"CRL
 ACC ,  C  ,  Rule
0.676 0.097 ['Age=18-22 && Gender=Male']=>1
0.659 0.679 ['neg_Prior-Crimes>3']=>0
0.653 1.000 ['Prior-Crimes>3']=>1

"
0.007742636826811269,0.008,0.6776802218114603,0.09681146025878007,0.6909216909216909,0.09563409563409564,0.6756756756756757,0.09702009702009706,"CRL
 ACC ,  C  ,  Rule
0.676 0.097 ['Age=18-22 && Gender=Male']=>1
0.659 0.679 ['neg_Prior-Crimes>3']=>0
0.653 1.000 ['Prior-Crimes>3']=>1

"
0.007742636826811269,0.008,0.6700554528650647,0.7005545286506469,0.6742896742896742,0.6812196812196812,0.659043659043659,0.6791406791406791,"CRL
 ACC ,  C  ,  Rule
0.676 0.097 ['Age=18-22 && Gender=Male']=>1
0.659 0.679 ['neg_Prior-Crimes>3']=>0
0.653 1.000 ['Prior-Crimes>3']=>1

"
0.007742636826811269,0.008,0.664279112754159,1.0,0.6687456687456688,1.0,0.6534996534996536,1.0,"CRL
 ACC ,  C  ,  Rule
0.676 0.097 ['Age=18-22 && Gender=Male']=>1
0.659 0.679 ['neg_Prior-Crimes>3']=>0
0.653 1.000 ['Prior-Crimes>3']=>1

"
0.007742636826811269,0.009000000000000001,0.6776802218114603,0.09681146025878007,0.6909216909216909,0.09563409563409564,0.6756756756756757,0.09702009702009706,"CRL
 ACC ,  C  ,  Rule
0.676 0.097 ['Age=18-22 && Gender=Male']=>1
0.659 0.679 ['neg_Prior-Crimes>3']=>0
0.653 1.000 ['Prior-Crimes>3']=>1

"
0.007742636826811269,0.009000000000000001,0.6700554528650647,0.7005545286506469,0.6742896742896742,0.6812196812196812,0.659043659043659,0.6791406791406791,"CRL
 ACC ,  C  ,  Rule
0.676 0.097 ['Age=18-22 && Gender=Male']=>1
0.659 0.679 ['neg_Prior-Crimes>3']=>0
0.653 1.000 ['Prior-Crimes>3']=>1

"
0.007742636826811269,0.009000000000000001,0.664279112754159,1.0,0.6687456687456688,1.0,0.6534996534996536,1.0,"CRL
 ACC ,  C  ,  Rule
0.676 0.097 ['Age=18-22 && Gender=Male']=>1
0.659 0.679 ['neg_Prior-Crimes>3']=>0
0.653 1.000 ['Prior-Crimes>3']=>1

"
0.007742636826811269,0.01,0.6776802218114603,0.09681146025878007,0.6909216909216909,0.09563409563409564,0.6756756756756757,0.09702009702009706,"CRL
 ACC ,  C  ,  Rule
0.676 0.097 ['Age=18-22 && Gender=Male']=>1
0.659 0.679 ['neg_Prior-Crimes>3']=>0
0.653 1.000 ['Prior-Crimes>3']=>1

"
0.007742636826811269,0.01,0.6700554528650647,0.7005545286506469,0.6742896742896742,0.6812196812196812,0.659043659043659,0.6791406791406791,"CRL
 ACC ,  C  ,  Rule
0.676 0.097 ['Age=18-22 && Gender=Male']=>1
0.659 0.679 ['neg_Prior-Crimes>3']=>0
0.653 1.000 ['Prior-Crimes>3']=>1

"
0.007742636826811269,0.01,0.664279112754159,1.0,0.6687456687456688,1.0,0.6534996534996536,1.0,"CRL
 ACC ,  C  ,  Rule
0.676 0.097 ['Age=18-22 && Gender=Male']=>1
0.659 0.679 ['neg_Prior-Crimes>3']=>0
0.653 1.000 ['Prior-Crimes>3']=>1

"
0.01291549665014884,0.001,0.6721349353049908,0.3045286506469501,0.683991683991684,0.32571032571032577,0.6701316701316701,0.32640332640332637,"CRL
 ACC ,  C  ,  Rule
0.670 0.326 ['Prior-Crimes>3']=>1
0.629 1.000 ['neg_Prior-Crimes>5']=>0

"
0.01291549665014884,0.001,0.633086876155268,1.0,0.6327096327096328,1.0,0.6285516285516286,1.0,"CRL
 ACC ,  C  ,  Rule
0.670 0.326 ['Prior-Crimes>3']=>1
0.629 1.000 ['neg_Prior-Crimes>5']=>0

"
0.01291549665014884,0.002,0.6721349353049908,0.3045286506469501,0.683991683991684,0.32571032571032577,0.6701316701316701,0.32640332640332637,"CRL
 ACC ,  C  ,  Rule
0.670 0.326 ['Prior-Crimes>3']=>1
0.629 1.000 ['neg_Prior-Crimes>3']=>0

"
0.01291549665014884,0.002,0.633086876155268,1.0,0.6327096327096328,1.0,0.6285516285516286,1.0,"CRL
 ACC ,  C  ,  Rule
0.670 0.326 ['Prior-Crimes>3']=>1
0.629 1.000 ['neg_Prior-Crimes>3']=>0

"
0.01291549665014884,0.003,0.6721349353049908,0.3045286506469501,0.683991683991684,0.32571032571032577,0.6701316701316701,0.32640332640332637,"CRL
 ACC ,  C  ,  Rule
0.670 0.326 ['Prior-Crimes>3']=>1
0.629 1.000 ['neg_Prior-Crimes>3']=>0

"
0.01291549665014884,0.003,0.633086876155268,1.0,0.6327096327096328,1.0,0.6285516285516286,1.0,"CRL
 ACC ,  C  ,  Rule
0.670 0.326 ['Prior-Crimes>3']=>1
0.629 1.000 ['neg_Prior-Crimes>3']=>0

"
0.01291549665014884,0.004,0.6721349353049908,0.3045286506469501,0.683991683991684,0.32571032571032577,0.6701316701316701,0.32640332640332637,"CRL
 ACC ,  C  ,  Rule
0.670 0.326 ['Prior-Crimes>3']=>1
0.629 1.000 ['neg_Prior-Crimes>3']=>0

"
0.01291549665014884,0.004,0.633086876155268,1.0,0.6327096327096328,1.0,0.6285516285516286,1.0,"CRL
 ACC ,  C  ,  Rule
0.670 0.326 ['Prior-Crimes>3']=>1
0.629 1.000 ['neg_Prior-Crimes>3']=>0

"
0.01291549665014884,0.005,0.6721349353049908,0.3045286506469501,0.683991683991684,0.32571032571032577,0.6701316701316701,0.32640332640332637,"CRL
 ACC ,  C  ,  Rule
0.670 0.326 ['Prior-Crimes>3']=>1
0.629 1.000 ['neg_Prior-Crimes>3']=>0

"
0.01291549665014884,0.005,0.633086876155268,1.0,0.6327096327096328,1.0,0.6285516285516286,1.0,"CRL
 ACC ,  C  ,  Rule
0.670 0.326 ['Prior-Crimes>3']=>1
0.629 1.000 ['neg_Prior-Crimes>3']=>0

"
0.01291549665014884,0.006,0.6721349353049908,0.3045286506469501,0.683991683991684,0.32571032571032577,0.6701316701316701,0.32640332640332637,"CRL
 ACC ,  C  ,  Rule
0.670 0.326 ['Prior-Crimes>3']=>1
0.629 1.000 ['neg_Prior-Crimes>3']=>0

"
0.01291549665014884,0.006,0.633086876155268,1.0,0.6327096327096328,1.0,0.6285516285516286,1.0,"CRL
 ACC ,  C  ,  Rule
0.670 0.326 ['Prior-Crimes>3']=>1
0.629 1.000 ['neg_Prior-Crimes>3']=>0

"
0.01291549665014884,0.007,0.6721349353049908,0.3045286506469501,0.683991683991684,0.32571032571032577,0.6701316701316701,0.32640332640332637,"CRL
 ACC ,  C  ,  Rule
0.670 0.326 ['Prior-Crimes>3']=>1
0.629 1.000 ['neg_Prior-Crimes>3']=>0

"
0.01291549665014884,0.007,0.633086876155268,1.0,0.6327096327096328,1.0,0.6285516285516286,1.0,"CRL
 ACC ,  C  ,  Rule
0.670 0.326 ['Prior-Crimes>3']=>1
0.629 1.000 ['neg_Prior-Crimes>3']=>0

"
0.01291549665014884,0.008,0.6721349353049908,0.3045286506469501,0.683991683991684,0.32571032571032577,0.6701316701316701,0.32640332640332637,"CRL
 ACC ,  C  ,  Rule
0.670 0.326 ['Prior-Crimes>3']=>1
0.629 1.000 ['neg_Prior-Crimes>3']=>0

"
0.01291549665014884,0.008,0.633086876155268,1.0,0.6327096327096328,1.0,0.6285516285516286,1.0,"CRL
 ACC ,  C  ,  Rule
0.670 0.326 ['Prior-Crimes>3']=>1
0.629 1.000 ['neg_Prior-Crimes>3']=>0

"
0.01291549665014884,0.009000000000000001,0.6721349353049908,0.3045286506469501,0.683991683991684,0.32571032571032577,0.6701316701316701,0.32640332640332637,"CRL
 ACC ,  C  ,  Rule
0.670 0.326 ['Prior-Crimes>3']=>1
0.629 1.000 ['neg_Juvenile-Felonies>3']=>0

"
0.01291549665014884,0.009000000000000001,0.633086876155268,1.0,0.6327096327096328,1.0,0.6285516285516286,1.0,"CRL
 ACC ,  C  ,  Rule
0.670 0.326 ['Prior-Crimes>3']=>1
0.629 1.000 ['neg_Juvenile-Felonies>3']=>0

"
0.01291549665014884,0.01,0.6721349353049908,0.3045286506469501,0.683991683991684,0.32571032571032577,0.6701316701316701,0.32640332640332637,"CRL
 ACC ,  C  ,  Rule
0.670 0.326 ['Prior-Crimes>3']=>1
0.629 1.000 ['neg_Prior-Crimes>3']=>0

"
0.01291549665014884,0.01,0.633086876155268,1.0,0.6327096327096328,1.0,0.6285516285516286,1.0,"CRL
 ACC ,  C  ,  Rule
0.670 0.326 ['Prior-Crimes>3']=>1
0.629 1.000 ['neg_Prior-Crimes>3']=>0

"
0.021544346900318832,0.001,0.6781423290203327,0.2021719038817006,0.6867636867636867,0.20512820512820518,0.674982674982675,0.21760221760221765,"CRL
 ACC ,  C  ,  Rule
0.675 0.218 ['Prior-Crimes=1-3 && Age>=30']=>0
0.676 0.718 ['neg_Prior-Crimes=0']=>1
0.671 1.000 ['Prior-Crimes=0 && Juvenile-Felonies=0']=>0

"
0.021544346900318832,0.001,0.6668207024029574,0.6977818853974123,0.6735966735966736,0.6985446985446986,0.6763686763686764,0.717948717948718,"CRL
 ACC ,  C  ,  Rule
0.675 0.218 ['Prior-Crimes=1-3 && Age>=30']=>0
0.676 0.718 ['neg_Prior-Crimes=0']=>1
0.671 1.000 ['Prior-Crimes=0 && Juvenile-Felonies=0']=>0

"
0.021544346900318832,0.001,0.658271719038817,1.0,0.6632016632016632,1.0,0.6708246708246708,1.0,"CRL
 ACC ,  C  ,  Rule
0.675 0.218 ['Prior-Crimes=1-3 && Age>=30']=>0
0.676 0.718 ['neg_Prior-Crimes=0']=>1
0.671 1.000 ['Prior-Crimes=0 && Juvenile-Felonies=0']=>0

"
0.021544346900318832,0.002,0.6721349353049908,0.3045286506469501,0.683991683991684,0.32571032571032577,0.6701316701316701,0.32640332640332637,"CRL
 ACC ,  C  ,  Rule
0.670 0.326 ['Prior-Crimes>3']=>1
0.629 1.000 ['neg_Juvenile-Felonies>3']=>0

"
0.021544346900318832,0.002,0.633086876155268,1.0,0.6327096327096328,1.0,0.6285516285516286,1.0,"CRL
 ACC ,  C  ,  Rule
0.670 0.326 ['Prior-Crimes>3']=>1
0.629 1.000 ['neg_Juvenile-Felonies>3']=>0

"
0.021544346900318832,0.003,0.6721349353049908,0.3045286506469501,0.683991683991684,0.32571032571032577,0.6701316701316701,0.32640332640332637,"CRL
 ACC ,  C  ,  Rule
0.670 0.326 ['Prior-Crimes>3']=>1
0.629 1.000 ['neg_Juvenile-Felonies>3']=>0

"
0.021544346900318832,0.003,0.633086876155268,1.0,0.6327096327096328,1.0,0.6285516285516286,1.0,"CRL
 ACC ,  C  ,  Rule
0.670 0.326 ['Prior-Crimes>3']=>1
0.629 1.000 ['neg_Juvenile-Felonies>3']=>0

"
0.021544346900318832,0.004,0.6721349353049908,0.3045286506469501,0.683991683991684,0.32571032571032577,0.6701316701316701,0.32640332640332637,"CRL
 ACC ,  C  ,  Rule
0.670 0.326 ['Prior-Crimes>3']=>1
0.629 1.000 ['neg_Juvenile-Felonies>3']=>0

"
0.021544346900318832,0.004,0.633086876155268,1.0,0.6327096327096328,1.0,0.6285516285516286,1.0,"CRL
 ACC ,  C  ,  Rule
0.670 0.326 ['Prior-Crimes>3']=>1
0.629 1.000 ['neg_Juvenile-Felonies>3']=>0

"
0.021544346900318832,0.005,0.6721349353049908,0.3045286506469501,0.683991683991684,0.32571032571032577,0.6701316701316701,0.32640332640332637,"CRL
 ACC ,  C  ,  Rule
0.670 0.326 ['Prior-Crimes>3']=>1
0.629 1.000 ['neg_Juvenile-Felonies>3']=>0

"
0.021544346900318832,0.005,0.633086876155268,1.0,0.6327096327096328,1.0,0.6285516285516286,1.0,"CRL
 ACC ,  C  ,  Rule
0.670 0.326 ['Prior-Crimes>3']=>1
0.629 1.000 ['neg_Juvenile-Felonies>3']=>0

"
0.021544346900318832,0.006,0.6721349353049908,0.3045286506469501,0.683991683991684,0.32571032571032577,0.6701316701316701,0.32640332640332637,"CRL
 ACC ,  C  ,  Rule
0.670 0.326 ['Prior-Crimes>3']=>1
0.629 1.000 ['neg_Juvenile-Felonies>3']=>0

"
0.021544346900318832,0.006,0.633086876155268,1.0,0.6327096327096328,1.0,0.6285516285516286,1.0,"CRL
 ACC ,  C  ,  Rule
0.670 0.326 ['Prior-Crimes>3']=>1
0.629 1.000 ['neg_Juvenile-Felonies>3']=>0

"
0.021544346900318832,0.007,0.6721349353049908,0.3045286506469501,0.683991683991684,0.32571032571032577,0.6701316701316701,0.32640332640332637,"CRL
 ACC ,  C  ,  Rule
0.670 0.326 ['Prior-Crimes>3']=>1
0.629 1.000 ['neg_Juvenile-Felonies>3']=>0

"
0.021544346900318832,0.007,0.633086876155268,1.0,0.6327096327096328,1.0,0.6285516285516286,1.0,"CRL
 ACC ,  C  ,  Rule
0.670 0.326 ['Prior-Crimes>3']=>1
0.629 1.000 ['neg_Juvenile-Felonies>3']=>0

"
0.021544346900318832,0.008,0.6721349353049908,0.3045286506469501,0.683991683991684,0.32571032571032577,0.6701316701316701,0.32640332640332637,"CRL
 ACC ,  C  ,  Rule
0.670 0.326 ['Prior-Crimes>3']=>1
0.629 1.000 ['neg_Juvenile-Felonies>3']=>0

"
0.021544346900318832,0.008,0.633086876155268,1.0,0.6327096327096328,1.0,0.6285516285516286,1.0,"CRL
 ACC ,  C  ,  Rule
0.670 0.326 ['Prior-Crimes>3']=>1
0.629 1.000 ['neg_Juvenile-Felonies>3']=>0

"
0.021544346900318832,0.009000000000000001,0.6721349353049908,0.3045286506469501,0.683991683991684,0.32571032571032577,0.6701316701316701,0.32640332640332637,"CRL
 ACC ,  C  ,  Rule
0.670 0.326 ['Prior-Crimes>3']=>1
0.629 1.000 ['neg_Juvenile-Felonies>3']=>0

"
0.021544346900318832,0.009000000000000001,0.633086876155268,1.0,0.6327096327096328,1.0,0.6285516285516286,1.0,"CRL
 ACC ,  C  ,  Rule
0.670 0.326 ['Prior-Crimes>3']=>1
0.629 1.000 ['neg_Juvenile-Felonies>3']=>0

"
0.021544346900318832,0.01,0.6721349353049908,0.3045286506469501,0.683991683991684,0.32571032571032577,0.6701316701316701,0.32640332640332637,"CRL
 ACC ,  C  ,  Rule
0.670 0.326 ['Prior-Crimes>3']=>1
0.629 1.000 ['neg_Juvenile-Felonies>3']=>0

"
0.021544346900318832,0.01,0.633086876155268,1.0,0.6327096327096328,1.0,0.6285516285516286,1.0,"CRL
 ACC ,  C  ,  Rule
0.670 0.326 ['Prior-Crimes>3']=>1
0.629 1.000 ['neg_Juvenile-Felonies>3']=>0

"
0.03593813663804626,0.001,0.6721349353049908,0.3045286506469501,0.683991683991684,0.32571032571032577,0.6701316701316701,0.32640332640332637,"CRL
 ACC ,  C  ,  Rule
0.670 0.326 ['Prior-Crimes>3']=>1
0.629 1.000 ['neg_Prior-Crimes>3']=>0

"
0.03593813663804626,0.001,0.633086876155268,1.0,0.6327096327096328,1.0,0.6285516285516286,1.0,"CRL
 ACC ,  C  ,  Rule
0.670 0.326 ['Prior-Crimes>3']=>1
0.629 1.000 ['neg_Prior-Crimes>3']=>0

"
0.03593813663804626,0.002,0.6721349353049908,0.3045286506469501,0.683991683991684,0.32571032571032577,0.6701316701316701,0.32640332640332637,"CRL
 ACC ,  C  ,  Rule
0.670 0.326 ['Prior-Crimes>3']=>1
0.629 1.000 ['neg_Prior-Crimes>3']=>0

"
0.03593813663804626,0.002,0.633086876155268,1.0,0.6327096327096328,1.0,0.6285516285516286,1.0,"CRL
 ACC ,  C  ,  Rule
0.670 0.326 ['Prior-Crimes>3']=>1
0.629 1.000 ['neg_Prior-Crimes>3']=>0

"
0.03593813663804626,0.003,0.6721349353049908,0.3045286506469501,0.683991683991684,0.32571032571032577,0.6701316701316701,0.32640332640332637,"CRL
 ACC ,  C  ,  Rule
0.670 0.326 ['Prior-Crimes>3']=>1
0.629 1.000 ['neg_Prior-Crimes>3']=>0

"
0.03593813663804626,0.003,0.633086876155268,1.0,0.6327096327096328,1.0,0.6285516285516286,1.0,"CRL
 ACC ,  C  ,  Rule
0.670 0.326 ['Prior-Crimes>3']=>1
0.629 1.000 ['neg_Prior-Crimes>3']=>0

"
0.03593813663804626,0.004,0.6721349353049908,0.3045286506469501,0.683991683991684,0.32571032571032577,0.6701316701316701,0.32640332640332637,"CRL
 ACC ,  C  ,  Rule
0.670 0.326 ['Prior-Crimes>3']=>1
0.629 1.000 ['neg_Prior-Crimes>3']=>0

"
0.03593813663804626,0.004,0.633086876155268,1.0,0.6327096327096328,1.0,0.6285516285516286,1.0,"CRL
 ACC ,  C  ,  Rule
0.670 0.326 ['Prior-Crimes>3']=>1
0.629 1.000 ['neg_Prior-Crimes>3']=>0

"
0.03593813663804626,0.005,0.6721349353049908,0.3045286506469501,0.683991683991684,0.32571032571032577,0.6701316701316701,0.32640332640332637,"CRL
 ACC ,  C  ,  Rule
0.670 0.326 ['Prior-Crimes>3']=>1
0.629 1.000 ['neg_Prior-Crimes>3']=>0

"
0.03593813663804626,0.005,0.633086876155268,1.0,0.6327096327096328,1.0,0.6285516285516286,1.0,"CRL
 ACC ,  C  ,  Rule
0.670 0.326 ['Prior-Crimes>3']=>1
0.629 1.000 ['neg_Prior-Crimes>3']=>0

"
0.03593813663804626,0.006,0.6721349353049908,0.3045286506469501,0.683991683991684,0.32571032571032577,0.6701316701316701,0.32640332640332637,"CRL
 ACC ,  C  ,  Rule
0.670 0.326 ['Prior-Crimes>3']=>1
0.629 1.000 ['neg_Prior-Crimes>3']=>0

"
0.03593813663804626,0.006,0.633086876155268,1.0,0.6327096327096328,1.0,0.6285516285516286,1.0,"CRL
 ACC ,  C  ,  Rule
0.670 0.326 ['Prior-Crimes>3']=>1
0.629 1.000 ['neg_Prior-Crimes>3']=>0

"
0.03593813663804626,0.007,0.6721349353049908,0.3045286506469501,0.683991683991684,0.32571032571032577,0.6701316701316701,0.32640332640332637,"CRL
 ACC ,  C  ,  Rule
0.670 0.326 ['Prior-Crimes>3']=>1
0.629 1.000 ['neg_Juvenile-Felonies>3']=>0

"
0.03593813663804626,0.007,0.633086876155268,1.0,0.6327096327096328,1.0,0.6285516285516286,1.0,"CRL
 ACC ,  C  ,  Rule
0.670 0.326 ['Prior-Crimes>3']=>1
0.629 1.000 ['neg_Juvenile-Felonies>3']=>0

"
0.03593813663804626,0.008,0.6721349353049908,0.3045286506469501,0.683991683991684,0.32571032571032577,0.6701316701316701,0.32640332640332637,"CRL
 ACC ,  C  ,  Rule
0.670 0.326 ['Prior-Crimes>3']=>1
0.629 1.000 ['neg_Juvenile-Felonies>3']=>0

"
0.03593813663804626,0.008,0.633086876155268,1.0,0.6327096327096328,1.0,0.6285516285516286,1.0,"CRL
 ACC ,  C  ,  Rule
0.670 0.326 ['Prior-Crimes>3']=>1
0.629 1.000 ['neg_Juvenile-Felonies>3']=>0

"
0.03593813663804626,0.009000000000000001,0.6721349353049908,0.3045286506469501,0.683991683991684,0.32571032571032577,0.6701316701316701,0.32640332640332637,"CRL
 ACC ,  C  ,  Rule
0.670 0.326 ['Prior-Crimes>3']=>1
0.629 1.000 ['neg_Prior-Crimes>5']=>0

"
0.03593813663804626,0.009000000000000001,0.633086876155268,1.0,0.6327096327096328,1.0,0.6285516285516286,1.0,"CRL
 ACC ,  C  ,  Rule
0.670 0.326 ['Prior-Crimes>3']=>1
0.629 1.000 ['neg_Prior-Crimes>5']=>0

"
0.03593813663804626,0.01,0.6721349353049908,0.3045286506469501,0.683991683991684,0.32571032571032577,0.6701316701316701,0.32640332640332637,"CRL
 ACC ,  C  ,  Rule
0.670 0.326 ['Prior-Crimes>3']=>1
0.629 1.000 ['neg_Prior-Crimes>5']=>0

"
0.03593813663804626,0.01,0.633086876155268,1.0,0.6327096327096328,1.0,0.6285516285516286,1.0,"CRL
 ACC ,  C  ,  Rule
0.670 0.326 ['Prior-Crimes>3']=>1
0.629 1.000 ['neg_Prior-Crimes>5']=>0

"
0.05994842503189409,0.001,0.5254158964879853,0.9976894639556377,0.5280665280665281,0.9937629937629937,0.5038115038115039,0.9965349965349966,"CRL
 ACC ,  C  ,  Rule
0.504 0.997 ['neg_Juvenile-Felonies>3']=>0

"
0.05994842503189409,0.002,0.5254158964879853,0.9976894639556377,0.5280665280665281,0.9937629937629937,0.5038115038115039,0.9965349965349966,"CRL
 ACC ,  C  ,  Rule
0.504 0.997 ['neg_Juvenile-Felonies>3']=>0

"
0.05994842503189409,0.003,0.5254158964879853,0.9976894639556377,0.5280665280665281,0.9937629937629937,0.5038115038115039,0.9965349965349966,"CRL
 ACC ,  C  ,  Rule
0.504 0.997 ['neg_Juvenile-Felonies>3']=>0

"
0.05994842503189409,0.004,0.5254158964879853,0.9976894639556377,0.5280665280665281,0.9937629937629937,0.5038115038115039,0.9965349965349966,"CRL
 ACC ,  C  ,  Rule
0.504 0.997 ['neg_Juvenile-Felonies>3']=>0

"
0.05994842503189409,0.005,0.5254158964879853,0.9976894639556377,0.5280665280665281,0.9937629937629937,0.5038115038115039,0.9965349965349966,"CRL
 ACC ,  C  ,  Rule
0.504 0.997 ['neg_Juvenile-Felonies>3']=>0

"
0.05994842503189409,0.006,0.5254158964879853,0.9976894639556377,0.5280665280665281,0.9937629937629937,0.5038115038115039,0.9965349965349966,"CRL
 ACC ,  C  ,  Rule
0.504 0.997 ['neg_Juvenile-Felonies>3']=>0

"
0.05994842503189409,0.007,0.5254158964879853,0.9976894639556377,0.5280665280665281,0.9937629937629937,0.5038115038115039,0.9965349965349966,"CRL
 ACC ,  C  ,  Rule
0.504 0.997 ['neg_Juvenile-Felonies>3']=>0

"
0.05994842503189409,0.008,0.5254158964879853,0.9976894639556377,0.5280665280665281,0.9937629937629937,0.5038115038115039,0.9965349965349966,"CRL
 ACC ,  C  ,  Rule
0.504 0.997 ['neg_Juvenile-Felonies>3']=>0

"
0.05994842503189409,0.009000000000000001,0.5254158964879853,0.9976894639556377,0.5280665280665281,0.9937629937629937,0.5038115038115039,0.9965349965349966,"CRL
 ACC ,  C  ,  Rule
0.504 0.997 ['neg_Juvenile-Felonies>3']=>0

"
0.05994842503189409,0.01,0.5254158964879853,0.9976894639556377,0.5280665280665281,0.9937629937629937,0.5038115038115039,0.9965349965349966,"CRL
 ACC ,  C  ,  Rule
0.504 0.997 ['neg_Juvenile-Felonies>3']=>0

"
0.1,0.001,0.5254158964879853,0.9976894639556377,0.5280665280665281,0.9937629937629937,0.5038115038115039,0.9965349965349966,"CRL
 ACC ,  C  ,  Rule
0.504 0.997 ['neg_Juvenile-Felonies>3']=>0

"
0.1,0.002,0.5254158964879853,0.9976894639556377,0.5280665280665281,0.9937629937629937,0.5038115038115039,0.9965349965349966,"CRL
 ACC ,  C  ,  Rule
0.504 0.997 ['neg_Juvenile-Felonies>3']=>0

"
0.1,0.003,0.5254158964879853,0.9976894639556377,0.5280665280665281,0.9937629937629937,0.5038115038115039,0.9965349965349966,"CRL
 ACC ,  C  ,  Rule
0.504 0.997 ['neg_Juvenile-Felonies>3']=>0

"
0.1,0.004,0.5254158964879853,0.9976894639556377,0.5280665280665281,0.9937629937629937,0.5038115038115039,0.9965349965349966,"CRL
 ACC ,  C  ,  Rule
0.504 0.997 ['neg_Juvenile-Felonies>3']=>0

"
0.1,0.005,0.5254158964879853,0.9976894639556377,0.5280665280665281,0.9937629937629937,0.5038115038115039,0.9965349965349966,"CRL
 ACC ,  C  ,  Rule
0.504 0.997 ['neg_Juvenile-Felonies>3']=>0

"
0.1,0.006,0.5254158964879853,0.9976894639556377,0.5280665280665281,0.9937629937629937,0.5038115038115039,0.9965349965349966,"CRL
 ACC ,  C  ,  Rule
0.504 0.997 ['neg_Juvenile-Felonies>3']=>0

"
0.1,0.007,0.5254158964879853,0.9976894639556377,0.5280665280665281,0.9937629937629937,0.5038115038115039,0.9965349965349966,"CRL
 ACC ,  C  ,  Rule
0.504 0.997 ['neg_Juvenile-Felonies>3']=>0

"
0.1,0.008,0.5254158964879853,0.9976894639556377,0.5280665280665281,0.9937629937629937,0.5038115038115039,0.9965349965349966,"CRL
 ACC ,  C  ,  Rule
0.504 0.997 ['neg_Juvenile-Felonies>3']=>0

"
0.1,0.009000000000000001,0.5254158964879853,0.9976894639556377,0.5280665280665281,0.9937629937629937,0.5038115038115039,0.9965349965349966,"CRL
 ACC ,  C  ,  Rule
0.504 0.997 ['neg_Juvenile-Felonies>3']=>0

"
0.1,0.01,0.5254158964879853,0.9976894639556377,0.5280665280665281,0.9937629937629937,0.5038115038115039,0.9965349965349966,"CRL
 ACC ,  C  ,  Rule
0.504 0.997 ['neg_Juvenile-Felonies>3']=>0

"
