Seed,Black Box,Beta,Alpha,Policy,Min support,Lambda,Search status,Training accuracy,Validation accuracy,Test accuracy,Training accuracy (prefix),Validation accuracy (prefix),Test accuracy (prefix),Training accuracy (BB),Validation accuracy (BB),Test accuracy (BB),Training transparency,Validation transparency,Test transparency,Model,Prefix length,Val acc UB
0,fixed_rf,0.0001155268022181146,0,objective,0.01,0.01,opt,0.6816081330868762,0.6826056826056826,0.6632016632016632,0.728448275862069,0.71875,0.7278911564625851,0.6759834368530021,0.6780982073265783,0.6558641975308642,0.10720887245841035,0.11088011088011088,0.10187110187110188,"HybridCORELSPreClassifier
if [Age<=40 && Prior-Crimes=1-3]:
  Recidivate-Within-Two-Years = False(support 464, accuracy 0.72845)
else 
    default: RandomForestClassifier(max_depth=5, min_samples_split=10, random_state=42)(support 3864, accuracy 0.67598 (majority pred 0.508))",1,0.7532917532917534
1,fixed_rf,0.0001155268022181146,0,objective,0.01,0.01,opt,0.6786044362292052,0.6902286902286903,0.6729036729036729,0.7242105263157895,0.74,0.7191780821917808,0.6729820918764599,0.6844547563805105,0.6676946800308404,0.10975046210720887,0.10395010395010396,0.10117810117810118,"HybridCORELSPreClassifier
if [Age<=40 && Prior-Crimes=1-3]:
  Recidivate-Within-Two-Years = False(support 475, accuracy 0.72421)
else 
    default: RandomForestClassifier(max_depth=5, min_samples_split=10, random_state=42)(support 3853, accuracy 0.67298 (majority pred 0.505))",1,0.7567567567567568
2,fixed_rf,0.0001155268022181146,0,objective,0.01,0.01,opt,0.6788354898336414,0.6742896742896742,0.6888426888426888,0.7154340836012861,0.7421052631578947,0.7180616740088106,0.6726929303831625,0.6640063846767758,0.6833881578947368,0.14371534195933455,0.13167013167013167,0.1573111573111573,"HybridCORELSPreClassifier
if [Prior-Crimes=0 && Age=24-40]:
  Recidivate-Within-Two-Years = False(support 622, accuracy 0.71543)
else 
    default: RandomForestClassifier(max_depth=5, min_samples_split=10, random_state=42)(support 3706, accuracy 0.67269 (majority pred 0.518))",1,0.7664587664587664
3,fixed_rf,0.0001155268022181146,0,objective,0.01,0.01,opt,0.6776802218114603,0.6860706860706861,0.6784476784476784,0.7715959004392386,0.7791666666666667,0.7524271844660194,0.660082304526749,0.6674979218620116,0.666127728375101,0.15780961182994455,0.16632016632016633,0.14275814275814275,"HybridCORELSPreClassifier
if [Prior-Crimes=0 && Age>=30]:
  Recidivate-Within-Two-Years = False(support 683, accuracy 0.77160)
else 
    default: RandomForestClassifier(max_depth=5, min_samples_split=10, random_state=42)(support 3645, accuracy 0.66008 (majority pred 0.523))",1,0.7636867636867637
4,fixed_rf,0.0001155268022181146,0,objective,0.01,0.01,opt,0.6857670979667283,0.6729036729036729,0.6770616770616771,0.7263157894736842,0.7278911564625851,0.7248322147651006,0.680768232546068,0.6666666666666666,0.6715610510046368,0.10975046210720887,0.10187110187110188,0.10325710325710326,"HybridCORELSPreClassifier
if [Age<=40 && Prior-Crimes=1-3]:
  Recidivate-Within-Two-Years = False(support 475, accuracy 0.72632)
else 
    default: RandomForestClassifier(max_depth=5, min_samples_split=10, random_state=42)(support 3853, accuracy 0.68077 (majority pred 0.517))",1,0.7553707553707554
0,fixed_rf,0.0001155268022181146,0,objective,0.05,0.01,opt,0.6816081330868762,0.6826056826056826,0.6632016632016632,0.728448275862069,0.71875,0.7278911564625851,0.6759834368530021,0.6780982073265783,0.6558641975308642,0.10720887245841035,0.11088011088011088,0.10187110187110188,"HybridCORELSPreClassifier
if [Age<=40 && Prior-Crimes=1-3]:
  Recidivate-Within-Two-Years = False(support 464, accuracy 0.72845)
else 
    default: RandomForestClassifier(max_depth=5, min_samples_split=10, random_state=42)(support 3864, accuracy 0.67598 (majority pred 0.508))",1,0.7532917532917534
1,fixed_rf,0.0001155268022181146,0,objective,0.05,0.01,opt,0.6786044362292052,0.6902286902286903,0.6729036729036729,0.7242105263157895,0.74,0.7191780821917808,0.6729820918764599,0.6844547563805105,0.6676946800308404,0.10975046210720887,0.10395010395010396,0.10117810117810118,"HybridCORELSPreClassifier
if [Age<=40 && Prior-Crimes=1-3]:
  Recidivate-Within-Two-Years = False(support 475, accuracy 0.72421)
else 
    default: RandomForestClassifier(max_depth=5, min_samples_split=10, random_state=42)(support 3853, accuracy 0.67298 (majority pred 0.505))",1,0.7567567567567568
2,fixed_rf,0.0001155268022181146,0,objective,0.05,0.01,opt,0.6788354898336414,0.6742896742896742,0.6888426888426888,0.7154340836012861,0.7421052631578947,0.7180616740088106,0.6726929303831625,0.6640063846767758,0.6833881578947368,0.14371534195933455,0.13167013167013167,0.1573111573111573,"HybridCORELSPreClassifier
if [Prior-Crimes=0 && Age=24-40]:
  Recidivate-Within-Two-Years = False(support 622, accuracy 0.71543)
else 
    default: RandomForestClassifier(max_depth=5, min_samples_split=10, random_state=42)(support 3706, accuracy 0.67269 (majority pred 0.518))",1,0.7664587664587664
3,fixed_rf,0.0001155268022181146,0,objective,0.05,0.01,opt,0.6776802218114603,0.6860706860706861,0.6784476784476784,0.7715959004392386,0.7791666666666667,0.7524271844660194,0.660082304526749,0.6674979218620116,0.666127728375101,0.15780961182994455,0.16632016632016633,0.14275814275814275,"HybridCORELSPreClassifier
if [Prior-Crimes=0 && Age>=30]:
  Recidivate-Within-Two-Years = False(support 683, accuracy 0.77160)
else 
    default: RandomForestClassifier(max_depth=5, min_samples_split=10, random_state=42)(support 3645, accuracy 0.66008 (majority pred 0.523))",1,0.7636867636867637
4,fixed_rf,0.0001155268022181146,0,objective,0.05,0.01,opt,0.6857670979667283,0.6729036729036729,0.6770616770616771,0.7263157894736842,0.7278911564625851,0.7248322147651006,0.680768232546068,0.6666666666666666,0.6715610510046368,0.10975046210720887,0.10187110187110188,0.10325710325710326,"HybridCORELSPreClassifier
if [Age<=40 && Prior-Crimes=1-3]:
  Recidivate-Within-Two-Years = False(support 475, accuracy 0.72632)
else 
    default: RandomForestClassifier(max_depth=5, min_samples_split=10, random_state=42)(support 3853, accuracy 0.68077 (majority pred 0.517))",1,0.7553707553707554
0,fixed_rf,0.0001155268022181146,0,objective,0.1,0.01,opt,0.6816081330868762,0.6826056826056826,0.6632016632016632,0.728448275862069,0.71875,0.7278911564625851,0.6759834368530021,0.6780982073265783,0.6558641975308642,0.10720887245841035,0.11088011088011088,0.10187110187110188,"HybridCORELSPreClassifier
if [Age<=40 && Prior-Crimes=1-3]:
  Recidivate-Within-Two-Years = False(support 464, accuracy 0.72845)
else 
    default: RandomForestClassifier(max_depth=5, min_samples_split=10, random_state=42)(support 3864, accuracy 0.67598 (majority pred 0.508))",1,0.7532917532917534
1,fixed_rf,0.0001155268022181146,0,objective,0.1,0.01,opt,0.6786044362292052,0.6902286902286903,0.6729036729036729,0.7242105263157895,0.74,0.7191780821917808,0.6729820918764599,0.6844547563805105,0.6676946800308404,0.10975046210720887,0.10395010395010396,0.10117810117810118,"HybridCORELSPreClassifier
if [Age<=40 && Prior-Crimes=1-3]:
  Recidivate-Within-Two-Years = False(support 475, accuracy 0.72421)
else 
    default: RandomForestClassifier(max_depth=5, min_samples_split=10, random_state=42)(support 3853, accuracy 0.67298 (majority pred 0.505))",1,0.7567567567567568
2,fixed_rf,0.0001155268022181146,0,objective,0.1,0.01,opt,0.6788354898336414,0.6742896742896742,0.6888426888426888,0.7154340836012861,0.7421052631578947,0.7180616740088106,0.6726929303831625,0.6640063846767758,0.6833881578947368,0.14371534195933455,0.13167013167013167,0.1573111573111573,"HybridCORELSPreClassifier
if [Prior-Crimes=0 && Age=24-40]:
  Recidivate-Within-Two-Years = False(support 622, accuracy 0.71543)
else 
    default: RandomForestClassifier(max_depth=5, min_samples_split=10, random_state=42)(support 3706, accuracy 0.67269 (majority pred 0.518))",1,0.7664587664587664
3,fixed_rf,0.0001155268022181146,0,objective,0.1,0.01,opt,0.6776802218114603,0.6860706860706861,0.6784476784476784,0.7715959004392386,0.7791666666666667,0.7524271844660194,0.660082304526749,0.6674979218620116,0.666127728375101,0.15780961182994455,0.16632016632016633,0.14275814275814275,"HybridCORELSPreClassifier
if [Prior-Crimes=0 && Age>=30]:
  Recidivate-Within-Two-Years = False(support 683, accuracy 0.77160)
else 
    default: RandomForestClassifier(max_depth=5, min_samples_split=10, random_state=42)(support 3645, accuracy 0.66008 (majority pred 0.523))",1,0.7636867636867637
4,fixed_rf,0.0001155268022181146,0,objective,0.1,0.01,opt,0.6857670979667283,0.6729036729036729,0.6770616770616771,0.7263157894736842,0.7278911564625851,0.7248322147651006,0.680768232546068,0.6666666666666666,0.6715610510046368,0.10975046210720887,0.10187110187110188,0.10325710325710326,"HybridCORELSPreClassifier
if [Age<=40 && Prior-Crimes=1-3]:
  Recidivate-Within-Two-Years = False(support 475, accuracy 0.72632)
else 
    default: RandomForestClassifier(max_depth=5, min_samples_split=10, random_state=42)(support 3853, accuracy 0.68077 (majority pred 0.517))",1,0.7553707553707554
0,fixed_rf,0.0001155268022181146,0,objective,0.01,0.001,opt,0.6816081330868762,0.6826056826056826,0.6632016632016632,0.728448275862069,0.71875,0.7278911564625851,0.6759834368530021,0.6780982073265783,0.6558641975308642,0.10720887245841035,0.11088011088011088,0.10187110187110188,"HybridCORELSPreClassifier
if [Age<=40 && Prior-Crimes=1-3]:
  Recidivate-Within-Two-Years = False(support 464, accuracy 0.72845)
else 
    default: RandomForestClassifier(max_depth=5, min_samples_split=10, random_state=42)(support 3864, accuracy 0.67598 (majority pred 0.508))",1,0.7532917532917534
1,fixed_rf,0.0001155268022181146,0,objective,0.01,0.001,opt,0.6786044362292052,0.6902286902286903,0.6729036729036729,0.7242105263157895,0.74,0.7191780821917808,0.6729820918764599,0.6844547563805105,0.6676946800308404,0.10975046210720887,0.10395010395010396,0.10117810117810118,"HybridCORELSPreClassifier
if [Age<=40 && Prior-Crimes=1-3]:
  Recidivate-Within-Two-Years = False(support 475, accuracy 0.72421)
else 
    default: RandomForestClassifier(max_depth=5, min_samples_split=10, random_state=42)(support 3853, accuracy 0.67298 (majority pred 0.505))",1,0.7567567567567568
2,fixed_rf,0.0001155268022181146,0,objective,0.01,0.001,opt,0.6788354898336414,0.6742896742896742,0.6888426888426888,0.7154340836012861,0.7421052631578947,0.7180616740088106,0.6726929303831625,0.6640063846767758,0.6833881578947368,0.14371534195933455,0.13167013167013167,0.1573111573111573,"HybridCORELSPreClassifier
if [Prior-Crimes=0 && Age=24-40]:
  Recidivate-Within-Two-Years = False(support 622, accuracy 0.71543)
else 
    default: RandomForestClassifier(max_depth=5, min_samples_split=10, random_state=42)(support 3706, accuracy 0.67269 (majority pred 0.518))",1,0.7664587664587664
3,fixed_rf,0.0001155268022181146,0,objective,0.01,0.001,opt,0.6776802218114603,0.6860706860706861,0.6784476784476784,0.7715959004392386,0.7791666666666667,0.7524271844660194,0.660082304526749,0.6674979218620116,0.666127728375101,0.15780961182994455,0.16632016632016633,0.14275814275814275,"HybridCORELSPreClassifier
if [Prior-Crimes=0 && Age>=30]:
  Recidivate-Within-Two-Years = False(support 683, accuracy 0.77160)
else 
    default: RandomForestClassifier(max_depth=5, min_samples_split=10, random_state=42)(support 3645, accuracy 0.66008 (majority pred 0.523))",1,0.7636867636867637
4,fixed_rf,0.0001155268022181146,0,objective,0.01,0.001,opt,0.6857670979667283,0.6729036729036729,0.6770616770616771,0.7263157894736842,0.7278911564625851,0.7248322147651006,0.680768232546068,0.6666666666666666,0.6715610510046368,0.10975046210720887,0.10187110187110188,0.10325710325710326,"HybridCORELSPreClassifier
if [Age<=40 && Prior-Crimes=1-3]:
  Recidivate-Within-Two-Years = False(support 475, accuracy 0.72632)
else 
    default: RandomForestClassifier(max_depth=5, min_samples_split=10, random_state=42)(support 3853, accuracy 0.68077 (majority pred 0.517))",1,0.7553707553707554
0,fixed_rf,0.0001155268022181146,0,objective,0.05,0.001,opt,0.6816081330868762,0.6826056826056826,0.6632016632016632,0.728448275862069,0.71875,0.7278911564625851,0.6759834368530021,0.6780982073265783,0.6558641975308642,0.10720887245841035,0.11088011088011088,0.10187110187110188,"HybridCORELSPreClassifier
if [Age<=40 && Prior-Crimes=1-3]:
  Recidivate-Within-Two-Years = False(support 464, accuracy 0.72845)
else 
    default: RandomForestClassifier(max_depth=5, min_samples_split=10, random_state=42)(support 3864, accuracy 0.67598 (majority pred 0.508))",1,0.7532917532917534
1,fixed_rf,0.0001155268022181146,0,objective,0.05,0.001,opt,0.6786044362292052,0.6902286902286903,0.6729036729036729,0.7242105263157895,0.74,0.7191780821917808,0.6729820918764599,0.6844547563805105,0.6676946800308404,0.10975046210720887,0.10395010395010396,0.10117810117810118,"HybridCORELSPreClassifier
if [Age<=40 && Prior-Crimes=1-3]:
  Recidivate-Within-Two-Years = False(support 475, accuracy 0.72421)
else 
    default: RandomForestClassifier(max_depth=5, min_samples_split=10, random_state=42)(support 3853, accuracy 0.67298 (majority pred 0.505))",1,0.7567567567567568
2,fixed_rf,0.0001155268022181146,0,objective,0.05,0.001,opt,0.6788354898336414,0.6742896742896742,0.6888426888426888,0.7154340836012861,0.7421052631578947,0.7180616740088106,0.6726929303831625,0.6640063846767758,0.6833881578947368,0.14371534195933455,0.13167013167013167,0.1573111573111573,"HybridCORELSPreClassifier
if [Prior-Crimes=0 && Age=24-40]:
  Recidivate-Within-Two-Years = False(support 622, accuracy 0.71543)
else 
    default: RandomForestClassifier(max_depth=5, min_samples_split=10, random_state=42)(support 3706, accuracy 0.67269 (majority pred 0.518))",1,0.7664587664587664
3,fixed_rf,0.0001155268022181146,0,objective,0.05,0.001,opt,0.6776802218114603,0.6860706860706861,0.6784476784476784,0.7715959004392386,0.7791666666666667,0.7524271844660194,0.660082304526749,0.6674979218620116,0.666127728375101,0.15780961182994455,0.16632016632016633,0.14275814275814275,"HybridCORELSPreClassifier
if [Prior-Crimes=0 && Age>=30]:
  Recidivate-Within-Two-Years = False(support 683, accuracy 0.77160)
else 
    default: RandomForestClassifier(max_depth=5, min_samples_split=10, random_state=42)(support 3645, accuracy 0.66008 (majority pred 0.523))",1,0.7636867636867637
4,fixed_rf,0.0001155268022181146,0,objective,0.05,0.001,opt,0.6857670979667283,0.6729036729036729,0.6770616770616771,0.7263157894736842,0.7278911564625851,0.7248322147651006,0.680768232546068,0.6666666666666666,0.6715610510046368,0.10975046210720887,0.10187110187110188,0.10325710325710326,"HybridCORELSPreClassifier
if [Age<=40 && Prior-Crimes=1-3]:
  Recidivate-Within-Two-Years = False(support 475, accuracy 0.72632)
else 
    default: RandomForestClassifier(max_depth=5, min_samples_split=10, random_state=42)(support 3853, accuracy 0.68077 (majority pred 0.517))",1,0.7553707553707554
0,fixed_rf,0.0001155268022181146,0,objective,0.1,0.001,opt,0.6816081330868762,0.6826056826056826,0.6632016632016632,0.728448275862069,0.71875,0.7278911564625851,0.6759834368530021,0.6780982073265783,0.6558641975308642,0.10720887245841035,0.11088011088011088,0.10187110187110188,"HybridCORELSPreClassifier
if [Age<=40 && Prior-Crimes=1-3]:
  Recidivate-Within-Two-Years = False(support 464, accuracy 0.72845)
else 
    default: RandomForestClassifier(max_depth=5, min_samples_split=10, random_state=42)(support 3864, accuracy 0.67598 (majority pred 0.508))",1,0.7532917532917534
1,fixed_rf,0.0001155268022181146,0,objective,0.1,0.001,opt,0.6786044362292052,0.6902286902286903,0.6729036729036729,0.7242105263157895,0.74,0.7191780821917808,0.6729820918764599,0.6844547563805105,0.6676946800308404,0.10975046210720887,0.10395010395010396,0.10117810117810118,"HybridCORELSPreClassifier
if [Age<=40 && Prior-Crimes=1-3]:
  Recidivate-Within-Two-Years = False(support 475, accuracy 0.72421)
else 
    default: RandomForestClassifier(max_depth=5, min_samples_split=10, random_state=42)(support 3853, accuracy 0.67298 (majority pred 0.505))",1,0.7567567567567568
2,fixed_rf,0.0001155268022181146,0,objective,0.1,0.001,opt,0.6788354898336414,0.6742896742896742,0.6888426888426888,0.7154340836012861,0.7421052631578947,0.7180616740088106,0.6726929303831625,0.6640063846767758,0.6833881578947368,0.14371534195933455,0.13167013167013167,0.1573111573111573,"HybridCORELSPreClassifier
if [Prior-Crimes=0 && Age=24-40]:
  Recidivate-Within-Two-Years = False(support 622, accuracy 0.71543)
else 
    default: RandomForestClassifier(max_depth=5, min_samples_split=10, random_state=42)(support 3706, accuracy 0.67269 (majority pred 0.518))",1,0.7664587664587664
3,fixed_rf,0.0001155268022181146,0,objective,0.1,0.001,opt,0.6776802218114603,0.6860706860706861,0.6784476784476784,0.7715959004392386,0.7791666666666667,0.7524271844660194,0.660082304526749,0.6674979218620116,0.666127728375101,0.15780961182994455,0.16632016632016633,0.14275814275814275,"HybridCORELSPreClassifier
if [Prior-Crimes=0 && Age>=30]:
  Recidivate-Within-Two-Years = False(support 683, accuracy 0.77160)
else 
    default: RandomForestClassifier(max_depth=5, min_samples_split=10, random_state=42)(support 3645, accuracy 0.66008 (majority pred 0.523))",1,0.7636867636867637
4,fixed_rf,0.0001155268022181146,0,objective,0.1,0.001,opt,0.6857670979667283,0.6729036729036729,0.6770616770616771,0.7263157894736842,0.7278911564625851,0.7248322147651006,0.680768232546068,0.6666666666666666,0.6715610510046368,0.10975046210720887,0.10187110187110188,0.10325710325710326,"HybridCORELSPreClassifier
if [Age<=40 && Prior-Crimes=1-3]:
  Recidivate-Within-Two-Years = False(support 475, accuracy 0.72632)
else 
    default: RandomForestClassifier(max_depth=5, min_samples_split=10, random_state=42)(support 3853, accuracy 0.68077 (majority pred 0.517))",1,0.7553707553707554
0,fixed_rf,5e-05,0,objective,0.01,0.0001,opt,0.68137707948244,0.6826056826056826,0.6632016632016632,0.7722929936305732,0.7399103139013453,0.774869109947644,0.6659459459459459,0.6721311475409836,0.6461661341853036,0.14510166358595195,0.15453915453915454,0.13236313236313235,"HybridCORELSPreClassifier
if [Age<=45 && Prior-Crimes=0]:
  Recidivate-Within-Two-Years = False(support 271, accuracy 0.81181)
else if [Age<=45 && Prior-Crimes=1-3]:
  Recidivate-Within-Two-Years = False(support 357, accuracy 0.74230)
else 
    default: RandomForestClassifier(max_depth=5, min_samples_split=10, random_state=42)(support 3700, accuracy 0.66595 (majority pred 0.526))",2,0.7484407484407485
1,fixed_rf,5e-05,0,objective,0.01,0.0001,opt,0.6786044362292052,0.6902286902286903,0.6729036729036729,0.7242105263157895,0.74,0.7191780821917808,0.6729820918764599,0.6844547563805105,0.6676946800308404,0.10975046210720887,0.10395010395010396,0.10117810117810118,"HybridCORELSPreClassifier
if [Age<=40 && Prior-Crimes=1-3]:
  Recidivate-Within-Two-Years = False(support 475, accuracy 0.72421)
else 
    default: RandomForestClassifier(max_depth=5, min_samples_split=10, random_state=42)(support 3853, accuracy 0.67298 (majority pred 0.505))",1,0.7567567567567568
2,fixed_rf,5e-05,0,objective,0.01,0.0001,opt,0.6788354898336414,0.6742896742896742,0.6888426888426888,0.7740916271721959,0.7488372093023256,0.7577319587628866,0.6625169147496617,0.6612377850162866,0.678142514011209,0.14625693160813308,0.14899514899514898,0.13444213444213443,"HybridCORELSPreClassifier
if [Age<=45 && Prior-Crimes=0]:
  Recidivate-Within-Two-Years = False(support 268, accuracy 0.79478)
else if [Age<=45 && Prior-Crimes=1-3]:
  Recidivate-Within-Two-Years = False(support 365, accuracy 0.75890)
else 
    default: RandomForestClassifier(max_depth=5, min_samples_split=10, random_state=42)(support 3695, accuracy 0.66252 (majority pred 0.528))",2,0.7740817740817741
3,fixed_rf,5e-05,0,objective,0.01,0.0001,opt,0.6776802218114603,0.6860706860706861,0.6791406791406791,0.7317073170731707,0.7004830917874396,0.7403314917127072,0.6700922266139657,0.6836569579288025,0.6703645007923931,0.12315157116451017,0.14345114345114346,0.12543312543312543,"HybridCORELSPreClassifier
if [Age<=45 && Prior-Crimes=0]:
  Recidivate-Within-Two-Years = False(support 270, accuracy 0.81852)
else if [Race=Hispanic && Age<=45]:
  Recidivate-Within-Two-Years = False(support 57, accuracy 0.75439)
else if [Prior-Crimes>5 && Age<=45]:
  Recidivate-Within-Two-Years = True(support 206, accuracy 0.61165)
else 
    default: RandomForestClassifier(max_depth=5, min_samples_split=10, random_state=42)(support 3795, accuracy 0.67009 (majority pred 0.506))",3,0.7602217602217602
4,fixed_rf,5e-05,0,objective,0.01,0.0001,opt,0.6857670979667283,0.6729036729036729,0.6770616770616771,0.7263157894736842,0.7278911564625851,0.7248322147651006,0.680768232546068,0.6666666666666666,0.6715610510046368,0.10975046210720887,0.10187110187110188,0.10325710325710326,"HybridCORELSPreClassifier
if [Age<=40 && Prior-Crimes=1-3]:
  Recidivate-Within-Two-Years = False(support 475, accuracy 0.72632)
else 
    default: RandomForestClassifier(max_depth=5, min_samples_split=10, random_state=42)(support 3853, accuracy 0.68077 (majority pred 0.517))",1,0.7553707553707554
0,fixed_rf,5e-05,0,objective,0.05,0.0001,opt,0.68137707948244,0.6826056826056826,0.6632016632016632,0.7722929936305732,0.7399103139013453,0.774869109947644,0.6659459459459459,0.6721311475409836,0.6461661341853036,0.14510166358595195,0.15453915453915454,0.13236313236313235,"HybridCORELSPreClassifier
if [Age<=45 && Prior-Crimes=0]:
  Recidivate-Within-Two-Years = False(support 271, accuracy 0.81181)
else if [Age<=45 && Prior-Crimes=1-3]:
  Recidivate-Within-Two-Years = False(support 357, accuracy 0.74230)
else 
    default: RandomForestClassifier(max_depth=5, min_samples_split=10, random_state=42)(support 3700, accuracy 0.66595 (majority pred 0.526))",2,0.7484407484407485
1,fixed_rf,5e-05,0,objective,0.05,0.0001,opt,0.6786044362292052,0.6902286902286903,0.6729036729036729,0.7242105263157895,0.74,0.7191780821917808,0.6729820918764599,0.6844547563805105,0.6676946800308404,0.10975046210720887,0.10395010395010396,0.10117810117810118,"HybridCORELSPreClassifier
if [Age<=40 && Prior-Crimes=1-3]:
  Recidivate-Within-Two-Years = False(support 475, accuracy 0.72421)
else 
    default: RandomForestClassifier(max_depth=5, min_samples_split=10, random_state=42)(support 3853, accuracy 0.67298 (majority pred 0.505))",1,0.7567567567567568
2,fixed_rf,5e-05,0,objective,0.05,0.0001,opt,0.6788354898336414,0.6742896742896742,0.6888426888426888,0.7740916271721959,0.7488372093023256,0.7577319587628866,0.6625169147496617,0.6612377850162866,0.678142514011209,0.14625693160813308,0.14899514899514898,0.13444213444213443,"HybridCORELSPreClassifier
if [Age<=45 && Prior-Crimes=0]:
  Recidivate-Within-Two-Years = False(support 268, accuracy 0.79478)
else if [Age<=45 && Prior-Crimes=1-3]:
  Recidivate-Within-Two-Years = False(support 365, accuracy 0.75890)
else 
    default: RandomForestClassifier(max_depth=5, min_samples_split=10, random_state=42)(support 3695, accuracy 0.66252 (majority pred 0.528))",2,0.7740817740817741
3,fixed_rf,5e-05,0,objective,0.05,0.0001,opt,0.6776802218114603,0.6860706860706861,0.6784476784476784,0.7615131578947368,0.7962962962962963,0.7477064220183486,0.6639784946236559,0.6666666666666666,0.6661224489795918,0.14048059149722736,0.1496881496881497,0.15107415107415106,"HybridCORELSPreClassifier
if [Age<=45 && Prior-Crimes=0]:
  Recidivate-Within-Two-Years = False(support 270, accuracy 0.81852)
else if [Age<=45 && Prior-Crimes=1-3]:
  Recidivate-Within-Two-Years = False(support 338, accuracy 0.71598)
else 
    default: RandomForestClassifier(max_depth=5, min_samples_split=10, random_state=42)(support 3720, accuracy 0.66398 (majority pred 0.516))",2,0.7664587664587664
4,fixed_rf,5e-05,0,objective,0.05,0.0001,opt,0.6857670979667283,0.6729036729036729,0.6770616770616771,0.7263157894736842,0.7278911564625851,0.7248322147651006,0.680768232546068,0.6666666666666666,0.6715610510046368,0.10975046210720887,0.10187110187110188,0.10325710325710326,"HybridCORELSPreClassifier
if [Age<=40 && Prior-Crimes=1-3]:
  Recidivate-Within-Two-Years = False(support 475, accuracy 0.72632)
else 
    default: RandomForestClassifier(max_depth=5, min_samples_split=10, random_state=42)(support 3853, accuracy 0.68077 (majority pred 0.517))",1,0.7553707553707554
0,fixed_rf,5e-05,0,objective,0.1,0.0001,opt,0.6816081330868762,0.6826056826056826,0.6632016632016632,0.728448275862069,0.71875,0.7278911564625851,0.6759834368530021,0.6780982073265783,0.6558641975308642,0.10720887245841035,0.11088011088011088,0.10187110187110188,"HybridCORELSPreClassifier
if [Age<=40 && Prior-Crimes=1-3]:
  Recidivate-Within-Two-Years = False(support 464, accuracy 0.72845)
else 
    default: RandomForestClassifier(max_depth=5, min_samples_split=10, random_state=42)(support 3864, accuracy 0.67598 (majority pred 0.508))",1,0.7532917532917534
1,fixed_rf,5e-05,0,objective,0.1,0.0001,opt,0.6786044362292052,0.6902286902286903,0.6729036729036729,0.7242105263157895,0.74,0.7191780821917808,0.6729820918764599,0.6844547563805105,0.6676946800308404,0.10975046210720887,0.10395010395010396,0.10117810117810118,"HybridCORELSPreClassifier
if [Age<=40 && Prior-Crimes=1-3]:
  Recidivate-Within-Two-Years = False(support 475, accuracy 0.72421)
else 
    default: RandomForestClassifier(max_depth=5, min_samples_split=10, random_state=42)(support 3853, accuracy 0.67298 (majority pred 0.505))",1,0.7567567567567568
2,fixed_rf,5e-05,0,objective,0.1,0.0001,opt,0.6788354898336414,0.6742896742896742,0.6888426888426888,0.7154340836012861,0.7421052631578947,0.7180616740088106,0.6726929303831625,0.6640063846767758,0.6833881578947368,0.14371534195933455,0.13167013167013167,0.1573111573111573,"HybridCORELSPreClassifier
if [Prior-Crimes=0 && Age=24-40]:
  Recidivate-Within-Two-Years = False(support 622, accuracy 0.71543)
else 
    default: RandomForestClassifier(max_depth=5, min_samples_split=10, random_state=42)(support 3706, accuracy 0.67269 (majority pred 0.518))",1,0.7664587664587664
3,fixed_rf,5e-05,0,objective,0.1,0.0001,opt,0.6776802218114603,0.6860706860706861,0.6784476784476784,0.7715959004392386,0.7791666666666667,0.7524271844660194,0.660082304526749,0.6674979218620116,0.666127728375101,0.15780961182994455,0.16632016632016633,0.14275814275814275,"HybridCORELSPreClassifier
if [Prior-Crimes=0 && Age>=30]:
  Recidivate-Within-Two-Years = False(support 683, accuracy 0.77160)
else 
    default: RandomForestClassifier(max_depth=5, min_samples_split=10, random_state=42)(support 3645, accuracy 0.66008 (majority pred 0.523))",1,0.7636867636867637
4,fixed_rf,5e-05,0,objective,0.1,0.0001,opt,0.6857670979667283,0.6729036729036729,0.6770616770616771,0.7263157894736842,0.7278911564625851,0.7248322147651006,0.680768232546068,0.6666666666666666,0.6715610510046368,0.10975046210720887,0.10187110187110188,0.10325710325710326,"HybridCORELSPreClassifier
if [Age<=40 && Prior-Crimes=1-3]:
  Recidivate-Within-Two-Years = False(support 475, accuracy 0.72632)
else 
    default: RandomForestClassifier(max_depth=5, min_samples_split=10, random_state=42)(support 3853, accuracy 0.68077 (majority pred 0.517))",1,0.7553707553707554
0,fixed_rf,0.0001155268022181146,0,lower_bound,0.01,0.01,opt,0.6816081330868762,0.6826056826056826,0.6632016632016632,0.728448275862069,0.71875,0.7278911564625851,0.6759834368530021,0.6780982073265783,0.6558641975308642,0.10720887245841035,0.11088011088011088,0.10187110187110188,"HybridCORELSPreClassifier
if [Age<=40 && Prior-Crimes=1-3]:
  Recidivate-Within-Two-Years = False(support 464, accuracy 0.72845)
else 
    default: RandomForestClassifier(max_depth=5, min_samples_split=10, random_state=42)(support 3864, accuracy 0.67598 (majority pred 0.508))",1,0.7532917532917534
1,fixed_rf,0.0001155268022181146,0,lower_bound,0.01,0.01,opt,0.6786044362292052,0.6902286902286903,0.6729036729036729,0.7242105263157895,0.74,0.7191780821917808,0.6729820918764599,0.6844547563805105,0.6676946800308404,0.10975046210720887,0.10395010395010396,0.10117810117810118,"HybridCORELSPreClassifier
if [Age<=40 && Prior-Crimes=1-3]:
  Recidivate-Within-Two-Years = False(support 475, accuracy 0.72421)
else 
    default: RandomForestClassifier(max_depth=5, min_samples_split=10, random_state=42)(support 3853, accuracy 0.67298 (majority pred 0.505))",1,0.7567567567567568
2,fixed_rf,0.0001155268022181146,0,lower_bound,0.01,0.01,opt,0.6788354898336414,0.6742896742896742,0.6888426888426888,0.7154340836012861,0.7421052631578947,0.7180616740088106,0.6726929303831625,0.6640063846767758,0.6833881578947368,0.14371534195933455,0.13167013167013167,0.1573111573111573,"HybridCORELSPreClassifier
if [Prior-Crimes=0 && Age=24-40]:
  Recidivate-Within-Two-Years = False(support 622, accuracy 0.71543)
else 
    default: RandomForestClassifier(max_depth=5, min_samples_split=10, random_state=42)(support 3706, accuracy 0.67269 (majority pred 0.518))",1,0.7664587664587664
3,fixed_rf,0.0001155268022181146,0,lower_bound,0.01,0.01,opt,0.6776802218114603,0.6860706860706861,0.6784476784476784,0.7715959004392386,0.7791666666666667,0.7524271844660194,0.660082304526749,0.6674979218620116,0.666127728375101,0.15780961182994455,0.16632016632016633,0.14275814275814275,"HybridCORELSPreClassifier
if [Prior-Crimes=0 && Age>=30]:
  Recidivate-Within-Two-Years = False(support 683, accuracy 0.77160)
else 
    default: RandomForestClassifier(max_depth=5, min_samples_split=10, random_state=42)(support 3645, accuracy 0.66008 (majority pred 0.523))",1,0.7636867636867637
4,fixed_rf,0.0001155268022181146,0,lower_bound,0.01,0.01,opt,0.6857670979667283,0.6729036729036729,0.6770616770616771,0.7263157894736842,0.7278911564625851,0.7248322147651006,0.680768232546068,0.6666666666666666,0.6715610510046368,0.10975046210720887,0.10187110187110188,0.10325710325710326,"HybridCORELSPreClassifier
if [Age<=40 && Prior-Crimes=1-3]:
  Recidivate-Within-Two-Years = False(support 475, accuracy 0.72632)
else 
    default: RandomForestClassifier(max_depth=5, min_samples_split=10, random_state=42)(support 3853, accuracy 0.68077 (majority pred 0.517))",1,0.7553707553707554
0,fixed_rf,0.0001155268022181146,0,lower_bound,0.05,0.01,opt,0.6816081330868762,0.6826056826056826,0.6632016632016632,0.728448275862069,0.71875,0.7278911564625851,0.6759834368530021,0.6780982073265783,0.6558641975308642,0.10720887245841035,0.11088011088011088,0.10187110187110188,"HybridCORELSPreClassifier
if [Age<=40 && Prior-Crimes=1-3]:
  Recidivate-Within-Two-Years = False(support 464, accuracy 0.72845)
else 
    default: RandomForestClassifier(max_depth=5, min_samples_split=10, random_state=42)(support 3864, accuracy 0.67598 (majority pred 0.508))",1,0.7532917532917534
1,fixed_rf,0.0001155268022181146,0,lower_bound,0.05,0.01,opt,0.6786044362292052,0.6902286902286903,0.6729036729036729,0.7242105263157895,0.74,0.7191780821917808,0.6729820918764599,0.6844547563805105,0.6676946800308404,0.10975046210720887,0.10395010395010396,0.10117810117810118,"HybridCORELSPreClassifier
if [Age<=40 && Prior-Crimes=1-3]:
  Recidivate-Within-Two-Years = False(support 475, accuracy 0.72421)
else 
    default: RandomForestClassifier(max_depth=5, min_samples_split=10, random_state=42)(support 3853, accuracy 0.67298 (majority pred 0.505))",1,0.7567567567567568
2,fixed_rf,0.0001155268022181146,0,lower_bound,0.05,0.01,opt,0.6788354898336414,0.6742896742896742,0.6888426888426888,0.7154340836012861,0.7421052631578947,0.7180616740088106,0.6726929303831625,0.6640063846767758,0.6833881578947368,0.14371534195933455,0.13167013167013167,0.1573111573111573,"HybridCORELSPreClassifier
if [Prior-Crimes=0 && Age=24-40]:
  Recidivate-Within-Two-Years = False(support 622, accuracy 0.71543)
else 
    default: RandomForestClassifier(max_depth=5, min_samples_split=10, random_state=42)(support 3706, accuracy 0.67269 (majority pred 0.518))",1,0.7664587664587664
3,fixed_rf,0.0001155268022181146,0,lower_bound,0.05,0.01,opt,0.6776802218114603,0.6860706860706861,0.6784476784476784,0.7715959004392386,0.7791666666666667,0.7524271844660194,0.660082304526749,0.6674979218620116,0.666127728375101,0.15780961182994455,0.16632016632016633,0.14275814275814275,"HybridCORELSPreClassifier
if [Prior-Crimes=0 && Age>=30]:
  Recidivate-Within-Two-Years = False(support 683, accuracy 0.77160)
else 
    default: RandomForestClassifier(max_depth=5, min_samples_split=10, random_state=42)(support 3645, accuracy 0.66008 (majority pred 0.523))",1,0.7636867636867637
4,fixed_rf,0.0001155268022181146,0,lower_bound,0.05,0.01,opt,0.6857670979667283,0.6729036729036729,0.6770616770616771,0.7263157894736842,0.7278911564625851,0.7248322147651006,0.680768232546068,0.6666666666666666,0.6715610510046368,0.10975046210720887,0.10187110187110188,0.10325710325710326,"HybridCORELSPreClassifier
if [Age<=40 && Prior-Crimes=1-3]:
  Recidivate-Within-Two-Years = False(support 475, accuracy 0.72632)
else 
    default: RandomForestClassifier(max_depth=5, min_samples_split=10, random_state=42)(support 3853, accuracy 0.68077 (majority pred 0.517))",1,0.7553707553707554
0,fixed_rf,0.0001155268022181146,0,lower_bound,0.1,0.01,opt,0.6816081330868762,0.6826056826056826,0.6632016632016632,0.728448275862069,0.71875,0.7278911564625851,0.6759834368530021,0.6780982073265783,0.6558641975308642,0.10720887245841035,0.11088011088011088,0.10187110187110188,"HybridCORELSPreClassifier
if [Age<=40 && Prior-Crimes=1-3]:
  Recidivate-Within-Two-Years = False(support 464, accuracy 0.72845)
else 
    default: RandomForestClassifier(max_depth=5, min_samples_split=10, random_state=42)(support 3864, accuracy 0.67598 (majority pred 0.508))",1,0.7532917532917534
1,fixed_rf,0.0001155268022181146,0,lower_bound,0.1,0.01,opt,0.6786044362292052,0.6902286902286903,0.6729036729036729,0.7242105263157895,0.74,0.7191780821917808,0.6729820918764599,0.6844547563805105,0.6676946800308404,0.10975046210720887,0.10395010395010396,0.10117810117810118,"HybridCORELSPreClassifier
if [Age<=40 && Prior-Crimes=1-3]:
  Recidivate-Within-Two-Years = False(support 475, accuracy 0.72421)
else 
    default: RandomForestClassifier(max_depth=5, min_samples_split=10, random_state=42)(support 3853, accuracy 0.67298 (majority pred 0.505))",1,0.7567567567567568
2,fixed_rf,0.0001155268022181146,0,lower_bound,0.1,0.01,opt,0.6788354898336414,0.6742896742896742,0.6888426888426888,0.7154340836012861,0.7421052631578947,0.7180616740088106,0.6726929303831625,0.6640063846767758,0.6833881578947368,0.14371534195933455,0.13167013167013167,0.1573111573111573,"HybridCORELSPreClassifier
if [Prior-Crimes=0 && Age=24-40]:
  Recidivate-Within-Two-Years = False(support 622, accuracy 0.71543)
else 
    default: RandomForestClassifier(max_depth=5, min_samples_split=10, random_state=42)(support 3706, accuracy 0.67269 (majority pred 0.518))",1,0.7664587664587664
3,fixed_rf,0.0001155268022181146,0,lower_bound,0.1,0.01,opt,0.6776802218114603,0.6860706860706861,0.6784476784476784,0.7715959004392386,0.7791666666666667,0.7524271844660194,0.660082304526749,0.6674979218620116,0.666127728375101,0.15780961182994455,0.16632016632016633,0.14275814275814275,"HybridCORELSPreClassifier
if [Prior-Crimes=0 && Age>=30]:
  Recidivate-Within-Two-Years = False(support 683, accuracy 0.77160)
else 
    default: RandomForestClassifier(max_depth=5, min_samples_split=10, random_state=42)(support 3645, accuracy 0.66008 (majority pred 0.523))",1,0.7636867636867637
4,fixed_rf,0.0001155268022181146,0,lower_bound,0.1,0.01,opt,0.6857670979667283,0.6729036729036729,0.6770616770616771,0.7263157894736842,0.7278911564625851,0.7248322147651006,0.680768232546068,0.6666666666666666,0.6715610510046368,0.10975046210720887,0.10187110187110188,0.10325710325710326,"HybridCORELSPreClassifier
if [Age<=40 && Prior-Crimes=1-3]:
  Recidivate-Within-Two-Years = False(support 475, accuracy 0.72632)
else 
    default: RandomForestClassifier(max_depth=5, min_samples_split=10, random_state=42)(support 3853, accuracy 0.68077 (majority pred 0.517))",1,0.7553707553707554
0,fixed_rf,0.0001155268022181146,0,lower_bound,0.01,0.001,opt,0.6816081330868762,0.6826056826056826,0.6632016632016632,0.728448275862069,0.71875,0.7278911564625851,0.6759834368530021,0.6780982073265783,0.6558641975308642,0.10720887245841035,0.11088011088011088,0.10187110187110188,"HybridCORELSPreClassifier
if [Age<=40 && Prior-Crimes=1-3]:
  Recidivate-Within-Two-Years = False(support 464, accuracy 0.72845)
else 
    default: RandomForestClassifier(max_depth=5, min_samples_split=10, random_state=42)(support 3864, accuracy 0.67598 (majority pred 0.508))",1,0.7532917532917534
1,fixed_rf,0.0001155268022181146,0,lower_bound,0.01,0.001,opt,0.6786044362292052,0.6902286902286903,0.6729036729036729,0.7242105263157895,0.74,0.7191780821917808,0.6729820918764599,0.6844547563805105,0.6676946800308404,0.10975046210720887,0.10395010395010396,0.10117810117810118,"HybridCORELSPreClassifier
if [Age<=40 && Prior-Crimes=1-3]:
  Recidivate-Within-Two-Years = False(support 475, accuracy 0.72421)
else 
    default: RandomForestClassifier(max_depth=5, min_samples_split=10, random_state=42)(support 3853, accuracy 0.67298 (majority pred 0.505))",1,0.7567567567567568
2,fixed_rf,0.0001155268022181146,0,lower_bound,0.01,0.001,opt,0.6788354898336414,0.6742896742896742,0.6888426888426888,0.7154340836012861,0.7421052631578947,0.7180616740088106,0.6726929303831625,0.6640063846767758,0.6833881578947368,0.14371534195933455,0.13167013167013167,0.1573111573111573,"HybridCORELSPreClassifier
if [Prior-Crimes=0 && Age=24-40]:
  Recidivate-Within-Two-Years = False(support 622, accuracy 0.71543)
else 
    default: RandomForestClassifier(max_depth=5, min_samples_split=10, random_state=42)(support 3706, accuracy 0.67269 (majority pred 0.518))",1,0.7664587664587664
3,fixed_rf,0.0001155268022181146,0,lower_bound,0.01,0.001,opt,0.6776802218114603,0.6860706860706861,0.6784476784476784,0.7715959004392386,0.7791666666666667,0.7524271844660194,0.660082304526749,0.6674979218620116,0.666127728375101,0.15780961182994455,0.16632016632016633,0.14275814275814275,"HybridCORELSPreClassifier
if [Prior-Crimes=0 && Age>=30]:
  Recidivate-Within-Two-Years = False(support 683, accuracy 0.77160)
else 
    default: RandomForestClassifier(max_depth=5, min_samples_split=10, random_state=42)(support 3645, accuracy 0.66008 (majority pred 0.523))",1,0.7636867636867637
4,fixed_rf,0.0001155268022181146,0,lower_bound,0.01,0.001,opt,0.6857670979667283,0.6729036729036729,0.6770616770616771,0.7263157894736842,0.7278911564625851,0.7248322147651006,0.680768232546068,0.6666666666666666,0.6715610510046368,0.10975046210720887,0.10187110187110188,0.10325710325710326,"HybridCORELSPreClassifier
if [Age<=40 && Prior-Crimes=1-3]:
  Recidivate-Within-Two-Years = False(support 475, accuracy 0.72632)
else 
    default: RandomForestClassifier(max_depth=5, min_samples_split=10, random_state=42)(support 3853, accuracy 0.68077 (majority pred 0.517))",1,0.7553707553707554
0,fixed_rf,0.0001155268022181146,0,lower_bound,0.05,0.001,opt,0.6816081330868762,0.6826056826056826,0.6632016632016632,0.728448275862069,0.71875,0.7278911564625851,0.6759834368530021,0.6780982073265783,0.6558641975308642,0.10720887245841035,0.11088011088011088,0.10187110187110188,"HybridCORELSPreClassifier
if [Age<=40 && Prior-Crimes=1-3]:
  Recidivate-Within-Two-Years = False(support 464, accuracy 0.72845)
else 
    default: RandomForestClassifier(max_depth=5, min_samples_split=10, random_state=42)(support 3864, accuracy 0.67598 (majority pred 0.508))",1,0.7532917532917534
1,fixed_rf,0.0001155268022181146,0,lower_bound,0.05,0.001,opt,0.6786044362292052,0.6902286902286903,0.6729036729036729,0.7242105263157895,0.74,0.7191780821917808,0.6729820918764599,0.6844547563805105,0.6676946800308404,0.10975046210720887,0.10395010395010396,0.10117810117810118,"HybridCORELSPreClassifier
if [Age<=40 && Prior-Crimes=1-3]:
  Recidivate-Within-Two-Years = False(support 475, accuracy 0.72421)
else 
    default: RandomForestClassifier(max_depth=5, min_samples_split=10, random_state=42)(support 3853, accuracy 0.67298 (majority pred 0.505))",1,0.7567567567567568
2,fixed_rf,0.0001155268022181146,0,lower_bound,0.05,0.001,opt,0.6788354898336414,0.6742896742896742,0.6888426888426888,0.7154340836012861,0.7421052631578947,0.7180616740088106,0.6726929303831625,0.6640063846767758,0.6833881578947368,0.14371534195933455,0.13167013167013167,0.1573111573111573,"HybridCORELSPreClassifier
if [Prior-Crimes=0 && Age=24-40]:
  Recidivate-Within-Two-Years = False(support 622, accuracy 0.71543)
else 
    default: RandomForestClassifier(max_depth=5, min_samples_split=10, random_state=42)(support 3706, accuracy 0.67269 (majority pred 0.518))",1,0.7664587664587664
3,fixed_rf,0.0001155268022181146,0,lower_bound,0.05,0.001,opt,0.6776802218114603,0.6860706860706861,0.6784476784476784,0.7715959004392386,0.7791666666666667,0.7524271844660194,0.660082304526749,0.6674979218620116,0.666127728375101,0.15780961182994455,0.16632016632016633,0.14275814275814275,"HybridCORELSPreClassifier
if [Prior-Crimes=0 && Age>=30]:
  Recidivate-Within-Two-Years = False(support 683, accuracy 0.77160)
else 
    default: RandomForestClassifier(max_depth=5, min_samples_split=10, random_state=42)(support 3645, accuracy 0.66008 (majority pred 0.523))",1,0.7636867636867637
4,fixed_rf,0.0001155268022181146,0,lower_bound,0.05,0.001,opt,0.6857670979667283,0.6729036729036729,0.6770616770616771,0.7263157894736842,0.7278911564625851,0.7248322147651006,0.680768232546068,0.6666666666666666,0.6715610510046368,0.10975046210720887,0.10187110187110188,0.10325710325710326,"HybridCORELSPreClassifier
if [Age<=40 && Prior-Crimes=1-3]:
  Recidivate-Within-Two-Years = False(support 475, accuracy 0.72632)
else 
    default: RandomForestClassifier(max_depth=5, min_samples_split=10, random_state=42)(support 3853, accuracy 0.68077 (majority pred 0.517))",1,0.7553707553707554
0,fixed_rf,0.0001155268022181146,0,lower_bound,0.1,0.001,opt,0.6816081330868762,0.6826056826056826,0.6632016632016632,0.728448275862069,0.71875,0.7278911564625851,0.6759834368530021,0.6780982073265783,0.6558641975308642,0.10720887245841035,0.11088011088011088,0.10187110187110188,"HybridCORELSPreClassifier
if [Age<=40 && Prior-Crimes=1-3]:
  Recidivate-Within-Two-Years = False(support 464, accuracy 0.72845)
else 
    default: RandomForestClassifier(max_depth=5, min_samples_split=10, random_state=42)(support 3864, accuracy 0.67598 (majority pred 0.508))",1,0.7532917532917534
1,fixed_rf,0.0001155268022181146,0,lower_bound,0.1,0.001,opt,0.6786044362292052,0.6902286902286903,0.6729036729036729,0.7242105263157895,0.74,0.7191780821917808,0.6729820918764599,0.6844547563805105,0.6676946800308404,0.10975046210720887,0.10395010395010396,0.10117810117810118,"HybridCORELSPreClassifier
if [Age<=40 && Prior-Crimes=1-3]:
  Recidivate-Within-Two-Years = False(support 475, accuracy 0.72421)
else 
    default: RandomForestClassifier(max_depth=5, min_samples_split=10, random_state=42)(support 3853, accuracy 0.67298 (majority pred 0.505))",1,0.7567567567567568
2,fixed_rf,0.0001155268022181146,0,lower_bound,0.1,0.001,opt,0.6788354898336414,0.6742896742896742,0.6888426888426888,0.7154340836012861,0.7421052631578947,0.7180616740088106,0.6726929303831625,0.6640063846767758,0.6833881578947368,0.14371534195933455,0.13167013167013167,0.1573111573111573,"HybridCORELSPreClassifier
if [Prior-Crimes=0 && Age=24-40]:
  Recidivate-Within-Two-Years = False(support 622, accuracy 0.71543)
else 
    default: RandomForestClassifier(max_depth=5, min_samples_split=10, random_state=42)(support 3706, accuracy 0.67269 (majority pred 0.518))",1,0.7664587664587664
3,fixed_rf,0.0001155268022181146,0,lower_bound,0.1,0.001,opt,0.6776802218114603,0.6860706860706861,0.6784476784476784,0.7715959004392386,0.7791666666666667,0.7524271844660194,0.660082304526749,0.6674979218620116,0.666127728375101,0.15780961182994455,0.16632016632016633,0.14275814275814275,"HybridCORELSPreClassifier
if [Prior-Crimes=0 && Age>=30]:
  Recidivate-Within-Two-Years = False(support 683, accuracy 0.77160)
else 
    default: RandomForestClassifier(max_depth=5, min_samples_split=10, random_state=42)(support 3645, accuracy 0.66008 (majority pred 0.523))",1,0.7636867636867637
4,fixed_rf,0.0001155268022181146,0,lower_bound,0.1,0.001,opt,0.6857670979667283,0.6729036729036729,0.6770616770616771,0.7263157894736842,0.7278911564625851,0.7248322147651006,0.680768232546068,0.6666666666666666,0.6715610510046368,0.10975046210720887,0.10187110187110188,0.10325710325710326,"HybridCORELSPreClassifier
if [Age<=40 && Prior-Crimes=1-3]:
  Recidivate-Within-Two-Years = False(support 475, accuracy 0.72632)
else 
    default: RandomForestClassifier(max_depth=5, min_samples_split=10, random_state=42)(support 3853, accuracy 0.68077 (majority pred 0.517))",1,0.7553707553707554
0,fixed_rf,5e-05,0,lower_bound,0.01,0.0001,opt,0.68137707948244,0.6826056826056826,0.6632016632016632,0.7722929936305732,0.7399103139013453,0.774869109947644,0.6659459459459459,0.6721311475409836,0.6461661341853036,0.14510166358595195,0.15453915453915454,0.13236313236313235,"HybridCORELSPreClassifier
if [Age<=45 && Prior-Crimes=0]:
  Recidivate-Within-Two-Years = False(support 271, accuracy 0.81181)
else if [Age<=45 && Prior-Crimes=1-3]:
  Recidivate-Within-Two-Years = False(support 357, accuracy 0.74230)
else 
    default: RandomForestClassifier(max_depth=5, min_samples_split=10, random_state=42)(support 3700, accuracy 0.66595 (majority pred 0.526))",2,0.7484407484407485
1,fixed_rf,5e-05,0,lower_bound,0.01,0.0001,opt,0.6786044362292052,0.6902286902286903,0.6729036729036729,0.7242105263157895,0.74,0.7191780821917808,0.6729820918764599,0.6844547563805105,0.6676946800308404,0.10975046210720887,0.10395010395010396,0.10117810117810118,"HybridCORELSPreClassifier
if [Age<=40 && Prior-Crimes=1-3]:
  Recidivate-Within-Two-Years = False(support 475, accuracy 0.72421)
else 
    default: RandomForestClassifier(max_depth=5, min_samples_split=10, random_state=42)(support 3853, accuracy 0.67298 (majority pred 0.505))",1,0.7567567567567568
2,fixed_rf,5e-05,0,lower_bound,0.01,0.0001,opt,0.6788354898336414,0.6742896742896742,0.6888426888426888,0.7740916271721959,0.7488372093023256,0.7577319587628866,0.6625169147496617,0.6612377850162866,0.678142514011209,0.14625693160813308,0.14899514899514898,0.13444213444213443,"HybridCORELSPreClassifier
if [Age<=45 && Prior-Crimes=0]:
  Recidivate-Within-Two-Years = False(support 268, accuracy 0.79478)
else if [Age<=45 && Prior-Crimes=1-3]:
  Recidivate-Within-Two-Years = False(support 365, accuracy 0.75890)
else 
    default: RandomForestClassifier(max_depth=5, min_samples_split=10, random_state=42)(support 3695, accuracy 0.66252 (majority pred 0.528))",2,0.7740817740817741
3,fixed_rf,5e-05,0,lower_bound,0.01,0.0001,opt,0.6776802218114603,0.6860706860706861,0.6791406791406791,0.7317073170731707,0.7004830917874396,0.7403314917127072,0.6700922266139657,0.6836569579288025,0.6703645007923931,0.12315157116451017,0.14345114345114346,0.12543312543312543,"HybridCORELSPreClassifier
if [Race=Hispanic && Age<=45]:
  Recidivate-Within-Two-Years = False(support 87, accuracy 0.80460)
else if [Prior-Crimes>5 && Age<=45]:
  Recidivate-Within-Two-Years = True(support 206, accuracy 0.61165)
else if [Age<=45 && Prior-Crimes=0]:
  Recidivate-Within-Two-Years = False(support 240, accuracy 0.80833)
else 
    default: RandomForestClassifier(max_depth=5, min_samples_split=10, random_state=42)(support 3795, accuracy 0.67009 (majority pred 0.506))",3,0.7602217602217602
4,fixed_rf,5e-05,0,lower_bound,0.01,0.0001,opt,0.6857670979667283,0.6729036729036729,0.6770616770616771,0.7263157894736842,0.7278911564625851,0.7248322147651006,0.680768232546068,0.6666666666666666,0.6715610510046368,0.10975046210720887,0.10187110187110188,0.10325710325710326,"HybridCORELSPreClassifier
if [Age<=40 && Prior-Crimes=1-3]:
  Recidivate-Within-Two-Years = False(support 475, accuracy 0.72632)
else 
    default: RandomForestClassifier(max_depth=5, min_samples_split=10, random_state=42)(support 3853, accuracy 0.68077 (majority pred 0.517))",1,0.7553707553707554
0,fixed_rf,5e-05,0,lower_bound,0.05,0.0001,opt,0.68137707948244,0.6826056826056826,0.6632016632016632,0.7722929936305732,0.7399103139013453,0.774869109947644,0.6659459459459459,0.6721311475409836,0.6461661341853036,0.14510166358595195,0.15453915453915454,0.13236313236313235,"HybridCORELSPreClassifier
if [Age<=45 && Prior-Crimes=0]:
  Recidivate-Within-Two-Years = False(support 271, accuracy 0.81181)
else if [Age<=45 && Prior-Crimes=1-3]:
  Recidivate-Within-Two-Years = False(support 357, accuracy 0.74230)
else 
    default: RandomForestClassifier(max_depth=5, min_samples_split=10, random_state=42)(support 3700, accuracy 0.66595 (majority pred 0.526))",2,0.7484407484407485
1,fixed_rf,5e-05,0,lower_bound,0.05,0.0001,opt,0.6786044362292052,0.6902286902286903,0.6729036729036729,0.7242105263157895,0.74,0.7191780821917808,0.6729820918764599,0.6844547563805105,0.6676946800308404,0.10975046210720887,0.10395010395010396,0.10117810117810118,"HybridCORELSPreClassifier
if [Age<=40 && Prior-Crimes=1-3]:
  Recidivate-Within-Two-Years = False(support 475, accuracy 0.72421)
else 
    default: RandomForestClassifier(max_depth=5, min_samples_split=10, random_state=42)(support 3853, accuracy 0.67298 (majority pred 0.505))",1,0.7567567567567568
2,fixed_rf,5e-05,0,lower_bound,0.05,0.0001,opt,0.6788354898336414,0.6742896742896742,0.6888426888426888,0.7740916271721959,0.7488372093023256,0.7577319587628866,0.6625169147496617,0.6612377850162866,0.678142514011209,0.14625693160813308,0.14899514899514898,0.13444213444213443,"HybridCORELSPreClassifier
if [Age<=45 && Prior-Crimes=0]:
  Recidivate-Within-Two-Years = False(support 268, accuracy 0.79478)
else if [Age<=45 && Prior-Crimes=1-3]:
  Recidivate-Within-Two-Years = False(support 365, accuracy 0.75890)
else 
    default: RandomForestClassifier(max_depth=5, min_samples_split=10, random_state=42)(support 3695, accuracy 0.66252 (majority pred 0.528))",2,0.7740817740817741
3,fixed_rf,5e-05,0,lower_bound,0.05,0.0001,opt,0.6776802218114603,0.6860706860706861,0.6784476784476784,0.7615131578947368,0.7962962962962963,0.7477064220183486,0.6639784946236559,0.6666666666666666,0.6661224489795918,0.14048059149722736,0.1496881496881497,0.15107415107415106,"HybridCORELSPreClassifier
if [Age<=45 && Prior-Crimes=0]:
  Recidivate-Within-Two-Years = False(support 270, accuracy 0.81852)
else if [Age<=45 && Prior-Crimes=1-3]:
  Recidivate-Within-Two-Years = False(support 338, accuracy 0.71598)
else 
    default: RandomForestClassifier(max_depth=5, min_samples_split=10, random_state=42)(support 3720, accuracy 0.66398 (majority pred 0.516))",2,0.7664587664587664
4,fixed_rf,5e-05,0,lower_bound,0.05,0.0001,opt,0.6857670979667283,0.6729036729036729,0.6770616770616771,0.7263157894736842,0.7278911564625851,0.7248322147651006,0.680768232546068,0.6666666666666666,0.6715610510046368,0.10975046210720887,0.10187110187110188,0.10325710325710326,"HybridCORELSPreClassifier
if [Age<=40 && Prior-Crimes=1-3]:
  Recidivate-Within-Two-Years = False(support 475, accuracy 0.72632)
else 
    default: RandomForestClassifier(max_depth=5, min_samples_split=10, random_state=42)(support 3853, accuracy 0.68077 (majority pred 0.517))",1,0.7553707553707554
0,fixed_rf,5e-05,0,lower_bound,0.1,0.0001,opt,0.6816081330868762,0.6826056826056826,0.6632016632016632,0.728448275862069,0.71875,0.7278911564625851,0.6759834368530021,0.6780982073265783,0.6558641975308642,0.10720887245841035,0.11088011088011088,0.10187110187110188,"HybridCORELSPreClassifier
if [Age<=40 && Prior-Crimes=1-3]:
  Recidivate-Within-Two-Years = False(support 464, accuracy 0.72845)
else 
    default: RandomForestClassifier(max_depth=5, min_samples_split=10, random_state=42)(support 3864, accuracy 0.67598 (majority pred 0.508))",1,0.7532917532917534
1,fixed_rf,5e-05,0,lower_bound,0.1,0.0001,opt,0.6786044362292052,0.6902286902286903,0.6729036729036729,0.7242105263157895,0.74,0.7191780821917808,0.6729820918764599,0.6844547563805105,0.6676946800308404,0.10975046210720887,0.10395010395010396,0.10117810117810118,"HybridCORELSPreClassifier
if [Age<=40 && Prior-Crimes=1-3]:
  Recidivate-Within-Two-Years = False(support 475, accuracy 0.72421)
else 
    default: RandomForestClassifier(max_depth=5, min_samples_split=10, random_state=42)(support 3853, accuracy 0.67298 (majority pred 0.505))",1,0.7567567567567568
2,fixed_rf,5e-05,0,lower_bound,0.1,0.0001,opt,0.6788354898336414,0.6742896742896742,0.6888426888426888,0.7154340836012861,0.7421052631578947,0.7180616740088106,0.6726929303831625,0.6640063846767758,0.6833881578947368,0.14371534195933455,0.13167013167013167,0.1573111573111573,"HybridCORELSPreClassifier
if [Prior-Crimes=0 && Age=24-40]:
  Recidivate-Within-Two-Years = False(support 622, accuracy 0.71543)
else 
    default: RandomForestClassifier(max_depth=5, min_samples_split=10, random_state=42)(support 3706, accuracy 0.67269 (majority pred 0.518))",1,0.7664587664587664
3,fixed_rf,5e-05,0,lower_bound,0.1,0.0001,opt,0.6776802218114603,0.6860706860706861,0.6784476784476784,0.7715959004392386,0.7791666666666667,0.7524271844660194,0.660082304526749,0.6674979218620116,0.666127728375101,0.15780961182994455,0.16632016632016633,0.14275814275814275,"HybridCORELSPreClassifier
if [Prior-Crimes=0 && Age>=30]:
  Recidivate-Within-Two-Years = False(support 683, accuracy 0.77160)
else 
    default: RandomForestClassifier(max_depth=5, min_samples_split=10, random_state=42)(support 3645, accuracy 0.66008 (majority pred 0.523))",1,0.7636867636867637
4,fixed_rf,5e-05,0,lower_bound,0.1,0.0001,opt,0.6857670979667283,0.6729036729036729,0.6770616770616771,0.7263157894736842,0.7278911564625851,0.7248322147651006,0.680768232546068,0.6666666666666666,0.6715610510046368,0.10975046210720887,0.10187110187110188,0.10325710325710326,"HybridCORELSPreClassifier
if [Age<=40 && Prior-Crimes=1-3]:
  Recidivate-Within-Two-Years = False(support 475, accuracy 0.72632)
else 
    default: RandomForestClassifier(max_depth=5, min_samples_split=10, random_state=42)(support 3853, accuracy 0.68077 (majority pred 0.517))",1,0.7553707553707554
0,fixed_rf,0.0001155268022181146,0,bfs,0.01,0.01,opt,0.6816081330868762,0.6826056826056826,0.6632016632016632,0.728448275862069,0.71875,0.7278911564625851,0.6759834368530021,0.6780982073265783,0.6558641975308642,0.10720887245841035,0.11088011088011088,0.10187110187110188,"HybridCORELSPreClassifier
if [Age<=40 && Prior-Crimes=1-3]:
  Recidivate-Within-Two-Years = False(support 464, accuracy 0.72845)
else 
    default: RandomForestClassifier(max_depth=5, min_samples_split=10, random_state=42)(support 3864, accuracy 0.67598 (majority pred 0.508))",1,0.7532917532917534
1,fixed_rf,0.0001155268022181146,0,bfs,0.01,0.01,opt,0.6786044362292052,0.6902286902286903,0.6729036729036729,0.7242105263157895,0.74,0.7191780821917808,0.6729820918764599,0.6844547563805105,0.6676946800308404,0.10975046210720887,0.10395010395010396,0.10117810117810118,"HybridCORELSPreClassifier
if [Age<=40 && Prior-Crimes=1-3]:
  Recidivate-Within-Two-Years = False(support 475, accuracy 0.72421)
else 
    default: RandomForestClassifier(max_depth=5, min_samples_split=10, random_state=42)(support 3853, accuracy 0.67298 (majority pred 0.505))",1,0.7567567567567568
2,fixed_rf,0.0001155268022181146,0,bfs,0.01,0.01,opt,0.6788354898336414,0.6742896742896742,0.6888426888426888,0.7154340836012861,0.7421052631578947,0.7180616740088106,0.6726929303831625,0.6640063846767758,0.6833881578947368,0.14371534195933455,0.13167013167013167,0.1573111573111573,"HybridCORELSPreClassifier
if [Prior-Crimes=0 && Age=24-40]:
  Recidivate-Within-Two-Years = False(support 622, accuracy 0.71543)
else 
    default: RandomForestClassifier(max_depth=5, min_samples_split=10, random_state=42)(support 3706, accuracy 0.67269 (majority pred 0.518))",1,0.7664587664587664
3,fixed_rf,0.0001155268022181146,0,bfs,0.01,0.01,opt,0.6776802218114603,0.6860706860706861,0.6784476784476784,0.7715959004392386,0.7791666666666667,0.7524271844660194,0.660082304526749,0.6674979218620116,0.666127728375101,0.15780961182994455,0.16632016632016633,0.14275814275814275,"HybridCORELSPreClassifier
if [Prior-Crimes=0 && Age>=30]:
  Recidivate-Within-Two-Years = False(support 683, accuracy 0.77160)
else 
    default: RandomForestClassifier(max_depth=5, min_samples_split=10, random_state=42)(support 3645, accuracy 0.66008 (majority pred 0.523))",1,0.7636867636867637
4,fixed_rf,0.0001155268022181146,0,bfs,0.01,0.01,opt,0.6857670979667283,0.6729036729036729,0.6770616770616771,0.7263157894736842,0.7278911564625851,0.7248322147651006,0.680768232546068,0.6666666666666666,0.6715610510046368,0.10975046210720887,0.10187110187110188,0.10325710325710326,"HybridCORELSPreClassifier
if [Age<=40 && Prior-Crimes=1-3]:
  Recidivate-Within-Two-Years = False(support 475, accuracy 0.72632)
else 
    default: RandomForestClassifier(max_depth=5, min_samples_split=10, random_state=42)(support 3853, accuracy 0.68077 (majority pred 0.517))",1,0.7553707553707554
0,fixed_rf,0.0001155268022181146,0,bfs,0.05,0.01,opt,0.6816081330868762,0.6826056826056826,0.6632016632016632,0.728448275862069,0.71875,0.7278911564625851,0.6759834368530021,0.6780982073265783,0.6558641975308642,0.10720887245841035,0.11088011088011088,0.10187110187110188,"HybridCORELSPreClassifier
if [Age<=40 && Prior-Crimes=1-3]:
  Recidivate-Within-Two-Years = False(support 464, accuracy 0.72845)
else 
    default: RandomForestClassifier(max_depth=5, min_samples_split=10, random_state=42)(support 3864, accuracy 0.67598 (majority pred 0.508))",1,0.7532917532917534
1,fixed_rf,0.0001155268022181146,0,bfs,0.05,0.01,opt,0.6786044362292052,0.6902286902286903,0.6729036729036729,0.7242105263157895,0.74,0.7191780821917808,0.6729820918764599,0.6844547563805105,0.6676946800308404,0.10975046210720887,0.10395010395010396,0.10117810117810118,"HybridCORELSPreClassifier
if [Age<=40 && Prior-Crimes=1-3]:
  Recidivate-Within-Two-Years = False(support 475, accuracy 0.72421)
else 
    default: RandomForestClassifier(max_depth=5, min_samples_split=10, random_state=42)(support 3853, accuracy 0.67298 (majority pred 0.505))",1,0.7567567567567568
2,fixed_rf,0.0001155268022181146,0,bfs,0.05,0.01,opt,0.6788354898336414,0.6742896742896742,0.6888426888426888,0.7154340836012861,0.7421052631578947,0.7180616740088106,0.6726929303831625,0.6640063846767758,0.6833881578947368,0.14371534195933455,0.13167013167013167,0.1573111573111573,"HybridCORELSPreClassifier
if [Prior-Crimes=0 && Age=24-40]:
  Recidivate-Within-Two-Years = False(support 622, accuracy 0.71543)
else 
    default: RandomForestClassifier(max_depth=5, min_samples_split=10, random_state=42)(support 3706, accuracy 0.67269 (majority pred 0.518))",1,0.7664587664587664
3,fixed_rf,0.0001155268022181146,0,bfs,0.05,0.01,opt,0.6776802218114603,0.6860706860706861,0.6784476784476784,0.7715959004392386,0.7791666666666667,0.7524271844660194,0.660082304526749,0.6674979218620116,0.666127728375101,0.15780961182994455,0.16632016632016633,0.14275814275814275,"HybridCORELSPreClassifier
if [Prior-Crimes=0 && Age>=30]:
  Recidivate-Within-Two-Years = False(support 683, accuracy 0.77160)
else 
    default: RandomForestClassifier(max_depth=5, min_samples_split=10, random_state=42)(support 3645, accuracy 0.66008 (majority pred 0.523))",1,0.7636867636867637
4,fixed_rf,0.0001155268022181146,0,bfs,0.05,0.01,opt,0.6857670979667283,0.6729036729036729,0.6770616770616771,0.7263157894736842,0.7278911564625851,0.7248322147651006,0.680768232546068,0.6666666666666666,0.6715610510046368,0.10975046210720887,0.10187110187110188,0.10325710325710326,"HybridCORELSPreClassifier
if [Age<=40 && Prior-Crimes=1-3]:
  Recidivate-Within-Two-Years = False(support 475, accuracy 0.72632)
else 
    default: RandomForestClassifier(max_depth=5, min_samples_split=10, random_state=42)(support 3853, accuracy 0.68077 (majority pred 0.517))",1,0.7553707553707554
0,fixed_rf,0.0001155268022181146,0,bfs,0.1,0.01,opt,0.6816081330868762,0.6826056826056826,0.6632016632016632,0.728448275862069,0.71875,0.7278911564625851,0.6759834368530021,0.6780982073265783,0.6558641975308642,0.10720887245841035,0.11088011088011088,0.10187110187110188,"HybridCORELSPreClassifier
if [Age<=40 && Prior-Crimes=1-3]:
  Recidivate-Within-Two-Years = False(support 464, accuracy 0.72845)
else 
    default: RandomForestClassifier(max_depth=5, min_samples_split=10, random_state=42)(support 3864, accuracy 0.67598 (majority pred 0.508))",1,0.7532917532917534
1,fixed_rf,0.0001155268022181146,0,bfs,0.1,0.01,opt,0.6786044362292052,0.6902286902286903,0.6729036729036729,0.7242105263157895,0.74,0.7191780821917808,0.6729820918764599,0.6844547563805105,0.6676946800308404,0.10975046210720887,0.10395010395010396,0.10117810117810118,"HybridCORELSPreClassifier
if [Age<=40 && Prior-Crimes=1-3]:
  Recidivate-Within-Two-Years = False(support 475, accuracy 0.72421)
else 
    default: RandomForestClassifier(max_depth=5, min_samples_split=10, random_state=42)(support 3853, accuracy 0.67298 (majority pred 0.505))",1,0.7567567567567568
2,fixed_rf,0.0001155268022181146,0,bfs,0.1,0.01,opt,0.6788354898336414,0.6742896742896742,0.6888426888426888,0.7154340836012861,0.7421052631578947,0.7180616740088106,0.6726929303831625,0.6640063846767758,0.6833881578947368,0.14371534195933455,0.13167013167013167,0.1573111573111573,"HybridCORELSPreClassifier
if [Prior-Crimes=0 && Age=24-40]:
  Recidivate-Within-Two-Years = False(support 622, accuracy 0.71543)
else 
    default: RandomForestClassifier(max_depth=5, min_samples_split=10, random_state=42)(support 3706, accuracy 0.67269 (majority pred 0.518))",1,0.7664587664587664
3,fixed_rf,0.0001155268022181146,0,bfs,0.1,0.01,opt,0.6776802218114603,0.6860706860706861,0.6784476784476784,0.7715959004392386,0.7791666666666667,0.7524271844660194,0.660082304526749,0.6674979218620116,0.666127728375101,0.15780961182994455,0.16632016632016633,0.14275814275814275,"HybridCORELSPreClassifier
if [Prior-Crimes=0 && Age>=30]:
  Recidivate-Within-Two-Years = False(support 683, accuracy 0.77160)
else 
    default: RandomForestClassifier(max_depth=5, min_samples_split=10, random_state=42)(support 3645, accuracy 0.66008 (majority pred 0.523))",1,0.7636867636867637
4,fixed_rf,0.0001155268022181146,0,bfs,0.1,0.01,opt,0.6857670979667283,0.6729036729036729,0.6770616770616771,0.7263157894736842,0.7278911564625851,0.7248322147651006,0.680768232546068,0.6666666666666666,0.6715610510046368,0.10975046210720887,0.10187110187110188,0.10325710325710326,"HybridCORELSPreClassifier
if [Age<=40 && Prior-Crimes=1-3]:
  Recidivate-Within-Two-Years = False(support 475, accuracy 0.72632)
else 
    default: RandomForestClassifier(max_depth=5, min_samples_split=10, random_state=42)(support 3853, accuracy 0.68077 (majority pred 0.517))",1,0.7553707553707554
0,fixed_rf,0.0001155268022181146,0,bfs,0.01,0.001,opt,0.6816081330868762,0.6826056826056826,0.6632016632016632,0.728448275862069,0.71875,0.7278911564625851,0.6759834368530021,0.6780982073265783,0.6558641975308642,0.10720887245841035,0.11088011088011088,0.10187110187110188,"HybridCORELSPreClassifier
if [Age<=40 && Prior-Crimes=1-3]:
  Recidivate-Within-Two-Years = False(support 464, accuracy 0.72845)
else 
    default: RandomForestClassifier(max_depth=5, min_samples_split=10, random_state=42)(support 3864, accuracy 0.67598 (majority pred 0.508))",1,0.7532917532917534
1,fixed_rf,0.0001155268022181146,0,bfs,0.01,0.001,opt,0.6786044362292052,0.6902286902286903,0.6729036729036729,0.7242105263157895,0.74,0.7191780821917808,0.6729820918764599,0.6844547563805105,0.6676946800308404,0.10975046210720887,0.10395010395010396,0.10117810117810118,"HybridCORELSPreClassifier
if [Age<=40 && Prior-Crimes=1-3]:
  Recidivate-Within-Two-Years = False(support 475, accuracy 0.72421)
else 
    default: RandomForestClassifier(max_depth=5, min_samples_split=10, random_state=42)(support 3853, accuracy 0.67298 (majority pred 0.505))",1,0.7567567567567568
2,fixed_rf,0.0001155268022181146,0,bfs,0.01,0.001,opt,0.6788354898336414,0.6742896742896742,0.6888426888426888,0.7154340836012861,0.7421052631578947,0.7180616740088106,0.6726929303831625,0.6640063846767758,0.6833881578947368,0.14371534195933455,0.13167013167013167,0.1573111573111573,"HybridCORELSPreClassifier
if [Prior-Crimes=0 && Age=24-40]:
  Recidivate-Within-Two-Years = False(support 622, accuracy 0.71543)
else 
    default: RandomForestClassifier(max_depth=5, min_samples_split=10, random_state=42)(support 3706, accuracy 0.67269 (majority pred 0.518))",1,0.7664587664587664
3,fixed_rf,0.0001155268022181146,0,bfs,0.01,0.001,opt,0.6776802218114603,0.6860706860706861,0.6784476784476784,0.7715959004392386,0.7791666666666667,0.7524271844660194,0.660082304526749,0.6674979218620116,0.666127728375101,0.15780961182994455,0.16632016632016633,0.14275814275814275,"HybridCORELSPreClassifier
if [Prior-Crimes=0 && Age>=30]:
  Recidivate-Within-Two-Years = False(support 683, accuracy 0.77160)
else 
    default: RandomForestClassifier(max_depth=5, min_samples_split=10, random_state=42)(support 3645, accuracy 0.66008 (majority pred 0.523))",1,0.7636867636867637
4,fixed_rf,0.0001155268022181146,0,bfs,0.01,0.001,opt,0.6857670979667283,0.6729036729036729,0.6770616770616771,0.7263157894736842,0.7278911564625851,0.7248322147651006,0.680768232546068,0.6666666666666666,0.6715610510046368,0.10975046210720887,0.10187110187110188,0.10325710325710326,"HybridCORELSPreClassifier
if [Age<=40 && Prior-Crimes=1-3]:
  Recidivate-Within-Two-Years = False(support 475, accuracy 0.72632)
else 
    default: RandomForestClassifier(max_depth=5, min_samples_split=10, random_state=42)(support 3853, accuracy 0.68077 (majority pred 0.517))",1,0.7553707553707554
0,fixed_rf,0.0001155268022181146,0,bfs,0.05,0.001,opt,0.6816081330868762,0.6826056826056826,0.6632016632016632,0.728448275862069,0.71875,0.7278911564625851,0.6759834368530021,0.6780982073265783,0.6558641975308642,0.10720887245841035,0.11088011088011088,0.10187110187110188,"HybridCORELSPreClassifier
if [Age<=40 && Prior-Crimes=1-3]:
  Recidivate-Within-Two-Years = False(support 464, accuracy 0.72845)
else 
    default: RandomForestClassifier(max_depth=5, min_samples_split=10, random_state=42)(support 3864, accuracy 0.67598 (majority pred 0.508))",1,0.7532917532917534
1,fixed_rf,0.0001155268022181146,0,bfs,0.05,0.001,opt,0.6786044362292052,0.6902286902286903,0.6729036729036729,0.7242105263157895,0.74,0.7191780821917808,0.6729820918764599,0.6844547563805105,0.6676946800308404,0.10975046210720887,0.10395010395010396,0.10117810117810118,"HybridCORELSPreClassifier
if [Age<=40 && Prior-Crimes=1-3]:
  Recidivate-Within-Two-Years = False(support 475, accuracy 0.72421)
else 
    default: RandomForestClassifier(max_depth=5, min_samples_split=10, random_state=42)(support 3853, accuracy 0.67298 (majority pred 0.505))",1,0.7567567567567568
2,fixed_rf,0.0001155268022181146,0,bfs,0.05,0.001,opt,0.6788354898336414,0.6742896742896742,0.6888426888426888,0.7154340836012861,0.7421052631578947,0.7180616740088106,0.6726929303831625,0.6640063846767758,0.6833881578947368,0.14371534195933455,0.13167013167013167,0.1573111573111573,"HybridCORELSPreClassifier
if [Prior-Crimes=0 && Age=24-40]:
  Recidivate-Within-Two-Years = False(support 622, accuracy 0.71543)
else 
    default: RandomForestClassifier(max_depth=5, min_samples_split=10, random_state=42)(support 3706, accuracy 0.67269 (majority pred 0.518))",1,0.7664587664587664
3,fixed_rf,0.0001155268022181146,0,bfs,0.05,0.001,opt,0.6776802218114603,0.6860706860706861,0.6784476784476784,0.7715959004392386,0.7791666666666667,0.7524271844660194,0.660082304526749,0.6674979218620116,0.666127728375101,0.15780961182994455,0.16632016632016633,0.14275814275814275,"HybridCORELSPreClassifier
if [Prior-Crimes=0 && Age>=30]:
  Recidivate-Within-Two-Years = False(support 683, accuracy 0.77160)
else 
    default: RandomForestClassifier(max_depth=5, min_samples_split=10, random_state=42)(support 3645, accuracy 0.66008 (majority pred 0.523))",1,0.7636867636867637
4,fixed_rf,0.0001155268022181146,0,bfs,0.05,0.001,opt,0.6857670979667283,0.6729036729036729,0.6770616770616771,0.7263157894736842,0.7278911564625851,0.7248322147651006,0.680768232546068,0.6666666666666666,0.6715610510046368,0.10975046210720887,0.10187110187110188,0.10325710325710326,"HybridCORELSPreClassifier
if [Age<=40 && Prior-Crimes=1-3]:
  Recidivate-Within-Two-Years = False(support 475, accuracy 0.72632)
else 
    default: RandomForestClassifier(max_depth=5, min_samples_split=10, random_state=42)(support 3853, accuracy 0.68077 (majority pred 0.517))",1,0.7553707553707554
0,fixed_rf,0.0001155268022181146,0,bfs,0.1,0.001,opt,0.6816081330868762,0.6826056826056826,0.6632016632016632,0.728448275862069,0.71875,0.7278911564625851,0.6759834368530021,0.6780982073265783,0.6558641975308642,0.10720887245841035,0.11088011088011088,0.10187110187110188,"HybridCORELSPreClassifier
if [Age<=40 && Prior-Crimes=1-3]:
  Recidivate-Within-Two-Years = False(support 464, accuracy 0.72845)
else 
    default: RandomForestClassifier(max_depth=5, min_samples_split=10, random_state=42)(support 3864, accuracy 0.67598 (majority pred 0.508))",1,0.7532917532917534
1,fixed_rf,0.0001155268022181146,0,bfs,0.1,0.001,opt,0.6786044362292052,0.6902286902286903,0.6729036729036729,0.7242105263157895,0.74,0.7191780821917808,0.6729820918764599,0.6844547563805105,0.6676946800308404,0.10975046210720887,0.10395010395010396,0.10117810117810118,"HybridCORELSPreClassifier
if [Age<=40 && Prior-Crimes=1-3]:
  Recidivate-Within-Two-Years = False(support 475, accuracy 0.72421)
else 
    default: RandomForestClassifier(max_depth=5, min_samples_split=10, random_state=42)(support 3853, accuracy 0.67298 (majority pred 0.505))",1,0.7567567567567568
2,fixed_rf,0.0001155268022181146,0,bfs,0.1,0.001,opt,0.6788354898336414,0.6742896742896742,0.6888426888426888,0.7154340836012861,0.7421052631578947,0.7180616740088106,0.6726929303831625,0.6640063846767758,0.6833881578947368,0.14371534195933455,0.13167013167013167,0.1573111573111573,"HybridCORELSPreClassifier
if [Prior-Crimes=0 && Age=24-40]:
  Recidivate-Within-Two-Years = False(support 622, accuracy 0.71543)
else 
    default: RandomForestClassifier(max_depth=5, min_samples_split=10, random_state=42)(support 3706, accuracy 0.67269 (majority pred 0.518))",1,0.7664587664587664
3,fixed_rf,0.0001155268022181146,0,bfs,0.1,0.001,opt,0.6776802218114603,0.6860706860706861,0.6784476784476784,0.7715959004392386,0.7791666666666667,0.7524271844660194,0.660082304526749,0.6674979218620116,0.666127728375101,0.15780961182994455,0.16632016632016633,0.14275814275814275,"HybridCORELSPreClassifier
if [Prior-Crimes=0 && Age>=30]:
  Recidivate-Within-Two-Years = False(support 683, accuracy 0.77160)
else 
    default: RandomForestClassifier(max_depth=5, min_samples_split=10, random_state=42)(support 3645, accuracy 0.66008 (majority pred 0.523))",1,0.7636867636867637
4,fixed_rf,0.0001155268022181146,0,bfs,0.1,0.001,opt,0.6857670979667283,0.6729036729036729,0.6770616770616771,0.7263157894736842,0.7278911564625851,0.7248322147651006,0.680768232546068,0.6666666666666666,0.6715610510046368,0.10975046210720887,0.10187110187110188,0.10325710325710326,"HybridCORELSPreClassifier
if [Age<=40 && Prior-Crimes=1-3]:
  Recidivate-Within-Two-Years = False(support 475, accuracy 0.72632)
else 
    default: RandomForestClassifier(max_depth=5, min_samples_split=10, random_state=42)(support 3853, accuracy 0.68077 (majority pred 0.517))",1,0.7553707553707554
0,fixed_rf,5e-05,0,bfs,0.01,0.0001,opt,0.68137707948244,0.6826056826056826,0.6632016632016632,0.7722929936305732,0.7399103139013453,0.774869109947644,0.6659459459459459,0.6721311475409836,0.6461661341853036,0.14510166358595195,0.15453915453915454,0.13236313236313235,"HybridCORELSPreClassifier
if [Age<=45 && Prior-Crimes=0]:
  Recidivate-Within-Two-Years = False(support 271, accuracy 0.81181)
else if [Age<=45 && Prior-Crimes=1-3]:
  Recidivate-Within-Two-Years = False(support 357, accuracy 0.74230)
else 
    default: RandomForestClassifier(max_depth=5, min_samples_split=10, random_state=42)(support 3700, accuracy 0.66595 (majority pred 0.526))",2,0.7484407484407485
1,fixed_rf,5e-05,0,bfs,0.01,0.0001,opt,0.6786044362292052,0.6902286902286903,0.6729036729036729,0.7242105263157895,0.74,0.7191780821917808,0.6729820918764599,0.6844547563805105,0.6676946800308404,0.10975046210720887,0.10395010395010396,0.10117810117810118,"HybridCORELSPreClassifier
if [Age<=40 && Prior-Crimes=1-3]:
  Recidivate-Within-Two-Years = False(support 475, accuracy 0.72421)
else 
    default: RandomForestClassifier(max_depth=5, min_samples_split=10, random_state=42)(support 3853, accuracy 0.67298 (majority pred 0.505))",1,0.7567567567567568
2,fixed_rf,5e-05,0,bfs,0.01,0.0001,opt,0.6788354898336414,0.6742896742896742,0.6888426888426888,0.7740916271721959,0.7488372093023256,0.7577319587628866,0.6625169147496617,0.6612377850162866,0.678142514011209,0.14625693160813308,0.14899514899514898,0.13444213444213443,"HybridCORELSPreClassifier
if [Age<=45 && Prior-Crimes=0]:
  Recidivate-Within-Two-Years = False(support 268, accuracy 0.79478)
else if [Age<=45 && Prior-Crimes=1-3]:
  Recidivate-Within-Two-Years = False(support 365, accuracy 0.75890)
else 
    default: RandomForestClassifier(max_depth=5, min_samples_split=10, random_state=42)(support 3695, accuracy 0.66252 (majority pred 0.528))",2,0.7740817740817741
3,fixed_rf,5e-05,0,bfs,0.01,0.0001,opt,0.6776802218114603,0.6860706860706861,0.6791406791406791,0.7317073170731707,0.7004830917874396,0.7403314917127072,0.6700922266139657,0.6836569579288025,0.6703645007923931,0.12315157116451017,0.14345114345114346,0.12543312543312543,"HybridCORELSPreClassifier
if [Age<=45 && Prior-Crimes=0]:
  Recidivate-Within-Two-Years = False(support 270, accuracy 0.81852)
else if [Race=Hispanic && Age<=45]:
  Recidivate-Within-Two-Years = False(support 57, accuracy 0.75439)
else if [Prior-Crimes>5 && Age<=45]:
  Recidivate-Within-Two-Years = True(support 206, accuracy 0.61165)
else 
    default: RandomForestClassifier(max_depth=5, min_samples_split=10, random_state=42)(support 3795, accuracy 0.67009 (majority pred 0.506))",3,0.7602217602217602
4,fixed_rf,5e-05,0,bfs,0.01,0.0001,opt,0.6857670979667283,0.6729036729036729,0.6770616770616771,0.7263157894736842,0.7278911564625851,0.7248322147651006,0.680768232546068,0.6666666666666666,0.6715610510046368,0.10975046210720887,0.10187110187110188,0.10325710325710326,"HybridCORELSPreClassifier
if [Age<=40 && Prior-Crimes=1-3]:
  Recidivate-Within-Two-Years = False(support 475, accuracy 0.72632)
else 
    default: RandomForestClassifier(max_depth=5, min_samples_split=10, random_state=42)(support 3853, accuracy 0.68077 (majority pred 0.517))",1,0.7553707553707554
0,fixed_rf,5e-05,0,bfs,0.05,0.0001,opt,0.68137707948244,0.6826056826056826,0.6632016632016632,0.7722929936305732,0.7399103139013453,0.774869109947644,0.6659459459459459,0.6721311475409836,0.6461661341853036,0.14510166358595195,0.15453915453915454,0.13236313236313235,"HybridCORELSPreClassifier
if [Age<=45 && Prior-Crimes=1-3]:
  Recidivate-Within-Two-Years = False(support 357, accuracy 0.74230)
else if [Age<=45 && Prior-Crimes=0]:
  Recidivate-Within-Two-Years = False(support 271, accuracy 0.81181)
else 
    default: RandomForestClassifier(max_depth=5, min_samples_split=10, random_state=42)(support 3700, accuracy 0.66595 (majority pred 0.526))",2,0.7484407484407485
1,fixed_rf,5e-05,0,bfs,0.05,0.0001,opt,0.6786044362292052,0.6902286902286903,0.6729036729036729,0.7242105263157895,0.74,0.7191780821917808,0.6729820918764599,0.6844547563805105,0.6676946800308404,0.10975046210720887,0.10395010395010396,0.10117810117810118,"HybridCORELSPreClassifier
if [Age<=40 && Prior-Crimes=1-3]:
  Recidivate-Within-Two-Years = False(support 475, accuracy 0.72421)
else 
    default: RandomForestClassifier(max_depth=5, min_samples_split=10, random_state=42)(support 3853, accuracy 0.67298 (majority pred 0.505))",1,0.7567567567567568
2,fixed_rf,5e-05,0,bfs,0.05,0.0001,opt,0.6788354898336414,0.6742896742896742,0.6888426888426888,0.7740916271721959,0.7488372093023256,0.7577319587628866,0.6625169147496617,0.6612377850162866,0.678142514011209,0.14625693160813308,0.14899514899514898,0.13444213444213443,"HybridCORELSPreClassifier
if [Age<=45 && Prior-Crimes=1-3]:
  Recidivate-Within-Two-Years = False(support 365, accuracy 0.75890)
else if [Age<=45 && Prior-Crimes=0]:
  Recidivate-Within-Two-Years = False(support 268, accuracy 0.79478)
else 
    default: RandomForestClassifier(max_depth=5, min_samples_split=10, random_state=42)(support 3695, accuracy 0.66252 (majority pred 0.528))",2,0.7740817740817741
3,fixed_rf,5e-05,0,bfs,0.05,0.0001,opt,0.6776802218114603,0.6860706860706861,0.6784476784476784,0.7615131578947368,0.7962962962962963,0.7477064220183486,0.6639784946236559,0.6666666666666666,0.6661224489795918,0.14048059149722736,0.1496881496881497,0.15107415107415106,"HybridCORELSPreClassifier
if [Age<=45 && Prior-Crimes=0]:
  Recidivate-Within-Two-Years = False(support 270, accuracy 0.81852)
else if [Age<=45 && Prior-Crimes=1-3]:
  Recidivate-Within-Two-Years = False(support 338, accuracy 0.71598)
else 
    default: RandomForestClassifier(max_depth=5, min_samples_split=10, random_state=42)(support 3720, accuracy 0.66398 (majority pred 0.516))",2,0.7664587664587664
4,fixed_rf,5e-05,0,bfs,0.05,0.0001,opt,0.6857670979667283,0.6729036729036729,0.6770616770616771,0.7263157894736842,0.7278911564625851,0.7248322147651006,0.680768232546068,0.6666666666666666,0.6715610510046368,0.10975046210720887,0.10187110187110188,0.10325710325710326,"HybridCORELSPreClassifier
if [Age<=40 && Prior-Crimes=1-3]:
  Recidivate-Within-Two-Years = False(support 475, accuracy 0.72632)
else 
    default: RandomForestClassifier(max_depth=5, min_samples_split=10, random_state=42)(support 3853, accuracy 0.68077 (majority pred 0.517))",1,0.7553707553707554
0,fixed_rf,5e-05,0,bfs,0.1,0.0001,opt,0.6816081330868762,0.6826056826056826,0.6632016632016632,0.728448275862069,0.71875,0.7278911564625851,0.6759834368530021,0.6780982073265783,0.6558641975308642,0.10720887245841035,0.11088011088011088,0.10187110187110188,"HybridCORELSPreClassifier
if [Age<=40 && Prior-Crimes=1-3]:
  Recidivate-Within-Two-Years = False(support 464, accuracy 0.72845)
else 
    default: RandomForestClassifier(max_depth=5, min_samples_split=10, random_state=42)(support 3864, accuracy 0.67598 (majority pred 0.508))",1,0.7532917532917534
1,fixed_rf,5e-05,0,bfs,0.1,0.0001,opt,0.6786044362292052,0.6902286902286903,0.6729036729036729,0.7242105263157895,0.74,0.7191780821917808,0.6729820918764599,0.6844547563805105,0.6676946800308404,0.10975046210720887,0.10395010395010396,0.10117810117810118,"HybridCORELSPreClassifier
if [Age<=40 && Prior-Crimes=1-3]:
  Recidivate-Within-Two-Years = False(support 475, accuracy 0.72421)
else 
    default: RandomForestClassifier(max_depth=5, min_samples_split=10, random_state=42)(support 3853, accuracy 0.67298 (majority pred 0.505))",1,0.7567567567567568
2,fixed_rf,5e-05,0,bfs,0.1,0.0001,opt,0.6788354898336414,0.6742896742896742,0.6888426888426888,0.7154340836012861,0.7421052631578947,0.7180616740088106,0.6726929303831625,0.6640063846767758,0.6833881578947368,0.14371534195933455,0.13167013167013167,0.1573111573111573,"HybridCORELSPreClassifier
if [Prior-Crimes=0 && Age=24-40]:
  Recidivate-Within-Two-Years = False(support 622, accuracy 0.71543)
else 
    default: RandomForestClassifier(max_depth=5, min_samples_split=10, random_state=42)(support 3706, accuracy 0.67269 (majority pred 0.518))",1,0.7664587664587664
3,fixed_rf,5e-05,0,bfs,0.1,0.0001,opt,0.6776802218114603,0.6860706860706861,0.6784476784476784,0.7715959004392386,0.7791666666666667,0.7524271844660194,0.660082304526749,0.6674979218620116,0.666127728375101,0.15780961182994455,0.16632016632016633,0.14275814275814275,"HybridCORELSPreClassifier
if [Prior-Crimes=0 && Age>=30]:
  Recidivate-Within-Two-Years = False(support 683, accuracy 0.77160)
else 
    default: RandomForestClassifier(max_depth=5, min_samples_split=10, random_state=42)(support 3645, accuracy 0.66008 (majority pred 0.523))",1,0.7636867636867637
4,fixed_rf,5e-05,0,bfs,0.1,0.0001,opt,0.6857670979667283,0.6729036729036729,0.6770616770616771,0.7263157894736842,0.7278911564625851,0.7248322147651006,0.680768232546068,0.6666666666666666,0.6715610510046368,0.10975046210720887,0.10187110187110188,0.10325710325710326,"HybridCORELSPreClassifier
if [Age<=40 && Prior-Crimes=1-3]:
  Recidivate-Within-Two-Years = False(support 475, accuracy 0.72632)
else 
    default: RandomForestClassifier(max_depth=5, min_samples_split=10, random_state=42)(support 3853, accuracy 0.68077 (majority pred 0.517))",1,0.7553707553707554
