alpha,beta,accuracy_train,transparency_train,accuracy_valid,transparency_valid,accuracy_test,transparency_test,model
na,na,0.6742144177449169,0,0.6874566874566874,0,0.6805266805266805,0,"RandomForestClassifier(class_weight='balanced', criterion='entropy',
                       max_depth=4, min_samples_leaf=27, n_estimators=44,
                       random_state=3)"
0.001,0.001,0.6765249537892791,0.22897412199630315,0.6860706860706861,0.22176022176022175,0.6798336798336798,0.23354123354123354,"HyRS
Positive rules : 
 ['Age=18-22 && Gender=Male']
Negative rules : 
 ['Race=Caucasian && Prior-Crimes=1-3']
HyRS Accuracy : 0.680
Coverage of RuleSet : 0.234
"
0.001,0.0021544346900318843,0.6765249537892791,0.22897412199630315,0.6860706860706861,0.22176022176022175,0.6798336798336798,0.23354123354123354,"HyRS
Positive rules : 
 ['Age=18-22 && Gender=Male']
Negative rules : 
 ['Race=Caucasian && Prior-Crimes=1-3']
HyRS Accuracy : 0.680
Coverage of RuleSet : 0.234
"
0.001,0.004641588833612777,0.6767560073937153,0.4318391866913124,0.6853776853776854,0.42342342342342343,0.6798336798336798,0.4483714483714484,"HyRS
Positive rules : 
 ['Prior-Crimes>3 && Age=24-40', 'Age=18-22 && Gender=Male']
Negative rules : 
 ['Race=Caucasian && Prior-Crimes=1-3']
HyRS Accuracy : 0.680
Coverage of RuleSet : 0.448
"
0.001,0.01,0.6767560073937153,0.4318391866913124,0.6853776853776854,0.42342342342342343,0.6798336798336798,0.4483714483714484,"HyRS
Positive rules : 
 ['Age=18-22 && Gender=Male', 'Prior-Crimes>3 && Age=24-40']
Negative rules : 
 ['Race=Caucasian && Prior-Crimes=1-3']
HyRS Accuracy : 0.680
Coverage of RuleSet : 0.448
"
0.001,0.021544346900318832,0.6716728280961183,0.9720425138632163,0.6826056826056826,0.963963963963964,0.6812196812196812,0.9722799722799723,"HyRS
Positive rules : 
 ['Prior-Crimes>5 && Prior-Crimes>3', 'Prior-Crimes>3 && Age=24-40', 'Age=18-25 && Prior-Crimes=1-3', 'Age=18-22 && Gender=Male']
Negative rules : 
 ['neg_Prior-Crimes>3']
HyRS Accuracy : 0.681
Coverage of RuleSet : 0.972
"
0.001,0.046415888336127774,0.6695933456561922,0.9692698706099815,0.6784476784476784,0.9674289674289674,0.6618156618156619,0.9736659736659736,"HyRS
Positive rules : 
 ['Prior-Crimes>3', 'Age=18-22 && Gender=Male']
Negative rules : 
 ['Juvenile-Crimes=0 && Juvenile-Felonies=0']
HyRS Accuracy : 0.662
Coverage of RuleSet : 0.974
"
0.001,0.1,0.6679759704251387,1.0,0.6756756756756757,1.0,0.6735966735966736,1.0,"HyRS
Positive rules : 
 ['Age=18-25 && Prior-Crimes=1-3', 'Age=18-22 && Gender=Male', 'Prior-Crimes>3']
Negative rules : 
 ['neg_Prior-Crimes>3']
HyRS Accuracy : 0.674
Coverage of RuleSet : 1.000
"
0.001,0.21544346900318823,0.6652033271719039,1.0,0.6729036729036729,1.0,0.6534996534996536,1.0,"HyRS
Positive rules : 
 ['Prior-Crimes>3', 'Age=18-22 && Gender=Male', 'Age=18-20']
Negative rules : 
 ['neg_Prior-Crimes>5']
HyRS Accuracy : 0.653
Coverage of RuleSet : 1.000
"
0.001,0.46415888336127775,0.657347504621072,0.9983826247689463,0.6548856548856549,1.0,0.6521136521136521,0.9986139986139986,"HyRS
Positive rules : 
 ['Prior-Crimes>3', 'Age=18-25 && Race=African-American']
Negative rules : 
 ['neg_Juvenile-Crimes>3']
HyRS Accuracy : 0.652
Coverage of RuleSet : 0.999
"
0.001,1.0,0.6601201478743068,1.0,0.665973665973666,1.0,0.6687456687456688,1.0,"HyRS
Positive rules : 
 ['Prior-Crimes>3', 'Age=18-25 && Prior-Crimes=1-3']
Negative rules : 
 ['neg_Race=Native-American', 'neg_Juvenile-Crimes>5']
HyRS Accuracy : 0.669
Coverage of RuleSet : 1.000
"
0.001291549665014884,0.001,0.6742144177449169,0.0,0.6874566874566874,0.0,0.6805266805266805,0.0,"HyRS
Positive rules : 
 []
Negative rules : 
 []
HyRS Accuracy : 0.681
Coverage of RuleSet : 0.000
"
0.001291549665014884,0.0021544346900318843,0.6742144177449169,0.0,0.6874566874566874,0.0,0.6805266805266805,0.0,"HyRS
Positive rules : 
 []
Negative rules : 
 []
HyRS Accuracy : 0.681
Coverage of RuleSet : 0.000
"
0.001291549665014884,0.004641588833612777,0.6765249537892791,0.22897412199630315,0.6860706860706861,0.22176022176022175,0.6798336798336798,0.23354123354123354,"HyRS
Positive rules : 
 ['Age=18-22 && Gender=Male']
Negative rules : 
 ['Race=Caucasian && Prior-Crimes=1-3']
HyRS Accuracy : 0.680
Coverage of RuleSet : 0.234
"
0.001291549665014884,0.01,0.6732902033271719,0.6166820702402958,0.6812196812196812,0.6444906444906445,0.6673596673596673,0.6368676368676369,"HyRS
Positive rules : 
 ['Prior-Crimes>5 && Prior-Crimes>3']
Negative rules : 
 ['Age>=30 && Juvenile-Crimes=0']
HyRS Accuracy : 0.667
Coverage of RuleSet : 0.637
"
0.001291549665014884,0.021544346900318832,0.6732902033271719,0.8726894639556377,0.6853776853776854,0.8503118503118503,0.6694386694386695,0.8676368676368676,"HyRS
Positive rules : 
 ['Prior-Crimes>3 && Age=24-40', 'Age=18-22 && Gender=Male']
Negative rules : 
 ['Prior-Crimes=1-3 && Juvenile-Crimes=0', 'Prior-Crimes=0 && Juvenile-Crimes=0']
HyRS Accuracy : 0.669
Coverage of RuleSet : 0.868
"
0.001291549665014884,0.046415888336127774,0.6709796672828097,0.9868299445471349,0.6798336798336798,0.9812889812889813,0.6756756756756757,0.990990990990991,"HyRS
Positive rules : 
 ['Prior-Crimes>3', 'Age=18-22 && Gender=Male', 'Age=18-25 && Prior-Crimes=1-3']
Negative rules : 
 ['Juvenile-Crimes=0']
HyRS Accuracy : 0.676
Coverage of RuleSet : 0.991
"
0.001291549665014884,0.1,0.6679759704251387,0.9993068391866913,0.6756756756756757,0.9972279972279973,0.6735966735966736,1.0,"HyRS
Positive rules : 
 ['Age=18-22 && Gender=Male', 'Prior-Crimes>3', 'Age=18-25 && Prior-Crimes=1-3']
Negative rules : 
 ['neg_Race=Native-American']
HyRS Accuracy : 0.674
Coverage of RuleSet : 1.000
"
0.001291549665014884,0.21544346900318823,0.6668207024029574,1.0,0.6735966735966736,1.0,0.6708246708246708,1.0,"HyRS
Positive rules : 
 ['Age=18-22', 'Prior-Crimes>3 && Juvenile-Crimes=0', 'neg_Juvenile-Crimes=0', 'Age=18-25 && Prior-Crimes=1-3']
Negative rules : 
 ['neg_Prior-Crimes>5']
HyRS Accuracy : 0.671
Coverage of RuleSet : 1.000
"
0.001291549665014884,0.46415888336127775,0.6645101663585952,0.9988447319778189,0.6687456687456688,1.0,0.6541926541926542,0.9993069993069993,"HyRS
Positive rules : 
 ['Prior-Crimes>3', 'Age=18-22 && Gender=Male']
Negative rules : 
 ['neg_Juvenile-Crimes>3']
HyRS Accuracy : 0.654
Coverage of RuleSet : 0.999
"
0.001291549665014884,1.0,0.6601201478743068,1.0,0.665973665973666,1.0,0.6687456687456688,1.0,"HyRS
Positive rules : 
 ['Age=18-25 && Prior-Crimes=1-3', 'Prior-Crimes>3']
Negative rules : 
 ['neg_Juvenile-Felonies>3']
HyRS Accuracy : 0.669
Coverage of RuleSet : 1.000
"
0.0016681005372000592,0.001,0.6742144177449169,0.0,0.6874566874566874,0.0,0.6805266805266805,0.0,"HyRS
Positive rules : 
 []
Negative rules : 
 []
HyRS Accuracy : 0.681
Coverage of RuleSet : 0.000
"
0.0016681005372000592,0.0021544346900318843,0.6742144177449169,0.0,0.6874566874566874,0.0,0.6805266805266805,0.0,"HyRS
Positive rules : 
 []
Negative rules : 
 []
HyRS Accuracy : 0.681
Coverage of RuleSet : 0.000
"
0.0016681005372000592,0.004641588833612777,0.6765249537892791,0.22897412199630315,0.6860706860706861,0.22176022176022175,0.6798336798336798,0.23354123354123354,"HyRS
Positive rules : 
 ['Age=18-22 && Gender=Male']
Negative rules : 
 ['Race=Caucasian && Prior-Crimes=1-3']
HyRS Accuracy : 0.680
Coverage of RuleSet : 0.234
"
0.0016681005372000592,0.01,0.6732902033271719,0.6166820702402958,0.6812196812196812,0.6444906444906445,0.6673596673596673,0.6368676368676369,"HyRS
Positive rules : 
 ['Prior-Crimes>5 && Prior-Crimes>3']
Negative rules : 
 ['Age>=30 && Juvenile-Crimes=0']
HyRS Accuracy : 0.667
Coverage of RuleSet : 0.637
"
0.0016681005372000592,0.021544346900318832,0.6709796672828097,0.9868299445471349,0.6798336798336798,0.9812889812889813,0.6756756756756757,0.990990990990991,"HyRS
Positive rules : 
 ['Prior-Crimes>3', 'Age=18-22 && Gender=Male', 'Age=18-25 && Prior-Crimes=1-3']
Negative rules : 
 ['Juvenile-Crimes=0']
HyRS Accuracy : 0.676
Coverage of RuleSet : 0.991
"
0.0016681005372000592,0.046415888336127774,0.6695933456561922,0.9692698706099815,0.6784476784476784,0.9674289674289674,0.6618156618156619,0.9736659736659736,"HyRS
Positive rules : 
 ['Age=18-22 && Gender=Male', 'Prior-Crimes>3']
Negative rules : 
 ['Juvenile-Crimes=0 && Juvenile-Felonies=0']
HyRS Accuracy : 0.662
Coverage of RuleSet : 0.974
"
0.0016681005372000592,0.1,0.66728280961183,1.0,0.674982674982675,1.0,0.6604296604296604,1.0,"HyRS
Positive rules : 
 ['neg_Juvenile-Crimes=0', 'Prior-Crimes>3', 'Age=18-22 && Gender=Male']
Negative rules : 
 ['neg_Prior-Crimes>3']
HyRS Accuracy : 0.660
Coverage of RuleSet : 1.000
"
0.0016681005372000592,0.21544346900318823,0.6626617375231053,1.0,0.6645876645876646,1.0,0.6521136521136521,1.0,"HyRS
Positive rules : 
 ['Age=18-22', 'Prior-Crimes>3']
Negative rules : 
 ['neg_Prior-Crimes>5']
HyRS Accuracy : 0.652
Coverage of RuleSet : 1.000
"
0.0016681005372000592,0.46415888336127775,0.6626617375231053,1.0,0.6645876645876646,1.0,0.6521136521136521,1.0,"HyRS
Positive rules : 
 ['Age=18-22 && Age=18-25', 'Prior-Crimes>3']
Negative rules : 
 ['neg_Juvenile-Crimes>3', 'neg_Age=18-20', 'Race=Hispanic && Prior-Crimes=1-3', 'Age<=40']
HyRS Accuracy : 0.652
Coverage of RuleSet : 1.000
"
0.0016681005372000592,1.0,0.6601201478743068,1.0,0.665973665973666,1.0,0.6687456687456688,1.0,"HyRS
Positive rules : 
 ['Age=18-25 && Prior-Crimes=1-3', 'Prior-Crimes>3']
Negative rules : 
 ['Prior-Crimes=1-3', 'neg_Juvenile-Crimes>5']
HyRS Accuracy : 0.669
Coverage of RuleSet : 1.000
"
0.0021544346900318843,0.001,0.6742144177449169,0.0,0.6874566874566874,0.0,0.6805266805266805,0.0,"HyRS
Positive rules : 
 []
Negative rules : 
 []
HyRS Accuracy : 0.681
Coverage of RuleSet : 0.000
"
0.0021544346900318843,0.0021544346900318843,0.6742144177449169,0.0,0.6874566874566874,0.0,0.6805266805266805,0.0,"HyRS
Positive rules : 
 []
Negative rules : 
 []
HyRS Accuracy : 0.681
Coverage of RuleSet : 0.000
"
0.0021544346900318843,0.004641588833612777,0.6742144177449169,0.0,0.6874566874566874,0.0,0.6805266805266805,0.0,"HyRS
Positive rules : 
 []
Negative rules : 
 []
HyRS Accuracy : 0.681
Coverage of RuleSet : 0.000
"
0.0021544346900318843,0.01,0.6739833641404805,0.5501386321626618,0.6846846846846847,0.5162855162855163,0.674982674982675,0.5273735273735274,"HyRS
Positive rules : 
 ['Prior-Crimes>3 && Age=24-40']
Negative rules : 
 ['Age=24-40 && Juvenile-Crimes=0']
HyRS Accuracy : 0.675
Coverage of RuleSet : 0.527
"
0.0021544346900318843,0.021544346900318832,0.6695933456561922,0.9692698706099815,0.6784476784476784,0.9674289674289674,0.6618156618156619,0.9736659736659736,"HyRS
Positive rules : 
 ['Age=18-22 && Gender=Male', 'Prior-Crimes>3']
Negative rules : 
 ['Juvenile-Crimes=0']
HyRS Accuracy : 0.662
Coverage of RuleSet : 0.974
"
0.0021544346900318843,0.046415888336127774,0.6709796672828097,0.9868299445471349,0.6798336798336798,0.9812889812889813,0.6756756756756757,0.990990990990991,"HyRS
Positive rules : 
 ['Prior-Crimes>3', 'Age=18-22 && Gender=Male', 'Age=18-25 && Prior-Crimes=1-3']
Negative rules : 
 ['Juvenile-Crimes=0 && Juvenile-Felonies=0']
HyRS Accuracy : 0.676
Coverage of RuleSet : 0.991
"
0.0021544346900318843,0.1,0.6695933456561922,0.9692698706099815,0.6784476784476784,0.9674289674289674,0.6618156618156619,0.9736659736659736,"HyRS
Positive rules : 
 ['Age=18-22 && Gender=Male', 'Prior-Crimes>3']
Negative rules : 
 ['Juvenile-Crimes=0']
HyRS Accuracy : 0.662
Coverage of RuleSet : 0.974
"
0.0021544346900318843,0.21544346900318823,0.6652033271719039,1.0,0.6742896742896742,1.0,0.6604296604296604,1.0,"HyRS
Positive rules : 
 ['Juvenile-Crimes=1-3 && Prior-Crimes=1-3', 'Age=18-22', 'Prior-Crimes>3']
Negative rules : 
 ['neg_Prior-Crimes>5']
HyRS Accuracy : 0.660
Coverage of RuleSet : 1.000
"
0.0021544346900318843,0.46415888336127775,0.6617375231053605,0.9953789279112755,0.6625086625086625,0.9965349965349966,0.6514206514206514,0.9923769923769924,"HyRS
Positive rules : 
 ['Age=18-22 && Juvenile-Felonies=0', 'Prior-Crimes>3']
Negative rules : 
 ['neg_Age=18-20']
HyRS Accuracy : 0.651
Coverage of RuleSet : 0.992
"
0.0021544346900318843,1.0,0.6626617375231053,1.0,0.6645876645876646,1.0,0.6521136521136521,1.0,"HyRS
Positive rules : 
 ['Age=18-22', 'Prior-Crimes>3']
Negative rules : 
 ['neg_Juvenile-Felonies>3', 'neg_Juvenile-Crimes>5', 'Gender=Male && Juvenile-Crimes=0', 'Age=24-30 && Juvenile-Felonies=0']
HyRS Accuracy : 0.652
Coverage of RuleSet : 1.000
"
0.0027825594022071257,0.001,0.6742144177449169,0.0,0.6874566874566874,0.0,0.6805266805266805,0.0,"HyRS
Positive rules : 
 []
Negative rules : 
 []
HyRS Accuracy : 0.681
Coverage of RuleSet : 0.000
"
0.0027825594022071257,0.0021544346900318843,0.6742144177449169,0.0,0.6874566874566874,0.0,0.6805266805266805,0.0,"HyRS
Positive rules : 
 []
Negative rules : 
 []
HyRS Accuracy : 0.681
Coverage of RuleSet : 0.000
"
0.0027825594022071257,0.004641588833612777,0.6742144177449169,0.0,0.6874566874566874,0.0,0.6805266805266805,0.0,"HyRS
Positive rules : 
 []
Negative rules : 
 []
HyRS Accuracy : 0.681
Coverage of RuleSet : 0.000
"
0.0027825594022071257,0.01,0.6742144177449169,0.0,0.6874566874566874,0.0,0.6805266805266805,0.0,"HyRS
Positive rules : 
 []
Negative rules : 
 []
HyRS Accuracy : 0.681
Coverage of RuleSet : 0.000
"
0.0027825594022071257,0.021544346900318832,0.6695933456561922,0.9692698706099815,0.6784476784476784,0.9674289674289674,0.6618156618156619,0.9736659736659736,"HyRS
Positive rules : 
 ['Prior-Crimes>3', 'Age=18-22 && Gender=Male']
Negative rules : 
 ['Juvenile-Crimes=0']
HyRS Accuracy : 0.662
Coverage of RuleSet : 0.974
"
0.0027825594022071257,0.046415888336127774,0.6695933456561922,0.9692698706099815,0.6784476784476784,0.9674289674289674,0.6618156618156619,0.9736659736659736,"HyRS
Positive rules : 
 ['Prior-Crimes>3', 'Age=18-22 && Gender=Male']
Negative rules : 
 ['Juvenile-Crimes=0']
HyRS Accuracy : 0.662
Coverage of RuleSet : 0.974
"
0.0027825594022071257,0.1,0.66728280961183,1.0,0.674982674982675,1.0,0.6604296604296604,1.0,"HyRS
Positive rules : 
 ['neg_Juvenile-Crimes=0', 'Prior-Crimes>3 && Juvenile-Felonies=0', 'Age=18-22 && Gender=Male']
Negative rules : 
 ['neg_Prior-Crimes>3']
HyRS Accuracy : 0.660
Coverage of RuleSet : 1.000
"
0.0027825594022071257,0.21544346900318823,0.664279112754159,1.0,0.6687456687456688,1.0,0.6534996534996536,1.0,"HyRS
Positive rules : 
 ['Prior-Crimes>3', 'Age=18-22 && Gender=Male']
Negative rules : 
 ['neg_Prior-Crimes>5']
HyRS Accuracy : 0.653
Coverage of RuleSet : 1.000
"
0.0027825594022071257,0.46415888336127775,0.6626617375231053,1.0,0.6645876645876646,1.0,0.6521136521136521,1.0,"HyRS
Positive rules : 
 ['Age=18-22 && Age=18-25', 'Prior-Crimes>3']
Negative rules : 
 ['neg_Juvenile-Crimes>3', 'neg_Age=18-20', 'Race=Hispanic && Prior-Crimes=1-3', 'Age<=40']
HyRS Accuracy : 0.652
Coverage of RuleSet : 1.000
"
0.0027825594022071257,1.0,0.6559611829944547,1.0,0.656964656964657,1.0,0.6507276507276507,1.0,"HyRS
Positive rules : 
 ['Age=18-22 && Prior-Crimes=1-3', 'Prior-Crimes>3']
Negative rules : 
 ['neg_Juvenile-Felonies>3']
HyRS Accuracy : 0.651
Coverage of RuleSet : 1.000
"
0.003593813663804626,0.001,0.6742144177449169,0.0,0.6874566874566874,0.0,0.6805266805266805,0.0,"HyRS
Positive rules : 
 []
Negative rules : 
 []
HyRS Accuracy : 0.681
Coverage of RuleSet : 0.000
"
0.003593813663804626,0.0021544346900318843,0.6742144177449169,0.0,0.6874566874566874,0.0,0.6805266805266805,0.0,"HyRS
Positive rules : 
 []
Negative rules : 
 []
HyRS Accuracy : 0.681
Coverage of RuleSet : 0.000
"
0.003593813663804626,0.004641588833612777,0.6742144177449169,0.0,0.6874566874566874,0.0,0.6805266805266805,0.0,"HyRS
Positive rules : 
 []
Negative rules : 
 []
HyRS Accuracy : 0.681
Coverage of RuleSet : 0.000
"
0.003593813663804626,0.01,0.6742144177449169,0.0,0.6874566874566874,0.0,0.6805266805266805,0.0,"HyRS
Positive rules : 
 []
Negative rules : 
 []
HyRS Accuracy : 0.681
Coverage of RuleSet : 0.000
"
0.003593813663804626,0.021544346900318832,0.6695933456561922,0.9692698706099815,0.6784476784476784,0.9674289674289674,0.6618156618156619,0.9736659736659736,"HyRS
Positive rules : 
 ['Prior-Crimes>3', 'Age=18-22 && Gender=Male']
Negative rules : 
 ['Juvenile-Crimes=0']
HyRS Accuracy : 0.662
Coverage of RuleSet : 0.974
"
0.003593813663804626,0.046415888336127774,0.6695933456561922,0.9692698706099815,0.6784476784476784,0.9674289674289674,0.6618156618156619,0.9736659736659736,"HyRS
Positive rules : 
 ['Age=18-22 && Gender=Male', 'Prior-Crimes>3']
Negative rules : 
 ['Juvenile-Crimes=0']
HyRS Accuracy : 0.662
Coverage of RuleSet : 0.974
"
0.003593813663804626,0.1,0.6679759704251387,1.0,0.6756756756756757,1.0,0.6735966735966736,1.0,"HyRS
Positive rules : 
 ['Prior-Crimes>3', 'Age=18-22 && Gender=Male', 'Age=18-25 && Prior-Crimes=1-3']
Negative rules : 
 ['neg_Prior-Crimes>3']
HyRS Accuracy : 0.674
Coverage of RuleSet : 1.000
"
0.003593813663804626,0.21544346900318823,0.6626617375231053,1.0,0.6645876645876646,1.0,0.6521136521136521,1.0,"HyRS
Positive rules : 
 ['Prior-Crimes>3', 'Age=18-22 && Age=18-25']
Negative rules : 
 ['neg_Prior-Crimes>5']
HyRS Accuracy : 0.652
Coverage of RuleSet : 1.000
"
0.003593813663804626,0.46415888336127775,0.6531885397412199,0.996996303142329,0.6507276507276507,0.9993069993069993,0.6583506583506583,0.9986139986139986,"HyRS
Positive rules : 
 ['Prior-Crimes>3', 'Juvenile-Crimes=1-3 && Gender=Male']
Negative rules : 
 ['neg_Juvenile-Crimes>3']
HyRS Accuracy : 0.658
Coverage of RuleSet : 0.999
"
0.003593813663804626,1.0,0.6631238447319778,0.9997689463955638,0.668052668052668,0.9986139986139986,0.6528066528066528,1.0,"HyRS
Positive rules : 
 ['Prior-Crimes>3', 'Age=18-22 && Race=Caucasian', 'Age=18-22 && Gender=Male']
Negative rules : 
 ['Age>=30 && Juvenile-Felonies=0', 'neg_Race=Native-American']
HyRS Accuracy : 0.653
Coverage of RuleSet : 1.000
"
0.004641588833612777,0.001,0.6742144177449169,0.0,0.6874566874566874,0.0,0.6805266805266805,0.0,"HyRS
Positive rules : 
 []
Negative rules : 
 []
HyRS Accuracy : 0.681
Coverage of RuleSet : 0.000
"
0.004641588833612777,0.0021544346900318843,0.6742144177449169,0.0,0.6874566874566874,0.0,0.6805266805266805,0.0,"HyRS
Positive rules : 
 []
Negative rules : 
 []
HyRS Accuracy : 0.681
Coverage of RuleSet : 0.000
"
0.004641588833612777,0.004641588833612777,0.6742144177449169,0.0,0.6874566874566874,0.0,0.6805266805266805,0.0,"HyRS
Positive rules : 
 []
Negative rules : 
 []
HyRS Accuracy : 0.681
Coverage of RuleSet : 0.000
"
0.004641588833612777,0.01,0.6742144177449169,0.0,0.6874566874566874,0.0,0.6805266805266805,0.0,"HyRS
Positive rules : 
 []
Negative rules : 
 []
HyRS Accuracy : 0.681
Coverage of RuleSet : 0.000
"
0.004641588833612777,0.021544346900318832,0.6732902033271719,0.6166820702402958,0.6812196812196812,0.6444906444906445,0.6673596673596673,0.6368676368676369,"HyRS
Positive rules : 
 ['Prior-Crimes>5']
Negative rules : 
 ['Age>=30 && Juvenile-Crimes=0']
HyRS Accuracy : 0.667
Coverage of RuleSet : 0.637
"
0.004641588833612777,0.046415888336127774,0.669362292051756,0.9704251386321626,0.6784476784476784,0.9674289674289674,0.6611226611226612,0.9743589743589743,"HyRS
Positive rules : 
 ['Prior-Crimes>3', 'Age=18-22 && Gender=Male']
Negative rules : 
 ['neg_Juvenile-Crimes=1-3']
HyRS Accuracy : 0.661
Coverage of RuleSet : 0.974
"
0.004641588833612777,0.1,0.6645101663585952,0.9988447319778189,0.6687456687456688,1.0,0.6541926541926542,0.9993069993069993,"HyRS
Positive rules : 
 ['Prior-Crimes>3', 'Age=18-22 && Gender=Male']
Negative rules : 
 ['neg_Juvenile-Crimes>3']
HyRS Accuracy : 0.654
Coverage of RuleSet : 0.999
"
0.004641588833612777,0.21544346900318823,0.6626617375231053,1.0,0.6645876645876646,1.0,0.6521136521136521,1.0,"HyRS
Positive rules : 
 ['Age=18-22 && Age=18-25', 'Prior-Crimes>3']
Negative rules : 
 ['neg_Prior-Crimes>5']
HyRS Accuracy : 0.652
Coverage of RuleSet : 1.000
"
0.004641588833612777,0.46415888336127775,0.6534195933456562,0.996996303142329,0.6458766458766458,0.9993069993069993,0.6541926541926542,0.9986139986139986,"HyRS
Positive rules : 
 ['Juvenile-Crimes=1-3 && Age=18-25', 'Prior-Crimes>3']
Negative rules : 
 ['neg_Juvenile-Crimes>3']
HyRS Accuracy : 0.654
Coverage of RuleSet : 0.999
"
0.004641588833612777,1.0,0.6649722735674677,1.0,0.6673596673596673,1.0,0.6562716562716563,1.0,"HyRS
Positive rules : 
 ['Age=18-22 && Age=18-25', 'Prior-Crimes>3', 'Juvenile-Crimes=1-3 && Age=24-40']
Negative rules : 
 ['neg_Juvenile-Felonies>3']
HyRS Accuracy : 0.656
Coverage of RuleSet : 1.000
"
0.005994842503189409,0.001,0.6742144177449169,0.0,0.6874566874566874,0.0,0.6805266805266805,0.0,"HyRS
Positive rules : 
 []
Negative rules : 
 []
HyRS Accuracy : 0.681
Coverage of RuleSet : 0.000
"
0.005994842503189409,0.0021544346900318843,0.6742144177449169,0.0,0.6874566874566874,0.0,0.6805266805266805,0.0,"HyRS
Positive rules : 
 []
Negative rules : 
 []
HyRS Accuracy : 0.681
Coverage of RuleSet : 0.000
"
0.005994842503189409,0.004641588833612777,0.6742144177449169,0.0,0.6874566874566874,0.0,0.6805266805266805,0.0,"HyRS
Positive rules : 
 []
Negative rules : 
 []
HyRS Accuracy : 0.681
Coverage of RuleSet : 0.000
"
0.005994842503189409,0.01,0.6742144177449169,0.0,0.6874566874566874,0.0,0.6805266805266805,0.0,"HyRS
Positive rules : 
 []
Negative rules : 
 []
HyRS Accuracy : 0.681
Coverage of RuleSet : 0.000
"
0.005994842503189409,0.021544346900318832,0.6732902033271719,0.6166820702402958,0.6812196812196812,0.6444906444906445,0.6673596673596673,0.6368676368676369,"HyRS
Positive rules : 
 ['Prior-Crimes>5 && Prior-Crimes>3']
Negative rules : 
 ['Age>=30 && Juvenile-Crimes=0']
HyRS Accuracy : 0.667
Coverage of RuleSet : 0.637
"
0.005994842503189409,0.046415888336127774,0.6695933456561922,0.9692698706099815,0.6784476784476784,0.9674289674289674,0.6618156618156619,0.9736659736659736,"HyRS
Positive rules : 
 ['Prior-Crimes>3', 'Age=18-22 && Gender=Male']
Negative rules : 
 ['Juvenile-Crimes=0 && Juvenile-Felonies=0']
HyRS Accuracy : 0.662
Coverage of RuleSet : 0.974
"
0.005994842503189409,0.1,0.664279112754159,1.0,0.6687456687456688,1.0,0.6534996534996536,1.0,"HyRS
Positive rules : 
 ['Prior-Crimes>3', 'Age=18-22 && Gender=Male']
Negative rules : 
 ['neg_Prior-Crimes>3']
HyRS Accuracy : 0.653
Coverage of RuleSet : 1.000
"
0.005994842503189409,0.21544346900318823,0.664279112754159,1.0,0.6687456687456688,1.0,0.6534996534996536,1.0,"HyRS
Positive rules : 
 ['Prior-Crimes>3', 'Age=18-22 && Gender=Male']
Negative rules : 
 ['neg_Prior-Crimes>5']
HyRS Accuracy : 0.653
Coverage of RuleSet : 1.000
"
0.005994842503189409,0.46415888336127775,0.6624306839186691,0.9993068391866913,0.6645876645876646,1.0,0.6521136521136521,1.0,"HyRS
Positive rules : 
 ['Age=18-22', 'Prior-Crimes>3', 'Prior-Crimes>5']
Negative rules : 
 ['neg_Juvenile-Crimes>3']
HyRS Accuracy : 0.652
Coverage of RuleSet : 1.000
"
0.005994842503189409,1.0,0.6559611829944547,1.0,0.656964656964657,1.0,0.6507276507276507,1.0,"HyRS
Positive rules : 
 ['Prior-Crimes>3', 'Age=18-22 && Prior-Crimes=1-3']
Negative rules : 
 ['neg_Juvenile-Felonies>3']
HyRS Accuracy : 0.651
Coverage of RuleSet : 1.000
"
0.007742636826811269,0.001,0.6742144177449169,0.0,0.6874566874566874,0.0,0.6805266805266805,0.0,"HyRS
Positive rules : 
 []
Negative rules : 
 []
HyRS Accuracy : 0.681
Coverage of RuleSet : 0.000
"
0.007742636826811269,0.0021544346900318843,0.6742144177449169,0.0,0.6874566874566874,0.0,0.6805266805266805,0.0,"HyRS
Positive rules : 
 []
Negative rules : 
 []
HyRS Accuracy : 0.681
Coverage of RuleSet : 0.000
"
0.007742636826811269,0.004641588833612777,0.6742144177449169,0.0,0.6874566874566874,0.0,0.6805266805266805,0.0,"HyRS
Positive rules : 
 []
Negative rules : 
 []
HyRS Accuracy : 0.681
Coverage of RuleSet : 0.000
"
0.007742636826811269,0.01,0.6742144177449169,0.0,0.6874566874566874,0.0,0.6805266805266805,0.0,"HyRS
Positive rules : 
 []
Negative rules : 
 []
HyRS Accuracy : 0.681
Coverage of RuleSet : 0.000
"
0.007742636826811269,0.021544346900318832,0.6742144177449169,0.0,0.6874566874566874,0.0,0.6805266805266805,0.0,"HyRS
Positive rules : 
 []
Negative rules : 
 []
HyRS Accuracy : 0.681
Coverage of RuleSet : 0.000
"
0.007742636826811269,0.046415888336127774,0.6695933456561922,0.9692698706099815,0.6784476784476784,0.9674289674289674,0.6618156618156619,0.9736659736659736,"HyRS
Positive rules : 
 ['Age=18-22 && Gender=Male', 'Prior-Crimes>3']
Negative rules : 
 ['Juvenile-Crimes=0']
HyRS Accuracy : 0.662
Coverage of RuleSet : 0.974
"
0.007742636826811269,0.1,0.664279112754159,1.0,0.6687456687456688,1.0,0.6534996534996536,1.0,"HyRS
Positive rules : 
 ['Age=18-22 && Gender=Male', 'Prior-Crimes>3']
Negative rules : 
 ['neg_Prior-Crimes>3']
HyRS Accuracy : 0.653
Coverage of RuleSet : 1.000
"
0.007742636826811269,0.21544346900318823,0.6626617375231053,1.0,0.6645876645876646,1.0,0.6521136521136521,1.0,"HyRS
Positive rules : 
 ['Prior-Crimes>3', 'Age=18-22']
Negative rules : 
 ['neg_Prior-Crimes>5']
HyRS Accuracy : 0.652
Coverage of RuleSet : 1.000
"
0.007742636826811269,0.46415888336127775,0.6610443622920518,0.9995378927911276,0.668052668052668,1.0,0.6694386694386695,1.0,"HyRS
Positive rules : 
 ['neg_Juvenile-Felonies=0', 'Age=18-25 && Prior-Crimes=1-3', 'Prior-Crimes>3']
Negative rules : 
 ['neg_Juvenile-Crimes>3']
HyRS Accuracy : 0.669
Coverage of RuleSet : 1.000
"
0.007742636826811269,1.0,0.664279112754159,1.0,0.6687456687456688,1.0,0.6534996534996536,1.0,"HyRS
Positive rules : 
 ['Age=18-22 && Gender=Male', 'Prior-Crimes>3']
Negative rules : 
 ['neg_Juvenile-Felonies>3']
HyRS Accuracy : 0.653
Coverage of RuleSet : 1.000
"
0.01,0.001,0.6742144177449169,0.0,0.6874566874566874,0.0,0.6805266805266805,0.0,"HyRS
Positive rules : 
 []
Negative rules : 
 []
HyRS Accuracy : 0.681
Coverage of RuleSet : 0.000
"
0.01,0.0021544346900318843,0.6742144177449169,0.0,0.6874566874566874,0.0,0.6805266805266805,0.0,"HyRS
Positive rules : 
 []
Negative rules : 
 []
HyRS Accuracy : 0.681
Coverage of RuleSet : 0.000
"
0.01,0.004641588833612777,0.6742144177449169,0.0,0.6874566874566874,0.0,0.6805266805266805,0.0,"HyRS
Positive rules : 
 []
Negative rules : 
 []
HyRS Accuracy : 0.681
Coverage of RuleSet : 0.000
"
0.01,0.01,0.6742144177449169,0.0,0.6874566874566874,0.0,0.6805266805266805,0.0,"HyRS
Positive rules : 
 []
Negative rules : 
 []
HyRS Accuracy : 0.681
Coverage of RuleSet : 0.000
"
0.01,0.021544346900318832,0.6742144177449169,0.0,0.6874566874566874,0.0,0.6805266805266805,0.0,"HyRS
Positive rules : 
 []
Negative rules : 
 []
HyRS Accuracy : 0.681
Coverage of RuleSet : 0.000
"
0.01,0.046415888336127774,0.6640480591497228,0.8886321626617375,0.6666666666666666,0.8877338877338877,0.6534996534996536,0.8932778932778933,"HyRS
Positive rules : 
 ['Prior-Crimes>3']
Negative rules : 
 ['neg_Age=18-22']
HyRS Accuracy : 0.653
Coverage of RuleSet : 0.893
"
0.01,0.1,0.664279112754159,1.0,0.6687456687456688,1.0,0.6534996534996536,1.0,"HyRS
Positive rules : 
 ['Prior-Crimes>3', 'Age=18-22 && Gender=Male']
Negative rules : 
 ['neg_Prior-Crimes>3']
HyRS Accuracy : 0.653
Coverage of RuleSet : 1.000
"
0.01,0.21544346900318823,0.6626617375231053,1.0,0.6645876645876646,1.0,0.6521136521136521,1.0,"HyRS
Positive rules : 
 ['Prior-Crimes>3', 'Age=18-22']
Negative rules : 
 ['neg_Prior-Crimes>5']
HyRS Accuracy : 0.652
Coverage of RuleSet : 1.000
"
0.01,0.46415888336127775,0.6624306839186691,0.9993068391866913,0.6645876645876646,1.0,0.6521136521136521,1.0,"HyRS
Positive rules : 
 ['Age=18-22 && Age=18-25', 'Prior-Crimes>3']
Negative rules : 
 ['Age<=40', 'neg_Juvenile-Crimes>3']
HyRS Accuracy : 0.652
Coverage of RuleSet : 1.000
"
0.01,1.0,0.6501848428835489,1.0,0.6417186417186417,1.0,0.647955647955648,1.0,"HyRS
Positive rules : 
 ['Prior-Crimes>3', 'Age=18-22 && Juvenile-Crimes=1-3']
Negative rules : 
 ['neg_Juvenile-Felonies>3']
HyRS Accuracy : 0.648
Coverage of RuleSet : 1.000
"
