Seed,Black Box,Beta,Alpha,Policy,Min support,Lambda,Search status,Training accuracy,Validation accuracy,Test accuracy,Training accuracy (prefix),Validation accuracy (prefix),Test accuracy (prefix),Training accuracy (BB),Validation accuracy (BB),Test accuracy (BB),Training transparency,Validation transparency,Test transparency,Model,Prefix length
0,fixed_rf,1.7061934823408974e-05,0,objective,0.01,0.01,opt,0.8332707729056475,0.8327190827190827,0.8326338417442932,0.975566016588209,0.9810554803788903,0.9756181318681318,0.7709856252759653,0.768349970640047,0.771911914831559,0.30445316498890973,0.3026208026208026,0.298085781553895,"HybridCORELSPreClassifier
if [age_low && marital_status_Single]:
  income = False(support 6812, accuracy 0.98194)
else if [relationship_Unmarried && gender_Female]:
  income = False(support 2110, accuracy 0.95498)
else 
    default: RandomForestClassifier(max_depth=5, min_samples_split=10, random_state=42)(support 20383, accuracy 0.77099 (majority pred 0.669))",2
1,fixed_rf,1.7061934823408974e-05,0,objective,0.01,0.01,opt,0.8314280839447193,0.8316953316953317,0.8375473436380387,0.9660778151078357,0.9690821256038648,0.9671814671814671,0.7695487598366371,0.7676722197208464,0.7770605014262123,0.31486094523118924,0.3178746928746929,0.3181492476200225,"HybridCORELSPreClassifier
if [marital_status_Single && capital_gain_0]:
  income = False(support 9227, accuracy 0.96608)
else 
    default: RandomForestClassifier(max_depth=5, min_samples_split=10, random_state=42)(support 20078, accuracy 0.76955 (majority pred 0.666))",1
2,fixed_rf,1.7061934823408974e-05,0,objective,0.01,0.01,opt,0.8359665586077462,0.8264742014742015,0.8353976865595251,0.9664263424082643,0.9686572088419664,0.9666238767650834,0.7753847691385168,0.7625055662757904,0.7739365699684353,0.3171131206278792,0.3102989352989353,0.3189681646023134,"HybridCORELSPreClassifier
if [marital_status_Single && capital_gain_0]:
  income = False(support 9293, accuracy 0.96643)
else 
    default: RandomForestClassifier(max_depth=5, min_samples_split=10, random_state=42)(support 20012, accuracy 0.77538 (majority pred 0.670))",1
3,fixed_rf,1.7061934823408974e-05,0,objective,0.01,0.01,opt,0.8330660296877666,0.838963963963964,0.8310983724024977,0.9649331031506259,0.971178756476684,0.9685473411154345,0.7720716674152818,0.7778443113772455,0.7676888556469709,0.31626002388670876,0.31613431613431614,0.31569249667314975,"HybridCORELSPreClassifier
if [marital_status_Single && capital_gain_0]:
  income = False(support 9268, accuracy 0.96493)
else 
    default: RandomForestClassifier(max_depth=5, min_samples_split=10, random_state=42)(support 20037, accuracy 0.77207 (majority pred 0.666))",1
4,fixed_rf,1.7061934823408974e-05,0,objective,0.01,0.01,opt,0.8352499573451629,0.832002457002457,0.8265943289998976,0.9680862533692722,0.9662775616083009,0.9639727361246349,0.7737393909136295,0.7700478755236385,0.7633074162679426,0.3164988909742365,0.3157248157248157,0.31538540280479066,"HybridCORELSPreClassifier
if [marital_status_Single && capital_gain_0]:
  income = False(support 9275, accuracy 0.96809)
else 
    default: RandomForestClassifier(max_depth=5, min_samples_split=10, random_state=42)(support 20030, accuracy 0.77374 (majority pred 0.665))",1
0,fixed_rf,1.7061934823408974e-05,0,objective,0.05,0.01,opt,0.8332707729056475,0.8327190827190827,0.8326338417442932,0.975566016588209,0.9810554803788903,0.9756181318681318,0.7709856252759653,0.768349970640047,0.771911914831559,0.30445316498890973,0.3026208026208026,0.298085781553895,"HybridCORELSPreClassifier
if [age_low && marital_status_Single]:
  income = False(support 6812, accuracy 0.98194)
else if [relationship_Unmarried && gender_Female]:
  income = False(support 2110, accuracy 0.95498)
else 
    default: RandomForestClassifier(max_depth=5, min_samples_split=10, random_state=42)(support 20383, accuracy 0.77099 (majority pred 0.669))",2
1,fixed_rf,1.7061934823408974e-05,0,objective,0.05,0.01,opt,0.8314280839447193,0.8316953316953317,0.8375473436380387,0.9660778151078357,0.9690821256038648,0.9671814671814671,0.7695487598366371,0.7676722197208464,0.7770605014262123,0.31486094523118924,0.3178746928746929,0.3181492476200225,"HybridCORELSPreClassifier
if [marital_status_Single && capital_gain_0]:
  income = False(support 9227, accuracy 0.96608)
else 
    default: RandomForestClassifier(max_depth=5, min_samples_split=10, random_state=42)(support 20078, accuracy 0.76955 (majority pred 0.666))",1
2,fixed_rf,1.7061934823408974e-05,0,objective,0.05,0.01,opt,0.8359665586077462,0.8264742014742015,0.8353976865595251,0.9664263424082643,0.9686572088419664,0.9666238767650834,0.7753847691385168,0.7625055662757904,0.7739365699684353,0.3171131206278792,0.3102989352989353,0.3189681646023134,"HybridCORELSPreClassifier
if [marital_status_Single && capital_gain_0]:
  income = False(support 9293, accuracy 0.96643)
else 
    default: RandomForestClassifier(max_depth=5, min_samples_split=10, random_state=42)(support 20012, accuracy 0.77538 (majority pred 0.670))",1
3,fixed_rf,1.7061934823408974e-05,0,objective,0.05,0.01,opt,0.8330660296877666,0.838963963963964,0.8310983724024977,0.9649331031506259,0.971178756476684,0.9685473411154345,0.7720716674152818,0.7778443113772455,0.7676888556469709,0.31626002388670876,0.31613431613431614,0.31569249667314975,"HybridCORELSPreClassifier
if [marital_status_Single && capital_gain_0]:
  income = False(support 9268, accuracy 0.96493)
else 
    default: RandomForestClassifier(max_depth=5, min_samples_split=10, random_state=42)(support 20037, accuracy 0.77207 (majority pred 0.666))",1
4,fixed_rf,1.7061934823408974e-05,0,objective,0.05,0.01,opt,0.8352499573451629,0.832002457002457,0.8265943289998976,0.9680862533692722,0.9662775616083009,0.9639727361246349,0.7737393909136295,0.7700478755236385,0.7633074162679426,0.3164988909742365,0.3157248157248157,0.31538540280479066,"HybridCORELSPreClassifier
if [marital_status_Single && capital_gain_0]:
  income = False(support 9275, accuracy 0.96809)
else 
    default: RandomForestClassifier(max_depth=5, min_samples_split=10, random_state=42)(support 20030, accuracy 0.77374 (majority pred 0.665))",1
0,fixed_rf,1.7061934823408974e-05,0,objective,0.1,0.01,opt,0.8333048967752943,0.8325143325143325,0.8326338417442932,0.9640473627556513,0.9696871976781684,0.972777959986881,0.7726205345990507,0.7687115644217789,0.7690476190476191,0.3170107490189387,0.31746519246519245,0.312109734875627,"HybridCORELSPreClassifier
if [marital_status_Single && capital_gain_0]:
  income = False(support 9290, accuracy 0.96405)
else 
    default: RandomForestClassifier(max_depth=5, min_samples_split=10, random_state=42)(support 20015, accuracy 0.77262 (majority pred 0.669))",1
1,fixed_rf,1.7061934823408974e-05,0,objective,0.1,0.01,opt,0.8314280839447193,0.8316953316953317,0.8375473436380387,0.9660778151078357,0.9690821256038648,0.9671814671814671,0.7695487598366371,0.7676722197208464,0.7770605014262123,0.31486094523118924,0.3178746928746929,0.3181492476200225,"HybridCORELSPreClassifier
if [marital_status_Single && capital_gain_0]:
  income = False(support 9227, accuracy 0.96608)
else 
    default: RandomForestClassifier(max_depth=5, min_samples_split=10, random_state=42)(support 20078, accuracy 0.76955 (majority pred 0.666))",1
2,fixed_rf,1.7061934823408974e-05,0,objective,0.1,0.01,opt,0.8359665586077462,0.8264742014742015,0.8353976865595251,0.9664263424082643,0.9686572088419664,0.9666238767650834,0.7753847691385168,0.7625055662757904,0.7739365699684353,0.3171131206278792,0.3102989352989353,0.3189681646023134,"HybridCORELSPreClassifier
if [marital_status_Single && capital_gain_0]:
  income = False(support 9293, accuracy 0.96643)
else 
    default: RandomForestClassifier(max_depth=5, min_samples_split=10, random_state=42)(support 20012, accuracy 0.77538 (majority pred 0.670))",1
3,fixed_rf,1.7061934823408974e-05,0,objective,0.1,0.01,opt,0.8330660296877666,0.838963963963964,0.8310983724024977,0.9649331031506259,0.971178756476684,0.9685473411154345,0.7720716674152818,0.7778443113772455,0.7676888556469709,0.31626002388670876,0.31613431613431614,0.31569249667314975,"HybridCORELSPreClassifier
if [marital_status_Single && capital_gain_0]:
  income = False(support 9268, accuracy 0.96493)
else 
    default: RandomForestClassifier(max_depth=5, min_samples_split=10, random_state=42)(support 20037, accuracy 0.77207 (majority pred 0.666))",1
4,fixed_rf,1.7061934823408974e-05,0,objective,0.1,0.01,opt,0.8352499573451629,0.832002457002457,0.8265943289998976,0.9680862533692722,0.9662775616083009,0.9639727361246349,0.7737393909136295,0.7700478755236385,0.7633074162679426,0.3164988909742365,0.3157248157248157,0.31538540280479066,"HybridCORELSPreClassifier
if [marital_status_Single && capital_gain_0]:
  income = False(support 9275, accuracy 0.96809)
else 
    default: RandomForestClassifier(max_depth=5, min_samples_split=10, random_state=42)(support 20030, accuracy 0.77374 (majority pred 0.665))",1
0,fixed_rf,1.7061934823408974e-05,0,objective,0.01,0.001,opt,0.8332707729056475,0.8327190827190827,0.8326338417442932,0.977698083604169,0.9799605781865965,0.9730089970009996,0.770042194092827,0.7660618679357525,0.7703900709219859,0.3044872888585566,0.3116298116298116,0.3071962329818815,"HybridCORELSPreClassifier
if [relationship_Own-child && capital_gain_0]:
  income = False(support 4440, accuracy 0.98896)
else if [education_HS-grad && marital_status_Single]:
  income = False(support 1610, accuracy 0.98012)
else if [occupation_Blue-Collar && marital_status_Single]:
  income = False(support 763, accuracy 0.96986)
else if [relationship_Unmarried && gender_Female]:
  income = False(support 2110, accuracy 0.95498)
else 
    default: RandomForestClassifier(max_depth=5, min_samples_split=10, random_state=42)(support 20382, accuracy 0.77004 (majority pred 0.668))",4
1,fixed_rf,1.7061934823408974e-05,0,objective,0.01,0.001,opt,0.8313939600750725,0.8317977067977068,0.8375473436380387,0.9777802590442162,0.9768766756032171,0.975891677675033,0.7669664356970859,0.7679834905660378,0.7754042426939624,0.3056133765569016,0.30548730548730546,0.3099600777971133,"HybridCORELSPreClassifier
if [relationship_Own-child && capital_gain_0]:
  income = False(support 4424, accuracy 0.99141)
else if [education_HS-grad && marital_status_Single]:
  income = False(support 1667, accuracy 0.97600)
else if [occupation_Blue-Collar && marital_status_Single]:
  income = False(support 745, accuracy 0.96644)
else if [relationship_Unmarried && gender_Female]:
  income = False(support 2120, accuracy 0.95472)
else 
    default: RandomForestClassifier(max_depth=5, min_samples_split=10, random_state=42)(support 20349, accuracy 0.76697 (majority pred 0.665))",4
2,fixed_rf,1.7061934823408974e-05,0,objective,0.01,0.001,opt,0.8359665586077462,0.8265765765765766,0.8353976865595251,0.9762305191164928,0.9758421231711466,0.9788540245566166,0.7746002158343962,0.7623370918143213,0.7738774316220565,0.3043507933799693,0.3008804258804259,0.30013307400962225,"HybridCORELSPreClassifier
if [age_low && marital_status_Single]:
  income = False(support 6804, accuracy 0.98339)
else if [relationship_Unmarried && gender_Female]:
  income = False(support 2115, accuracy 0.95319)
else 
    default: RandomForestClassifier(max_depth=5, min_samples_split=10, random_state=42)(support 20386, accuracy 0.77460 (majority pred 0.671))",2
3,fixed_rf,1.7061934823408974e-05,0,objective,0.01,0.001,opt,0.8330660296877666,0.838963963963964,0.8309960077797113,0.9749010740531374,0.9780997304582211,0.9805172992945919,0.7717497556207233,0.778235294117647,0.7654593639575972,0.30182562702610477,0.30384930384930386,0.3047394820350087,"HybridCORELSPreClassifier
if [age_low && marital_status_Single]:
  income = False(support 6754, accuracy 0.98194)
else if [relationship_Unmarried && gender_Female]:
  income = False(support 2091, accuracy 0.95218)
else 
    default: RandomForestClassifier(max_depth=5, min_samples_split=10, random_state=42)(support 20460, accuracy 0.77175 (majority pred 0.668))",2
4,fixed_rf,1.7061934823408974e-05,0,objective,0.01,0.001,opt,0.8352158334755161,0.832002457002457,0.826696693622684,0.9787371829465731,0.9729023832843617,0.9772117962466488,0.7688622754491018,0.7676360924683072,0.7605011053795137,0.3161576522777683,0.31357493857493857,0.30545603439451324,"HybridCORELSPreClassifier
if [hours_per_week_low && marital_status_Single]:
  income = False(support 3464, accuracy 0.99018)
else if [education_HS-grad && marital_status_Single]:
  income = False(support 2021, accuracy 0.98417)
else if [relationship_Own-child && capital_gain_0]:
  income = False(support 1711, accuracy 0.97954)
else if [relationship_Unmarried && gender_Female]:
  income = False(support 2069, accuracy 0.95360)
else 
    default: RandomForestClassifier(max_depth=5, min_samples_split=10, random_state=42)(support 20040, accuracy 0.76886 (majority pred 0.660))",4
0,fixed_rf,1.7061934823408974e-05,0,objective,0.05,0.001,opt,0.8332707729056475,0.8327190827190827,0.8326338417442932,0.977698083604169,0.9799605781865965,0.9730089970009996,0.770042194092827,0.7660618679357525,0.7703900709219859,0.3044872888585566,0.3116298116298116,0.3071962329818815,"HybridCORELSPreClassifier
if [relationship_Own-child && capital_gain_0]:
  income = False(support 4440, accuracy 0.98896)
else if [education_HS-grad && marital_status_Single]:
  income = False(support 1610, accuracy 0.98012)
else if [occupation_Blue-Collar && marital_status_Single]:
  income = False(support 763, accuracy 0.96986)
else if [relationship_Unmarried && gender_Female]:
  income = False(support 2110, accuracy 0.95498)
else 
    default: RandomForestClassifier(max_depth=5, min_samples_split=10, random_state=42)(support 20382, accuracy 0.77004 (majority pred 0.668))",4
1,fixed_rf,1.7061934823408974e-05,0,objective,0.05,0.001,opt,0.8313939600750725,0.8317977067977068,0.8375473436380387,0.9777802590442162,0.9768766756032171,0.975891677675033,0.7669664356970859,0.7679834905660378,0.7754042426939624,0.3056133765569016,0.30548730548730546,0.3099600777971133,"HybridCORELSPreClassifier
if [relationship_Own-child && capital_gain_0]:
  income = False(support 4424, accuracy 0.99141)
else if [education_HS-grad && marital_status_Single]:
  income = False(support 1667, accuracy 0.97600)
else if [occupation_Blue-Collar && marital_status_Single]:
  income = False(support 745, accuracy 0.96644)
else if [relationship_Unmarried && gender_Female]:
  income = False(support 2120, accuracy 0.95472)
else 
    default: RandomForestClassifier(max_depth=5, min_samples_split=10, random_state=42)(support 20349, accuracy 0.76697 (majority pred 0.665))",4
2,fixed_rf,1.7061934823408974e-05,0,objective,0.05,0.001,opt,0.8359665586077462,0.8265765765765766,0.8353976865595251,0.9762305191164928,0.9758421231711466,0.9788540245566166,0.7746002158343962,0.7623370918143213,0.7738774316220565,0.3043507933799693,0.3008804258804259,0.30013307400962225,"HybridCORELSPreClassifier
if [age_low && marital_status_Single]:
  income = False(support 6804, accuracy 0.98339)
else if [relationship_Unmarried && gender_Female]:
  income = False(support 2115, accuracy 0.95319)
else 
    default: RandomForestClassifier(max_depth=5, min_samples_split=10, random_state=42)(support 20386, accuracy 0.77460 (majority pred 0.671))",2
3,fixed_rf,1.7061934823408974e-05,0,objective,0.05,0.001,opt,0.8330660296877666,0.838963963963964,0.8309960077797113,0.9749010740531374,0.9780997304582211,0.9805172992945919,0.7717497556207233,0.778235294117647,0.7654593639575972,0.30182562702610477,0.30384930384930386,0.3047394820350087,"HybridCORELSPreClassifier
if [age_low && marital_status_Single]:
  income = False(support 6754, accuracy 0.98194)
else if [relationship_Unmarried && gender_Female]:
  income = False(support 2091, accuracy 0.95218)
else 
    default: RandomForestClassifier(max_depth=5, min_samples_split=10, random_state=42)(support 20460, accuracy 0.77175 (majority pred 0.668))",2
4,fixed_rf,1.7061934823408974e-05,0,objective,0.05,0.001,opt,0.8352158334755161,0.832002457002457,0.826696693622684,0.9787371829465731,0.9729023832843617,0.9772117962466488,0.7688622754491018,0.7676360924683072,0.7605011053795137,0.3161576522777683,0.31357493857493857,0.30545603439451324,"HybridCORELSPreClassifier
if [hours_per_week_low && marital_status_Single]:
  income = False(support 3464, accuracy 0.99018)
else if [education_HS-grad && marital_status_Single]:
  income = False(support 2021, accuracy 0.98417)
else if [relationship_Own-child && capital_gain_0]:
  income = False(support 1711, accuracy 0.97954)
else if [relationship_Unmarried && gender_Female]:
  income = False(support 2069, accuracy 0.95360)
else 
    default: RandomForestClassifier(max_depth=5, min_samples_split=10, random_state=42)(support 20040, accuracy 0.76886 (majority pred 0.660))",4
0,fixed_rf,1.7061934823408974e-05,0,objective,0.1,0.001,opt,0.8332366490360007,0.8327190827190827,0.8325314771215068,0.9691864804350144,0.974687600128164,0.9696870925684485,0.7692462109806283,0.7660598766360764,0.7697358603193554,0.32004777341750557,0.31951269451269454,0.3140546627085679,"HybridCORELSPreClassifier
if [age_low && marital_status_Single]:
  income = False(support 6812, accuracy 0.98194)
else if [relationship_Unmarried && capital_loss_0]:
  income = False(support 2567, accuracy 0.93533)
else 
    default: RandomForestClassifier(max_depth=5, min_samples_split=10, random_state=42)(support 19926, accuracy 0.76925 (majority pred 0.665))",2
1,fixed_rf,1.7061934823408974e-05,0,objective,0.1,0.001,opt,0.8314280839447193,0.8316953316953317,0.8375473436380387,0.970492538987995,0.9747983870967742,0.9706553635474405,0.7706453511180855,0.7689929328621908,0.7766338406445837,0.3041460501620884,0.3046683046683047,0.31395229808578157,"HybridCORELSPreClassifier
if [relationship_Own-child && capital_gain_0]:
  income = False(support 4424, accuracy 0.99141)
else if [age_low && marital_status_Single]:
  income = False(support 3236, accuracy 0.96570)
else if [marital_status_Single && hours_per_week_middle]:
  income = False(support 1253, accuracy 0.90902)
else 
    default: RandomForestClassifier(max_depth=5, min_samples_split=10, random_state=42)(support 20392, accuracy 0.77065 (majority pred 0.669))",3
2,fixed_rf,1.7061934823408974e-05,0,objective,0.1,0.001,opt,0.8359665586077462,0.8265765765765766,0.8353976865595251,0.9736193029490616,0.9732550554468362,0.9758327890267798,0.7717217217217217,0.7594747836466726,0.7712837334128523,0.31820508445657736,0.31388206388206386,0.31344047497184974,"HybridCORELSPreClassifier
if [age_low && marital_status_Single]:
  income = False(support 6804, accuracy 0.98339)
else if [relationship_Unmarried && capital_gain_0]:
  income = False(support 2521, accuracy 0.94724)
else 
    default: RandomForestClassifier(max_depth=5, min_samples_split=10, random_state=42)(support 19980, accuracy 0.77172 (majority pred 0.666))",2
3,fixed_rf,1.7061934823408974e-05,0,objective,0.1,0.001,opt,0.8330660296877666,0.8388615888615889,0.8309960077797113,0.9683170443561379,0.9702970297029703,0.9766474728087012,0.7700810243072922,0.776857013711014,0.762456721360831,0.31772735028152194,0.32053644553644556,0.3199918108301771,"HybridCORELSPreClassifier
if [age_low && marital_status_Single]:
  income = False(support 6754, accuracy 0.98194)
else if [relationship_Unmarried && capital_loss_0]:
  income = False(support 2557, accuracy 0.93234)
else 
    default: RandomForestClassifier(max_depth=5, min_samples_split=10, random_state=42)(support 19994, accuracy 0.77008 (majority pred 0.663))",2
4,fixed_rf,1.7061934823408974e-05,0,objective,0.1,0.001,opt,0.8351817096058693,0.832002457002457,0.8265943289998976,0.9717375013381865,0.9667300380228137,0.9700423314881146,0.7712883189741535,0.7676950998185118,0.7608241266049567,0.3187510663709265,0.3230958230958231,0.314361756576927,"HybridCORELSPreClassifier
if [age_low && marital_status_Single]:
  income = False(support 6790, accuracy 0.98292)
else if [relationship_Unmarried && capital_loss_0]:
  income = False(support 2551, accuracy 0.94198)
else 
    default: RandomForestClassifier(max_depth=5, min_samples_split=10, random_state=42)(support 19964, accuracy 0.77129 (majority pred 0.662))",2
0,fixed_rf,1.7061934823408974e-05,0,objective,0.01,0.0001,opt,0.8332707729056475,0.8327190827190827,0.8326338417442932,0.977698083604169,0.9799605781865965,0.9730089970009996,0.770042194092827,0.7660618679357525,0.7703900709219859,0.3044872888585566,0.3116298116298116,0.3071962329818815,"HybridCORELSPreClassifier
if [relationship_Own-child && capital_gain_0]:
  income = False(support 4440, accuracy 0.98896)
else if [education_HS-grad && marital_status_Single]:
  income = False(support 1610, accuracy 0.98012)
else if [occupation_Blue-Collar && marital_status_Single]:
  income = False(support 763, accuracy 0.96986)
else if [relationship_Unmarried && gender_Female]:
  income = False(support 2110, accuracy 0.95498)
else 
    default: RandomForestClassifier(max_depth=5, min_samples_split=10, random_state=42)(support 20382, accuracy 0.77004 (majority pred 0.668))",4
1,fixed_rf,1.7061934823408974e-05,0,objective,0.01,0.0001,opt,0.8313939600750725,0.8317977067977068,0.8375473436380387,0.9777802590442162,0.9768766756032171,0.975891677675033,0.7669664356970859,0.7679834905660378,0.7754042426939624,0.3056133765569016,0.30548730548730546,0.3099600777971133,"HybridCORELSPreClassifier
if [relationship_Own-child && capital_gain_0]:
  income = False(support 4424, accuracy 0.99141)
else if [education_HS-grad && marital_status_Single]:
  income = False(support 1667, accuracy 0.97600)
else if [occupation_Blue-Collar && marital_status_Single]:
  income = False(support 745, accuracy 0.96644)
else if [relationship_Unmarried && gender_Female]:
  income = False(support 2120, accuracy 0.95472)
else 
    default: RandomForestClassifier(max_depth=5, min_samples_split=10, random_state=42)(support 20349, accuracy 0.76697 (majority pred 0.665))",4
2,fixed_rf,1.7061934823408974e-05,0,objective,0.01,0.0001,opt,0.8359665586077462,0.8264742014742015,0.8353976865595251,0.978186775732788,0.9781629116117851,0.9805593451568895,0.7749109886358094,0.7628940868807206,0.7731461167178587,0.3003583006312916,0.2953521703521704,0.30013307400962225,"HybridCORELSPreClassifier
if [age_low && marital_status_Single]:
  income = False(support 6804, accuracy 0.98339)
else if [relationship_Not-in-family && age_low]:
  income = False(support 330, accuracy 0.95152)
else if [relationship_Own-child && capital_gain_0]:
  income = False(support 962, accuracy 0.96674)
else if [education_HS-grad && marital_status_Single]:
  income = False(support 706, accuracy 0.95609)
else 
    default: RandomForestClassifier(max_depth=5, min_samples_split=10, random_state=42)(support 20503, accuracy 0.77491 (majority pred 0.672))",4
3,fixed_rf,1.7061934823408974e-05,0,objective,0.01,0.0001,opt,0.8330660296877666,0.838963963963964,0.8308936431569249,0.9766466387030949,0.9796126401630989,0.9806451612903225,0.7712360867018161,0.7783150183150184,0.7662661195779601,0.3010066541545811,0.3012899262899263,0.301463814105845,"HybridCORELSPreClassifier
if [relationship_Own-child && hours_per_week_low]:
  income = False(support 2156, accuracy 0.99583)
else if [age_low && marital_status_Single]:
  income = False(support 4845, accuracy 0.97523)
else if [relationship_Not-in-family && age_low]:
  income = False(support 343, accuracy 0.96210)
else if [occupation_Blue-Collar && marital_status_Single]:
  income = False(support 731, accuracy 0.95759)
else if [education_HS-grad && marital_status_Single]:
  income = False(support 510, accuracy 0.96471)
else if [relationship_Own-child && gender_Female]:
  income = False(support 236, accuracy 0.93644)
else 
    default: RandomForestClassifier(max_depth=5, min_samples_split=10, random_state=42)(support 20484, accuracy 0.77124 (majority pred 0.667))",6
4,fixed_rf,1.7061934823408974e-05,0,objective,0.01,0.0001,opt,0.8351817096058693,0.832002457002457,0.826696693622684,0.979315831344471,0.9741847826086957,0.9802768166089966,0.7733346337657271,0.770662368112544,0.762174734699811,0.30025592902235115,0.3013923013923014,0.29583375985259497,"HybridCORELSPreClassifier
if [relationship_Own-child && age_low]:
  income = False(support 3779, accuracy 0.99338)
else if [age_low && marital_status_Single]:
  income = False(support 3203, accuracy 0.97003)
else if [relationship_Not-in-family && age_low]:
  income = False(support 320, accuracy 0.95937)
else if [education_HS-grad && marital_status_Single]:
  income = False(support 921, accuracy 0.97177)
else if [relationship_Own-child && capital_gain_0]:
  income = False(support 576, accuracy 0.96181)
else 
    default: RandomForestClassifier(max_depth=5, min_samples_split=10, random_state=42)(support 20506, accuracy 0.77333 (majority pred 0.667))",5
0,fixed_rf,1.7061934823408974e-05,0,objective,0.05,0.0001,opt,0.8332707729056475,0.8327190827190827,0.8326338417442932,0.977698083604169,0.9799605781865965,0.9730089970009996,0.770042194092827,0.7660618679357525,0.7703900709219859,0.3044872888585566,0.3116298116298116,0.3071962329818815,"HybridCORELSPreClassifier
if [relationship_Own-child && capital_gain_0]:
  income = False(support 4440, accuracy 0.98896)
else if [education_HS-grad && marital_status_Single]:
  income = False(support 1610, accuracy 0.98012)
else if [occupation_Blue-Collar && marital_status_Single]:
  income = False(support 763, accuracy 0.96986)
else if [relationship_Unmarried && gender_Female]:
  income = False(support 2110, accuracy 0.95498)
else 
    default: RandomForestClassifier(max_depth=5, min_samples_split=10, random_state=42)(support 20382, accuracy 0.77004 (majority pred 0.668))",4
1,fixed_rf,1.7061934823408974e-05,0,objective,0.05,0.0001,opt,0.8313939600750725,0.8317977067977068,0.8375473436380387,0.9777802590442162,0.9768766756032171,0.975891677675033,0.7669664356970859,0.7679834905660378,0.7754042426939624,0.3056133765569016,0.30548730548730546,0.3099600777971133,"HybridCORELSPreClassifier
if [relationship_Own-child && capital_gain_0]:
  income = False(support 4424, accuracy 0.99141)
else if [education_HS-grad && marital_status_Single]:
  income = False(support 1667, accuracy 0.97600)
else if [occupation_Blue-Collar && marital_status_Single]:
  income = False(support 745, accuracy 0.96644)
else if [relationship_Unmarried && gender_Female]:
  income = False(support 2120, accuracy 0.95472)
else 
    default: RandomForestClassifier(max_depth=5, min_samples_split=10, random_state=42)(support 20349, accuracy 0.76697 (majority pred 0.665))",4
2,fixed_rf,1.7061934823408974e-05,0,objective,0.05,0.0001,opt,0.8359665586077462,0.8264742014742015,0.8353976865595251,0.978186775732788,0.9781629116117851,0.9805593451568895,0.7749109886358094,0.7628940868807206,0.7731461167178587,0.3003583006312916,0.2953521703521704,0.30013307400962225,"HybridCORELSPreClassifier
if [age_low && marital_status_Single]:
  income = False(support 6804, accuracy 0.98339)
else if [relationship_Not-in-family && age_low]:
  income = False(support 330, accuracy 0.95152)
else if [relationship_Own-child && capital_gain_0]:
  income = False(support 962, accuracy 0.96674)
else if [education_HS-grad && marital_status_Single]:
  income = False(support 706, accuracy 0.95609)
else 
    default: RandomForestClassifier(max_depth=5, min_samples_split=10, random_state=42)(support 20503, accuracy 0.77491 (majority pred 0.672))",4
3,fixed_rf,1.7061934823408974e-05,0,objective,0.05,0.0001,opt,0.8330660296877666,0.838963963963964,0.8308936431569249,0.9766466387030949,0.9796126401630989,0.9806451612903225,0.7712360867018161,0.7783150183150184,0.7662661195779601,0.3010066541545811,0.3012899262899263,0.301463814105845,"HybridCORELSPreClassifier
if [relationship_Own-child && hours_per_week_low]:
  income = False(support 2156, accuracy 0.99583)
else if [age_low && marital_status_Single]:
  income = False(support 4845, accuracy 0.97523)
else if [relationship_Not-in-family && age_low]:
  income = False(support 343, accuracy 0.96210)
else if [occupation_Blue-Collar && marital_status_Single]:
  income = False(support 731, accuracy 0.95759)
else if [education_HS-grad && marital_status_Single]:
  income = False(support 510, accuracy 0.96471)
else if [relationship_Own-child && gender_Female]:
  income = False(support 236, accuracy 0.93644)
else 
    default: RandomForestClassifier(max_depth=5, min_samples_split=10, random_state=42)(support 20484, accuracy 0.77124 (majority pred 0.667))",6
4,fixed_rf,1.7061934823408974e-05,0,objective,0.05,0.0001,opt,0.8351817096058693,0.832002457002457,0.826696693622684,0.979315831344471,0.9741847826086957,0.9802768166089966,0.7733346337657271,0.770662368112544,0.762174734699811,0.30025592902235115,0.3013923013923014,0.29583375985259497,"HybridCORELSPreClassifier
if [relationship_Own-child && age_low]:
  income = False(support 3779, accuracy 0.99338)
else if [age_low && marital_status_Single]:
  income = False(support 3203, accuracy 0.97003)
else if [relationship_Not-in-family && age_low]:
  income = False(support 320, accuracy 0.95937)
else if [education_HS-grad && marital_status_Single]:
  income = False(support 921, accuracy 0.97177)
else if [relationship_Own-child && capital_gain_0]:
  income = False(support 576, accuracy 0.96181)
else 
    default: RandomForestClassifier(max_depth=5, min_samples_split=10, random_state=42)(support 20506, accuracy 0.77333 (majority pred 0.667))",5
0,fixed_rf,1.7061934823408974e-05,0,objective,0.1,0.0001,opt,0.8332366490360007,0.8327190827190827,0.8325314771215068,0.9691864804350144,0.974687600128164,0.9696870925684485,0.7692462109806283,0.7660598766360764,0.7697358603193554,0.32004777341750557,0.31951269451269454,0.3140546627085679,"HybridCORELSPreClassifier
if [age_low && marital_status_Single]:
  income = False(support 6812, accuracy 0.98194)
else if [relationship_Unmarried && capital_loss_0]:
  income = False(support 2567, accuracy 0.93533)
else 
    default: RandomForestClassifier(max_depth=5, min_samples_split=10, random_state=42)(support 19926, accuracy 0.76925 (majority pred 0.665))",2
1,fixed_rf,1.7061934823408974e-05,0,objective,0.1,0.0001,opt,0.8313939600750725,0.8314905814905815,0.8375473436380387,0.9709174714661984,0.9731075697211156,0.9701156812339332,0.7684346060516021,0.7683540556542333,0.775574583145561,0.31093670022180514,0.3083538083538084,0.318558706111168,"HybridCORELSPreClassifier
if [relationship_Own-child && capital_gain_0]:
  income = False(support 4424, accuracy 0.99141)
else if [hours_per_week_low && marital_status_Single]:
  income = False(support 1434, accuracy 0.97350)
else if [hours_per_week_low && age_low]:
  income = False(support 411, accuracy 0.90268)
else if [marital_status_Single && hours_per_week_middle]:
  income = False(support 2843, accuracy 0.94759)
else 
    default: RandomForestClassifier(max_depth=5, min_samples_split=10, random_state=42)(support 20193, accuracy 0.76843 (majority pred 0.666))",4
2,fixed_rf,1.7061934823408974e-05,0,objective,0.1,0.0001,opt,0.8359665586077462,0.8265765765765766,0.8353976865595251,0.9736193029490616,0.9732550554468362,0.9758327890267798,0.7717217217217217,0.7594747836466726,0.7712837334128523,0.31820508445657736,0.31388206388206386,0.31344047497184974,"HybridCORELSPreClassifier
if [age_low && marital_status_Single]:
  income = False(support 6804, accuracy 0.98339)
else if [relationship_Unmarried && capital_gain_0]:
  income = False(support 2521, accuracy 0.94724)
else 
    default: RandomForestClassifier(max_depth=5, min_samples_split=10, random_state=42)(support 19980, accuracy 0.77172 (majority pred 0.666))",2
3,fixed_rf,1.7061934823408974e-05,0,objective,0.1,0.0001,opt,0.832997781948473,0.838963963963964,0.8308936431569249,0.9705317827706899,0.9743849005729693,0.9711021505376344,0.7734252738654147,0.7798853109836789,0.7694685705873694,0.3022351134618666,0.30374692874692877,0.3046371174122223,"HybridCORELSPreClassifier
if [relationship_Own-child && age_low]:
  income = False(support 3727, accuracy 0.99168)
else if [relationship_Own-child && marital_status_Single]:
  income = False(support 510, accuracy 0.96078)
else if [hours_per_week_low && marital_status_Single]:
  income = False(support 1398, accuracy 0.97639)
else if [hours_per_week_low && age_low]:
  income = False(support 414, accuracy 0.91546)
else if [marital_status_Single && hours_per_week_middle]:
  income = False(support 2808, accuracy 0.94943)
else 
    default: RandomForestClassifier(max_depth=5, min_samples_split=10, random_state=42)(support 20448, accuracy 0.77343 (majority pred 0.669))",5
4,fixed_rf,1.7061934823408974e-05,0,objective,0.1,0.0001,opt,0.8351817096058693,0.832002457002457,0.8265943289998976,0.9718719689621726,0.9655073296924404,0.96973293768546,0.7609897341405633,0.7581491493083161,0.751211126738553,0.35181709605869305,0.3561629811629812,0.34496877879005017,"HybridCORELSPreClassifier
if [relationship_Own-child && capital_gain_0]:
  income = False(support 4472, accuracy 0.99128)
else if [age_low && marital_status_Single]:
  income = False(support 3287, accuracy 0.96866)
else if [relationship_Unmarried && capital_loss_0]:
  income = False(support 2551, accuracy 0.94198)
else 
    default: RandomForestClassifier(max_depth=5, min_samples_split=10, random_state=42)(support 18995, accuracy 0.76099 (majority pred 0.646))",3
0,fixed_rf,1.7061934823408974e-05,0,lower_bound,0.01,0.01,opt,0.8332707729056475,0.8327190827190827,0.8326338417442932,0.975566016588209,0.9810554803788903,0.9756181318681318,0.7709856252759653,0.768349970640047,0.771911914831559,0.30445316498890973,0.3026208026208026,0.298085781553895,"HybridCORELSPreClassifier
if [age_low && marital_status_Single]:
  income = False(support 6812, accuracy 0.98194)
else if [relationship_Unmarried && gender_Female]:
  income = False(support 2110, accuracy 0.95498)
else 
    default: RandomForestClassifier(max_depth=5, min_samples_split=10, random_state=42)(support 20383, accuracy 0.77099 (majority pred 0.669))",2
1,fixed_rf,1.7061934823408974e-05,0,lower_bound,0.01,0.01,opt,0.8314280839447193,0.8316953316953317,0.8375473436380387,0.9660778151078357,0.9690821256038648,0.9671814671814671,0.7695487598366371,0.7676722197208464,0.7770605014262123,0.31486094523118924,0.3178746928746929,0.3181492476200225,"HybridCORELSPreClassifier
if [marital_status_Single && capital_gain_0]:
  income = False(support 9227, accuracy 0.96608)
else 
    default: RandomForestClassifier(max_depth=5, min_samples_split=10, random_state=42)(support 20078, accuracy 0.76955 (majority pred 0.666))",1
2,fixed_rf,1.7061934823408974e-05,0,lower_bound,0.01,0.01,opt,0.8359665586077462,0.8264742014742015,0.8353976865595251,0.9664263424082643,0.9686572088419664,0.9666238767650834,0.7753847691385168,0.7625055662757904,0.7739365699684353,0.3171131206278792,0.3102989352989353,0.3189681646023134,"HybridCORELSPreClassifier
if [marital_status_Single && capital_gain_0]:
  income = False(support 9293, accuracy 0.96643)
else 
    default: RandomForestClassifier(max_depth=5, min_samples_split=10, random_state=42)(support 20012, accuracy 0.77538 (majority pred 0.670))",1
3,fixed_rf,1.7061934823408974e-05,0,lower_bound,0.01,0.01,opt,0.8330660296877666,0.838963963963964,0.8310983724024977,0.9649331031506259,0.971178756476684,0.9685473411154345,0.7720716674152818,0.7778443113772455,0.7676888556469709,0.31626002388670876,0.31613431613431614,0.31569249667314975,"HybridCORELSPreClassifier
if [marital_status_Single && capital_gain_0]:
  income = False(support 9268, accuracy 0.96493)
else 
    default: RandomForestClassifier(max_depth=5, min_samples_split=10, random_state=42)(support 20037, accuracy 0.77207 (majority pred 0.666))",1
4,fixed_rf,1.7061934823408974e-05,0,lower_bound,0.01,0.01,opt,0.8352499573451629,0.832002457002457,0.8265943289998976,0.9680862533692722,0.9662775616083009,0.9639727361246349,0.7737393909136295,0.7700478755236385,0.7633074162679426,0.3164988909742365,0.3157248157248157,0.31538540280479066,"HybridCORELSPreClassifier
if [marital_status_Single && capital_gain_0]:
  income = False(support 9275, accuracy 0.96809)
else 
    default: RandomForestClassifier(max_depth=5, min_samples_split=10, random_state=42)(support 20030, accuracy 0.77374 (majority pred 0.665))",1
0,fixed_rf,1.7061934823408974e-05,0,lower_bound,0.05,0.01,opt,0.8332707729056475,0.8327190827190827,0.8326338417442932,0.975566016588209,0.9810554803788903,0.9756181318681318,0.7709856252759653,0.768349970640047,0.771911914831559,0.30445316498890973,0.3026208026208026,0.298085781553895,"HybridCORELSPreClassifier
if [age_low && marital_status_Single]:
  income = False(support 6812, accuracy 0.98194)
else if [relationship_Unmarried && gender_Female]:
  income = False(support 2110, accuracy 0.95498)
else 
    default: RandomForestClassifier(max_depth=5, min_samples_split=10, random_state=42)(support 20383, accuracy 0.77099 (majority pred 0.669))",2
1,fixed_rf,1.7061934823408974e-05,0,lower_bound,0.05,0.01,opt,0.8314280839447193,0.8316953316953317,0.8375473436380387,0.9660778151078357,0.9690821256038648,0.9671814671814671,0.7695487598366371,0.7676722197208464,0.7770605014262123,0.31486094523118924,0.3178746928746929,0.3181492476200225,"HybridCORELSPreClassifier
if [marital_status_Single && capital_gain_0]:
  income = False(support 9227, accuracy 0.96608)
else 
    default: RandomForestClassifier(max_depth=5, min_samples_split=10, random_state=42)(support 20078, accuracy 0.76955 (majority pred 0.666))",1
2,fixed_rf,1.7061934823408974e-05,0,lower_bound,0.05,0.01,opt,0.8359665586077462,0.8264742014742015,0.8353976865595251,0.9664263424082643,0.9686572088419664,0.9666238767650834,0.7753847691385168,0.7625055662757904,0.7739365699684353,0.3171131206278792,0.3102989352989353,0.3189681646023134,"HybridCORELSPreClassifier
if [marital_status_Single && capital_gain_0]:
  income = False(support 9293, accuracy 0.96643)
else 
    default: RandomForestClassifier(max_depth=5, min_samples_split=10, random_state=42)(support 20012, accuracy 0.77538 (majority pred 0.670))",1
3,fixed_rf,1.7061934823408974e-05,0,lower_bound,0.05,0.01,opt,0.8330660296877666,0.838963963963964,0.8310983724024977,0.9649331031506259,0.971178756476684,0.9685473411154345,0.7720716674152818,0.7778443113772455,0.7676888556469709,0.31626002388670876,0.31613431613431614,0.31569249667314975,"HybridCORELSPreClassifier
if [marital_status_Single && capital_gain_0]:
  income = False(support 9268, accuracy 0.96493)
else 
    default: RandomForestClassifier(max_depth=5, min_samples_split=10, random_state=42)(support 20037, accuracy 0.77207 (majority pred 0.666))",1
4,fixed_rf,1.7061934823408974e-05,0,lower_bound,0.05,0.01,opt,0.8352499573451629,0.832002457002457,0.8265943289998976,0.9680862533692722,0.9662775616083009,0.9639727361246349,0.7737393909136295,0.7700478755236385,0.7633074162679426,0.3164988909742365,0.3157248157248157,0.31538540280479066,"HybridCORELSPreClassifier
if [marital_status_Single && capital_gain_0]:
  income = False(support 9275, accuracy 0.96809)
else 
    default: RandomForestClassifier(max_depth=5, min_samples_split=10, random_state=42)(support 20030, accuracy 0.77374 (majority pred 0.665))",1
0,fixed_rf,1.7061934823408974e-05,0,lower_bound,0.1,0.01,opt,0.8333048967752943,0.8325143325143325,0.8326338417442932,0.9640473627556513,0.9696871976781684,0.972777959986881,0.7726205345990507,0.7687115644217789,0.7690476190476191,0.3170107490189387,0.31746519246519245,0.312109734875627,"HybridCORELSPreClassifier
if [marital_status_Single && capital_gain_0]:
  income = False(support 9290, accuracy 0.96405)
else 
    default: RandomForestClassifier(max_depth=5, min_samples_split=10, random_state=42)(support 20015, accuracy 0.77262 (majority pred 0.669))",1
1,fixed_rf,1.7061934823408974e-05,0,lower_bound,0.1,0.01,opt,0.8314280839447193,0.8316953316953317,0.8375473436380387,0.9660778151078357,0.9690821256038648,0.9671814671814671,0.7695487598366371,0.7676722197208464,0.7770605014262123,0.31486094523118924,0.3178746928746929,0.3181492476200225,"HybridCORELSPreClassifier
if [marital_status_Single && capital_gain_0]:
  income = False(support 9227, accuracy 0.96608)
else 
    default: RandomForestClassifier(max_depth=5, min_samples_split=10, random_state=42)(support 20078, accuracy 0.76955 (majority pred 0.666))",1
2,fixed_rf,1.7061934823408974e-05,0,lower_bound,0.1,0.01,opt,0.8359665586077462,0.8264742014742015,0.8353976865595251,0.9664263424082643,0.9686572088419664,0.9666238767650834,0.7753847691385168,0.7625055662757904,0.7739365699684353,0.3171131206278792,0.3102989352989353,0.3189681646023134,"HybridCORELSPreClassifier
if [marital_status_Single && capital_gain_0]:
  income = False(support 9293, accuracy 0.96643)
else 
    default: RandomForestClassifier(max_depth=5, min_samples_split=10, random_state=42)(support 20012, accuracy 0.77538 (majority pred 0.670))",1
3,fixed_rf,1.7061934823408974e-05,0,lower_bound,0.1,0.01,opt,0.8330660296877666,0.838963963963964,0.8310983724024977,0.9649331031506259,0.971178756476684,0.9685473411154345,0.7720716674152818,0.7778443113772455,0.7676888556469709,0.31626002388670876,0.31613431613431614,0.31569249667314975,"HybridCORELSPreClassifier
if [marital_status_Single && capital_gain_0]:
  income = False(support 9268, accuracy 0.96493)
else 
    default: RandomForestClassifier(max_depth=5, min_samples_split=10, random_state=42)(support 20037, accuracy 0.77207 (majority pred 0.666))",1
4,fixed_rf,1.7061934823408974e-05,0,lower_bound,0.1,0.01,opt,0.8352499573451629,0.832002457002457,0.8265943289998976,0.9680862533692722,0.9662775616083009,0.9639727361246349,0.7737393909136295,0.7700478755236385,0.7633074162679426,0.3164988909742365,0.3157248157248157,0.31538540280479066,"HybridCORELSPreClassifier
if [marital_status_Single && capital_gain_0]:
  income = False(support 9275, accuracy 0.96809)
else 
    default: RandomForestClassifier(max_depth=5, min_samples_split=10, random_state=42)(support 20030, accuracy 0.77374 (majority pred 0.665))",1
0,fixed_rf,1.7061934823408974e-05,0,lower_bound,0.01,0.001,opt,0.8332707729056475,0.8327190827190827,0.8326338417442932,0.977698083604169,0.9799605781865965,0.9730089970009996,0.770042194092827,0.7660618679357525,0.7703900709219859,0.3044872888585566,0.3116298116298116,0.3071962329818815,"HybridCORELSPreClassifier
if [relationship_Own-child && capital_gain_0]:
  income = False(support 4440, accuracy 0.98896)
else if [education_HS-grad && marital_status_Single]:
  income = False(support 1610, accuracy 0.98012)
else if [occupation_Blue-Collar && marital_status_Single]:
  income = False(support 763, accuracy 0.96986)
else if [relationship_Unmarried && gender_Female]:
  income = False(support 2110, accuracy 0.95498)
else 
    default: RandomForestClassifier(max_depth=5, min_samples_split=10, random_state=42)(support 20382, accuracy 0.77004 (majority pred 0.668))",4
1,fixed_rf,1.7061934823408974e-05,0,lower_bound,0.01,0.001,opt,0.8313939600750725,0.8317977067977068,0.8375473436380387,0.9777802590442162,0.9768766756032171,0.975891677675033,0.7669664356970859,0.7679834905660378,0.7754042426939624,0.3056133765569016,0.30548730548730546,0.3099600777971133,"HybridCORELSPreClassifier
if [relationship_Own-child && capital_gain_0]:
  income = False(support 4424, accuracy 0.99141)
else if [education_HS-grad && marital_status_Single]:
  income = False(support 1667, accuracy 0.97600)
else if [occupation_Blue-Collar && marital_status_Single]:
  income = False(support 745, accuracy 0.96644)
else if [relationship_Unmarried && gender_Female]:
  income = False(support 2120, accuracy 0.95472)
else 
    default: RandomForestClassifier(max_depth=5, min_samples_split=10, random_state=42)(support 20349, accuracy 0.76697 (majority pred 0.665))",4
2,fixed_rf,1.7061934823408974e-05,0,lower_bound,0.01,0.001,opt,0.8359665586077462,0.8265765765765766,0.8353976865595251,0.9762305191164928,0.9758421231711466,0.9788540245566166,0.7746002158343962,0.7623370918143213,0.7738774316220565,0.3043507933799693,0.3008804258804259,0.30013307400962225,"HybridCORELSPreClassifier
if [age_low && marital_status_Single]:
  income = False(support 6804, accuracy 0.98339)
else if [relationship_Unmarried && gender_Female]:
  income = False(support 2115, accuracy 0.95319)
else 
    default: RandomForestClassifier(max_depth=5, min_samples_split=10, random_state=42)(support 20386, accuracy 0.77460 (majority pred 0.671))",2
3,fixed_rf,1.7061934823408974e-05,0,lower_bound,0.01,0.001,opt,0.8330660296877666,0.838963963963964,0.8309960077797113,0.9749010740531374,0.9780997304582211,0.9805172992945919,0.7717497556207233,0.778235294117647,0.7654593639575972,0.30182562702610477,0.30384930384930386,0.3047394820350087,"HybridCORELSPreClassifier
if [age_low && marital_status_Single]:
  income = False(support 6754, accuracy 0.98194)
else if [relationship_Unmarried && gender_Female]:
  income = False(support 2091, accuracy 0.95218)
else 
    default: RandomForestClassifier(max_depth=5, min_samples_split=10, random_state=42)(support 20460, accuracy 0.77175 (majority pred 0.668))",2
4,fixed_rf,1.7061934823408974e-05,0,lower_bound,0.01,0.001,opt,0.8352158334755161,0.832002457002457,0.826696693622684,0.9787371829465731,0.9729023832843617,0.9772117962466488,0.7688622754491018,0.7676360924683072,0.7605011053795137,0.3161576522777683,0.31357493857493857,0.30545603439451324,"HybridCORELSPreClassifier
if [hours_per_week_low && marital_status_Single]:
  income = False(support 3464, accuracy 0.99018)
else if [education_HS-grad && marital_status_Single]:
  income = False(support 2021, accuracy 0.98417)
else if [relationship_Own-child && capital_gain_0]:
  income = False(support 1711, accuracy 0.97954)
else if [relationship_Unmarried && gender_Female]:
  income = False(support 2069, accuracy 0.95360)
else 
    default: RandomForestClassifier(max_depth=5, min_samples_split=10, random_state=42)(support 20040, accuracy 0.76886 (majority pred 0.660))",4
0,fixed_rf,1.7061934823408974e-05,0,lower_bound,0.05,0.001,opt,0.8332707729056475,0.8327190827190827,0.8326338417442932,0.977698083604169,0.9799605781865965,0.9730089970009996,0.770042194092827,0.7660618679357525,0.7703900709219859,0.3044872888585566,0.3116298116298116,0.3071962329818815,"HybridCORELSPreClassifier
if [relationship_Own-child && capital_gain_0]:
  income = False(support 4440, accuracy 0.98896)
else if [education_HS-grad && marital_status_Single]:
  income = False(support 1610, accuracy 0.98012)
else if [occupation_Blue-Collar && marital_status_Single]:
  income = False(support 763, accuracy 0.96986)
else if [relationship_Unmarried && gender_Female]:
  income = False(support 2110, accuracy 0.95498)
else 
    default: RandomForestClassifier(max_depth=5, min_samples_split=10, random_state=42)(support 20382, accuracy 0.77004 (majority pred 0.668))",4
1,fixed_rf,1.7061934823408974e-05,0,lower_bound,0.05,0.001,opt,0.8313939600750725,0.8317977067977068,0.8375473436380387,0.9777802590442162,0.9768766756032171,0.975891677675033,0.7669664356970859,0.7679834905660378,0.7754042426939624,0.3056133765569016,0.30548730548730546,0.3099600777971133,"HybridCORELSPreClassifier
if [relationship_Own-child && capital_gain_0]:
  income = False(support 4424, accuracy 0.99141)
else if [education_HS-grad && marital_status_Single]:
  income = False(support 1667, accuracy 0.97600)
else if [occupation_Blue-Collar && marital_status_Single]:
  income = False(support 745, accuracy 0.96644)
else if [relationship_Unmarried && gender_Female]:
  income = False(support 2120, accuracy 0.95472)
else 
    default: RandomForestClassifier(max_depth=5, min_samples_split=10, random_state=42)(support 20349, accuracy 0.76697 (majority pred 0.665))",4
2,fixed_rf,1.7061934823408974e-05,0,lower_bound,0.05,0.001,opt,0.8359665586077462,0.8265765765765766,0.8353976865595251,0.9762305191164928,0.9758421231711466,0.9788540245566166,0.7746002158343962,0.7623370918143213,0.7738774316220565,0.3043507933799693,0.3008804258804259,0.30013307400962225,"HybridCORELSPreClassifier
if [age_low && marital_status_Single]:
  income = False(support 6804, accuracy 0.98339)
else if [relationship_Unmarried && gender_Female]:
  income = False(support 2115, accuracy 0.95319)
else 
    default: RandomForestClassifier(max_depth=5, min_samples_split=10, random_state=42)(support 20386, accuracy 0.77460 (majority pred 0.671))",2
3,fixed_rf,1.7061934823408974e-05,0,lower_bound,0.05,0.001,opt,0.8330660296877666,0.838963963963964,0.8309960077797113,0.9749010740531374,0.9780997304582211,0.9805172992945919,0.7717497556207233,0.778235294117647,0.7654593639575972,0.30182562702610477,0.30384930384930386,0.3047394820350087,"HybridCORELSPreClassifier
if [age_low && marital_status_Single]:
  income = False(support 6754, accuracy 0.98194)
else if [relationship_Unmarried && gender_Female]:
  income = False(support 2091, accuracy 0.95218)
else 
    default: RandomForestClassifier(max_depth=5, min_samples_split=10, random_state=42)(support 20460, accuracy 0.77175 (majority pred 0.668))",2
4,fixed_rf,1.7061934823408974e-05,0,lower_bound,0.05,0.001,opt,0.8352158334755161,0.832002457002457,0.826696693622684,0.9787371829465731,0.9729023832843617,0.9772117962466488,0.7688622754491018,0.7676360924683072,0.7605011053795137,0.3161576522777683,0.31357493857493857,0.30545603439451324,"HybridCORELSPreClassifier
if [hours_per_week_low && marital_status_Single]:
  income = False(support 3464, accuracy 0.99018)
else if [education_HS-grad && marital_status_Single]:
  income = False(support 2021, accuracy 0.98417)
else if [relationship_Own-child && capital_gain_0]:
  income = False(support 1711, accuracy 0.97954)
else if [relationship_Unmarried && gender_Female]:
  income = False(support 2069, accuracy 0.95360)
else 
    default: RandomForestClassifier(max_depth=5, min_samples_split=10, random_state=42)(support 20040, accuracy 0.76886 (majority pred 0.660))",4
0,fixed_rf,1.7061934823408974e-05,0,lower_bound,0.1,0.001,opt,0.8332366490360007,0.8327190827190827,0.8325314771215068,0.9691864804350144,0.974687600128164,0.9696870925684485,0.7692462109806283,0.7660598766360764,0.7697358603193554,0.32004777341750557,0.31951269451269454,0.3140546627085679,"HybridCORELSPreClassifier
if [age_low && marital_status_Single]:
  income = False(support 6812, accuracy 0.98194)
else if [relationship_Unmarried && capital_loss_0]:
  income = False(support 2567, accuracy 0.93533)
else 
    default: RandomForestClassifier(max_depth=5, min_samples_split=10, random_state=42)(support 19926, accuracy 0.76925 (majority pred 0.665))",2
1,fixed_rf,1.7061934823408974e-05,0,lower_bound,0.1,0.001,opt,0.8314280839447193,0.8316953316953317,0.8375473436380387,0.970492538987995,0.9747983870967742,0.9706553635474405,0.7706453511180855,0.7689929328621908,0.7766338406445837,0.3041460501620884,0.3046683046683047,0.31395229808578157,"HybridCORELSPreClassifier
if [relationship_Own-child && capital_gain_0]:
  income = False(support 4424, accuracy 0.99141)
else if [age_low && marital_status_Single]:
  income = False(support 3236, accuracy 0.96570)
else if [marital_status_Single && hours_per_week_middle]:
  income = False(support 1253, accuracy 0.90902)
else 
    default: RandomForestClassifier(max_depth=5, min_samples_split=10, random_state=42)(support 20392, accuracy 0.77065 (majority pred 0.669))",3
2,fixed_rf,1.7061934823408974e-05,0,lower_bound,0.1,0.001,opt,0.8359665586077462,0.8265765765765766,0.8353976865595251,0.9736193029490616,0.9732550554468362,0.9758327890267798,0.7717217217217217,0.7594747836466726,0.7712837334128523,0.31820508445657736,0.31388206388206386,0.31344047497184974,"HybridCORELSPreClassifier
if [age_low && marital_status_Single]:
  income = False(support 6804, accuracy 0.98339)
else if [relationship_Unmarried && capital_gain_0]:
  income = False(support 2521, accuracy 0.94724)
else 
    default: RandomForestClassifier(max_depth=5, min_samples_split=10, random_state=42)(support 19980, accuracy 0.77172 (majority pred 0.666))",2
3,fixed_rf,1.7061934823408974e-05,0,lower_bound,0.1,0.001,opt,0.8330660296877666,0.8388615888615889,0.8309960077797113,0.9683170443561379,0.9702970297029703,0.9766474728087012,0.7700810243072922,0.776857013711014,0.762456721360831,0.31772735028152194,0.32053644553644556,0.3199918108301771,"HybridCORELSPreClassifier
if [age_low && marital_status_Single]:
  income = False(support 6754, accuracy 0.98194)
else if [relationship_Unmarried && capital_loss_0]:
  income = False(support 2557, accuracy 0.93234)
else 
    default: RandomForestClassifier(max_depth=5, min_samples_split=10, random_state=42)(support 19994, accuracy 0.77008 (majority pred 0.663))",2
4,fixed_rf,1.7061934823408974e-05,0,lower_bound,0.1,0.001,opt,0.8351817096058693,0.832002457002457,0.8265943289998976,0.9717375013381865,0.9667300380228137,0.9700423314881146,0.7712883189741535,0.7676950998185118,0.7608241266049567,0.3187510663709265,0.3230958230958231,0.314361756576927,"HybridCORELSPreClassifier
if [age_low && marital_status_Single]:
  income = False(support 6790, accuracy 0.98292)
else if [relationship_Unmarried && capital_loss_0]:
  income = False(support 2551, accuracy 0.94198)
else 
    default: RandomForestClassifier(max_depth=5, min_samples_split=10, random_state=42)(support 19964, accuracy 0.77129 (majority pred 0.662))",2
0,fixed_rf,1.7061934823408974e-05,0,lower_bound,0.01,0.0001,opt,0.8332707729056475,0.8327190827190827,0.8326338417442932,0.977698083604169,0.9799605781865965,0.9730089970009996,0.770042194092827,0.7660618679357525,0.7703900709219859,0.3044872888585566,0.3116298116298116,0.3071962329818815,"HybridCORELSPreClassifier
if [relationship_Own-child && capital_gain_0]:
  income = False(support 4440, accuracy 0.98896)
else if [education_HS-grad && marital_status_Single]:
  income = False(support 1610, accuracy 0.98012)
else if [occupation_Blue-Collar && marital_status_Single]:
  income = False(support 763, accuracy 0.96986)
else if [relationship_Unmarried && gender_Female]:
  income = False(support 2110, accuracy 0.95498)
else 
    default: RandomForestClassifier(max_depth=5, min_samples_split=10, random_state=42)(support 20382, accuracy 0.77004 (majority pred 0.668))",4
1,fixed_rf,1.7061934823408974e-05,0,lower_bound,0.01,0.0001,opt,0.8313939600750725,0.8317977067977068,0.8375473436380387,0.9777802590442162,0.9768766756032171,0.975891677675033,0.7669664356970859,0.7679834905660378,0.7754042426939624,0.3056133765569016,0.30548730548730546,0.3099600777971133,"HybridCORELSPreClassifier
if [relationship_Own-child && capital_gain_0]:
  income = False(support 4424, accuracy 0.99141)
else if [education_HS-grad && marital_status_Single]:
  income = False(support 1667, accuracy 0.97600)
else if [occupation_Blue-Collar && marital_status_Single]:
  income = False(support 745, accuracy 0.96644)
else if [relationship_Unmarried && gender_Female]:
  income = False(support 2120, accuracy 0.95472)
else 
    default: RandomForestClassifier(max_depth=5, min_samples_split=10, random_state=42)(support 20349, accuracy 0.76697 (majority pred 0.665))",4
2,fixed_rf,1.7061934823408974e-05,0,lower_bound,0.01,0.0001,opt,0.8359665586077462,0.8264742014742015,0.8353976865595251,0.978186775732788,0.9781629116117851,0.9805593451568895,0.7749109886358094,0.7628940868807206,0.7731461167178587,0.3003583006312916,0.2953521703521704,0.30013307400962225,"HybridCORELSPreClassifier
if [age_low && marital_status_Single]:
  income = False(support 6804, accuracy 0.98339)
else if [relationship_Not-in-family && age_low]:
  income = False(support 330, accuracy 0.95152)
else if [relationship_Own-child && capital_gain_0]:
  income = False(support 962, accuracy 0.96674)
else if [education_HS-grad && marital_status_Single]:
  income = False(support 706, accuracy 0.95609)
else 
    default: RandomForestClassifier(max_depth=5, min_samples_split=10, random_state=42)(support 20503, accuracy 0.77491 (majority pred 0.672))",4
3,fixed_rf,1.7061934823408974e-05,0,lower_bound,0.01,0.0001,opt,0.8330660296877666,0.838963963963964,0.8308936431569249,0.9766466387030949,0.9796126401630989,0.9806451612903225,0.7712360867018161,0.7783150183150184,0.7662661195779601,0.3010066541545811,0.3012899262899263,0.301463814105845,"HybridCORELSPreClassifier
if [relationship_Own-child && hours_per_week_low]:
  income = False(support 2156, accuracy 0.99583)
else if [age_low && marital_status_Single]:
  income = False(support 4845, accuracy 0.97523)
else if [relationship_Not-in-family && age_low]:
  income = False(support 343, accuracy 0.96210)
else if [occupation_Blue-Collar && marital_status_Single]:
  income = False(support 731, accuracy 0.95759)
else if [education_HS-grad && marital_status_Single]:
  income = False(support 510, accuracy 0.96471)
else if [relationship_Own-child && gender_Female]:
  income = False(support 236, accuracy 0.93644)
else 
    default: RandomForestClassifier(max_depth=5, min_samples_split=10, random_state=42)(support 20484, accuracy 0.77124 (majority pred 0.667))",6
4,fixed_rf,1.7061934823408974e-05,0,lower_bound,0.01,0.0001,opt,0.8351817096058693,0.832002457002457,0.826696693622684,0.979315831344471,0.9741847826086957,0.9802768166089966,0.7733346337657271,0.770662368112544,0.762174734699811,0.30025592902235115,0.3013923013923014,0.29583375985259497,"HybridCORELSPreClassifier
if [relationship_Own-child && age_low]:
  income = False(support 3779, accuracy 0.99338)
else if [age_low && marital_status_Single]:
  income = False(support 3203, accuracy 0.97003)
else if [relationship_Not-in-family && age_low]:
  income = False(support 320, accuracy 0.95937)
else if [education_HS-grad && marital_status_Single]:
  income = False(support 921, accuracy 0.97177)
else if [relationship_Own-child && capital_gain_0]:
  income = False(support 576, accuracy 0.96181)
else 
    default: RandomForestClassifier(max_depth=5, min_samples_split=10, random_state=42)(support 20506, accuracy 0.77333 (majority pred 0.667))",5
0,fixed_rf,1.7061934823408974e-05,0,lower_bound,0.05,0.0001,opt,0.8332707729056475,0.8327190827190827,0.8326338417442932,0.977698083604169,0.9799605781865965,0.9730089970009996,0.770042194092827,0.7660618679357525,0.7703900709219859,0.3044872888585566,0.3116298116298116,0.3071962329818815,"HybridCORELSPreClassifier
if [relationship_Own-child && capital_gain_0]:
  income = False(support 4440, accuracy 0.98896)
else if [education_HS-grad && marital_status_Single]:
  income = False(support 1610, accuracy 0.98012)
else if [occupation_Blue-Collar && marital_status_Single]:
  income = False(support 763, accuracy 0.96986)
else if [relationship_Unmarried && gender_Female]:
  income = False(support 2110, accuracy 0.95498)
else 
    default: RandomForestClassifier(max_depth=5, min_samples_split=10, random_state=42)(support 20382, accuracy 0.77004 (majority pred 0.668))",4
1,fixed_rf,1.7061934823408974e-05,0,lower_bound,0.05,0.0001,opt,0.8313939600750725,0.8317977067977068,0.8375473436380387,0.9777802590442162,0.9768766756032171,0.975891677675033,0.7669664356970859,0.7679834905660378,0.7754042426939624,0.3056133765569016,0.30548730548730546,0.3099600777971133,"HybridCORELSPreClassifier
if [relationship_Own-child && capital_gain_0]:
  income = False(support 4424, accuracy 0.99141)
else if [education_HS-grad && marital_status_Single]:
  income = False(support 1667, accuracy 0.97600)
else if [occupation_Blue-Collar && marital_status_Single]:
  income = False(support 745, accuracy 0.96644)
else if [relationship_Unmarried && gender_Female]:
  income = False(support 2120, accuracy 0.95472)
else 
    default: RandomForestClassifier(max_depth=5, min_samples_split=10, random_state=42)(support 20349, accuracy 0.76697 (majority pred 0.665))",4
2,fixed_rf,1.7061934823408974e-05,0,lower_bound,0.05,0.0001,opt,0.8359665586077462,0.8264742014742015,0.8353976865595251,0.978186775732788,0.9781629116117851,0.9805593451568895,0.7749109886358094,0.7628940868807206,0.7731461167178587,0.3003583006312916,0.2953521703521704,0.30013307400962225,"HybridCORELSPreClassifier
if [age_low && marital_status_Single]:
  income = False(support 6804, accuracy 0.98339)
else if [relationship_Not-in-family && age_low]:
  income = False(support 330, accuracy 0.95152)
else if [relationship_Own-child && capital_gain_0]:
  income = False(support 962, accuracy 0.96674)
else if [education_HS-grad && marital_status_Single]:
  income = False(support 706, accuracy 0.95609)
else 
    default: RandomForestClassifier(max_depth=5, min_samples_split=10, random_state=42)(support 20503, accuracy 0.77491 (majority pred 0.672))",4
3,fixed_rf,1.7061934823408974e-05,0,lower_bound,0.05,0.0001,opt,0.8330660296877666,0.838963963963964,0.8308936431569249,0.9766466387030949,0.9796126401630989,0.9806451612903225,0.7712360867018161,0.7783150183150184,0.7662661195779601,0.3010066541545811,0.3012899262899263,0.301463814105845,"HybridCORELSPreClassifier
if [relationship_Own-child && hours_per_week_low]:
  income = False(support 2156, accuracy 0.99583)
else if [age_low && marital_status_Single]:
  income = False(support 4845, accuracy 0.97523)
else if [relationship_Not-in-family && age_low]:
  income = False(support 343, accuracy 0.96210)
else if [occupation_Blue-Collar && marital_status_Single]:
  income = False(support 731, accuracy 0.95759)
else if [education_HS-grad && marital_status_Single]:
  income = False(support 510, accuracy 0.96471)
else if [relationship_Own-child && gender_Female]:
  income = False(support 236, accuracy 0.93644)
else 
    default: RandomForestClassifier(max_depth=5, min_samples_split=10, random_state=42)(support 20484, accuracy 0.77124 (majority pred 0.667))",6
4,fixed_rf,1.7061934823408974e-05,0,lower_bound,0.05,0.0001,opt,0.8351817096058693,0.832002457002457,0.826696693622684,0.979315831344471,0.9741847826086957,0.9802768166089966,0.7733346337657271,0.770662368112544,0.762174734699811,0.30025592902235115,0.3013923013923014,0.29583375985259497,"HybridCORELSPreClassifier
if [relationship_Own-child && age_low]:
  income = False(support 3779, accuracy 0.99338)
else if [age_low && marital_status_Single]:
  income = False(support 3203, accuracy 0.97003)
else if [relationship_Not-in-family && age_low]:
  income = False(support 320, accuracy 0.95937)
else if [education_HS-grad && marital_status_Single]:
  income = False(support 921, accuracy 0.97177)
else if [relationship_Own-child && capital_gain_0]:
  income = False(support 576, accuracy 0.96181)
else 
    default: RandomForestClassifier(max_depth=5, min_samples_split=10, random_state=42)(support 20506, accuracy 0.77333 (majority pred 0.667))",5
0,fixed_rf,1.7061934823408974e-05,0,lower_bound,0.1,0.0001,opt,0.8332366490360007,0.8327190827190827,0.8325314771215068,0.9691864804350144,0.974687600128164,0.9696870925684485,0.7692462109806283,0.7660598766360764,0.7697358603193554,0.32004777341750557,0.31951269451269454,0.3140546627085679,"HybridCORELSPreClassifier
if [age_low && marital_status_Single]:
  income = False(support 6812, accuracy 0.98194)
else if [relationship_Unmarried && capital_loss_0]:
  income = False(support 2567, accuracy 0.93533)
else 
    default: RandomForestClassifier(max_depth=5, min_samples_split=10, random_state=42)(support 19926, accuracy 0.76925 (majority pred 0.665))",2
1,fixed_rf,1.7061934823408974e-05,0,lower_bound,0.1,0.0001,opt,0.8313939600750725,0.8314905814905815,0.8375473436380387,0.9709174714661984,0.9731075697211156,0.9701156812339332,0.7684346060516021,0.7683540556542333,0.775574583145561,0.31093670022180514,0.3083538083538084,0.318558706111168,"HybridCORELSPreClassifier
if [relationship_Own-child && capital_gain_0]:
  income = False(support 4424, accuracy 0.99141)
else if [hours_per_week_low && marital_status_Single]:
  income = False(support 1434, accuracy 0.97350)
else if [hours_per_week_low && age_low]:
  income = False(support 411, accuracy 0.90268)
else if [marital_status_Single && hours_per_week_middle]:
  income = False(support 2843, accuracy 0.94759)
else 
    default: RandomForestClassifier(max_depth=5, min_samples_split=10, random_state=42)(support 20193, accuracy 0.76843 (majority pred 0.666))",4
2,fixed_rf,1.7061934823408974e-05,0,lower_bound,0.1,0.0001,opt,0.8359665586077462,0.8265765765765766,0.8353976865595251,0.9736193029490616,0.9732550554468362,0.9758327890267798,0.7717217217217217,0.7594747836466726,0.7712837334128523,0.31820508445657736,0.31388206388206386,0.31344047497184974,"HybridCORELSPreClassifier
if [age_low && marital_status_Single]:
  income = False(support 6804, accuracy 0.98339)
else if [relationship_Unmarried && capital_gain_0]:
  income = False(support 2521, accuracy 0.94724)
else 
    default: RandomForestClassifier(max_depth=5, min_samples_split=10, random_state=42)(support 19980, accuracy 0.77172 (majority pred 0.666))",2
3,fixed_rf,1.7061934823408974e-05,0,lower_bound,0.1,0.0001,opt,0.832997781948473,0.838963963963964,0.8308936431569249,0.9705317827706899,0.9743849005729693,0.9711021505376344,0.7734252738654147,0.7798853109836789,0.7694685705873694,0.3022351134618666,0.30374692874692877,0.3046371174122223,"HybridCORELSPreClassifier
if [relationship_Own-child && age_low]:
  income = False(support 3727, accuracy 0.99168)
else if [relationship_Own-child && marital_status_Single]:
  income = False(support 510, accuracy 0.96078)
else if [hours_per_week_low && marital_status_Single]:
  income = False(support 1398, accuracy 0.97639)
else if [hours_per_week_low && age_low]:
  income = False(support 414, accuracy 0.91546)
else if [marital_status_Single && hours_per_week_middle]:
  income = False(support 2808, accuracy 0.94943)
else 
    default: RandomForestClassifier(max_depth=5, min_samples_split=10, random_state=42)(support 20448, accuracy 0.77343 (majority pred 0.669))",5
4,fixed_rf,1.7061934823408974e-05,0,lower_bound,0.1,0.0001,opt,0.8351817096058693,0.832002457002457,0.8265943289998976,0.9718719689621726,0.9655073296924404,0.96973293768546,0.7609897341405633,0.7581491493083161,0.751211126738553,0.35181709605869305,0.3561629811629812,0.34496877879005017,"HybridCORELSPreClassifier
if [relationship_Own-child && capital_gain_0]:
  income = False(support 4472, accuracy 0.99128)
else if [age_low && marital_status_Single]:
  income = False(support 3287, accuracy 0.96866)
else if [relationship_Unmarried && capital_loss_0]:
  income = False(support 2551, accuracy 0.94198)
else 
    default: RandomForestClassifier(max_depth=5, min_samples_split=10, random_state=42)(support 18995, accuracy 0.76099 (majority pred 0.646))",3
0,fixed_rf,1.7061934823408974e-05,0,bfs,0.01,0.01,opt,0.8332707729056475,0.8327190827190827,0.8326338417442932,0.975566016588209,0.9810554803788903,0.9756181318681318,0.7709856252759653,0.768349970640047,0.771911914831559,0.30445316498890973,0.3026208026208026,0.298085781553895,"HybridCORELSPreClassifier
if [age_low && marital_status_Single]:
  income = False(support 6812, accuracy 0.98194)
else if [relationship_Unmarried && gender_Female]:
  income = False(support 2110, accuracy 0.95498)
else 
    default: RandomForestClassifier(max_depth=5, min_samples_split=10, random_state=42)(support 20383, accuracy 0.77099 (majority pred 0.669))",2
1,fixed_rf,1.7061934823408974e-05,0,bfs,0.01,0.01,opt,0.8314280839447193,0.8316953316953317,0.8375473436380387,0.9660778151078357,0.9690821256038648,0.9671814671814671,0.7695487598366371,0.7676722197208464,0.7770605014262123,0.31486094523118924,0.3178746928746929,0.3181492476200225,"HybridCORELSPreClassifier
if [marital_status_Single && capital_gain_0]:
  income = False(support 9227, accuracy 0.96608)
else 
    default: RandomForestClassifier(max_depth=5, min_samples_split=10, random_state=42)(support 20078, accuracy 0.76955 (majority pred 0.666))",1
2,fixed_rf,1.7061934823408974e-05,0,bfs,0.01,0.01,opt,0.8359665586077462,0.8264742014742015,0.8353976865595251,0.9664263424082643,0.9686572088419664,0.9666238767650834,0.7753847691385168,0.7625055662757904,0.7739365699684353,0.3171131206278792,0.3102989352989353,0.3189681646023134,"HybridCORELSPreClassifier
if [marital_status_Single && capital_gain_0]:
  income = False(support 9293, accuracy 0.96643)
else 
    default: RandomForestClassifier(max_depth=5, min_samples_split=10, random_state=42)(support 20012, accuracy 0.77538 (majority pred 0.670))",1
3,fixed_rf,1.7061934823408974e-05,0,bfs,0.01,0.01,opt,0.8330660296877666,0.838963963963964,0.8310983724024977,0.9649331031506259,0.971178756476684,0.9685473411154345,0.7720716674152818,0.7778443113772455,0.7676888556469709,0.31626002388670876,0.31613431613431614,0.31569249667314975,"HybridCORELSPreClassifier
if [marital_status_Single && capital_gain_0]:
  income = False(support 9268, accuracy 0.96493)
else 
    default: RandomForestClassifier(max_depth=5, min_samples_split=10, random_state=42)(support 20037, accuracy 0.77207 (majority pred 0.666))",1
4,fixed_rf,1.7061934823408974e-05,0,bfs,0.01,0.01,opt,0.8352499573451629,0.832002457002457,0.8265943289998976,0.9680862533692722,0.9662775616083009,0.9639727361246349,0.7737393909136295,0.7700478755236385,0.7633074162679426,0.3164988909742365,0.3157248157248157,0.31538540280479066,"HybridCORELSPreClassifier
if [marital_status_Single && capital_gain_0]:
  income = False(support 9275, accuracy 0.96809)
else 
    default: RandomForestClassifier(max_depth=5, min_samples_split=10, random_state=42)(support 20030, accuracy 0.77374 (majority pred 0.665))",1
0,fixed_rf,1.7061934823408974e-05,0,bfs,0.05,0.01,opt,0.8332707729056475,0.8327190827190827,0.8326338417442932,0.975566016588209,0.9810554803788903,0.9756181318681318,0.7709856252759653,0.768349970640047,0.771911914831559,0.30445316498890973,0.3026208026208026,0.298085781553895,"HybridCORELSPreClassifier
if [age_low && marital_status_Single]:
  income = False(support 6812, accuracy 0.98194)
else if [relationship_Unmarried && gender_Female]:
  income = False(support 2110, accuracy 0.95498)
else 
    default: RandomForestClassifier(max_depth=5, min_samples_split=10, random_state=42)(support 20383, accuracy 0.77099 (majority pred 0.669))",2
1,fixed_rf,1.7061934823408974e-05,0,bfs,0.05,0.01,opt,0.8314280839447193,0.8316953316953317,0.8375473436380387,0.9660778151078357,0.9690821256038648,0.9671814671814671,0.7695487598366371,0.7676722197208464,0.7770605014262123,0.31486094523118924,0.3178746928746929,0.3181492476200225,"HybridCORELSPreClassifier
if [marital_status_Single && capital_gain_0]:
  income = False(support 9227, accuracy 0.96608)
else 
    default: RandomForestClassifier(max_depth=5, min_samples_split=10, random_state=42)(support 20078, accuracy 0.76955 (majority pred 0.666))",1
2,fixed_rf,1.7061934823408974e-05,0,bfs,0.05,0.01,opt,0.8359665586077462,0.8264742014742015,0.8353976865595251,0.9664263424082643,0.9686572088419664,0.9666238767650834,0.7753847691385168,0.7625055662757904,0.7739365699684353,0.3171131206278792,0.3102989352989353,0.3189681646023134,"HybridCORELSPreClassifier
if [marital_status_Single && capital_gain_0]:
  income = False(support 9293, accuracy 0.96643)
else 
    default: RandomForestClassifier(max_depth=5, min_samples_split=10, random_state=42)(support 20012, accuracy 0.77538 (majority pred 0.670))",1
3,fixed_rf,1.7061934823408974e-05,0,bfs,0.05,0.01,opt,0.8330660296877666,0.838963963963964,0.8310983724024977,0.9649331031506259,0.971178756476684,0.9685473411154345,0.7720716674152818,0.7778443113772455,0.7676888556469709,0.31626002388670876,0.31613431613431614,0.31569249667314975,"HybridCORELSPreClassifier
if [marital_status_Single && capital_gain_0]:
  income = False(support 9268, accuracy 0.96493)
else 
    default: RandomForestClassifier(max_depth=5, min_samples_split=10, random_state=42)(support 20037, accuracy 0.77207 (majority pred 0.666))",1
4,fixed_rf,1.7061934823408974e-05,0,bfs,0.05,0.01,opt,0.8352499573451629,0.832002457002457,0.8265943289998976,0.9680862533692722,0.9662775616083009,0.9639727361246349,0.7737393909136295,0.7700478755236385,0.7633074162679426,0.3164988909742365,0.3157248157248157,0.31538540280479066,"HybridCORELSPreClassifier
if [marital_status_Single && capital_gain_0]:
  income = False(support 9275, accuracy 0.96809)
else 
    default: RandomForestClassifier(max_depth=5, min_samples_split=10, random_state=42)(support 20030, accuracy 0.77374 (majority pred 0.665))",1
0,fixed_rf,1.7061934823408974e-05,0,bfs,0.1,0.01,opt,0.8333048967752943,0.8325143325143325,0.8326338417442932,0.9640473627556513,0.9696871976781684,0.972777959986881,0.7726205345990507,0.7687115644217789,0.7690476190476191,0.3170107490189387,0.31746519246519245,0.312109734875627,"HybridCORELSPreClassifier
if [marital_status_Single && capital_gain_0]:
  income = False(support 9290, accuracy 0.96405)
else 
    default: RandomForestClassifier(max_depth=5, min_samples_split=10, random_state=42)(support 20015, accuracy 0.77262 (majority pred 0.669))",1
1,fixed_rf,1.7061934823408974e-05,0,bfs,0.1,0.01,opt,0.8314280839447193,0.8316953316953317,0.8375473436380387,0.9660778151078357,0.9690821256038648,0.9671814671814671,0.7695487598366371,0.7676722197208464,0.7770605014262123,0.31486094523118924,0.3178746928746929,0.3181492476200225,"HybridCORELSPreClassifier
if [marital_status_Single && capital_gain_0]:
  income = False(support 9227, accuracy 0.96608)
else 
    default: RandomForestClassifier(max_depth=5, min_samples_split=10, random_state=42)(support 20078, accuracy 0.76955 (majority pred 0.666))",1
2,fixed_rf,1.7061934823408974e-05,0,bfs,0.1,0.01,opt,0.8359665586077462,0.8264742014742015,0.8353976865595251,0.9664263424082643,0.9686572088419664,0.9666238767650834,0.7753847691385168,0.7625055662757904,0.7739365699684353,0.3171131206278792,0.3102989352989353,0.3189681646023134,"HybridCORELSPreClassifier
if [marital_status_Single && capital_gain_0]:
  income = False(support 9293, accuracy 0.96643)
else 
    default: RandomForestClassifier(max_depth=5, min_samples_split=10, random_state=42)(support 20012, accuracy 0.77538 (majority pred 0.670))",1
3,fixed_rf,1.7061934823408974e-05,0,bfs,0.1,0.01,opt,0.8330660296877666,0.838963963963964,0.8310983724024977,0.9649331031506259,0.971178756476684,0.9685473411154345,0.7720716674152818,0.7778443113772455,0.7676888556469709,0.31626002388670876,0.31613431613431614,0.31569249667314975,"HybridCORELSPreClassifier
if [marital_status_Single && capital_gain_0]:
  income = False(support 9268, accuracy 0.96493)
else 
    default: RandomForestClassifier(max_depth=5, min_samples_split=10, random_state=42)(support 20037, accuracy 0.77207 (majority pred 0.666))",1
4,fixed_rf,1.7061934823408974e-05,0,bfs,0.1,0.01,opt,0.8352499573451629,0.832002457002457,0.8265943289998976,0.9680862533692722,0.9662775616083009,0.9639727361246349,0.7737393909136295,0.7700478755236385,0.7633074162679426,0.3164988909742365,0.3157248157248157,0.31538540280479066,"HybridCORELSPreClassifier
if [marital_status_Single && capital_gain_0]:
  income = False(support 9275, accuracy 0.96809)
else 
    default: RandomForestClassifier(max_depth=5, min_samples_split=10, random_state=42)(support 20030, accuracy 0.77374 (majority pred 0.665))",1
0,fixed_rf,1.7061934823408974e-05,0,bfs,0.01,0.001,opt,0.8332707729056475,0.8327190827190827,0.8326338417442932,0.977698083604169,0.9799605781865965,0.9730089970009996,0.770042194092827,0.7660618679357525,0.7703900709219859,0.3044872888585566,0.3116298116298116,0.3071962329818815,"HybridCORELSPreClassifier
if [occupation_Blue-Collar && marital_status_Single]:
  income = False(support 2466, accuracy 0.98297)
else if [relationship_Own-child && capital_gain_0]:
  income = False(support 3382, accuracy 0.98669)
else if [education_HS-grad && marital_status_Single]:
  income = False(support 965, accuracy 0.98238)
else if [relationship_Unmarried && gender_Female]:
  income = False(support 2110, accuracy 0.95498)
else 
    default: RandomForestClassifier(max_depth=5, min_samples_split=10, random_state=42)(support 20382, accuracy 0.77004 (majority pred 0.668))",4
1,fixed_rf,1.7061934823408974e-05,0,bfs,0.01,0.001,opt,0.8313939600750725,0.8317977067977068,0.8375473436380387,0.9777802590442162,0.9768766756032171,0.975891677675033,0.7669664356970859,0.7679834905660378,0.7754042426939624,0.3056133765569016,0.30548730548730546,0.3099600777971133,"HybridCORELSPreClassifier
if [relationship_Own-child && capital_gain_0]:
  income = False(support 4424, accuracy 0.99141)
else if [occupation_Blue-Collar && marital_status_Single]:
  income = False(support 1428, accuracy 0.97129)
else if [education_HS-grad && marital_status_Single]:
  income = False(support 984, accuracy 0.97561)
else if [relationship_Unmarried && gender_Female]:
  income = False(support 2120, accuracy 0.95472)
else 
    default: RandomForestClassifier(max_depth=5, min_samples_split=10, random_state=42)(support 20349, accuracy 0.76697 (majority pred 0.665))",4
2,fixed_rf,1.7061934823408974e-05,0,bfs,0.01,0.001,opt,0.8359665586077462,0.8265765765765766,0.8353976865595251,0.9762305191164928,0.9758421231711466,0.9788540245566166,0.7746002158343962,0.7623370918143213,0.7738774316220565,0.3043507933799693,0.3008804258804259,0.30013307400962225,"HybridCORELSPreClassifier
if [age_low && marital_status_Single]:
  income = False(support 6804, accuracy 0.98339)
else if [relationship_Unmarried && gender_Female]:
  income = False(support 2115, accuracy 0.95319)
else 
    default: RandomForestClassifier(max_depth=5, min_samples_split=10, random_state=42)(support 20386, accuracy 0.77460 (majority pred 0.671))",2
3,fixed_rf,1.7061934823408974e-05,0,bfs,0.01,0.001,opt,0.8330660296877666,0.838963963963964,0.8309960077797113,0.9749010740531374,0.9780997304582211,0.9805172992945919,0.7717497556207233,0.778235294117647,0.7654593639575972,0.30182562702610477,0.30384930384930386,0.3047394820350087,"HybridCORELSPreClassifier
if [age_low && marital_status_Single]:
  income = False(support 6754, accuracy 0.98194)
else if [relationship_Unmarried && gender_Female]:
  income = False(support 2091, accuracy 0.95218)
else 
    default: RandomForestClassifier(max_depth=5, min_samples_split=10, random_state=42)(support 20460, accuracy 0.77175 (majority pred 0.668))",2
4,fixed_rf,1.7061934823408974e-05,0,bfs,0.01,0.001,opt,0.8352158334755161,0.832002457002457,0.826696693622684,0.9787371829465731,0.9729023832843617,0.9772117962466488,0.7688622754491018,0.7676360924683072,0.7605011053795137,0.3161576522777683,0.31357493857493857,0.30545603439451324,"HybridCORELSPreClassifier
if [hours_per_week_low && marital_status_Single]:
  income = False(support 3464, accuracy 0.99018)
else if [relationship_Own-child && capital_gain_0]:
  income = False(support 2430, accuracy 0.98477)
else if [education_HS-grad && marital_status_Single]:
  income = False(support 1302, accuracy 0.97696)
else if [relationship_Unmarried && gender_Female]:
  income = False(support 2069, accuracy 0.95360)
else 
    default: RandomForestClassifier(max_depth=5, min_samples_split=10, random_state=42)(support 20040, accuracy 0.76886 (majority pred 0.660))",4
0,fixed_rf,1.7061934823408974e-05,0,bfs,0.05,0.001,opt,0.8332707729056475,0.8327190827190827,0.8326338417442932,0.977698083604169,0.9799605781865965,0.9730089970009996,0.770042194092827,0.7660618679357525,0.7703900709219859,0.3044872888585566,0.3116298116298116,0.3071962329818815,"HybridCORELSPreClassifier
if [occupation_Blue-Collar && marital_status_Single]:
  income = False(support 2466, accuracy 0.98297)
else if [relationship_Own-child && capital_gain_0]:
  income = False(support 3382, accuracy 0.98669)
else if [education_HS-grad && marital_status_Single]:
  income = False(support 965, accuracy 0.98238)
else if [relationship_Unmarried && gender_Female]:
  income = False(support 2110, accuracy 0.95498)
else 
    default: RandomForestClassifier(max_depth=5, min_samples_split=10, random_state=42)(support 20382, accuracy 0.77004 (majority pred 0.668))",4
1,fixed_rf,1.7061934823408974e-05,0,bfs,0.05,0.001,opt,0.8313939600750725,0.8317977067977068,0.8375473436380387,0.9777802590442162,0.9768766756032171,0.975891677675033,0.7669664356970859,0.7679834905660378,0.7754042426939624,0.3056133765569016,0.30548730548730546,0.3099600777971133,"HybridCORELSPreClassifier
if [relationship_Own-child && capital_gain_0]:
  income = False(support 4424, accuracy 0.99141)
else if [occupation_Blue-Collar && marital_status_Single]:
  income = False(support 1428, accuracy 0.97129)
else if [education_HS-grad && marital_status_Single]:
  income = False(support 984, accuracy 0.97561)
else if [relationship_Unmarried && gender_Female]:
  income = False(support 2120, accuracy 0.95472)
else 
    default: RandomForestClassifier(max_depth=5, min_samples_split=10, random_state=42)(support 20349, accuracy 0.76697 (majority pred 0.665))",4
2,fixed_rf,1.7061934823408974e-05,0,bfs,0.05,0.001,opt,0.8359665586077462,0.8265765765765766,0.8353976865595251,0.9762305191164928,0.9758421231711466,0.9788540245566166,0.7746002158343962,0.7623370918143213,0.7738774316220565,0.3043507933799693,0.3008804258804259,0.30013307400962225,"HybridCORELSPreClassifier
if [age_low && marital_status_Single]:
  income = False(support 6804, accuracy 0.98339)
else if [relationship_Unmarried && gender_Female]:
  income = False(support 2115, accuracy 0.95319)
else 
    default: RandomForestClassifier(max_depth=5, min_samples_split=10, random_state=42)(support 20386, accuracy 0.77460 (majority pred 0.671))",2
3,fixed_rf,1.7061934823408974e-05,0,bfs,0.05,0.001,opt,0.8330660296877666,0.838963963963964,0.8309960077797113,0.9749010740531374,0.9780997304582211,0.9805172992945919,0.7717497556207233,0.778235294117647,0.7654593639575972,0.30182562702610477,0.30384930384930386,0.3047394820350087,"HybridCORELSPreClassifier
if [age_low && marital_status_Single]:
  income = False(support 6754, accuracy 0.98194)
else if [relationship_Unmarried && gender_Female]:
  income = False(support 2091, accuracy 0.95218)
else 
    default: RandomForestClassifier(max_depth=5, min_samples_split=10, random_state=42)(support 20460, accuracy 0.77175 (majority pred 0.668))",2
4,fixed_rf,1.7061934823408974e-05,0,bfs,0.05,0.001,opt,0.8352158334755161,0.832002457002457,0.826696693622684,0.9787371829465731,0.9729023832843617,0.9772117962466488,0.7688622754491018,0.7676360924683072,0.7605011053795137,0.3161576522777683,0.31357493857493857,0.30545603439451324,"HybridCORELSPreClassifier
if [hours_per_week_low && marital_status_Single]:
  income = False(support 3464, accuracy 0.99018)
else if [relationship_Own-child && capital_gain_0]:
  income = False(support 2430, accuracy 0.98477)
else if [education_HS-grad && marital_status_Single]:
  income = False(support 1302, accuracy 0.97696)
else if [relationship_Unmarried && gender_Female]:
  income = False(support 2069, accuracy 0.95360)
else 
    default: RandomForestClassifier(max_depth=5, min_samples_split=10, random_state=42)(support 20040, accuracy 0.76886 (majority pred 0.660))",4
0,fixed_rf,1.7061934823408974e-05,0,bfs,0.1,0.001,opt,0.8332366490360007,0.8327190827190827,0.8325314771215068,0.9691864804350144,0.974687600128164,0.9696870925684485,0.7692462109806283,0.7660598766360764,0.7697358603193554,0.32004777341750557,0.31951269451269454,0.3140546627085679,"HybridCORELSPreClassifier
if [age_low && marital_status_Single]:
  income = False(support 6812, accuracy 0.98194)
else if [relationship_Unmarried && capital_loss_0]:
  income = False(support 2567, accuracy 0.93533)
else 
    default: RandomForestClassifier(max_depth=5, min_samples_split=10, random_state=42)(support 19926, accuracy 0.76925 (majority pred 0.665))",2
1,fixed_rf,1.7061934823408974e-05,0,bfs,0.1,0.001,opt,0.8314280839447193,0.8316953316953317,0.8375473436380387,0.970492538987995,0.9747983870967742,0.9706553635474405,0.7706453511180855,0.7689929328621908,0.7766338406445837,0.3041460501620884,0.3046683046683047,0.31395229808578157,"HybridCORELSPreClassifier
if [relationship_Own-child && capital_gain_0]:
  income = False(support 4424, accuracy 0.99141)
else if [age_low && marital_status_Single]:
  income = False(support 3236, accuracy 0.96570)
else if [marital_status_Single && hours_per_week_middle]:
  income = False(support 1253, accuracy 0.90902)
else 
    default: RandomForestClassifier(max_depth=5, min_samples_split=10, random_state=42)(support 20392, accuracy 0.77065 (majority pred 0.669))",3
2,fixed_rf,1.7061934823408974e-05,0,bfs,0.1,0.001,opt,0.8359665586077462,0.8265765765765766,0.8353976865595251,0.9736193029490616,0.9732550554468362,0.9758327890267798,0.7717217217217217,0.7594747836466726,0.7712837334128523,0.31820508445657736,0.31388206388206386,0.31344047497184974,"HybridCORELSPreClassifier
if [age_low && marital_status_Single]:
  income = False(support 6804, accuracy 0.98339)
else if [relationship_Unmarried && capital_gain_0]:
  income = False(support 2521, accuracy 0.94724)
else 
    default: RandomForestClassifier(max_depth=5, min_samples_split=10, random_state=42)(support 19980, accuracy 0.77172 (majority pred 0.666))",2
3,fixed_rf,1.7061934823408974e-05,0,bfs,0.1,0.001,opt,0.8330660296877666,0.8388615888615889,0.8309960077797113,0.9683170443561379,0.9702970297029703,0.9766474728087012,0.7700810243072922,0.776857013711014,0.762456721360831,0.31772735028152194,0.32053644553644556,0.3199918108301771,"HybridCORELSPreClassifier
if [age_low && marital_status_Single]:
  income = False(support 6754, accuracy 0.98194)
else if [relationship_Unmarried && capital_loss_0]:
  income = False(support 2557, accuracy 0.93234)
else 
    default: RandomForestClassifier(max_depth=5, min_samples_split=10, random_state=42)(support 19994, accuracy 0.77008 (majority pred 0.663))",2
4,fixed_rf,1.7061934823408974e-05,0,bfs,0.1,0.001,opt,0.8351817096058693,0.832002457002457,0.8265943289998976,0.9717375013381865,0.9667300380228137,0.9700423314881146,0.7712883189741535,0.7676950998185118,0.7608241266049567,0.3187510663709265,0.3230958230958231,0.314361756576927,"HybridCORELSPreClassifier
if [age_low && marital_status_Single]:
  income = False(support 6790, accuracy 0.98292)
else if [relationship_Unmarried && capital_loss_0]:
  income = False(support 2551, accuracy 0.94198)
else 
    default: RandomForestClassifier(max_depth=5, min_samples_split=10, random_state=42)(support 19964, accuracy 0.77129 (majority pred 0.662))",2
0,fixed_rf,1.7061934823408974e-05,0,bfs,0.01,0.0001,opt,0.8332707729056475,0.8327190827190827,0.8326338417442932,0.977698083604169,0.9799605781865965,0.9730089970009996,0.770042194092827,0.7660618679357525,0.7703900709219859,0.3044872888585566,0.3116298116298116,0.3071962329818815,"HybridCORELSPreClassifier
if [occupation_Blue-Collar && marital_status_Single]:
  income = False(support 2466, accuracy 0.98297)
else if [relationship_Own-child && capital_gain_0]:
  income = False(support 3382, accuracy 0.98669)
else if [education_HS-grad && marital_status_Single]:
  income = False(support 965, accuracy 0.98238)
else if [relationship_Unmarried && gender_Female]:
  income = False(support 2110, accuracy 0.95498)
else 
    default: RandomForestClassifier(max_depth=5, min_samples_split=10, random_state=42)(support 20382, accuracy 0.77004 (majority pred 0.668))",4
1,fixed_rf,1.7061934823408974e-05,0,bfs,0.01,0.0001,opt,0.8313939600750725,0.8317977067977068,0.8375473436380387,0.9777802590442162,0.9768766756032171,0.975891677675033,0.7669664356970859,0.7679834905660378,0.7754042426939624,0.3056133765569016,0.30548730548730546,0.3099600777971133,"HybridCORELSPreClassifier
if [education_HS-grad && marital_status_Single]:
  income = False(support 2809, accuracy 0.98434)
else if [occupation_Blue-Collar && marital_status_Single]:
  income = False(support 1282, accuracy 0.97972)
else if [relationship_Own-child && capital_gain_0]:
  income = False(support 2745, accuracy 0.98798)
else if [relationship_Unmarried && gender_Female]:
  income = False(support 2120, accuracy 0.95472)
else 
    default: RandomForestClassifier(max_depth=5, min_samples_split=10, random_state=42)(support 20349, accuracy 0.76697 (majority pred 0.665))",4
2,fixed_rf,1.7061934823408974e-05,0,bfs,0.01,0.0001,opt,0.8359665586077462,0.8264742014742015,0.8353976865595251,0.978186775732788,0.9781629116117851,0.9805593451568895,0.7749109886358094,0.7628940868807206,0.7731461167178587,0.3003583006312916,0.2953521703521704,0.30013307400962225,"HybridCORELSPreClassifier
if [age_low && marital_status_Single]:
  income = False(support 6804, accuracy 0.98339)
else if [education_HS-grad && marital_status_Single]:
  income = False(support 909, accuracy 0.96370)
else if [relationship_Own-child && capital_gain_0]:
  income = False(support 759, accuracy 0.96047)
else if [relationship_Not-in-family && age_low]:
  income = False(support 330, accuracy 0.95152)
else 
    default: RandomForestClassifier(max_depth=5, min_samples_split=10, random_state=42)(support 20503, accuracy 0.77491 (majority pred 0.672))",4
3,fixed_rf,1.7061934823408974e-05,0,bfs,0.01,0.0001,opt,0.8330660296877666,0.838963963963964,0.8308936431569249,0.9766466387030949,0.9796126401630989,0.9806451612903225,0.7712360867018161,0.7783150183150184,0.7662661195779601,0.3010066541545811,0.3012899262899263,0.301463814105845,"HybridCORELSPreClassifier
if [education_HS-grad && marital_status_Single]:
  income = False(support 2881, accuracy 0.98403)
else if [age_low && marital_status_Single]:
  income = False(support 4809, accuracy 0.97692)
else if [occupation_Blue-Collar && marital_status_Single]:
  income = False(support 368, accuracy 0.96196)
else if [relationship_Not-in-family && age_low]:
  income = False(support 343, accuracy 0.96210)
else if [relationship_Own-child && hours_per_week_low]:
  income = False(support 184, accuracy 0.96196)
else if [relationship_Own-child && gender_Female]:
  income = False(support 236, accuracy 0.93644)
else 
    default: RandomForestClassifier(max_depth=5, min_samples_split=10, random_state=42)(support 20484, accuracy 0.77124 (majority pred 0.667))",6
4,fixed_rf,1.7061934823408974e-05,0,bfs,0.01,0.0001,opt,0.8351817096058693,0.832002457002457,0.826696693622684,0.979315831344471,0.9741847826086957,0.9802768166089966,0.7733346337657271,0.770662368112544,0.762174734699811,0.30025592902235115,0.3013923013923014,0.29583375985259497,"HybridCORELSPreClassifier
if [relationship_Own-child && age_low]:
  income = False(support 3779, accuracy 0.99338)
else if [age_low && marital_status_Single]:
  income = False(support 3203, accuracy 0.97003)
else if [relationship_Not-in-family && age_low]:
  income = False(support 320, accuracy 0.95937)
else if [education_HS-grad && marital_status_Single]:
  income = False(support 921, accuracy 0.97177)
else if [relationship_Own-child && capital_gain_0]:
  income = False(support 576, accuracy 0.96181)
else 
    default: RandomForestClassifier(max_depth=5, min_samples_split=10, random_state=42)(support 20506, accuracy 0.77333 (majority pred 0.667))",5
0,fixed_rf,1.7061934823408974e-05,0,bfs,0.05,0.0001,opt,0.8332707729056475,0.8327190827190827,0.8326338417442932,0.977698083604169,0.9799605781865965,0.9730089970009996,0.770042194092827,0.7660618679357525,0.7703900709219859,0.3044872888585566,0.3116298116298116,0.3071962329818815,"HybridCORELSPreClassifier
if [relationship_Own-child && capital_gain_0]:
  income = False(support 4440, accuracy 0.98896)
else if [education_HS-grad && marital_status_Single]:
  income = False(support 1610, accuracy 0.98012)
else if [occupation_Blue-Collar && marital_status_Single]:
  income = False(support 763, accuracy 0.96986)
else if [relationship_Unmarried && gender_Female]:
  income = False(support 2110, accuracy 0.95498)
else 
    default: RandomForestClassifier(max_depth=5, min_samples_split=10, random_state=42)(support 20382, accuracy 0.77004 (majority pred 0.668))",4
1,fixed_rf,1.7061934823408974e-05,0,bfs,0.05,0.0001,opt,0.8313939600750725,0.8317977067977068,0.8375473436380387,0.9777802590442162,0.9768766756032171,0.975891677675033,0.7669664356970859,0.7679834905660378,0.7754042426939624,0.3056133765569016,0.30548730548730546,0.3099600777971133,"HybridCORELSPreClassifier
if [occupation_Blue-Collar && marital_status_Single]:
  income = False(support 2462, accuracy 0.98172)
else if [relationship_Own-child && capital_gain_0]:
  income = False(support 3390, accuracy 0.98997)
else if [education_HS-grad && marital_status_Single]:
  income = False(support 984, accuracy 0.97561)
else if [relationship_Unmarried && gender_Female]:
  income = False(support 2120, accuracy 0.95472)
else 
    default: RandomForestClassifier(max_depth=5, min_samples_split=10, random_state=42)(support 20349, accuracy 0.76697 (majority pred 0.665))",4
2,fixed_rf,1.7061934823408974e-05,0,bfs,0.05,0.0001,opt,0.8359665586077462,0.8264742014742015,0.8353976865595251,0.978186775732788,0.9781629116117851,0.9805593451568895,0.7749109886358094,0.7628940868807206,0.7731461167178587,0.3003583006312916,0.2953521703521704,0.30013307400962225,"HybridCORELSPreClassifier
if [age_low && marital_status_Single]:
  income = False(support 6804, accuracy 0.98339)
else if [relationship_Not-in-family && age_low]:
  income = False(support 330, accuracy 0.95152)
else if [relationship_Own-child && capital_gain_0]:
  income = False(support 962, accuracy 0.96674)
else if [education_HS-grad && marital_status_Single]:
  income = False(support 706, accuracy 0.95609)
else 
    default: RandomForestClassifier(max_depth=5, min_samples_split=10, random_state=42)(support 20503, accuracy 0.77491 (majority pred 0.672))",4
3,fixed_rf,1.7061934823408974e-05,0,bfs,0.05,0.0001,opt,0.8330660296877666,0.838963963963964,0.8308936431569249,0.9766466387030949,0.9796126401630989,0.9806451612903225,0.7712360867018161,0.7783150183150184,0.7662661195779601,0.3010066541545811,0.3012899262899263,0.301463814105845,"HybridCORELSPreClassifier
if [occupation_Blue-Collar && marital_status_Single]:
  income = False(support 2462, accuracy 0.98050)
else if [age_low && marital_status_Single]:
  income = False(support 5046, accuracy 0.97919)
else if [relationship_Own-child && gender_Female]:
  income = False(support 411, accuracy 0.95134)
else if [relationship_Own-child && hours_per_week_low]:
  income = False(support 89, accuracy 0.96629)
else if [relationship_Not-in-family && age_low]:
  income = False(support 343, accuracy 0.96210)
else if [education_HS-grad && marital_status_Single]:
  income = False(support 470, accuracy 0.96383)
else 
    default: RandomForestClassifier(max_depth=5, min_samples_split=10, random_state=42)(support 20484, accuracy 0.77124 (majority pred 0.667))",6
4,fixed_rf,1.7061934823408974e-05,0,bfs,0.05,0.0001,opt,0.8351817096058693,0.832002457002457,0.826696693622684,0.979315831344471,0.9741935483870968,0.9799238490827276,0.7733346337657271,0.77062875567932,0.7623546511627907,0.30025592902235115,0.3014946764946765,0.29573139522980857,"HybridCORELSPreClassifier
if [education_HS-grad && marital_status_Single]:
  income = False(support 2822, accuracy 0.98653)
else if [relationship_Own-child && hours_per_week_low]:
  income = False(support 1801, accuracy 0.99556)
else if [relationship_Own-child && capital_gain_0]:
  income = False(support 1578, accuracy 0.97972)
else if [relationship_Not-in-family && age_low]:
  income = False(support 2074, accuracy 0.95516)
else if [age_low && marital_status_Single]:
  income = False(support 524, accuracy 0.97901)
else 
    default: RandomForestClassifier(max_depth=5, min_samples_split=10, random_state=42)(support 20506, accuracy 0.77333 (majority pred 0.667))",5
0,fixed_rf,1.7061934823408974e-05,0,bfs,0.1,0.0001,opt,0.8332366490360007,0.8327190827190827,0.8325314771215068,0.9691864804350144,0.974687600128164,0.9696870925684485,0.7692462109806283,0.7660598766360764,0.7697358603193554,0.32004777341750557,0.31951269451269454,0.3140546627085679,"HybridCORELSPreClassifier
if [age_low && marital_status_Single]:
  income = False(support 6812, accuracy 0.98194)
else if [relationship_Unmarried && capital_loss_0]:
  income = False(support 2567, accuracy 0.93533)
else 
    default: RandomForestClassifier(max_depth=5, min_samples_split=10, random_state=42)(support 19926, accuracy 0.76925 (majority pred 0.665))",2
1,fixed_rf,1.7061934823408974e-05,0,bfs,0.1,0.0001,opt,0.8313939600750725,0.8314905814905815,0.8375473436380387,0.9709174714661984,0.9731075697211156,0.9701156812339332,0.7684346060516021,0.7683540556542333,0.775574583145561,0.31093670022180514,0.3083538083538084,0.318558706111168,"HybridCORELSPreClassifier
if [relationship_Own-child && capital_gain_0]:
  income = False(support 4424, accuracy 0.99141)
else if [marital_status_Single && hours_per_week_middle]:
  income = False(support 2843, accuracy 0.94759)
else if [hours_per_week_low && age_low]:
  income = False(support 1357, accuracy 0.96463)
else if [hours_per_week_low && marital_status_Single]:
  income = False(support 488, accuracy 0.93852)
else 
    default: RandomForestClassifier(max_depth=5, min_samples_split=10, random_state=42)(support 20193, accuracy 0.76843 (majority pred 0.666))",4
2,fixed_rf,1.7061934823408974e-05,0,bfs,0.1,0.0001,opt,0.8359665586077462,0.8265765765765766,0.8353976865595251,0.9736193029490616,0.9732550554468362,0.9758327890267798,0.7717217217217217,0.7594747836466726,0.7712837334128523,0.31820508445657736,0.31388206388206386,0.31344047497184974,"HybridCORELSPreClassifier
if [age_low && marital_status_Single]:
  income = False(support 6804, accuracy 0.98339)
else if [relationship_Unmarried && capital_gain_0]:
  income = False(support 2521, accuracy 0.94724)
else 
    default: RandomForestClassifier(max_depth=5, min_samples_split=10, random_state=42)(support 19980, accuracy 0.77172 (majority pred 0.666))",2
3,fixed_rf,1.7061934823408974e-05,0,bfs,0.1,0.0001,opt,0.832997781948473,0.838963963963964,0.8308936431569249,0.9705317827706899,0.9743849005729693,0.9711021505376344,0.7734252738654147,0.7798853109836789,0.7694685705873694,0.3022351134618666,0.30374692874692877,0.3046371174122223,"HybridCORELSPreClassifier
if [hours_per_week_low && age_low]:
  income = False(support 3324, accuracy 0.98646)
else if [relationship_Own-child && marital_status_Single]:
  income = False(support 2124, accuracy 0.98023)
else if [relationship_Own-child && age_low]:
  income = False(support 141, accuracy 0.96454)
else if [marital_status_Single && hours_per_week_middle]:
  income = False(support 2808, accuracy 0.94943)
else if [hours_per_week_low && marital_status_Single]:
  income = False(support 460, accuracy 0.94130)
else 
    default: RandomForestClassifier(max_depth=5, min_samples_split=10, random_state=42)(support 20448, accuracy 0.77343 (majority pred 0.669))",5
4,fixed_rf,1.7061934823408974e-05,0,bfs,0.1,0.0001,opt,0.8351817096058693,0.832002457002457,0.8265943289998976,0.9718719689621726,0.9655073296924404,0.96973293768546,0.7609897341405633,0.7581491493083161,0.751211126738553,0.35181709605869305,0.3561629811629812,0.34496877879005017,"HybridCORELSPreClassifier
if [age_low && marital_status_Single]:
  income = False(support 6790, accuracy 0.98292)
else if [relationship_Own-child && capital_gain_0]:
  income = False(support 969, accuracy 0.97317)
else if [relationship_Unmarried && capital_loss_0]:
  income = False(support 2551, accuracy 0.94198)
else 
    default: RandomForestClassifier(max_depth=5, min_samples_split=10, random_state=42)(support 18995, accuracy 0.76099 (majority pred 0.646))",3
