alpha,temperature,accuracy_train,transparency_train,accuracy_valid,transparency_valid,accuracy_test,transparency_test,model
na,na,0.7556433679427904,0,0.7446246880399309,0,0.7478162795162219,0,"RandomForestClassifier(max_features=0.6040909755664521, min_samples_leaf=20,
                       n_estimators=305, random_state=2)"
0.001,0.001,0.7450445550098389,0.32832322779848655,0.7388894221539642,0.33108562104050676,0.741457093492033,0.3315655596083701,"CRL
 ACC ,  C  ,  Rule
0.741 0.332 ['age_high && N/A (not own child of householder, and not child in subfamily)']=>0
0.741 0.602 ['Reference person && No Cognitive difficulty']=>1
0.737 0.755 ['Husband/wife && No Cognitive difficulty']=>1
0.736 0.795 ['Disability']=>0
0.720 0.986 ['neg_Institutionalized group quarters population']=>1
0.720 1.000 ['No Cognitive difficulty && N/A (not own child of householder, and not child in subfamily)']=>0

"
0.001,0.001,0.7430607771929544,0.6027084966483753,0.7373056248800154,0.6059464388558264,0.7407131887118449,0.601674985601843,"CRL
 ACC ,  C  ,  Rule
0.741 0.332 ['age_high && N/A (not own child of householder, and not child in subfamily)']=>0
0.741 0.602 ['Reference person && No Cognitive difficulty']=>1
0.737 0.755 ['Husband/wife && No Cognitive difficulty']=>1
0.736 0.795 ['Disability']=>0
0.720 0.986 ['neg_Institutionalized group quarters population']=>1
0.720 1.000 ['No Cognitive difficulty && N/A (not own child of householder, and not child in subfamily)']=>0

"
0.001,0.001,0.7385732797926632,0.7565072711856272,0.7347859473987329,0.7598867344979843,0.7368736801689384,0.7552553273181033,"CRL
 ACC ,  C  ,  Rule
0.741 0.332 ['age_high && N/A (not own child of householder, and not child in subfamily)']=>0
0.741 0.602 ['Reference person && No Cognitive difficulty']=>1
0.737 0.755 ['Husband/wife && No Cognitive difficulty']=>1
0.736 0.795 ['Disability']=>0
0.720 0.986 ['neg_Institutionalized group quarters population']=>1
0.720 1.000 ['No Cognitive difficulty && N/A (not own child of householder, and not child in subfamily)']=>0

"
0.001,0.001,0.7370134544930967,0.7958228678388021,0.7339940487617584,0.7996976387022461,0.7362497600307161,0.7946582837396813,"CRL
 ACC ,  C  ,  Rule
0.741 0.332 ['age_high && N/A (not own child of householder, and not child in subfamily)']=>0
0.741 0.602 ['Reference person && No Cognitive difficulty']=>1
0.737 0.755 ['Husband/wife && No Cognitive difficulty']=>1
0.736 0.795 ['Disability']=>0
0.720 0.986 ['neg_Institutionalized group quarters population']=>1
0.720 1.000 ['No Cognitive difficulty && N/A (not own child of householder, and not child in subfamily)']=>0

"
0.001,0.001,0.718335546418801,0.985657606348089,0.7164762910347475,0.9861537723171434,0.7195239009406796,0.9855298521789211,"CRL
 ACC ,  C  ,  Rule
0.741 0.332 ['age_high && N/A (not own child of householder, and not child in subfamily)']=>0
0.741 0.602 ['Reference person && No Cognitive difficulty']=>1
0.737 0.755 ['Husband/wife && No Cognitive difficulty']=>1
0.736 0.795 ['Disability']=>0
0.720 0.986 ['neg_Institutionalized group quarters population']=>1
0.720 1.000 ['No Cognitive difficulty && N/A (not own child of householder, and not child in subfamily)']=>0

"
0.001,0.001,0.718335546418801,1.0,0.7164762910347475,1.0,0.7195239009406796,1.0,"CRL
 ACC ,  C  ,  Rule
0.741 0.332 ['age_high && N/A (not own child of householder, and not child in subfamily)']=>0
0.741 0.602 ['Reference person && No Cognitive difficulty']=>1
0.737 0.755 ['Husband/wife && No Cognitive difficulty']=>1
0.736 0.795 ['Disability']=>0
0.720 0.986 ['neg_Institutionalized group quarters population']=>1
0.720 1.000 ['No Cognitive difficulty && N/A (not own child of householder, and not child in subfamily)']=>0

"
0.001,0.002,0.7450445550098389,0.32832322779848655,0.7388894221539642,0.33108562104050676,0.741457093492033,0.3315655596083701,"CRL
 ACC ,  C  ,  Rule
0.741 0.332 ['age_high && N/A (not own child of householder, and not child in subfamily)']=>0
0.741 0.602 ['Reference person && No Cognitive difficulty']=>1
0.737 0.755 ['Husband/wife && No Cognitive difficulty']=>1
0.736 0.795 ['Disability']=>0
0.720 0.986 ['neg_Institutionalized group quarters population']=>1
0.720 1.000 ['neg_Husband/wife']=>0

"
0.001,0.002,0.7430607771929544,0.6027084966483753,0.7373056248800154,0.6059464388558264,0.7407131887118449,0.601674985601843,"CRL
 ACC ,  C  ,  Rule
0.741 0.332 ['age_high && N/A (not own child of householder, and not child in subfamily)']=>0
0.741 0.602 ['Reference person && No Cognitive difficulty']=>1
0.737 0.755 ['Husband/wife && No Cognitive difficulty']=>1
0.736 0.795 ['Disability']=>0
0.720 0.986 ['neg_Institutionalized group quarters population']=>1
0.720 1.000 ['neg_Husband/wife']=>0

"
0.001,0.002,0.7385732797926632,0.7565072711856272,0.7347859473987329,0.7598867344979843,0.7368736801689384,0.7552553273181033,"CRL
 ACC ,  C  ,  Rule
0.741 0.332 ['age_high && N/A (not own child of householder, and not child in subfamily)']=>0
0.741 0.602 ['Reference person && No Cognitive difficulty']=>1
0.737 0.755 ['Husband/wife && No Cognitive difficulty']=>1
0.736 0.795 ['Disability']=>0
0.720 0.986 ['neg_Institutionalized group quarters population']=>1
0.720 1.000 ['neg_Husband/wife']=>0

"
0.001,0.002,0.7370134544930967,0.7958228678388021,0.7339940487617584,0.7996976387022461,0.7362497600307161,0.7946582837396813,"CRL
 ACC ,  C  ,  Rule
0.741 0.332 ['age_high && N/A (not own child of householder, and not child in subfamily)']=>0
0.741 0.602 ['Reference person && No Cognitive difficulty']=>1
0.737 0.755 ['Husband/wife && No Cognitive difficulty']=>1
0.736 0.795 ['Disability']=>0
0.720 0.986 ['neg_Institutionalized group quarters population']=>1
0.720 1.000 ['neg_Husband/wife']=>0

"
0.001,0.002,0.718335546418801,0.985657606348089,0.7164762910347475,0.9861537723171434,0.7195239009406796,0.9855298521789211,"CRL
 ACC ,  C  ,  Rule
0.741 0.332 ['age_high && N/A (not own child of householder, and not child in subfamily)']=>0
0.741 0.602 ['Reference person && No Cognitive difficulty']=>1
0.737 0.755 ['Husband/wife && No Cognitive difficulty']=>1
0.736 0.795 ['Disability']=>0
0.720 0.986 ['neg_Institutionalized group quarters population']=>1
0.720 1.000 ['neg_Husband/wife']=>0

"
0.001,0.002,0.718335546418801,1.0,0.7164762910347475,1.0,0.7195239009406796,1.0,"CRL
 ACC ,  C  ,  Rule
0.741 0.332 ['age_high && N/A (not own child of householder, and not child in subfamily)']=>0
0.741 0.602 ['Reference person && No Cognitive difficulty']=>1
0.737 0.755 ['Husband/wife && No Cognitive difficulty']=>1
0.736 0.795 ['Disability']=>0
0.720 0.986 ['neg_Institutionalized group quarters population']=>1
0.720 1.000 ['neg_Husband/wife']=>0

"
0.001,0.003,0.7547954629081542,0.1127153758779017,0.7435928201190247,0.11036187368016892,0.7473123440199655,0.1085381071222884,"CRL
 ACC ,  C  ,  Rule
0.747 0.109 ['age_low && Reference person']=>1
0.747 0.160 ['Cognitive difficulty']=>0
0.747 0.324 ['age_medium && Reference person']=>1
0.745 0.426 ['Husband/wife && age_medium']=>1
0.739 0.732 ['age_high && No Cognitive difficulty']=>0
0.718 0.983 ['neg_Institutionalized group quarters population']=>1
0.718 1.000 ['neg_Living with two parent : both employed']=>0

"
0.001,0.003,0.7544914969523413,0.1635016878109652,0.7435208293338452,0.16193127279708197,0.7473603378767518,0.15955557688615862,"CRL
 ACC ,  C  ,  Rule
0.747 0.109 ['age_low && Reference person']=>1
0.747 0.160 ['Cognitive difficulty']=>0
0.747 0.324 ['age_medium && Reference person']=>1
0.745 0.426 ['Husband/wife && age_medium']=>1
0.739 0.732 ['age_high && No Cognitive difficulty']=>0
0.718 0.983 ['neg_Institutionalized group quarters population']=>1
0.718 1.000 ['neg_Living with two parent : both employed']=>0

"
0.001,0.003,0.7531476474634841,0.32814724750827906,0.7427289306968708,0.3295018237665579,0.7469043962372817,0.3238385486657708,"CRL
 ACC ,  C  ,  Rule
0.747 0.109 ['age_low && Reference person']=>1
0.747 0.160 ['Cognitive difficulty']=>0
0.747 0.324 ['age_medium && Reference person']=>1
0.745 0.426 ['Husband/wife && age_medium']=>1
0.739 0.732 ['age_high && No Cognitive difficulty']=>0
0.718 0.983 ['neg_Institutionalized group quarters population']=>1
0.718 1.000 ['neg_Living with two parent : both employed']=>0

"
0.001,0.003,0.751243860687603,0.4300638328507207,0.741457093492033,0.43261662507199083,0.745368592820119,0.4259694759070839,"CRL
 ACC ,  C  ,  Rule
0.747 0.109 ['age_low && Reference person']=>1
0.747 0.160 ['Cognitive difficulty']=>0
0.747 0.324 ['age_medium && Reference person']=>1
0.745 0.426 ['Husband/wife && age_medium']=>1
0.739 0.732 ['age_high && No Cognitive difficulty']=>0
0.718 0.983 ['neg_Institutionalized group quarters population']=>1
0.718 1.000 ['neg_Living with two parent : both employed']=>0

"
0.001,0.003,0.7406450477546515,0.732981906026525,0.7357218276060664,0.7380735265885967,0.7390094067959301,0.7317383374928009,"CRL
 ACC ,  C  ,  Rule
0.747 0.109 ['age_low && Reference person']=>1
0.747 0.160 ['Cognitive difficulty']=>0
0.747 0.324 ['age_medium && Reference person']=>1
0.745 0.426 ['Husband/wife && age_medium']=>1
0.739 0.732 ['age_high && No Cognitive difficulty']=>0
0.718 0.983 ['neg_Institutionalized group quarters population']=>1
0.718 1.000 ['neg_Living with two parent : both employed']=>0

"
0.001,0.003,0.7167437247028333,0.9832338778056857,0.7148924937607987,0.9841380303321174,0.7181560760222692,0.9828901900556729,"CRL
 ACC ,  C  ,  Rule
0.747 0.109 ['age_low && Reference person']=>1
0.747 0.160 ['Cognitive difficulty']=>0
0.747 0.324 ['age_medium && Reference person']=>1
0.745 0.426 ['Husband/wife && age_medium']=>1
0.739 0.732 ['age_high && No Cognitive difficulty']=>0
0.718 0.983 ['neg_Institutionalized group quarters population']=>1
0.718 1.000 ['neg_Living with two parent : both employed']=>0

"
0.001,0.003,0.7167437247028333,1.0,0.7148924937607987,1.0,0.7181560760222692,1.0,"CRL
 ACC ,  C  ,  Rule
0.747 0.109 ['age_low && Reference person']=>1
0.747 0.160 ['Cognitive difficulty']=>0
0.747 0.324 ['age_medium && Reference person']=>1
0.745 0.426 ['Husband/wife && age_medium']=>1
0.739 0.732 ['age_high && No Cognitive difficulty']=>0
0.718 0.983 ['neg_Institutionalized group quarters population']=>1
0.718 1.000 ['neg_Living with two parent : both employed']=>0

"
0.001,0.004,0.7547954629081542,0.1127153758779017,0.7435928201190247,0.11036187368016892,0.7473123440199655,0.1085381071222884,"CRL
 ACC ,  C  ,  Rule
0.747 0.109 ['age_low && Reference person']=>1
0.747 0.160 ['neg_No Cognitive difficulty']=>0
0.747 0.324 ['age_medium && Reference person']=>1
0.741 0.630 ['age_high']=>0
0.737 0.783 ['Husband/wife && Married']=>1
0.701 1.000 ['neg_age_high']=>1

"
0.001,0.004,0.7544914969523413,0.1635016878109652,0.7435208293338452,0.16193127279708197,0.7473603378767518,0.15955557688615862,"CRL
 ACC ,  C  ,  Rule
0.747 0.109 ['age_low && Reference person']=>1
0.747 0.160 ['neg_No Cognitive difficulty']=>0
0.747 0.324 ['age_medium && Reference person']=>1
0.741 0.630 ['age_high']=>0
0.737 0.783 ['Husband/wife && Married']=>1
0.701 1.000 ['neg_age_high']=>1

"
0.001,0.004,0.7531476474634841,0.32814724750827906,0.7427289306968708,0.3295018237665579,0.7469043962372817,0.3238385486657708,"CRL
 ACC ,  C  ,  Rule
0.747 0.109 ['age_low && Reference person']=>1
0.747 0.160 ['neg_No Cognitive difficulty']=>0
0.747 0.324 ['age_medium && Reference person']=>1
0.741 0.630 ['age_high']=>0
0.737 0.783 ['Husband/wife && Married']=>1
0.701 1.000 ['neg_age_high']=>1

"
0.001,0.004,0.7425488345305326,0.6310653206840834,0.7369936648109042,0.6349587252831638,0.7405452102130927,0.6296074102514878,"CRL
 ACC ,  C  ,  Rule
0.747 0.109 ['age_low && Reference person']=>1
0.747 0.160 ['neg_No Cognitive difficulty']=>0
0.747 0.324 ['age_medium && Reference person']=>1
0.741 0.630 ['age_high']=>0
0.737 0.783 ['Husband/wife && Married']=>1
0.701 1.000 ['neg_age_high']=>1

"
0.001,0.004,0.7380613371302415,0.7848640952213353,0.7344739873296218,0.7888990209253215,0.7367057016701862,0.7831877519677481,"CRL
 ACC ,  C  ,  Rule
0.747 0.109 ['age_low && Reference person']=>1
0.747 0.160 ['neg_No Cognitive difficulty']=>0
0.747 0.324 ['age_medium && Reference person']=>1
0.741 0.630 ['age_high']=>0
0.737 0.783 ['Husband/wife && Married']=>1
0.701 1.000 ['neg_age_high']=>1

"
0.001,0.004,0.699977602508519,1.0,0.6990305240929161,1.0,0.7010462660779421,1.0,"CRL
 ACC ,  C  ,  Rule
0.747 0.109 ['age_low && Reference person']=>1
0.747 0.160 ['neg_No Cognitive difficulty']=>0
0.747 0.324 ['age_medium && Reference person']=>1
0.741 0.630 ['age_high']=>0
0.737 0.783 ['Husband/wife && Married']=>1
0.701 1.000 ['neg_age_high']=>1

"
0.001,0.005,0.7495960452429328,0.19429823859727713,0.7419370320598964,0.19468708005375313,0.744936648109042,0.1957669418314456,"CRL
 ACC ,  C  ,  Rule
0.745 0.196 ['age_high && Reference person']=>0
0.744 0.466 ['Reference person && No Cognitive difficulty']=>1
0.744 0.554 ['age_high && Female']=>0
0.742 0.616 ['Disability']=>0
0.721 0.985 ['neg_Institutionalized group quarters population']=>1
0.721 1.000 ['neg_Living with two parent : Mother employed']=>0

"
0.001,0.005,0.7476122674260482,0.4686835074471659,0.7403532347859474,0.4695478978690728,0.7441927433288539,0.46587636782491837,"CRL
 ACC ,  C  ,  Rule
0.745 0.196 ['age_high && Reference person']=>0
0.744 0.466 ['Reference person && No Cognitive difficulty']=>1
0.744 0.554 ['age_high && Female']=>0
0.742 0.616 ['Disability']=>0
0.721 0.985 ['neg_Institutionalized group quarters population']=>1
0.721 1.000 ['neg_Living with two parent : Mother employed']=>0

"
0.001,0.005,0.7470683283472251,0.5537459804501896,0.7405452102130927,0.557064695718948,0.743640813975811,0.5537051257439047,"CRL
 ACC ,  C  ,  Rule
0.745 0.196 ['age_high && Reference person']=>0
0.744 0.466 ['Reference person && No Cognitive difficulty']=>1
0.744 0.554 ['age_high && Female']=>0
0.742 0.616 ['Disability']=>0
0.721 0.985 ['neg_Institutionalized group quarters population']=>1
0.721 1.000 ['neg_Living with two parent : Mother employed']=>0

"
0.001,0.005,0.7445086150351161,0.6163709664517574,0.7391773852946822,0.6187368016893837,0.7421050105586485,0.6161451334229219,"CRL
 ACC ,  C  ,  Rule
0.745 0.196 ['age_high && Reference person']=>0
0.744 0.466 ['Reference person && No Cognitive difficulty']=>1
0.744 0.554 ['age_high && Female']=>0
0.742 0.616 ['Disability']=>0
0.721 0.985 ['neg_Institutionalized group quarters population']=>1
0.721 1.000 ['neg_Living with two parent : Mother employed']=>0

"
0.001,0.005,0.7196873950117587,0.9846177228150447,0.7190679593012095,0.9850979074678441,0.7205797657899788,0.9846899596851603,"CRL
 ACC ,  C  ,  Rule
0.745 0.196 ['age_high && Reference person']=>0
0.744 0.466 ['Reference person && No Cognitive difficulty']=>1
0.744 0.554 ['age_high && Female']=>0
0.742 0.616 ['Disability']=>0
0.721 0.985 ['neg_Institutionalized group quarters population']=>1
0.721 1.000 ['neg_Living with two parent : Mother employed']=>0

"
0.001,0.005,0.7196873950117587,1.0,0.7190679593012095,1.0,0.7205797657899788,1.0,"CRL
 ACC ,  C  ,  Rule
0.745 0.196 ['age_high && Reference person']=>0
0.744 0.466 ['Reference person && No Cognitive difficulty']=>1
0.744 0.554 ['age_high && Female']=>0
0.742 0.616 ['Disability']=>0
0.721 0.985 ['neg_Institutionalized group quarters population']=>1
0.721 1.000 ['neg_Living with two parent : Mother employed']=>0

"
0.001,0.006,0.7547954629081542,0.1127153758779017,0.7435928201190247,0.11036187368016892,0.7473123440199655,0.1085381071222884,"CRL
 ACC ,  C  ,  Rule
0.747 0.109 ['age_low && Reference person']=>1
0.747 0.160 ['Cognitive difficulty']=>0
0.741 0.465 ['age_high']=>0
0.741 0.630 ['Reference person && N/A (not own child of householder, and not child in subfamily)']=>1
0.718 0.983 ['neg_Institutionalized group quarters population']=>1
0.718 1.000 ['neg_Living with two parent : Mother employed']=>0

"
0.001,0.006,0.7544914969523413,0.1635016878109652,0.7435208293338452,0.16193127279708197,0.7473603378767518,0.15955557688615862,"CRL
 ACC ,  C  ,  Rule
0.747 0.109 ['age_low && Reference person']=>1
0.747 0.160 ['Cognitive difficulty']=>0
0.741 0.465 ['age_high']=>0
0.741 0.630 ['Reference person && N/A (not own child of householder, and not child in subfamily)']=>1
0.718 0.983 ['neg_Institutionalized group quarters population']=>1
0.718 1.000 ['neg_Living with two parent : Mother employed']=>0

"
0.001,0.006,0.7438926840193898,0.4664197609867695,0.7377855634478787,0.46738817431368784,0.7410011518525629,0.46532443847187555,"CRL
 ACC ,  C  ,  Rule
0.747 0.109 ['age_low && Reference person']=>1
0.747 0.160 ['Cognitive difficulty']=>0
0.741 0.465 ['age_high']=>0
0.741 0.630 ['Reference person && N/A (not own child of householder, and not child in subfamily)']=>1
0.718 0.983 ['neg_Institutionalized group quarters population']=>1
0.718 1.000 ['neg_Living with two parent : Mother employed']=>0

"
0.001,0.006,0.7425488345305326,0.6310653206840834,0.7369936648109042,0.6349587252831638,0.7405452102130927,0.6296074102514878,"CRL
 ACC ,  C  ,  Rule
0.747 0.109 ['age_low && Reference person']=>1
0.747 0.160 ['Cognitive difficulty']=>0
0.741 0.465 ['age_high']=>0
0.741 0.630 ['Reference person && N/A (not own child of householder, and not child in subfamily)']=>1
0.718 0.983 ['neg_Institutionalized group quarters population']=>1
0.718 1.000 ['neg_Living with two parent : Mother employed']=>0

"
0.001,0.006,0.7167437247028333,0.9832338778056857,0.7148924937607987,0.9841380303321174,0.7181560760222692,0.9828901900556729,"CRL
 ACC ,  C  ,  Rule
0.747 0.109 ['age_low && Reference person']=>1
0.747 0.160 ['Cognitive difficulty']=>0
0.741 0.465 ['age_high']=>0
0.741 0.630 ['Reference person && N/A (not own child of householder, and not child in subfamily)']=>1
0.718 0.983 ['neg_Institutionalized group quarters population']=>1
0.718 1.000 ['neg_Living with two parent : Mother employed']=>0

"
0.001,0.006,0.7167437247028333,1.0,0.7148924937607987,1.0,0.7181560760222692,1.0,"CRL
 ACC ,  C  ,  Rule
0.747 0.109 ['age_low && Reference person']=>1
0.747 0.160 ['Cognitive difficulty']=>0
0.741 0.465 ['age_high']=>0
0.741 0.630 ['Reference person && N/A (not own child of householder, and not child in subfamily)']=>1
0.718 0.983 ['neg_Institutionalized group quarters population']=>1
0.718 1.000 ['neg_Living with two parent : Mother employed']=>0

"
0.001,0.007,0.7524917209272561,0.17605228214439983,0.7440487617584949,0.17743328853906704,0.7464964484545978,0.17968899980802455,"CRL
 ACC ,  C  ,  Rule
0.746 0.180 ['age_high && Female']=>0
0.744 0.284 ['age_high && Reference person']=>0
0.744 0.554 ['Reference person && No Cognitive difficulty']=>1
0.737 0.748 ['Married && No disability']=>1
0.715 0.923 ['No disability && N/A (not own child of householder, and not child in subfamily)']=>1
0.713 1.000 ['neg_Grade 5']=>0

"
0.001,0.007,0.7490521061641097,0.27936071160030074,0.7421290074870417,0.28220387790362833,0.7443847187559992,0.283595699750432,"CRL
 ACC ,  C  ,  Rule
0.746 0.180 ['age_high && Female']=>0
0.744 0.284 ['age_high && Reference person']=>0
0.744 0.554 ['Reference person && No Cognitive difficulty']=>1
0.737 0.748 ['Married && No disability']=>1
0.715 0.923 ['No disability && N/A (not own child of householder, and not child in subfamily)']=>1
0.713 1.000 ['neg_Grade 5']=>0

"
0.001,0.007,0.7470683283472251,0.5537459804501896,0.7405452102130927,0.557064695718948,0.743640813975811,0.5537051257439047,"CRL
 ACC ,  C  ,  Rule
0.746 0.180 ['age_high && Female']=>0
0.744 0.284 ['age_high && Reference person']=>0
0.744 0.554 ['Reference person && No Cognitive difficulty']=>1
0.737 0.748 ['Married && No disability']=>1
0.715 0.923 ['No disability && N/A (not own child of householder, and not child in subfamily)']=>1
0.713 1.000 ['neg_Grade 5']=>0

"
0.001,0.007,0.7384692914393588,0.7475082790727439,0.7358658091764254,0.7513918218468036,0.7365137262430409,0.7483442119408716,"CRL
 ACC ,  C  ,  Rule
0.746 0.180 ['age_high && Female']=>0
0.744 0.284 ['age_high && Reference person']=>0
0.744 0.554 ['Reference person && No Cognitive difficulty']=>1
0.737 0.748 ['Married && No disability']=>1
0.715 0.923 ['No disability && N/A (not own child of householder, and not child in subfamily)']=>1
0.713 1.000 ['neg_Grade 5']=>0

"
0.001,0.007,0.7149599244884572,0.9223686947061929,0.7147005183336533,0.9230178537147246,0.7146045306200807,0.9227538875023997,"CRL
 ACC ,  C  ,  Rule
0.746 0.180 ['age_high && Female']=>0
0.744 0.284 ['age_high && Reference person']=>0
0.744 0.554 ['Reference person && No Cognitive difficulty']=>1
0.737 0.748 ['Married && No disability']=>1
0.715 0.923 ['No disability && N/A (not own child of householder, and not child in subfamily)']=>1
0.713 1.000 ['neg_Grade 5']=>0

"
0.001,0.007,0.712416209384549,0.9996640376277857,0.7133326934152429,0.9996160491457093,0.713068727202918,0.9996640430024957,"CRL
 ACC ,  C  ,  Rule
0.746 0.180 ['age_high && Female']=>0
0.744 0.284 ['age_high && Reference person']=>0
0.744 0.554 ['Reference person && No Cognitive difficulty']=>1
0.737 0.748 ['Married && No disability']=>1
0.715 0.923 ['No disability && N/A (not own child of householder, and not child in subfamily)']=>1
0.713 1.000 ['neg_Grade 5']=>0

"
0.001,0.008,0.7524917209272561,0.17605228214439983,0.7440487617584949,0.17743328853906704,0.7464964484545978,0.17968899980802455,"CRL
 ACC ,  C  ,  Rule
0.746 0.180 ['age_high && Female']=>0
0.744 0.310 ['age_high && Native']=>0
0.743 0.577 ['Reference person && No disability']=>1
0.716 0.920 ['No disability && N/A (not own child of householder, and not child in subfamily)']=>1
0.711 1.000 ['neg_Alaska Native alone']=>0

"
0.001,0.008,0.7478762378613595,0.30673364583166685,0.7409051641389902,0.31073622576310234,0.7440247648301017,0.3101363025532732,"CRL
 ACC ,  C  ,  Rule
0.746 0.180 ['age_high && Female']=>0
0.744 0.310 ['age_high && Native']=>0
0.743 0.577 ['Reference person && No disability']=>1
0.716 0.920 ['No disability && N/A (not own child of householder, and not child in subfamily)']=>1
0.711 1.000 ['neg_Alaska Native alone']=>0

"
0.001,0.008,0.7468283552242149,0.5773113411297934,0.7400652716452294,0.5806536763294299,0.7434728354770589,0.5765981954309849,"CRL
 ACC ,  C  ,  Rule
0.746 0.180 ['age_high && Female']=>0
0.744 0.310 ['age_high && Native']=>0
0.743 0.577 ['Reference person && No disability']=>1
0.716 0.920 ['No disability && N/A (not own child of householder, and not child in subfamily)']=>1
0.711 1.000 ['neg_Alaska Native alone']=>0

"
0.001,0.008,0.7171676772201513,0.9198409778104852,0.7152764446150893,0.9189143789594931,0.716404300249568,0.9197782683816471,"CRL
 ACC ,  C  ,  Rule
0.746 0.180 ['age_high && Female']=>0
0.744 0.310 ['age_high && Native']=>0
0.743 0.577 ['Reference person && No disability']=>1
0.716 0.920 ['No disability && N/A (not own child of householder, and not child in subfamily)']=>1
0.711 1.000 ['neg_Alaska Native alone']=>0

"
0.001,0.008,0.71103236437519,0.9999760026876989,0.7099251295834134,0.9999760030716068,0.7114369360721827,1.0,"CRL
 ACC ,  C  ,  Rule
0.746 0.180 ['age_high && Female']=>0
0.744 0.310 ['age_high && Native']=>0
0.743 0.577 ['Reference person && No disability']=>1
0.716 0.920 ['No disability && N/A (not own child of householder, and not child in subfamily)']=>1
0.711 1.000 ['neg_Alaska Native alone']=>0

"
0.001,0.009000000000000001,0.7547954629081542,0.1127153758779017,0.7435928201190247,0.11036187368016892,0.7473123440199655,0.1085381071222884,"CRL
 ACC ,  C  ,  Rule
0.747 0.109 ['age_low && Reference person']=>1
0.747 0.160 ['Cognitive difficulty']=>0
0.747 0.324 ['age_medium && Reference person']=>1
0.741 0.630 ['age_high']=>0
0.718 0.983 ['neg_Institutionalized group quarters population']=>1
0.718 1.000 ['neg_Father or mother']=>0

"
0.001,0.009000000000000001,0.7544914969523413,0.1635016878109652,0.7435208293338452,0.16193127279708197,0.7473603378767518,0.15955557688615862,"CRL
 ACC ,  C  ,  Rule
0.747 0.109 ['age_low && Reference person']=>1
0.747 0.160 ['Cognitive difficulty']=>0
0.747 0.324 ['age_medium && Reference person']=>1
0.741 0.630 ['age_high']=>0
0.718 0.983 ['neg_Institutionalized group quarters population']=>1
0.718 1.000 ['neg_Father or mother']=>0

"
0.001,0.009000000000000001,0.7531476474634841,0.32814724750827906,0.7427289306968708,0.3295018237665579,0.7469043962372817,0.3238385486657708,"CRL
 ACC ,  C  ,  Rule
0.747 0.109 ['age_low && Reference person']=>1
0.747 0.160 ['Cognitive difficulty']=>0
0.747 0.324 ['age_medium && Reference person']=>1
0.741 0.630 ['age_high']=>0
0.718 0.983 ['neg_Institutionalized group quarters population']=>1
0.718 1.000 ['neg_Father or mother']=>0

"
0.001,0.009000000000000001,0.7425488345305326,0.6310653206840834,0.7369936648109042,0.6349587252831638,0.7405452102130927,0.6296074102514878,"CRL
 ACC ,  C  ,  Rule
0.747 0.109 ['age_low && Reference person']=>1
0.747 0.160 ['Cognitive difficulty']=>0
0.747 0.324 ['age_medium && Reference person']=>1
0.741 0.630 ['age_high']=>0
0.718 0.983 ['neg_Institutionalized group quarters population']=>1
0.718 1.000 ['neg_Father or mother']=>0

"
0.001,0.009000000000000001,0.7167437247028333,0.9832338778056857,0.7148924937607987,0.9841380303321174,0.7181560760222692,0.9828901900556729,"CRL
 ACC ,  C  ,  Rule
0.747 0.109 ['age_low && Reference person']=>1
0.747 0.160 ['Cognitive difficulty']=>0
0.747 0.324 ['age_medium && Reference person']=>1
0.741 0.630 ['age_high']=>0
0.718 0.983 ['neg_Institutionalized group quarters population']=>1
0.718 1.000 ['neg_Father or mother']=>0

"
0.001,0.009000000000000001,0.7167437247028333,1.0,0.7148924937607987,1.0,0.7181560760222692,1.0,"CRL
 ACC ,  C  ,  Rule
0.747 0.109 ['age_low && Reference person']=>1
0.747 0.160 ['Cognitive difficulty']=>0
0.747 0.324 ['age_medium && Reference person']=>1
0.741 0.630 ['age_high']=>0
0.718 0.983 ['neg_Institutionalized group quarters population']=>1
0.718 1.000 ['neg_Father or mother']=>0

"
0.001,0.01,0.7546034844097461,0.053761978658390275,0.744072758686888,0.05464100595123822,0.7472883470915723,0.0537291226722979,"CRL
 ACC ,  C  ,  Rule
0.747 0.054 ['neg_No Cognitive difficulty']=>0
0.741 0.359 ['age_high && No Cognitive difficulty']=>0
0.740 0.630 ['Reference person']=>1
0.736 0.783 ['Husband/wife && No Cognitive difficulty']=>1
0.718 0.983 ['neg_Institutionalized group quarters population']=>1
0.718 1.000 ['neg_Grade 2']=>0

"
0.001,0.01,0.7440046714767946,0.3566800518341946,0.7383374928009215,0.3600979074678441,0.7409291610673834,0.35949798425801494,"CRL
 ACC ,  C  ,  Rule
0.747 0.054 ['neg_No Cognitive difficulty']=>0
0.741 0.359 ['age_high && No Cognitive difficulty']=>0
0.740 0.630 ['Reference person']=>1
0.736 0.783 ['Husband/wife && No Cognitive difficulty']=>1
0.718 0.983 ['neg_Institutionalized group quarters population']=>1
0.718 1.000 ['neg_Grade 2']=>0

"
0.001,0.01,0.7420208936599101,0.6310653206840834,0.7367536955269726,0.6349587252831638,0.7401852562871952,0.6296074102514878,"CRL
 ACC ,  C  ,  Rule
0.747 0.054 ['neg_No Cognitive difficulty']=>0
0.741 0.359 ['age_high && No Cognitive difficulty']=>0
0.740 0.630 ['Reference person']=>1
0.736 0.783 ['Husband/wife && No Cognitive difficulty']=>1
0.718 0.983 ['neg_Institutionalized group quarters population']=>1
0.718 1.000 ['neg_Grade 2']=>0

"
0.001,0.01,0.7375333962596189,0.7848640952213353,0.7342340180456901,0.7888990209253215,0.7363457477442887,0.7831877519677481,"CRL
 ACC ,  C  ,  Rule
0.747 0.054 ['neg_No Cognitive difficulty']=>0
0.741 0.359 ['age_high && No Cognitive difficulty']=>0
0.740 0.630 ['Reference person']=>1
0.736 0.783 ['Husband/wife && No Cognitive difficulty']=>1
0.718 0.983 ['neg_Institutionalized group quarters population']=>1
0.718 1.000 ['neg_Grade 2']=>0

"
0.001,0.01,0.7162157838322107,0.9832338778056857,0.714652524476867,0.9841380303321174,0.7177961220963717,0.9828901900556729,"CRL
 ACC ,  C  ,  Rule
0.747 0.054 ['neg_No Cognitive difficulty']=>0
0.741 0.359 ['age_high && No Cognitive difficulty']=>0
0.740 0.630 ['Reference person']=>1
0.736 0.783 ['Husband/wife && No Cognitive difficulty']=>1
0.718 0.983 ['neg_Institutionalized group quarters population']=>1
0.718 1.000 ['neg_Grade 2']=>0

"
0.001,0.01,0.7162157838322107,0.9999440062712976,0.714652524476867,0.9999280092148205,0.7177961220963717,1.0,"CRL
 ACC ,  C  ,  Rule
0.747 0.054 ['neg_No Cognitive difficulty']=>0
0.741 0.359 ['age_high && No Cognitive difficulty']=>0
0.740 0.630 ['Reference person']=>1
0.736 0.783 ['Husband/wife && No Cognitive difficulty']=>1
0.718 0.983 ['neg_Institutionalized group quarters population']=>1
0.718 1.000 ['neg_Grade 2']=>0

"
0.0016681005372000592,0.001,0.7450445550098389,0.32832322779848655,0.7388894221539642,0.33108562104050676,0.741457093492033,0.3315655596083701,"CRL
 ACC ,  C  ,  Rule
0.741 0.332 ['age_high && N/A (not own child of householder, and not child in subfamily)']=>0
0.741 0.587 ['Reference person && No disability']=>1
0.714 0.925 ['No disability && N/A (not own child of householder, and not child in subfamily)']=>1
0.709 1.000 ['neg_age_high']=>0

"
0.0016681005372000592,0.001,0.7441806517670021,0.5878301630217415,0.7379295450182377,0.5904444231138415,0.7410971395661355,0.5869648684968324,"CRL
 ACC ,  C  ,  Rule
0.741 0.332 ['age_high && N/A (not own child of householder, and not child in subfamily)']=>0
0.741 0.587 ['Reference person && No disability']=>1
0.714 0.925 ['No disability && N/A (not own child of householder, and not child in subfamily)']=>1
0.709 1.000 ['neg_age_high']=>0

"
0.0016681005372000592,0.001,0.7154558689426784,0.9244724590845825,0.7135966596275677,0.923521789210981,0.7143165674793627,0.9247216356306392,"CRL
 ACC ,  C  ,  Rule
0.741 0.332 ['age_high && N/A (not own child of householder, and not child in subfamily)']=>0
0.741 0.587 ['Reference person && No disability']=>1
0.714 0.925 ['No disability && N/A (not own child of householder, and not child in subfamily)']=>1
0.709 1.000 ['neg_age_high']=>0

"
0.0016681005372000592,0.001,0.7093125569936167,1.0,0.7082453445958917,1.0,0.7093492033019774,1.0,"CRL
 ACC ,  C  ,  Rule
0.741 0.332 ['age_high && N/A (not own child of householder, and not child in subfamily)']=>0
0.741 0.587 ['Reference person && No disability']=>1
0.714 0.925 ['No disability && N/A (not own child of householder, and not child in subfamily)']=>1
0.709 1.000 ['neg_age_high']=>0

"
0.0016681005372000592,0.002,0.7450445550098389,0.32832322779848655,0.7388894221539642,0.33108562104050676,0.741457093492033,0.3315655596083701,"CRL
 ACC ,  C  ,  Rule
0.741 0.332 ['age_high && N/A (not own child of householder, and not child in subfamily)']=>0
0.741 0.587 ['Reference person && No disability']=>1
0.714 0.925 ['No disability && N/A (not own child of householder, and not child in subfamily)']=>1
0.709 1.000 ['neg_age_high']=>0

"
0.0016681005372000592,0.002,0.7441806517670021,0.5878301630217415,0.7379295450182377,0.5904444231138415,0.7410971395661355,0.5869648684968324,"CRL
 ACC ,  C  ,  Rule
0.741 0.332 ['age_high && N/A (not own child of householder, and not child in subfamily)']=>0
0.741 0.587 ['Reference person && No disability']=>1
0.714 0.925 ['No disability && N/A (not own child of householder, and not child in subfamily)']=>1
0.709 1.000 ['neg_age_high']=>0

"
0.0016681005372000592,0.002,0.7154558689426784,0.9244724590845825,0.7135966596275677,0.923521789210981,0.7143165674793627,0.9247216356306392,"CRL
 ACC ,  C  ,  Rule
0.741 0.332 ['age_high && N/A (not own child of householder, and not child in subfamily)']=>0
0.741 0.587 ['Reference person && No disability']=>1
0.714 0.925 ['No disability && N/A (not own child of householder, and not child in subfamily)']=>1
0.709 1.000 ['neg_age_high']=>0

"
0.0016681005372000592,0.002,0.7093125569936167,1.0,0.7082453445958917,1.0,0.7093492033019774,1.0,"CRL
 ACC ,  C  ,  Rule
0.741 0.332 ['age_high && N/A (not own child of householder, and not child in subfamily)']=>0
0.741 0.587 ['Reference person && No disability']=>1
0.714 0.925 ['No disability && N/A (not own child of householder, and not child in subfamily)']=>1
0.709 1.000 ['neg_age_high']=>0

"
0.0016681005372000592,0.003,0.7547954629081542,0.1127153758779017,0.7435928201190247,0.11036187368016892,0.7473123440199655,0.1085381071222884,"CRL
 ACC ,  C  ,  Rule
0.747 0.109 ['age_low && Reference person']=>1
0.747 0.160 ['neg_No Cognitive difficulty']=>0
0.747 0.324 ['age_medium && Reference person']=>1
0.741 0.630 ['age_high && No Cognitive difficulty']=>0
0.718 0.983 ['neg_Institutionalized group quarters population']=>1
0.718 1.000 ['neg_Native Hawaiian and Other Pacific Islander alone']=>0

"
0.0016681005372000592,0.003,0.7544914969523413,0.1635016878109652,0.7435208293338452,0.16193127279708197,0.7473603378767518,0.15955557688615862,"CRL
 ACC ,  C  ,  Rule
0.747 0.109 ['age_low && Reference person']=>1
0.747 0.160 ['neg_No Cognitive difficulty']=>0
0.747 0.324 ['age_medium && Reference person']=>1
0.741 0.630 ['age_high && No Cognitive difficulty']=>0
0.718 0.983 ['neg_Institutionalized group quarters population']=>1
0.718 1.000 ['neg_Native Hawaiian and Other Pacific Islander alone']=>0

"
0.0016681005372000592,0.003,0.7531476474634841,0.32814724750827906,0.7427289306968708,0.3295018237665579,0.7469043962372817,0.3238385486657708,"CRL
 ACC ,  C  ,  Rule
0.747 0.109 ['age_low && Reference person']=>1
0.747 0.160 ['neg_No Cognitive difficulty']=>0
0.747 0.324 ['age_medium && Reference person']=>1
0.741 0.630 ['age_high && No Cognitive difficulty']=>0
0.718 0.983 ['neg_Institutionalized group quarters population']=>1
0.718 1.000 ['neg_Native Hawaiian and Other Pacific Islander alone']=>0

"
0.0016681005372000592,0.003,0.7425488345305326,0.6310653206840834,0.7369936648109042,0.6349587252831638,0.7405452102130927,0.6296074102514878,"CRL
 ACC ,  C  ,  Rule
0.747 0.109 ['age_low && Reference person']=>1
0.747 0.160 ['neg_No Cognitive difficulty']=>0
0.747 0.324 ['age_medium && Reference person']=>1
0.741 0.630 ['age_high && No Cognitive difficulty']=>0
0.718 0.983 ['neg_Institutionalized group quarters population']=>1
0.718 1.000 ['neg_Native Hawaiian and Other Pacific Islander alone']=>0

"
0.0016681005372000592,0.003,0.7167437247028333,0.9832338778056857,0.7148924937607987,0.9841380303321174,0.7181560760222692,0.9828901900556729,"CRL
 ACC ,  C  ,  Rule
0.747 0.109 ['age_low && Reference person']=>1
0.747 0.160 ['neg_No Cognitive difficulty']=>0
0.747 0.324 ['age_medium && Reference person']=>1
0.741 0.630 ['age_high && No Cognitive difficulty']=>0
0.718 0.983 ['neg_Institutionalized group quarters population']=>1
0.718 1.000 ['neg_Native Hawaiian and Other Pacific Islander alone']=>0

"
0.0016681005372000592,0.003,0.7167437247028333,0.9999760026876989,0.7148924937607987,1.0,0.7181560760222692,1.0,"CRL
 ACC ,  C  ,  Rule
0.747 0.109 ['age_low && Reference person']=>1
0.747 0.160 ['neg_No Cognitive difficulty']=>0
0.747 0.324 ['age_medium && Reference person']=>1
0.741 0.630 ['age_high && No Cognitive difficulty']=>0
0.718 0.983 ['neg_Institutionalized group quarters population']=>1
0.718 1.000 ['neg_Native Hawaiian and Other Pacific Islander alone']=>0

"
0.0016681005372000592,0.004,0.7450445550098389,0.32832322779848655,0.7388894221539642,0.33108562104050676,0.741457093492033,0.3315655596083701,"CRL
 ACC ,  C  ,  Rule
0.741 0.332 ['age_high']=>0
0.741 0.587 ['Reference person && No disability']=>1
0.714 0.925 ['No disability && N/A (not own child of householder, and not child in subfamily)']=>1
0.709 1.000 ['neg_age_high']=>0

"
0.0016681005372000592,0.004,0.7441806517670021,0.5878301630217415,0.7379295450182377,0.5904444231138415,0.7410971395661355,0.5869648684968324,"CRL
 ACC ,  C  ,  Rule
0.741 0.332 ['age_high']=>0
0.741 0.587 ['Reference person && No disability']=>1
0.714 0.925 ['No disability && N/A (not own child of householder, and not child in subfamily)']=>1
0.709 1.000 ['neg_age_high']=>0

"
0.0016681005372000592,0.004,0.7154558689426784,0.9244724590845825,0.7135966596275677,0.923521789210981,0.7143165674793627,0.9247216356306392,"CRL
 ACC ,  C  ,  Rule
0.741 0.332 ['age_high']=>0
0.741 0.587 ['Reference person && No disability']=>1
0.714 0.925 ['No disability && N/A (not own child of householder, and not child in subfamily)']=>1
0.709 1.000 ['neg_age_high']=>0

"
0.0016681005372000592,0.004,0.7093125569936167,1.0,0.7082453445958917,1.0,0.7093492033019774,1.0,"CRL
 ACC ,  C  ,  Rule
0.741 0.332 ['age_high']=>0
0.741 0.587 ['Reference person && No disability']=>1
0.714 0.925 ['No disability && N/A (not own child of householder, and not child in subfamily)']=>1
0.709 1.000 ['neg_age_high']=>0

"
0.0016681005372000592,0.005,0.7450445550098389,0.32832322779848655,0.7388894221539642,0.33108562104050676,0.741457093492033,0.3315655596083701,"CRL
 ACC ,  C  ,  Rule
0.741 0.332 ['age_high && N/A (not own child of householder, and not child in subfamily)']=>0
0.741 0.587 ['Reference person && No disability']=>1
0.714 0.925 ['No disability && N/A (not own child of householder, and not child in subfamily)']=>1
0.709 1.000 ['neg_age_high']=>0

"
0.0016681005372000592,0.005,0.7441806517670021,0.5878301630217415,0.7379295450182377,0.5904444231138415,0.7410971395661355,0.5869648684968324,"CRL
 ACC ,  C  ,  Rule
0.741 0.332 ['age_high && N/A (not own child of householder, and not child in subfamily)']=>0
0.741 0.587 ['Reference person && No disability']=>1
0.714 0.925 ['No disability && N/A (not own child of householder, and not child in subfamily)']=>1
0.709 1.000 ['neg_age_high']=>0

"
0.0016681005372000592,0.005,0.7154558689426784,0.9244724590845825,0.7135966596275677,0.923521789210981,0.7143165674793627,0.9247216356306392,"CRL
 ACC ,  C  ,  Rule
0.741 0.332 ['age_high && N/A (not own child of householder, and not child in subfamily)']=>0
0.741 0.587 ['Reference person && No disability']=>1
0.714 0.925 ['No disability && N/A (not own child of householder, and not child in subfamily)']=>1
0.709 1.000 ['neg_age_high']=>0

"
0.0016681005372000592,0.005,0.7093125569936167,1.0,0.7082453445958917,1.0,0.7093492033019774,1.0,"CRL
 ACC ,  C  ,  Rule
0.741 0.332 ['age_high && N/A (not own child of householder, and not child in subfamily)']=>0
0.741 0.587 ['Reference person && No disability']=>1
0.714 0.925 ['No disability && N/A (not own child of householder, and not child in subfamily)']=>1
0.709 1.000 ['neg_age_high']=>0

"
0.0016681005372000592,0.006,0.7450445550098389,0.32832322779848655,0.7388894221539642,0.33108562104050676,0.741457093492033,0.3315655596083701,"CRL
 ACC ,  C  ,  Rule
0.741 0.332 ['age_high']=>0
0.741 0.587 ['Reference person && No disability']=>1
0.714 0.925 ['No disability && N/A (not own child of householder, and not child in subfamily)']=>1
0.709 1.000 ['neg_age_high']=>0

"
0.0016681005372000592,0.006,0.7441806517670021,0.5878301630217415,0.7379295450182377,0.5904444231138415,0.7410971395661355,0.5869648684968324,"CRL
 ACC ,  C  ,  Rule
0.741 0.332 ['age_high']=>0
0.741 0.587 ['Reference person && No disability']=>1
0.714 0.925 ['No disability && N/A (not own child of householder, and not child in subfamily)']=>1
0.709 1.000 ['neg_age_high']=>0

"
0.0016681005372000592,0.006,0.7154558689426784,0.9244724590845825,0.7135966596275677,0.923521789210981,0.7143165674793627,0.9247216356306392,"CRL
 ACC ,  C  ,  Rule
0.741 0.332 ['age_high']=>0
0.741 0.587 ['Reference person && No disability']=>1
0.714 0.925 ['No disability && N/A (not own child of householder, and not child in subfamily)']=>1
0.709 1.000 ['neg_age_high']=>0

"
0.0016681005372000592,0.006,0.7093125569936167,1.0,0.7082453445958917,1.0,0.7093492033019774,1.0,"CRL
 ACC ,  C  ,  Rule
0.741 0.332 ['age_high']=>0
0.741 0.587 ['Reference person && No disability']=>1
0.714 0.925 ['No disability && N/A (not own child of householder, and not child in subfamily)']=>1
0.709 1.000 ['neg_age_high']=>0

"
0.0016681005372000592,0.007,0.7450445550098389,0.32832322779848655,0.7388894221539642,0.33108562104050676,0.741457093492033,0.3315655596083701,"CRL
 ACC ,  C  ,  Rule
0.741 0.332 ['age_high']=>0
0.741 0.587 ['Reference person && No disability']=>1
0.714 0.925 ['No disability && N/A (not own child of householder, and not child in subfamily)']=>1
0.709 1.000 ['neg_Foster child']=>0

"
0.0016681005372000592,0.007,0.7441806517670021,0.5878301630217415,0.7379295450182377,0.5904444231138415,0.7410971395661355,0.5869648684968324,"CRL
 ACC ,  C  ,  Rule
0.741 0.332 ['age_high']=>0
0.741 0.587 ['Reference person && No disability']=>1
0.714 0.925 ['No disability && N/A (not own child of householder, and not child in subfamily)']=>1
0.709 1.000 ['neg_Foster child']=>0

"
0.0016681005372000592,0.007,0.7154558689426784,0.9244724590845825,0.7135966596275677,0.923521789210981,0.7143165674793627,0.9247216356306392,"CRL
 ACC ,  C  ,  Rule
0.741 0.332 ['age_high']=>0
0.741 0.587 ['Reference person && No disability']=>1
0.714 0.925 ['No disability && N/A (not own child of householder, and not child in subfamily)']=>1
0.709 1.000 ['neg_Foster child']=>0

"
0.0016681005372000592,0.007,0.7093125569936167,0.9999920008958997,0.7082453445958917,0.9999760030716068,0.7093492033019774,1.0,"CRL
 ACC ,  C  ,  Rule
0.741 0.332 ['age_high']=>0
0.741 0.587 ['Reference person && No disability']=>1
0.714 0.925 ['No disability && N/A (not own child of householder, and not child in subfamily)']=>1
0.709 1.000 ['neg_Foster child']=>0

"
0.0016681005372000592,0.008,0.7450445550098389,0.32832322779848655,0.7388894221539642,0.33108562104050676,0.741457093492033,0.3315655596083701,"CRL
 ACC ,  C  ,  Rule
0.741 0.332 ['age_high']=>0
0.741 0.587 ['Reference person && No disability']=>1
0.714 0.925 ['No disability && N/A (not own child of householder, and not child in subfamily)']=>1
0.709 1.000 ['neg_Foster child']=>0

"
0.0016681005372000592,0.008,0.7441806517670021,0.5878301630217415,0.7379295450182377,0.5904444231138415,0.7410971395661355,0.5869648684968324,"CRL
 ACC ,  C  ,  Rule
0.741 0.332 ['age_high']=>0
0.741 0.587 ['Reference person && No disability']=>1
0.714 0.925 ['No disability && N/A (not own child of householder, and not child in subfamily)']=>1
0.709 1.000 ['neg_Foster child']=>0

"
0.0016681005372000592,0.008,0.7154558689426784,0.9244724590845825,0.7135966596275677,0.923521789210981,0.7143165674793627,0.9247216356306392,"CRL
 ACC ,  C  ,  Rule
0.741 0.332 ['age_high']=>0
0.741 0.587 ['Reference person && No disability']=>1
0.714 0.925 ['No disability && N/A (not own child of householder, and not child in subfamily)']=>1
0.709 1.000 ['neg_Foster child']=>0

"
0.0016681005372000592,0.008,0.7093125569936167,0.9999920008958997,0.7082453445958917,0.9999760030716068,0.7093492033019774,1.0,"CRL
 ACC ,  C  ,  Rule
0.741 0.332 ['age_high']=>0
0.741 0.587 ['Reference person && No disability']=>1
0.714 0.925 ['No disability && N/A (not own child of householder, and not child in subfamily)']=>1
0.709 1.000 ['neg_Foster child']=>0

"
0.0016681005372000592,0.009000000000000001,0.7450445550098389,0.32832322779848655,0.7388894221539642,0.33108562104050676,0.741457093492033,0.3315655596083701,"CRL
 ACC ,  C  ,  Rule
0.741 0.332 ['age_high']=>0
0.741 0.602 ['Reference person && No Cognitive difficulty']=>1
0.714 0.939 ['No disability && N/A (not own child of householder, and not child in subfamily)']=>1
0.712 1.000 ['neg_Grade 1']=>0

"
0.0016681005372000592,0.009000000000000001,0.7430607771929544,0.6027084966483753,0.7373056248800154,0.6059464388558264,0.7407131887118449,0.601674985601843,"CRL
 ACC ,  C  ,  Rule
0.741 0.332 ['age_high']=>0
0.741 0.602 ['Reference person && No Cognitive difficulty']=>1
0.714 0.939 ['No disability && N/A (not own child of householder, and not child in subfamily)']=>1
0.712 1.000 ['neg_Grade 1']=>0

"
0.0016681005372000592,0.009000000000000001,0.7143359943686307,0.9393507927112164,0.7129727394893454,0.939023804952966,0.713932616625072,0.9394317527356498,"CRL
 ACC ,  C  ,  Rule
0.741 0.332 ['age_high']=>0
0.741 0.602 ['Reference person && No Cognitive difficulty']=>1
0.714 0.939 ['No disability && N/A (not own child of householder, and not child in subfamily)']=>1
0.712 1.000 ['neg_Grade 1']=>0

"
0.0016681005372000592,0.009000000000000001,0.7117762810565217,0.9999680035835986,0.7116049145709349,1.0,0.7123968132079094,0.9999280092148205,"CRL
 ACC ,  C  ,  Rule
0.741 0.332 ['age_high']=>0
0.741 0.602 ['Reference person && No Cognitive difficulty']=>1
0.714 0.939 ['No disability && N/A (not own child of householder, and not child in subfamily)']=>1
0.712 1.000 ['neg_Grade 1']=>0

"
0.0016681005372000592,0.01,0.7524917209272561,0.17605228214439983,0.7440487617584949,0.17743328853906704,0.7464964484545978,0.17968899980802455,"CRL
 ACC ,  C  ,  Rule
0.746 0.180 ['age_high && Female']=>0
0.744 0.310 ['age_high && Native']=>0
0.743 0.577 ['Reference person && No disability']=>1
0.716 0.920 ['No disability && N/A (not own child of householder, and not child in subfamily)']=>1
0.711 1.000 ['neg_Grade 5']=>0

"
0.0016681005372000592,0.01,0.7478762378613595,0.30673364583166685,0.7409051641389902,0.31073622576310234,0.7440247648301017,0.3101363025532732,"CRL
 ACC ,  C  ,  Rule
0.746 0.180 ['age_high && Female']=>0
0.744 0.310 ['age_high && Native']=>0
0.743 0.577 ['Reference person && No disability']=>1
0.716 0.920 ['No disability && N/A (not own child of householder, and not child in subfamily)']=>1
0.711 1.000 ['neg_Grade 5']=>0

"
0.0016681005372000592,0.01,0.7468283552242149,0.5773113411297934,0.7400652716452294,0.5806536763294299,0.7434728354770589,0.5765981954309849,"CRL
 ACC ,  C  ,  Rule
0.746 0.180 ['age_high && Female']=>0
0.744 0.310 ['age_high && Native']=>0
0.743 0.577 ['Reference person && No disability']=>1
0.716 0.920 ['No disability && N/A (not own child of householder, and not child in subfamily)']=>1
0.711 1.000 ['neg_Grade 5']=>0

"
0.0016681005372000592,0.01,0.7171676772201513,0.9198409778104852,0.7152764446150893,0.9189143789594931,0.716404300249568,0.9197782683816471,"CRL
 ACC ,  C  ,  Rule
0.746 0.180 ['age_high && Female']=>0
0.744 0.310 ['age_high && Native']=>0
0.743 0.577 ['Reference person && No disability']=>1
0.716 0.920 ['No disability && N/A (not own child of householder, and not child in subfamily)']=>1
0.711 1.000 ['neg_Grade 5']=>0

"
0.0016681005372000592,0.01,0.7110243652710896,0.9996800358359864,0.7099731234401997,0.9997600307160683,0.7114129391437896,0.9997600307160683,"CRL
 ACC ,  C  ,  Rule
0.746 0.180 ['age_high && Female']=>0
0.744 0.310 ['age_high && Native']=>0
0.743 0.577 ['Reference person && No disability']=>1
0.716 0.920 ['No disability && N/A (not own child of householder, and not child in subfamily)']=>1
0.711 1.000 ['neg_Grade 5']=>0

"
0.0027825594022071257,0.001,0.7450445550098389,0.32832322779848655,0.7388894221539642,0.33108562104050676,0.741457093492033,0.3315655596083701,"CRL
 ACC ,  C  ,  Rule
0.741 0.332 ['age_high']=>0
0.741 0.587 ['Reference person && No disability']=>1
0.714 0.925 ['No disability && N/A (not own child of householder, and not child in subfamily)']=>1
0.709 1.000 ['neg_age_high']=>0

"
0.0027825594022071257,0.001,0.7441806517670021,0.5878301630217415,0.7379295450182377,0.5904444231138415,0.7410971395661355,0.5869648684968324,"CRL
 ACC ,  C  ,  Rule
0.741 0.332 ['age_high']=>0
0.741 0.587 ['Reference person && No disability']=>1
0.714 0.925 ['No disability && N/A (not own child of householder, and not child in subfamily)']=>1
0.709 1.000 ['neg_age_high']=>0

"
0.0027825594022071257,0.001,0.7154558689426784,0.9244724590845825,0.7135966596275677,0.923521789210981,0.7143165674793627,0.9247216356306392,"CRL
 ACC ,  C  ,  Rule
0.741 0.332 ['age_high']=>0
0.741 0.587 ['Reference person && No disability']=>1
0.714 0.925 ['No disability && N/A (not own child of householder, and not child in subfamily)']=>1
0.709 1.000 ['neg_age_high']=>0

"
0.0027825594022071257,0.001,0.7093125569936167,1.0,0.7082453445958917,1.0,0.7093492033019774,1.0,"CRL
 ACC ,  C  ,  Rule
0.741 0.332 ['age_high']=>0
0.741 0.587 ['Reference person && No disability']=>1
0.714 0.925 ['No disability && N/A (not own child of householder, and not child in subfamily)']=>1
0.709 1.000 ['neg_age_high']=>0

"
0.0027825594022071257,0.002,0.7450445550098389,0.32832322779848655,0.7388894221539642,0.33108562104050676,0.741457093492033,0.3315655596083701,"CRL
 ACC ,  C  ,  Rule
0.741 0.332 ['age_high && N/A (not own child of householder, and not child in subfamily)']=>0
0.741 0.587 ['Reference person && No disability']=>1
0.714 0.925 ['No disability && N/A (not own child of householder, and not child in subfamily)']=>1
0.709 1.000 ['neg_age_high']=>0

"
0.0027825594022071257,0.002,0.7441806517670021,0.5878301630217415,0.7379295450182377,0.5904444231138415,0.7410971395661355,0.5869648684968324,"CRL
 ACC ,  C  ,  Rule
0.741 0.332 ['age_high && N/A (not own child of householder, and not child in subfamily)']=>0
0.741 0.587 ['Reference person && No disability']=>1
0.714 0.925 ['No disability && N/A (not own child of householder, and not child in subfamily)']=>1
0.709 1.000 ['neg_age_high']=>0

"
0.0027825594022071257,0.002,0.7154558689426784,0.9244724590845825,0.7135966596275677,0.923521789210981,0.7143165674793627,0.9247216356306392,"CRL
 ACC ,  C  ,  Rule
0.741 0.332 ['age_high && N/A (not own child of householder, and not child in subfamily)']=>0
0.741 0.587 ['Reference person && No disability']=>1
0.714 0.925 ['No disability && N/A (not own child of householder, and not child in subfamily)']=>1
0.709 1.000 ['neg_age_high']=>0

"
0.0027825594022071257,0.002,0.7093125569936167,1.0,0.7082453445958917,1.0,0.7093492033019774,1.0,"CRL
 ACC ,  C  ,  Rule
0.741 0.332 ['age_high && N/A (not own child of householder, and not child in subfamily)']=>0
0.741 0.587 ['Reference person && No disability']=>1
0.714 0.925 ['No disability && N/A (not own child of householder, and not child in subfamily)']=>1
0.709 1.000 ['neg_age_high']=>0

"
0.0027825594022071257,0.003,0.7450445550098389,0.32832322779848655,0.7388894221539642,0.33108562104050676,0.741457093492033,0.3315655596083701,"CRL
 ACC ,  C  ,  Rule
0.741 0.332 ['age_high']=>0
0.741 0.587 ['Reference person && No disability']=>1
0.714 0.925 ['No disability && N/A (not own child of householder, and not child in subfamily)']=>1
0.709 1.000 ['neg_age_high']=>0

"
0.0027825594022071257,0.003,0.7441806517670021,0.5878301630217415,0.7379295450182377,0.5904444231138415,0.7410971395661355,0.5869648684968324,"CRL
 ACC ,  C  ,  Rule
0.741 0.332 ['age_high']=>0
0.741 0.587 ['Reference person && No disability']=>1
0.714 0.925 ['No disability && N/A (not own child of householder, and not child in subfamily)']=>1
0.709 1.000 ['neg_age_high']=>0

"
0.0027825594022071257,0.003,0.7154558689426784,0.9244724590845825,0.7135966596275677,0.923521789210981,0.7143165674793627,0.9247216356306392,"CRL
 ACC ,  C  ,  Rule
0.741 0.332 ['age_high']=>0
0.741 0.587 ['Reference person && No disability']=>1
0.714 0.925 ['No disability && N/A (not own child of householder, and not child in subfamily)']=>1
0.709 1.000 ['neg_age_high']=>0

"
0.0027825594022071257,0.003,0.7093125569936167,1.0,0.7082453445958917,1.0,0.7093492033019774,1.0,"CRL
 ACC ,  C  ,  Rule
0.741 0.332 ['age_high']=>0
0.741 0.587 ['Reference person && No disability']=>1
0.714 0.925 ['No disability && N/A (not own child of householder, and not child in subfamily)']=>1
0.709 1.000 ['neg_age_high']=>0

"
0.0027825594022071257,0.004,0.7450445550098389,0.32832322779848655,0.7388894221539642,0.33108562104050676,0.741457093492033,0.3315655596083701,"CRL
 ACC ,  C  ,  Rule
0.741 0.332 ['age_high && N/A (not own child of householder, and not child in subfamily)']=>0
0.741 0.587 ['Reference person && No disability']=>1
0.714 0.925 ['No disability && N/A (not own child of householder, and not child in subfamily)']=>1
0.709 1.000 ['neg_age_high']=>0

"
0.0027825594022071257,0.004,0.7441806517670021,0.5878301630217415,0.7379295450182377,0.5904444231138415,0.7410971395661355,0.5869648684968324,"CRL
 ACC ,  C  ,  Rule
0.741 0.332 ['age_high && N/A (not own child of householder, and not child in subfamily)']=>0
0.741 0.587 ['Reference person && No disability']=>1
0.714 0.925 ['No disability && N/A (not own child of householder, and not child in subfamily)']=>1
0.709 1.000 ['neg_age_high']=>0

"
0.0027825594022071257,0.004,0.7154558689426784,0.9244724590845825,0.7135966596275677,0.923521789210981,0.7143165674793627,0.9247216356306392,"CRL
 ACC ,  C  ,  Rule
0.741 0.332 ['age_high && N/A (not own child of householder, and not child in subfamily)']=>0
0.741 0.587 ['Reference person && No disability']=>1
0.714 0.925 ['No disability && N/A (not own child of householder, and not child in subfamily)']=>1
0.709 1.000 ['neg_age_high']=>0

"
0.0027825594022071257,0.004,0.7093125569936167,1.0,0.7082453445958917,1.0,0.7093492033019774,1.0,"CRL
 ACC ,  C  ,  Rule
0.741 0.332 ['age_high && N/A (not own child of householder, and not child in subfamily)']=>0
0.741 0.587 ['Reference person && No disability']=>1
0.714 0.925 ['No disability && N/A (not own child of householder, and not child in subfamily)']=>1
0.709 1.000 ['neg_age_high']=>0

"
0.0027825594022071257,0.005,0.7450445550098389,0.32832322779848655,0.7388894221539642,0.33108562104050676,0.741457093492033,0.3315655596083701,"CRL
 ACC ,  C  ,  Rule
0.741 0.332 ['age_high']=>0
0.741 0.587 ['Reference person && No disability']=>1
0.714 0.925 ['No disability && N/A (not own child of householder, and not child in subfamily)']=>1
0.709 1.000 ['neg_age_high']=>0

"
0.0027825594022071257,0.005,0.7441806517670021,0.5878301630217415,0.7379295450182377,0.5904444231138415,0.7410971395661355,0.5869648684968324,"CRL
 ACC ,  C  ,  Rule
0.741 0.332 ['age_high']=>0
0.741 0.587 ['Reference person && No disability']=>1
0.714 0.925 ['No disability && N/A (not own child of householder, and not child in subfamily)']=>1
0.709 1.000 ['neg_age_high']=>0

"
0.0027825594022071257,0.005,0.7154558689426784,0.9244724590845825,0.7135966596275677,0.923521789210981,0.7143165674793627,0.9247216356306392,"CRL
 ACC ,  C  ,  Rule
0.741 0.332 ['age_high']=>0
0.741 0.587 ['Reference person && No disability']=>1
0.714 0.925 ['No disability && N/A (not own child of householder, and not child in subfamily)']=>1
0.709 1.000 ['neg_age_high']=>0

"
0.0027825594022071257,0.005,0.7093125569936167,1.0,0.7082453445958917,1.0,0.7093492033019774,1.0,"CRL
 ACC ,  C  ,  Rule
0.741 0.332 ['age_high']=>0
0.741 0.587 ['Reference person && No disability']=>1
0.714 0.925 ['No disability && N/A (not own child of householder, and not child in subfamily)']=>1
0.709 1.000 ['neg_age_high']=>0

"
0.0027825594022071257,0.006,0.7450445550098389,0.32832322779848655,0.7388894221539642,0.33108562104050676,0.741457093492033,0.3315655596083701,"CRL
 ACC ,  C  ,  Rule
0.741 0.332 ['age_high']=>0
0.741 0.587 ['Reference person && No disability']=>1
0.714 0.925 ['No disability && N/A (not own child of householder, and not child in subfamily)']=>1
0.709 1.000 ['neg_age_high']=>0

"
0.0027825594022071257,0.006,0.7441806517670021,0.5878301630217415,0.7379295450182377,0.5904444231138415,0.7410971395661355,0.5869648684968324,"CRL
 ACC ,  C  ,  Rule
0.741 0.332 ['age_high']=>0
0.741 0.587 ['Reference person && No disability']=>1
0.714 0.925 ['No disability && N/A (not own child of householder, and not child in subfamily)']=>1
0.709 1.000 ['neg_age_high']=>0

"
0.0027825594022071257,0.006,0.7154558689426784,0.9244724590845825,0.7135966596275677,0.923521789210981,0.7143165674793627,0.9247216356306392,"CRL
 ACC ,  C  ,  Rule
0.741 0.332 ['age_high']=>0
0.741 0.587 ['Reference person && No disability']=>1
0.714 0.925 ['No disability && N/A (not own child of householder, and not child in subfamily)']=>1
0.709 1.000 ['neg_age_high']=>0

"
0.0027825594022071257,0.006,0.7093125569936167,1.0,0.7082453445958917,1.0,0.7093492033019774,1.0,"CRL
 ACC ,  C  ,  Rule
0.741 0.332 ['age_high']=>0
0.741 0.587 ['Reference person && No disability']=>1
0.714 0.925 ['No disability && N/A (not own child of householder, and not child in subfamily)']=>1
0.709 1.000 ['neg_age_high']=>0

"
0.0027825594022071257,0.007,0.7450445550098389,0.32832322779848655,0.7388894221539642,0.33108562104050676,0.741457093492033,0.3315655596083701,"CRL
 ACC ,  C  ,  Rule
0.741 0.332 ['age_high && N/A (not own child of householder, and not child in subfamily)']=>0
0.741 0.587 ['Reference person && No disability']=>1
0.714 0.925 ['No disability && N/A (not own child of householder, and not child in subfamily)']=>1
0.709 1.000 ['neg_age_high']=>0

"
0.0027825594022071257,0.007,0.7441806517670021,0.5878301630217415,0.7379295450182377,0.5904444231138415,0.7410971395661355,0.5869648684968324,"CRL
 ACC ,  C  ,  Rule
0.741 0.332 ['age_high && N/A (not own child of householder, and not child in subfamily)']=>0
0.741 0.587 ['Reference person && No disability']=>1
0.714 0.925 ['No disability && N/A (not own child of householder, and not child in subfamily)']=>1
0.709 1.000 ['neg_age_high']=>0

"
0.0027825594022071257,0.007,0.7154558689426784,0.9244724590845825,0.7135966596275677,0.923521789210981,0.7143165674793627,0.9247216356306392,"CRL
 ACC ,  C  ,  Rule
0.741 0.332 ['age_high && N/A (not own child of householder, and not child in subfamily)']=>0
0.741 0.587 ['Reference person && No disability']=>1
0.714 0.925 ['No disability && N/A (not own child of householder, and not child in subfamily)']=>1
0.709 1.000 ['neg_age_high']=>0

"
0.0027825594022071257,0.007,0.7093125569936167,1.0,0.7082453445958917,1.0,0.7093492033019774,1.0,"CRL
 ACC ,  C  ,  Rule
0.741 0.332 ['age_high && N/A (not own child of householder, and not child in subfamily)']=>0
0.741 0.587 ['Reference person && No disability']=>1
0.714 0.925 ['No disability && N/A (not own child of householder, and not child in subfamily)']=>1
0.709 1.000 ['neg_age_high']=>0

"
0.0027825594022071257,0.008,0.7450445550098389,0.32832322779848655,0.7388894221539642,0.33108562104050676,0.741457093492033,0.3315655596083701,"CRL
 ACC ,  C  ,  Rule
0.741 0.332 ['age_high']=>0
0.741 0.587 ['Reference person && No disability']=>1
0.714 0.925 ['No disability && N/A (not own child of householder, and not child in subfamily)']=>1
0.709 1.000 ['neg_age_high']=>0

"
0.0027825594022071257,0.008,0.7441806517670021,0.5878301630217415,0.7379295450182377,0.5904444231138415,0.7410971395661355,0.5869648684968324,"CRL
 ACC ,  C  ,  Rule
0.741 0.332 ['age_high']=>0
0.741 0.587 ['Reference person && No disability']=>1
0.714 0.925 ['No disability && N/A (not own child of householder, and not child in subfamily)']=>1
0.709 1.000 ['neg_age_high']=>0

"
0.0027825594022071257,0.008,0.7154558689426784,0.9244724590845825,0.7135966596275677,0.923521789210981,0.7143165674793627,0.9247216356306392,"CRL
 ACC ,  C  ,  Rule
0.741 0.332 ['age_high']=>0
0.741 0.587 ['Reference person && No disability']=>1
0.714 0.925 ['No disability && N/A (not own child of householder, and not child in subfamily)']=>1
0.709 1.000 ['neg_age_high']=>0

"
0.0027825594022071257,0.008,0.7093125569936167,1.0,0.7082453445958917,1.0,0.7093492033019774,1.0,"CRL
 ACC ,  C  ,  Rule
0.741 0.332 ['age_high']=>0
0.741 0.587 ['Reference person && No disability']=>1
0.714 0.925 ['No disability && N/A (not own child of householder, and not child in subfamily)']=>1
0.709 1.000 ['neg_age_high']=>0

"
0.0027825594022071257,0.009000000000000001,0.7450445550098389,0.32832322779848655,0.7388894221539642,0.33108562104050676,0.741457093492033,0.3315655596083701,"CRL
 ACC ,  C  ,  Rule
0.741 0.332 ['age_high']=>0
0.741 0.587 ['Reference person && No disability']=>1
0.714 0.925 ['No disability && N/A (not own child of householder, and not child in subfamily)']=>1
0.709 1.000 ['neg_age_high']=>0

"
0.0027825594022071257,0.009000000000000001,0.7441806517670021,0.5878301630217415,0.7379295450182377,0.5904444231138415,0.7410971395661355,0.5869648684968324,"CRL
 ACC ,  C  ,  Rule
0.741 0.332 ['age_high']=>0
0.741 0.587 ['Reference person && No disability']=>1
0.714 0.925 ['No disability && N/A (not own child of householder, and not child in subfamily)']=>1
0.709 1.000 ['neg_age_high']=>0

"
0.0027825594022071257,0.009000000000000001,0.7154558689426784,0.9244724590845825,0.7135966596275677,0.923521789210981,0.7143165674793627,0.9247216356306392,"CRL
 ACC ,  C  ,  Rule
0.741 0.332 ['age_high']=>0
0.741 0.587 ['Reference person && No disability']=>1
0.714 0.925 ['No disability && N/A (not own child of householder, and not child in subfamily)']=>1
0.709 1.000 ['neg_age_high']=>0

"
0.0027825594022071257,0.009000000000000001,0.7093125569936167,1.0,0.7082453445958917,1.0,0.7093492033019774,1.0,"CRL
 ACC ,  C  ,  Rule
0.741 0.332 ['age_high']=>0
0.741 0.587 ['Reference person && No disability']=>1
0.714 0.925 ['No disability && N/A (not own child of householder, and not child in subfamily)']=>1
0.709 1.000 ['neg_age_high']=>0

"
0.0027825594022071257,0.01,0.7450445550098389,0.32832322779848655,0.7388894221539642,0.33108562104050676,0.741457093492033,0.3315655596083701,"CRL
 ACC ,  C  ,  Rule
0.741 0.332 ['age_high && N/A (not own child of householder, and not child in subfamily)']=>0
0.741 0.587 ['Reference person && No disability']=>1
0.714 0.925 ['No disability && N/A (not own child of householder, and not child in subfamily)']=>1
0.709 1.000 ['neg_age_high']=>0

"
0.0027825594022071257,0.01,0.7441806517670021,0.5878301630217415,0.7379295450182377,0.5904444231138415,0.7410971395661355,0.5869648684968324,"CRL
 ACC ,  C  ,  Rule
0.741 0.332 ['age_high && N/A (not own child of householder, and not child in subfamily)']=>0
0.741 0.587 ['Reference person && No disability']=>1
0.714 0.925 ['No disability && N/A (not own child of householder, and not child in subfamily)']=>1
0.709 1.000 ['neg_age_high']=>0

"
0.0027825594022071257,0.01,0.7154558689426784,0.9244724590845825,0.7135966596275677,0.923521789210981,0.7143165674793627,0.9247216356306392,"CRL
 ACC ,  C  ,  Rule
0.741 0.332 ['age_high && N/A (not own child of householder, and not child in subfamily)']=>0
0.741 0.587 ['Reference person && No disability']=>1
0.714 0.925 ['No disability && N/A (not own child of householder, and not child in subfamily)']=>1
0.709 1.000 ['neg_age_high']=>0

"
0.0027825594022071257,0.01,0.7093125569936167,1.0,0.7082453445958917,1.0,0.7093492033019774,1.0,"CRL
 ACC ,  C  ,  Rule
0.741 0.332 ['age_high && N/A (not own child of householder, and not child in subfamily)']=>0
0.741 0.587 ['Reference person && No disability']=>1
0.714 0.925 ['No disability && N/A (not own child of householder, and not child in subfamily)']=>1
0.709 1.000 ['neg_age_high']=>0

"
0.004641588833612777,0.001,0.7450445550098389,0.32832322779848655,0.7388894221539642,0.33108562104050676,0.741457093492033,0.3315655596083701,"CRL
 ACC ,  C  ,  Rule
0.741 0.332 ['age_high']=>0
0.714 0.925 ['No disability && N/A (not own child of householder, and not child in subfamily)']=>1
0.709 1.000 ['neg_age_high']=>0

"
0.004641588833612777,0.001,0.7154558689426784,0.9244724590845825,0.7135966596275677,0.923521789210981,0.7143165674793627,0.9247216356306392,"CRL
 ACC ,  C  ,  Rule
0.741 0.332 ['age_high']=>0
0.714 0.925 ['No disability && N/A (not own child of householder, and not child in subfamily)']=>1
0.709 1.000 ['neg_age_high']=>0

"
0.004641588833612777,0.001,0.7093125569936167,1.0,0.7082453445958917,1.0,0.7093492033019774,1.0,"CRL
 ACC ,  C  ,  Rule
0.741 0.332 ['age_high']=>0
0.714 0.925 ['No disability && N/A (not own child of householder, and not child in subfamily)']=>1
0.709 1.000 ['neg_age_high']=>0

"
0.004641588833612777,0.002,0.7450445550098389,0.32832322779848655,0.7388894221539642,0.33108562104050676,0.741457093492033,0.3315655596083701,"CRL
 ACC ,  C  ,  Rule
0.741 0.332 ['age_high']=>0
0.714 0.925 ['No disability && N/A (not own child of householder, and not child in subfamily)']=>1
0.709 1.000 ['neg_age_high']=>0

"
0.004641588833612777,0.002,0.7154558689426784,0.9244724590845825,0.7135966596275677,0.923521789210981,0.7143165674793627,0.9247216356306392,"CRL
 ACC ,  C  ,  Rule
0.741 0.332 ['age_high']=>0
0.714 0.925 ['No disability && N/A (not own child of householder, and not child in subfamily)']=>1
0.709 1.000 ['neg_age_high']=>0

"
0.004641588833612777,0.002,0.7093125569936167,1.0,0.7082453445958917,1.0,0.7093492033019774,1.0,"CRL
 ACC ,  C  ,  Rule
0.741 0.332 ['age_high']=>0
0.714 0.925 ['No disability && N/A (not own child of householder, and not child in subfamily)']=>1
0.709 1.000 ['neg_age_high']=>0

"
0.004641588833612777,0.003,0.7450445550098389,0.32832322779848655,0.7388894221539642,0.33108562104050676,0.741457093492033,0.3315655596083701,"CRL
 ACC ,  C  ,  Rule
0.741 0.332 ['age_high']=>0
0.714 0.925 ['No disability && N/A (not own child of householder, and not child in subfamily)']=>1
0.709 1.000 ['neg_age_high']=>0

"
0.004641588833612777,0.003,0.7154558689426784,0.9244724590845825,0.7135966596275677,0.923521789210981,0.7143165674793627,0.9247216356306392,"CRL
 ACC ,  C  ,  Rule
0.741 0.332 ['age_high']=>0
0.714 0.925 ['No disability && N/A (not own child of householder, and not child in subfamily)']=>1
0.709 1.000 ['neg_age_high']=>0

"
0.004641588833612777,0.003,0.7093125569936167,1.0,0.7082453445958917,1.0,0.7093492033019774,1.0,"CRL
 ACC ,  C  ,  Rule
0.741 0.332 ['age_high']=>0
0.714 0.925 ['No disability && N/A (not own child of householder, and not child in subfamily)']=>1
0.709 1.000 ['neg_age_high']=>0

"
0.004641588833612777,0.004,0.7450445550098389,0.32832322779848655,0.7388894221539642,0.33108562104050676,0.741457093492033,0.3315655596083701,"CRL
 ACC ,  C  ,  Rule
0.741 0.332 ['age_high']=>0
0.714 0.925 ['No disability && N/A (not own child of householder, and not child in subfamily)']=>1
0.709 1.000 ['neg_age_high']=>0

"
0.004641588833612777,0.004,0.7154558689426784,0.9244724590845825,0.7135966596275677,0.923521789210981,0.7143165674793627,0.9247216356306392,"CRL
 ACC ,  C  ,  Rule
0.741 0.332 ['age_high']=>0
0.714 0.925 ['No disability && N/A (not own child of householder, and not child in subfamily)']=>1
0.709 1.000 ['neg_age_high']=>0

"
0.004641588833612777,0.004,0.7093125569936167,1.0,0.7082453445958917,1.0,0.7093492033019774,1.0,"CRL
 ACC ,  C  ,  Rule
0.741 0.332 ['age_high']=>0
0.714 0.925 ['No disability && N/A (not own child of householder, and not child in subfamily)']=>1
0.709 1.000 ['neg_age_high']=>0

"
0.004641588833612777,0.005,0.7450445550098389,0.32832322779848655,0.7388894221539642,0.33108562104050676,0.741457093492033,0.3315655596083701,"CRL
 ACC ,  C  ,  Rule
0.741 0.332 ['age_high && N/A (not own child of householder, and not child in subfamily)']=>0
0.714 0.925 ['No disability && N/A (not own child of householder, and not child in subfamily)']=>1
0.709 1.000 ['neg_age_high']=>0

"
0.004641588833612777,0.005,0.7154558689426784,0.9244724590845825,0.7135966596275677,0.923521789210981,0.7143165674793627,0.9247216356306392,"CRL
 ACC ,  C  ,  Rule
0.741 0.332 ['age_high && N/A (not own child of householder, and not child in subfamily)']=>0
0.714 0.925 ['No disability && N/A (not own child of householder, and not child in subfamily)']=>1
0.709 1.000 ['neg_age_high']=>0

"
0.004641588833612777,0.005,0.7093125569936167,1.0,0.7082453445958917,1.0,0.7093492033019774,1.0,"CRL
 ACC ,  C  ,  Rule
0.741 0.332 ['age_high && N/A (not own child of householder, and not child in subfamily)']=>0
0.714 0.925 ['No disability && N/A (not own child of householder, and not child in subfamily)']=>1
0.709 1.000 ['neg_age_high']=>0

"
0.004641588833612777,0.006,0.7450445550098389,0.32832322779848655,0.7388894221539642,0.33108562104050676,0.741457093492033,0.3315655596083701,"CRL
 ACC ,  C  ,  Rule
0.741 0.332 ['age_high']=>0
0.714 0.925 ['No disability && N/A (not own child of householder, and not child in subfamily)']=>1
0.709 1.000 ['neg_age_high']=>0

"
0.004641588833612777,0.006,0.7154558689426784,0.9244724590845825,0.7135966596275677,0.923521789210981,0.7143165674793627,0.9247216356306392,"CRL
 ACC ,  C  ,  Rule
0.741 0.332 ['age_high']=>0
0.714 0.925 ['No disability && N/A (not own child of householder, and not child in subfamily)']=>1
0.709 1.000 ['neg_age_high']=>0

"
0.004641588833612777,0.006,0.7093125569936167,1.0,0.7082453445958917,1.0,0.7093492033019774,1.0,"CRL
 ACC ,  C  ,  Rule
0.741 0.332 ['age_high']=>0
0.714 0.925 ['No disability && N/A (not own child of householder, and not child in subfamily)']=>1
0.709 1.000 ['neg_age_high']=>0

"
0.004641588833612777,0.007,0.7450445550098389,0.32832322779848655,0.7388894221539642,0.33108562104050676,0.741457093492033,0.3315655596083701,"CRL
 ACC ,  C  ,  Rule
0.741 0.332 ['age_high']=>0
0.714 0.925 ['No disability && N/A (not own child of householder, and not child in subfamily)']=>1
0.709 1.000 ['neg_age_high']=>0

"
0.004641588833612777,0.007,0.7154558689426784,0.9244724590845825,0.7135966596275677,0.923521789210981,0.7143165674793627,0.9247216356306392,"CRL
 ACC ,  C  ,  Rule
0.741 0.332 ['age_high']=>0
0.714 0.925 ['No disability && N/A (not own child of householder, and not child in subfamily)']=>1
0.709 1.000 ['neg_age_high']=>0

"
0.004641588833612777,0.007,0.7093125569936167,1.0,0.7082453445958917,1.0,0.7093492033019774,1.0,"CRL
 ACC ,  C  ,  Rule
0.741 0.332 ['age_high']=>0
0.714 0.925 ['No disability && N/A (not own child of householder, and not child in subfamily)']=>1
0.709 1.000 ['neg_age_high']=>0

"
0.004641588833612777,0.008,0.7450445550098389,0.32832322779848655,0.7388894221539642,0.33108562104050676,0.741457093492033,0.3315655596083701,"CRL
 ACC ,  C  ,  Rule
0.741 0.332 ['age_high']=>0
0.714 0.925 ['No disability && N/A (not own child of householder, and not child in subfamily)']=>1
0.709 1.000 ['neg_age_high']=>0

"
0.004641588833612777,0.008,0.7154558689426784,0.9244724590845825,0.7135966596275677,0.923521789210981,0.7143165674793627,0.9247216356306392,"CRL
 ACC ,  C  ,  Rule
0.741 0.332 ['age_high']=>0
0.714 0.925 ['No disability && N/A (not own child of householder, and not child in subfamily)']=>1
0.709 1.000 ['neg_age_high']=>0

"
0.004641588833612777,0.008,0.7093125569936167,1.0,0.7082453445958917,1.0,0.7093492033019774,1.0,"CRL
 ACC ,  C  ,  Rule
0.741 0.332 ['age_high']=>0
0.714 0.925 ['No disability && N/A (not own child of householder, and not child in subfamily)']=>1
0.709 1.000 ['neg_age_high']=>0

"
0.004641588833612777,0.009000000000000001,0.7450445550098389,0.32832322779848655,0.7388894221539642,0.33108562104050676,0.741457093492033,0.3315655596083701,"CRL
 ACC ,  C  ,  Rule
0.741 0.332 ['age_high && N/A (not own child of householder, and not child in subfamily)']=>0
0.714 0.925 ['No disability && N/A (not own child of householder, and not child in subfamily)']=>1
0.709 1.000 ['neg_age_high']=>0

"
0.004641588833612777,0.009000000000000001,0.7154558689426784,0.9244724590845825,0.7135966596275677,0.923521789210981,0.7143165674793627,0.9247216356306392,"CRL
 ACC ,  C  ,  Rule
0.741 0.332 ['age_high && N/A (not own child of householder, and not child in subfamily)']=>0
0.714 0.925 ['No disability && N/A (not own child of householder, and not child in subfamily)']=>1
0.709 1.000 ['neg_age_high']=>0

"
0.004641588833612777,0.009000000000000001,0.7093125569936167,1.0,0.7082453445958917,1.0,0.7093492033019774,1.0,"CRL
 ACC ,  C  ,  Rule
0.741 0.332 ['age_high && N/A (not own child of householder, and not child in subfamily)']=>0
0.714 0.925 ['No disability && N/A (not own child of householder, and not child in subfamily)']=>1
0.709 1.000 ['neg_age_high']=>0

"
0.004641588833612777,0.01,0.7450445550098389,0.32832322779848655,0.7388894221539642,0.33108562104050676,0.741457093492033,0.3315655596083701,"CRL
 ACC ,  C  ,  Rule
0.741 0.332 ['age_high']=>0
0.714 0.925 ['No disability && N/A (not own child of householder, and not child in subfamily)']=>1
0.709 1.000 ['neg_age_high']=>0

"
0.004641588833612777,0.01,0.7154558689426784,0.9244724590845825,0.7135966596275677,0.923521789210981,0.7143165674793627,0.9247216356306392,"CRL
 ACC ,  C  ,  Rule
0.741 0.332 ['age_high']=>0
0.714 0.925 ['No disability && N/A (not own child of householder, and not child in subfamily)']=>1
0.709 1.000 ['neg_age_high']=>0

"
0.004641588833612777,0.01,0.7093125569936167,1.0,0.7082453445958917,1.0,0.7093492033019774,1.0,"CRL
 ACC ,  C  ,  Rule
0.741 0.332 ['age_high']=>0
0.714 0.925 ['No disability && N/A (not own child of householder, and not child in subfamily)']=>1
0.709 1.000 ['neg_age_high']=>0

"
0.007742636826811269,0.001,0.7450445550098389,0.32832322779848655,0.7388894221539642,0.33108562104050676,0.741457093492033,0.3315655596083701,"CRL
 ACC ,  C  ,  Rule
0.741 0.332 ['age_high']=>0
0.714 0.925 ['No disability && N/A (not own child of householder, and not child in subfamily)']=>1
0.709 1.000 ['neg_age_high']=>0

"
0.007742636826811269,0.001,0.7154558689426784,0.9244724590845825,0.7135966596275677,0.923521789210981,0.7143165674793627,0.9247216356306392,"CRL
 ACC ,  C  ,  Rule
0.741 0.332 ['age_high']=>0
0.714 0.925 ['No disability && N/A (not own child of householder, and not child in subfamily)']=>1
0.709 1.000 ['neg_age_high']=>0

"
0.007742636826811269,0.001,0.7093125569936167,1.0,0.7082453445958917,1.0,0.7093492033019774,1.0,"CRL
 ACC ,  C  ,  Rule
0.741 0.332 ['age_high']=>0
0.714 0.925 ['No disability && N/A (not own child of householder, and not child in subfamily)']=>1
0.709 1.000 ['neg_age_high']=>0

"
0.007742636826811269,0.002,0.7450445550098389,0.32832322779848655,0.7388894221539642,0.33108562104050676,0.741457093492033,0.3315655596083701,"CRL
 ACC ,  C  ,  Rule
0.741 0.332 ['age_high']=>0
0.714 0.925 ['No disability && N/A (not own child of householder, and not child in subfamily)']=>1
0.709 1.000 ['neg_age_high']=>0

"
0.007742636826811269,0.002,0.7154558689426784,0.9244724590845825,0.7135966596275677,0.923521789210981,0.7143165674793627,0.9247216356306392,"CRL
 ACC ,  C  ,  Rule
0.741 0.332 ['age_high']=>0
0.714 0.925 ['No disability && N/A (not own child of householder, and not child in subfamily)']=>1
0.709 1.000 ['neg_age_high']=>0

"
0.007742636826811269,0.002,0.7093125569936167,1.0,0.7082453445958917,1.0,0.7093492033019774,1.0,"CRL
 ACC ,  C  ,  Rule
0.741 0.332 ['age_high']=>0
0.714 0.925 ['No disability && N/A (not own child of householder, and not child in subfamily)']=>1
0.709 1.000 ['neg_age_high']=>0

"
0.007742636826811269,0.003,0.7450445550098389,0.32832322779848655,0.7388894221539642,0.33108562104050676,0.741457093492033,0.3315655596083701,"CRL
 ACC ,  C  ,  Rule
0.741 0.332 ['age_high']=>0
0.714 0.925 ['No disability && N/A (not own child of householder, and not child in subfamily)']=>1
0.709 1.000 ['neg_age_high']=>0

"
0.007742636826811269,0.003,0.7154558689426784,0.9244724590845825,0.7135966596275677,0.923521789210981,0.7143165674793627,0.9247216356306392,"CRL
 ACC ,  C  ,  Rule
0.741 0.332 ['age_high']=>0
0.714 0.925 ['No disability && N/A (not own child of householder, and not child in subfamily)']=>1
0.709 1.000 ['neg_age_high']=>0

"
0.007742636826811269,0.003,0.7093125569936167,1.0,0.7082453445958917,1.0,0.7093492033019774,1.0,"CRL
 ACC ,  C  ,  Rule
0.741 0.332 ['age_high']=>0
0.714 0.925 ['No disability && N/A (not own child of householder, and not child in subfamily)']=>1
0.709 1.000 ['neg_age_high']=>0

"
0.007742636826811269,0.004,0.7450445550098389,0.32832322779848655,0.7388894221539642,0.33108562104050676,0.741457093492033,0.3315655596083701,"CRL
 ACC ,  C  ,  Rule
0.741 0.332 ['age_high']=>0
0.714 0.925 ['No disability && N/A (not own child of householder, and not child in subfamily)']=>1
0.709 1.000 ['neg_age_high']=>0

"
0.007742636826811269,0.004,0.7154558689426784,0.9244724590845825,0.7135966596275677,0.923521789210981,0.7143165674793627,0.9247216356306392,"CRL
 ACC ,  C  ,  Rule
0.741 0.332 ['age_high']=>0
0.714 0.925 ['No disability && N/A (not own child of householder, and not child in subfamily)']=>1
0.709 1.000 ['neg_age_high']=>0

"
0.007742636826811269,0.004,0.7093125569936167,1.0,0.7082453445958917,1.0,0.7093492033019774,1.0,"CRL
 ACC ,  C  ,  Rule
0.741 0.332 ['age_high']=>0
0.714 0.925 ['No disability && N/A (not own child of householder, and not child in subfamily)']=>1
0.709 1.000 ['neg_age_high']=>0

"
0.007742636826811269,0.005,0.7450445550098389,0.32832322779848655,0.7388894221539642,0.33108562104050676,0.741457093492033,0.3315655596083701,"CRL
 ACC ,  C  ,  Rule
0.741 0.332 ['age_high && N/A (not own child of householder, and not child in subfamily)']=>0
0.714 0.925 ['No disability && N/A (not own child of householder, and not child in subfamily)']=>1
0.709 1.000 ['neg_age_high']=>0

"
0.007742636826811269,0.005,0.7154558689426784,0.9244724590845825,0.7135966596275677,0.923521789210981,0.7143165674793627,0.9247216356306392,"CRL
 ACC ,  C  ,  Rule
0.741 0.332 ['age_high && N/A (not own child of householder, and not child in subfamily)']=>0
0.714 0.925 ['No disability && N/A (not own child of householder, and not child in subfamily)']=>1
0.709 1.000 ['neg_age_high']=>0

"
0.007742636826811269,0.005,0.7093125569936167,1.0,0.7082453445958917,1.0,0.7093492033019774,1.0,"CRL
 ACC ,  C  ,  Rule
0.741 0.332 ['age_high && N/A (not own child of householder, and not child in subfamily)']=>0
0.714 0.925 ['No disability && N/A (not own child of householder, and not child in subfamily)']=>1
0.709 1.000 ['neg_age_high']=>0

"
0.007742636826811269,0.006,0.7450445550098389,0.32832322779848655,0.7388894221539642,0.33108562104050676,0.741457093492033,0.3315655596083701,"CRL
 ACC ,  C  ,  Rule
0.741 0.332 ['age_high && N/A (not own child of householder, and not child in subfamily)']=>0
0.714 0.925 ['No disability && N/A (not own child of householder, and not child in subfamily)']=>1
0.709 1.000 ['neg_age_high']=>0

"
0.007742636826811269,0.006,0.7154558689426784,0.9244724590845825,0.7135966596275677,0.923521789210981,0.7143165674793627,0.9247216356306392,"CRL
 ACC ,  C  ,  Rule
0.741 0.332 ['age_high && N/A (not own child of householder, and not child in subfamily)']=>0
0.714 0.925 ['No disability && N/A (not own child of householder, and not child in subfamily)']=>1
0.709 1.000 ['neg_age_high']=>0

"
0.007742636826811269,0.006,0.7093125569936167,1.0,0.7082453445958917,1.0,0.7093492033019774,1.0,"CRL
 ACC ,  C  ,  Rule
0.741 0.332 ['age_high && N/A (not own child of householder, and not child in subfamily)']=>0
0.714 0.925 ['No disability && N/A (not own child of householder, and not child in subfamily)']=>1
0.709 1.000 ['neg_age_high']=>0

"
0.007742636826811269,0.007,0.7450445550098389,0.32832322779848655,0.7388894221539642,0.33108562104050676,0.741457093492033,0.3315655596083701,"CRL
 ACC ,  C  ,  Rule
0.741 0.332 ['age_high']=>0
0.714 0.925 ['No disability && N/A (not own child of householder, and not child in subfamily)']=>1
0.709 1.000 ['neg_age_high']=>0

"
0.007742636826811269,0.007,0.7154558689426784,0.9244724590845825,0.7135966596275677,0.923521789210981,0.7143165674793627,0.9247216356306392,"CRL
 ACC ,  C  ,  Rule
0.741 0.332 ['age_high']=>0
0.714 0.925 ['No disability && N/A (not own child of householder, and not child in subfamily)']=>1
0.709 1.000 ['neg_age_high']=>0

"
0.007742636826811269,0.007,0.7093125569936167,1.0,0.7082453445958917,1.0,0.7093492033019774,1.0,"CRL
 ACC ,  C  ,  Rule
0.741 0.332 ['age_high']=>0
0.714 0.925 ['No disability && N/A (not own child of householder, and not child in subfamily)']=>1
0.709 1.000 ['neg_age_high']=>0

"
0.007742636826811269,0.008,0.7450445550098389,0.32832322779848655,0.7388894221539642,0.33108562104050676,0.741457093492033,0.3315655596083701,"CRL
 ACC ,  C  ,  Rule
0.741 0.332 ['age_high && N/A (not own child of householder, and not child in subfamily)']=>0
0.714 0.925 ['No disability && N/A (not own child of householder, and not child in subfamily)']=>1
0.709 1.000 ['neg_age_high']=>0

"
0.007742636826811269,0.008,0.7154558689426784,0.9244724590845825,0.7135966596275677,0.923521789210981,0.7143165674793627,0.9247216356306392,"CRL
 ACC ,  C  ,  Rule
0.741 0.332 ['age_high && N/A (not own child of householder, and not child in subfamily)']=>0
0.714 0.925 ['No disability && N/A (not own child of householder, and not child in subfamily)']=>1
0.709 1.000 ['neg_age_high']=>0

"
0.007742636826811269,0.008,0.7093125569936167,1.0,0.7082453445958917,1.0,0.7093492033019774,1.0,"CRL
 ACC ,  C  ,  Rule
0.741 0.332 ['age_high && N/A (not own child of householder, and not child in subfamily)']=>0
0.714 0.925 ['No disability && N/A (not own child of householder, and not child in subfamily)']=>1
0.709 1.000 ['neg_age_high']=>0

"
0.007742636826811269,0.009000000000000001,0.7450445550098389,0.32832322779848655,0.7388894221539642,0.33108562104050676,0.741457093492033,0.3315655596083701,"CRL
 ACC ,  C  ,  Rule
0.741 0.332 ['age_high && N/A (not own child of householder, and not child in subfamily)']=>0
0.714 0.925 ['No disability && N/A (not own child of householder, and not child in subfamily)']=>1
0.709 1.000 ['neg_age_high']=>0

"
0.007742636826811269,0.009000000000000001,0.7154558689426784,0.9244724590845825,0.7135966596275677,0.923521789210981,0.7143165674793627,0.9247216356306392,"CRL
 ACC ,  C  ,  Rule
0.741 0.332 ['age_high && N/A (not own child of householder, and not child in subfamily)']=>0
0.714 0.925 ['No disability && N/A (not own child of householder, and not child in subfamily)']=>1
0.709 1.000 ['neg_age_high']=>0

"
0.007742636826811269,0.009000000000000001,0.7093125569936167,1.0,0.7082453445958917,1.0,0.7093492033019774,1.0,"CRL
 ACC ,  C  ,  Rule
0.741 0.332 ['age_high && N/A (not own child of householder, and not child in subfamily)']=>0
0.714 0.925 ['No disability && N/A (not own child of householder, and not child in subfamily)']=>1
0.709 1.000 ['neg_age_high']=>0

"
0.007742636826811269,0.01,0.7450445550098389,0.32832322779848655,0.7388894221539642,0.33108562104050676,0.741457093492033,0.3315655596083701,"CRL
 ACC ,  C  ,  Rule
0.741 0.332 ['age_high && N/A (not own child of householder, and not child in subfamily)']=>0
0.714 0.925 ['No disability && N/A (not own child of householder, and not child in subfamily)']=>1
0.709 1.000 ['neg_age_high']=>0

"
0.007742636826811269,0.01,0.7154558689426784,0.9244724590845825,0.7135966596275677,0.923521789210981,0.7143165674793627,0.9247216356306392,"CRL
 ACC ,  C  ,  Rule
0.741 0.332 ['age_high && N/A (not own child of householder, and not child in subfamily)']=>0
0.714 0.925 ['No disability && N/A (not own child of householder, and not child in subfamily)']=>1
0.709 1.000 ['neg_age_high']=>0

"
0.007742636826811269,0.01,0.7093125569936167,1.0,0.7082453445958917,1.0,0.7093492033019774,1.0,"CRL
 ACC ,  C  ,  Rule
0.741 0.332 ['age_high && N/A (not own child of householder, and not child in subfamily)']=>0
0.714 0.925 ['No disability && N/A (not own child of householder, and not child in subfamily)']=>1
0.709 1.000 ['neg_age_high']=>0

"
0.01291549665014884,0.001,0.7450445550098389,0.32832322779848655,0.7388894221539642,0.33108562104050676,0.741457093492033,0.3315655596083701,"CRL
 ACC ,  C  ,  Rule
0.741 0.332 ['age_high']=>0
0.687 1.000 ['neg_age_high']=>1

"
0.01291549665014884,0.001,0.6858751819796183,1.0,0.6847043578421962,1.0,0.6872960261086581,1.0,"CRL
 ACC ,  C  ,  Rule
0.741 0.332 ['age_high']=>0
0.687 1.000 ['neg_age_high']=>1

"
0.01291549665014884,0.002,0.7450445550098389,0.32832322779848655,0.7388894221539642,0.33108562104050676,0.741457093492033,0.3315655596083701,"CRL
 ACC ,  C  ,  Rule
0.741 0.332 ['age_high && N/A (not own child of householder, and not child in subfamily)']=>0
0.687 1.000 ['neg_age_high']=>1

"
0.01291549665014884,0.002,0.6858751819796183,1.0,0.6847043578421962,1.0,0.6872960261086581,1.0,"CRL
 ACC ,  C  ,  Rule
0.741 0.332 ['age_high && N/A (not own child of householder, and not child in subfamily)']=>0
0.687 1.000 ['neg_age_high']=>1

"
0.01291549665014884,0.003,0.7450445550098389,0.32832322779848655,0.7388894221539642,0.33108562104050676,0.741457093492033,0.3315655596083701,"CRL
 ACC ,  C  ,  Rule
0.741 0.332 ['age_high && N/A (not own child of householder, and not child in subfamily)']=>0
0.687 1.000 ['neg_age_high']=>1

"
0.01291549665014884,0.003,0.6858751819796183,1.0,0.6847043578421962,1.0,0.6872960261086581,1.0,"CRL
 ACC ,  C  ,  Rule
0.741 0.332 ['age_high && N/A (not own child of householder, and not child in subfamily)']=>0
0.687 1.000 ['neg_age_high']=>1

"
0.01291549665014884,0.004,0.7450445550098389,0.32832322779848655,0.7388894221539642,0.33108562104050676,0.741457093492033,0.3315655596083701,"CRL
 ACC ,  C  ,  Rule
0.741 0.332 ['age_high && N/A (not own child of householder, and not child in subfamily)']=>0
0.687 1.000 ['neg_age_high']=>1

"
0.01291549665014884,0.004,0.6858751819796183,1.0,0.6847043578421962,1.0,0.6872960261086581,1.0,"CRL
 ACC ,  C  ,  Rule
0.741 0.332 ['age_high && N/A (not own child of householder, and not child in subfamily)']=>0
0.687 1.000 ['neg_age_high']=>1

"
0.01291549665014884,0.005,0.7450445550098389,0.32832322779848655,0.7388894221539642,0.33108562104050676,0.741457093492033,0.3315655596083701,"CRL
 ACC ,  C  ,  Rule
0.741 0.332 ['age_high']=>0
0.687 1.000 ['neg_age_high']=>1

"
0.01291549665014884,0.005,0.6858751819796183,1.0,0.6847043578421962,1.0,0.6872960261086581,1.0,"CRL
 ACC ,  C  ,  Rule
0.741 0.332 ['age_high']=>0
0.687 1.000 ['neg_age_high']=>1

"
0.01291549665014884,0.006,0.7450445550098389,0.32832322779848655,0.7388894221539642,0.33108562104050676,0.741457093492033,0.3315655596083701,"CRL
 ACC ,  C  ,  Rule
0.741 0.332 ['age_high']=>0
0.687 1.000 ['neg_age_high']=>1

"
0.01291549665014884,0.006,0.6858751819796183,1.0,0.6847043578421962,1.0,0.6872960261086581,1.0,"CRL
 ACC ,  C  ,  Rule
0.741 0.332 ['age_high']=>0
0.687 1.000 ['neg_age_high']=>1

"
0.01291549665014884,0.007,0.7450445550098389,0.32832322779848655,0.7388894221539642,0.33108562104050676,0.741457093492033,0.3315655596083701,"CRL
 ACC ,  C  ,  Rule
0.741 0.332 ['age_high']=>0
0.687 1.000 ['neg_age_high']=>1

"
0.01291549665014884,0.007,0.6858751819796183,1.0,0.6847043578421962,1.0,0.6872960261086581,1.0,"CRL
 ACC ,  C  ,  Rule
0.741 0.332 ['age_high']=>0
0.687 1.000 ['neg_age_high']=>1

"
0.01291549665014884,0.008,0.7450445550098389,0.32832322779848655,0.7388894221539642,0.33108562104050676,0.741457093492033,0.3315655596083701,"CRL
 ACC ,  C  ,  Rule
0.741 0.332 ['age_high']=>0
0.687 1.000 ['neg_age_high']=>1

"
0.01291549665014884,0.008,0.6858751819796183,1.0,0.6847043578421962,1.0,0.6872960261086581,1.0,"CRL
 ACC ,  C  ,  Rule
0.741 0.332 ['age_high']=>0
0.687 1.000 ['neg_age_high']=>1

"
0.01291549665014884,0.009000000000000001,0.7450445550098389,0.32832322779848655,0.7388894221539642,0.33108562104050676,0.741457093492033,0.3315655596083701,"CRL
 ACC ,  C  ,  Rule
0.741 0.332 ['age_high']=>0
0.687 1.000 ['neg_age_high']=>1

"
0.01291549665014884,0.009000000000000001,0.6858751819796183,1.0,0.6847043578421962,1.0,0.6872960261086581,1.0,"CRL
 ACC ,  C  ,  Rule
0.741 0.332 ['age_high']=>0
0.687 1.000 ['neg_age_high']=>1

"
0.01291549665014884,0.01,0.7450445550098389,0.32832322779848655,0.7388894221539642,0.33108562104050676,0.741457093492033,0.3315655596083701,"CRL
 ACC ,  C  ,  Rule
0.741 0.332 ['age_high']=>0
0.687 1.000 ['neg_age_high']=>1

"
0.01291549665014884,0.01,0.6858751819796183,1.0,0.6847043578421962,1.0,0.6872960261086581,1.0,"CRL
 ACC ,  C  ,  Rule
0.741 0.332 ['age_high']=>0
0.687 1.000 ['neg_age_high']=>1

"
0.021544346900318832,0.001,0.7450445550098389,0.32832322779848655,0.7388894221539642,0.33108562104050676,0.741457093492033,0.3315655596083701,"CRL
 ACC ,  C  ,  Rule
0.741 0.332 ['age_high']=>0
0.687 1.000 ['neg_age_high']=>1

"
0.021544346900318832,0.001,0.6858751819796183,1.0,0.6847043578421962,1.0,0.6872960261086581,1.0,"CRL
 ACC ,  C  ,  Rule
0.741 0.332 ['age_high']=>0
0.687 1.000 ['neg_age_high']=>1

"
0.021544346900318832,0.002,0.7450445550098389,0.32832322779848655,0.7388894221539642,0.33108562104050676,0.741457093492033,0.3315655596083701,"CRL
 ACC ,  C  ,  Rule
0.741 0.332 ['age_high']=>0
0.687 1.000 ['neg_age_high']=>1

"
0.021544346900318832,0.002,0.6858751819796183,1.0,0.6847043578421962,1.0,0.6872960261086581,1.0,"CRL
 ACC ,  C  ,  Rule
0.741 0.332 ['age_high']=>0
0.687 1.000 ['neg_age_high']=>1

"
0.021544346900318832,0.003,0.7450445550098389,0.32832322779848655,0.7388894221539642,0.33108562104050676,0.741457093492033,0.3315655596083701,"CRL
 ACC ,  C  ,  Rule
0.741 0.332 ['age_high']=>0
0.687 1.000 ['neg_age_high']=>1

"
0.021544346900318832,0.003,0.6858751819796183,1.0,0.6847043578421962,1.0,0.6872960261086581,1.0,"CRL
 ACC ,  C  ,  Rule
0.741 0.332 ['age_high']=>0
0.687 1.000 ['neg_age_high']=>1

"
0.021544346900318832,0.004,0.7450445550098389,0.32832322779848655,0.7388894221539642,0.33108562104050676,0.741457093492033,0.3315655596083701,"CRL
 ACC ,  C  ,  Rule
0.741 0.332 ['age_high']=>0
0.687 1.000 ['neg_age_high']=>1

"
0.021544346900318832,0.004,0.6858751819796183,1.0,0.6847043578421962,1.0,0.6872960261086581,1.0,"CRL
 ACC ,  C  ,  Rule
0.741 0.332 ['age_high']=>0
0.687 1.000 ['neg_age_high']=>1

"
0.021544346900318832,0.005,0.7450445550098389,0.32832322779848655,0.7388894221539642,0.33108562104050676,0.741457093492033,0.3315655596083701,"CRL
 ACC ,  C  ,  Rule
0.741 0.332 ['age_high']=>0
0.687 1.000 ['neg_age_high']=>1

"
0.021544346900318832,0.005,0.6858751819796183,1.0,0.6847043578421962,1.0,0.6872960261086581,1.0,"CRL
 ACC ,  C  ,  Rule
0.741 0.332 ['age_high']=>0
0.687 1.000 ['neg_age_high']=>1

"
0.021544346900318832,0.006,0.7450445550098389,0.32832322779848655,0.7388894221539642,0.33108562104050676,0.741457093492033,0.3315655596083701,"CRL
 ACC ,  C  ,  Rule
0.741 0.332 ['age_high']=>0
0.687 1.000 ['neg_age_high']=>1

"
0.021544346900318832,0.006,0.6858751819796183,1.0,0.6847043578421962,1.0,0.6872960261086581,1.0,"CRL
 ACC ,  C  ,  Rule
0.741 0.332 ['age_high']=>0
0.687 1.000 ['neg_age_high']=>1

"
0.021544346900318832,0.007,0.7450445550098389,0.32832322779848655,0.7388894221539642,0.33108562104050676,0.741457093492033,0.3315655596083701,"CRL
 ACC ,  C  ,  Rule
0.741 0.332 ['age_high']=>0
0.687 1.000 ['neg_age_high']=>1

"
0.021544346900318832,0.007,0.6858751819796183,1.0,0.6847043578421962,1.0,0.6872960261086581,1.0,"CRL
 ACC ,  C  ,  Rule
0.741 0.332 ['age_high']=>0
0.687 1.000 ['neg_age_high']=>1

"
0.021544346900318832,0.008,0.7450445550098389,0.32832322779848655,0.7388894221539642,0.33108562104050676,0.741457093492033,0.3315655596083701,"CRL
 ACC ,  C  ,  Rule
0.741 0.332 ['age_high']=>0
0.687 1.000 ['neg_age_high']=>1

"
0.021544346900318832,0.008,0.6858751819796183,1.0,0.6847043578421962,1.0,0.6872960261086581,1.0,"CRL
 ACC ,  C  ,  Rule
0.741 0.332 ['age_high']=>0
0.687 1.000 ['neg_age_high']=>1

"
0.021544346900318832,0.009000000000000001,0.7450445550098389,0.32832322779848655,0.7388894221539642,0.33108562104050676,0.741457093492033,0.3315655596083701,"CRL
 ACC ,  C  ,  Rule
0.741 0.332 ['age_high']=>0
0.687 1.000 ['neg_age_high']=>1

"
0.021544346900318832,0.009000000000000001,0.6858751819796183,1.0,0.6847043578421962,1.0,0.6872960261086581,1.0,"CRL
 ACC ,  C  ,  Rule
0.741 0.332 ['age_high']=>0
0.687 1.000 ['neg_age_high']=>1

"
0.021544346900318832,0.01,0.7450445550098389,0.32832322779848655,0.7388894221539642,0.33108562104050676,0.741457093492033,0.3315655596083701,"CRL
 ACC ,  C  ,  Rule
0.741 0.332 ['age_high']=>0
0.687 1.000 ['neg_age_high']=>1

"
0.021544346900318832,0.01,0.6858751819796183,1.0,0.6847043578421962,1.0,0.6872960261086581,1.0,"CRL
 ACC ,  C  ,  Rule
0.741 0.332 ['age_high']=>0
0.687 1.000 ['neg_age_high']=>1

"
0.03593813663804626,0.001,0.7450445550098389,0.32832322779848655,0.7388894221539642,0.33108562104050676,0.741457093492033,0.3315655596083701,"CRL
 ACC ,  C  ,  Rule
0.741 0.332 ['age_high']=>0
0.687 1.000 ['neg_age_high']=>1

"
0.03593813663804626,0.001,0.6858751819796183,1.0,0.6847043578421962,1.0,0.6872960261086581,1.0,"CRL
 ACC ,  C  ,  Rule
0.741 0.332 ['age_high']=>0
0.687 1.000 ['neg_age_high']=>1

"
0.03593813663804626,0.002,0.7450445550098389,0.32832322779848655,0.7388894221539642,0.33108562104050676,0.741457093492033,0.3315655596083701,"CRL
 ACC ,  C  ,  Rule
0.741 0.332 ['age_high']=>0
0.687 1.000 ['neg_age_high']=>1

"
0.03593813663804626,0.002,0.6858751819796183,1.0,0.6847043578421962,1.0,0.6872960261086581,1.0,"CRL
 ACC ,  C  ,  Rule
0.741 0.332 ['age_high']=>0
0.687 1.000 ['neg_age_high']=>1

"
0.03593813663804626,0.003,0.7450445550098389,0.32832322779848655,0.7388894221539642,0.33108562104050676,0.741457093492033,0.3315655596083701,"CRL
 ACC ,  C  ,  Rule
0.741 0.332 ['age_high']=>0
0.687 1.000 ['neg_age_high']=>1

"
0.03593813663804626,0.003,0.6858751819796183,1.0,0.6847043578421962,1.0,0.6872960261086581,1.0,"CRL
 ACC ,  C  ,  Rule
0.741 0.332 ['age_high']=>0
0.687 1.000 ['neg_age_high']=>1

"
0.03593813663804626,0.004,0.7450445550098389,0.32832322779848655,0.7388894221539642,0.33108562104050676,0.741457093492033,0.3315655596083701,"CRL
 ACC ,  C  ,  Rule
0.741 0.332 ['age_high']=>0
0.687 1.000 ['neg_age_high']=>1

"
0.03593813663804626,0.004,0.6858751819796183,1.0,0.6847043578421962,1.0,0.6872960261086581,1.0,"CRL
 ACC ,  C  ,  Rule
0.741 0.332 ['age_high']=>0
0.687 1.000 ['neg_age_high']=>1

"
0.03593813663804626,0.005,0.7450445550098389,0.32832322779848655,0.7388894221539642,0.33108562104050676,0.741457093492033,0.3315655596083701,"CRL
 ACC ,  C  ,  Rule
0.741 0.332 ['age_high']=>0
0.687 1.000 ['neg_age_high']=>1

"
0.03593813663804626,0.005,0.6858751819796183,1.0,0.6847043578421962,1.0,0.6872960261086581,1.0,"CRL
 ACC ,  C  ,  Rule
0.741 0.332 ['age_high']=>0
0.687 1.000 ['neg_age_high']=>1

"
0.03593813663804626,0.006,0.7450445550098389,0.32832322779848655,0.7388894221539642,0.33108562104050676,0.741457093492033,0.3315655596083701,"CRL
 ACC ,  C  ,  Rule
0.741 0.332 ['age_high']=>0
0.687 1.000 ['neg_age_high']=>1

"
0.03593813663804626,0.006,0.6858751819796183,1.0,0.6847043578421962,1.0,0.6872960261086581,1.0,"CRL
 ACC ,  C  ,  Rule
0.741 0.332 ['age_high']=>0
0.687 1.000 ['neg_age_high']=>1

"
0.03593813663804626,0.007,0.7450445550098389,0.32832322779848655,0.7388894221539642,0.33108562104050676,0.741457093492033,0.3315655596083701,"CRL
 ACC ,  C  ,  Rule
0.741 0.332 ['age_high']=>0
0.687 1.000 ['neg_age_high']=>1

"
0.03593813663804626,0.007,0.6858751819796183,1.0,0.6847043578421962,1.0,0.6872960261086581,1.0,"CRL
 ACC ,  C  ,  Rule
0.741 0.332 ['age_high']=>0
0.687 1.000 ['neg_age_high']=>1

"
0.03593813663804626,0.008,0.7450445550098389,0.32832322779848655,0.7388894221539642,0.33108562104050676,0.741457093492033,0.3315655596083701,"CRL
 ACC ,  C  ,  Rule
0.741 0.332 ['age_high']=>0
0.687 1.000 ['neg_age_high']=>1

"
0.03593813663804626,0.008,0.6858751819796183,1.0,0.6847043578421962,1.0,0.6872960261086581,1.0,"CRL
 ACC ,  C  ,  Rule
0.741 0.332 ['age_high']=>0
0.687 1.000 ['neg_age_high']=>1

"
0.03593813663804626,0.009000000000000001,0.7450445550098389,0.32832322779848655,0.7388894221539642,0.33108562104050676,0.741457093492033,0.3315655596083701,"CRL
 ACC ,  C  ,  Rule
0.741 0.332 ['age_high']=>0
0.687 1.000 ['neg_age_high']=>1

"
0.03593813663804626,0.009000000000000001,0.6858751819796183,1.0,0.6847043578421962,1.0,0.6872960261086581,1.0,"CRL
 ACC ,  C  ,  Rule
0.741 0.332 ['age_high']=>0
0.687 1.000 ['neg_age_high']=>1

"
0.03593813663804626,0.01,0.7450445550098389,0.32832322779848655,0.7388894221539642,0.33108562104050676,0.741457093492033,0.3315655596083701,"CRL
 ACC ,  C  ,  Rule
0.741 0.332 ['age_high']=>0
0.687 1.000 ['neg_age_high']=>1

"
0.03593813663804626,0.01,0.6858751819796183,1.0,0.6847043578421962,1.0,0.6872960261086581,1.0,"CRL
 ACC ,  C  ,  Rule
0.741 0.332 ['age_high']=>0
0.687 1.000 ['neg_age_high']=>1

"
0.05994842503189409,0.001,0.5806389684355352,0.9999360071671973,0.5785899404876176,0.9999760030716068,0.5757822998656172,0.9999280092148205,"CRL
 ACC ,  C  ,  Rule
0.576 1.000 ['neg_Foster child']=>1

"
0.05994842503189409,0.002,0.5806389684355352,0.9999360071671973,0.5785899404876176,0.9999760030716068,0.5757822998656172,0.9999280092148205,"CRL
 ACC ,  C  ,  Rule
0.576 1.000 ['neg_Foster child']=>1

"
0.05994842503189409,0.003,0.5806389684355352,0.9999360071671973,0.5785899404876176,0.9999760030716068,0.5757822998656172,0.9999280092148205,"CRL
 ACC ,  C  ,  Rule
0.576 1.000 ['neg_Foster child']=>1

"
0.05994842503189409,0.004,0.5806389684355352,0.9999360071671973,0.5785899404876176,0.9999760030716068,0.5757822998656172,0.9999280092148205,"CRL
 ACC ,  C  ,  Rule
0.576 1.000 ['neg_Foster child']=>1

"
0.05994842503189409,0.005,0.5806389684355352,0.9999360071671973,0.5785899404876176,0.9999760030716068,0.5757822998656172,0.9999280092148205,"CRL
 ACC ,  C  ,  Rule
0.576 1.000 ['neg_Foster child']=>1

"
0.05994842503189409,0.006,0.5806389684355352,0.9999360071671973,0.5785899404876176,0.9999760030716068,0.5757822998656172,0.9999280092148205,"CRL
 ACC ,  C  ,  Rule
0.576 1.000 ['neg_Foster child']=>1

"
0.05994842503189409,0.007,0.5806389684355352,0.9999360071671973,0.5785899404876176,0.9999760030716068,0.5757822998656172,0.9999280092148205,"CRL
 ACC ,  C  ,  Rule
0.576 1.000 ['neg_Foster child']=>1

"
0.05994842503189409,0.008,0.5806389684355352,0.9999360071671973,0.5785899404876176,0.9999760030716068,0.5757822998656172,0.9999280092148205,"CRL
 ACC ,  C  ,  Rule
0.576 1.000 ['neg_Foster child']=>1

"
0.05994842503189409,0.009000000000000001,0.5806389684355352,0.9999360071671973,0.5785899404876176,0.9999760030716068,0.5757822998656172,0.9999280092148205,"CRL
 ACC ,  C  ,  Rule
0.576 1.000 ['neg_Foster child']=>1

"
0.05994842503189409,0.01,0.5806389684355352,0.9999360071671973,0.5785899404876176,0.9999760030716068,0.5757822998656172,0.9999280092148205,"CRL
 ACC ,  C  ,  Rule
0.576 1.000 ['neg_Foster child']=>1

"
0.1,0.001,0.5806389684355352,0.9999360071671973,0.5785899404876176,0.9999760030716068,0.5757822998656172,0.9999280092148205,"CRL
 ACC ,  C  ,  Rule
0.576 1.000 ['neg_Foster child']=>1

"
0.1,0.002,0.5806389684355352,0.9999360071671973,0.5785899404876176,0.9999760030716068,0.5757822998656172,0.9999280092148205,"CRL
 ACC ,  C  ,  Rule
0.576 1.000 ['neg_Foster child']=>1

"
0.1,0.003,0.5806389684355352,0.9999360071671973,0.5785899404876176,0.9999760030716068,0.5757822998656172,0.9999280092148205,"CRL
 ACC ,  C  ,  Rule
0.576 1.000 ['neg_Foster child']=>1

"
0.1,0.004,0.5806389684355352,0.9999360071671973,0.5785899404876176,0.9999760030716068,0.5757822998656172,0.9999280092148205,"CRL
 ACC ,  C  ,  Rule
0.576 1.000 ['neg_Foster child']=>1

"
0.1,0.005,0.5806389684355352,0.9999360071671973,0.5785899404876176,0.9999760030716068,0.5757822998656172,0.9999280092148205,"CRL
 ACC ,  C  ,  Rule
0.576 1.000 ['neg_Foster child']=>1

"
0.1,0.006,0.5806389684355352,0.9999360071671973,0.5785899404876176,0.9999760030716068,0.5757822998656172,0.9999280092148205,"CRL
 ACC ,  C  ,  Rule
0.576 1.000 ['neg_Foster child']=>1

"
0.1,0.007,0.5806389684355352,0.9999360071671973,0.5785899404876176,0.9999760030716068,0.5757822998656172,0.9999280092148205,"CRL
 ACC ,  C  ,  Rule
0.576 1.000 ['neg_Foster child']=>1

"
0.1,0.008,0.5806389684355352,0.9999360071671973,0.5785899404876176,0.9999760030716068,0.5757822998656172,0.9999280092148205,"CRL
 ACC ,  C  ,  Rule
0.576 1.000 ['neg_Foster child']=>1

"
0.1,0.009000000000000001,0.5806389684355352,0.9999360071671973,0.5785899404876176,0.9999760030716068,0.5757822998656172,0.9999280092148205,"CRL
 ACC ,  C  ,  Rule
0.576 1.000 ['neg_Foster child']=>1

"
0.1,0.01,0.5806389684355352,0.9999360071671973,0.5785899404876176,0.9999760030716068,0.5757822998656172,0.9999280092148205,"CRL
 ACC ,  C  ,  Rule
0.576 1.000 ['neg_Foster child']=>1

"
