alpha,temperature,accuracy_train,transparency_train,accuracy_valid,transparency_valid,accuracy_test,transparency_test,model
na,na,0.845725985326736,0,0.8390663390663391,0,0.8453270549698024,0,"GradientBoostingClassifier(criterion='squared_error',
                           learning_rate=0.09030910809224067,
                           loss='exponential', max_features=0.6372205412399383,
                           min_samples_leaf=5, n_estimators=133,
                           random_state=2)"
0.001,0.001,0.8448046408462719,0.2872888585565603,0.8385544635544635,0.289004914004914,0.8442010441191524,0.28559729757395846,"CRL
 ACC ,  C  ,  Rule
0.844 0.286 ['occupation_Blue-Collar && capital_gain_0']=>0
0.842 0.449 ['education_HS-grad && capital_gain_0']=>0
0.840 0.749 ['neg_marital_status_Married']=>0
0.837 0.780 ['occupation_Service && capital_gain_0']=>0
0.817 1.000 ['neg_marital_status_Single']=>1

"
0.001,0.001,0.8438491724961611,0.4524483876471592,0.8364045864045864,0.45567158067158064,0.8421537516634251,0.4494830586549289,"CRL
 ACC ,  C  ,  Rule
0.844 0.286 ['occupation_Blue-Collar && capital_gain_0']=>0
0.842 0.449 ['education_HS-grad && capital_gain_0']=>0
0.840 0.749 ['neg_marital_status_Married']=>0
0.837 0.780 ['occupation_Service && capital_gain_0']=>0
0.817 1.000 ['neg_marital_status_Single']=>1

"
0.001,0.001,0.8402320423135984,0.7513393618836376,0.8327190827190827,0.7521498771498771,0.839594636093766,0.7486948510594739,"CRL
 ACC ,  C  ,  Rule
0.844 0.286 ['occupation_Blue-Collar && capital_gain_0']=>0
0.842 0.449 ['education_HS-grad && capital_gain_0']=>0
0.840 0.749 ['neg_marital_status_Married']=>0
0.837 0.780 ['occupation_Service && capital_gain_0']=>0
0.817 1.000 ['neg_marital_status_Single']=>1

"
0.001,0.001,0.8392424500938407,0.780685889779901,0.829954954954955,0.7816339066339066,0.8371378851468932,0.7802231548776742,"CRL
 ACC ,  C  ,  Rule
0.844 0.286 ['occupation_Blue-Collar && capital_gain_0']=>0
0.842 0.449 ['education_HS-grad && capital_gain_0']=>0
0.840 0.749 ['neg_marital_status_Married']=>0
0.837 0.780 ['occupation_Service && capital_gain_0']=>0
0.817 1.000 ['neg_marital_status_Single']=>1

"
0.001,0.001,0.8165159529090599,1.0,0.8081490581490581,1.0,0.8170744190807657,1.0,"CRL
 ACC ,  C  ,  Rule
0.844 0.286 ['occupation_Blue-Collar && capital_gain_0']=>0
0.842 0.449 ['education_HS-grad && capital_gain_0']=>0
0.840 0.749 ['neg_marital_status_Married']=>0
0.837 0.780 ['occupation_Service && capital_gain_0']=>0
0.817 1.000 ['neg_marital_status_Single']=>1

"
0.001,0.002,0.8448046408462719,0.2872888585565603,0.8385544635544635,0.289004914004914,0.8442010441191524,0.28559729757395846,"CRL
 ACC ,  C  ,  Rule
0.844 0.286 ['occupation_Blue-Collar && capital_gain_0']=>0
0.842 0.449 ['education_HS-grad && capital_gain_0']=>0
0.840 0.749 ['neg_marital_status_Married']=>0
0.837 0.780 ['occupation_Service && capital_gain_0']=>0
0.817 1.000 ['neg_marital_status_Separated']=>1

"
0.001,0.002,0.8438491724961611,0.4524483876471592,0.8364045864045864,0.45567158067158064,0.8421537516634251,0.4494830586549289,"CRL
 ACC ,  C  ,  Rule
0.844 0.286 ['occupation_Blue-Collar && capital_gain_0']=>0
0.842 0.449 ['education_HS-grad && capital_gain_0']=>0
0.840 0.749 ['neg_marital_status_Married']=>0
0.837 0.780 ['occupation_Service && capital_gain_0']=>0
0.817 1.000 ['neg_marital_status_Separated']=>1

"
0.001,0.002,0.8402320423135984,0.7513393618836376,0.8327190827190827,0.7521498771498771,0.839594636093766,0.7486948510594739,"CRL
 ACC ,  C  ,  Rule
0.844 0.286 ['occupation_Blue-Collar && capital_gain_0']=>0
0.842 0.449 ['education_HS-grad && capital_gain_0']=>0
0.840 0.749 ['neg_marital_status_Married']=>0
0.837 0.780 ['occupation_Service && capital_gain_0']=>0
0.817 1.000 ['neg_marital_status_Separated']=>1

"
0.001,0.002,0.8392424500938407,0.780685889779901,0.829954954954955,0.7816339066339066,0.8371378851468932,0.7802231548776742,"CRL
 ACC ,  C  ,  Rule
0.844 0.286 ['occupation_Blue-Collar && capital_gain_0']=>0
0.842 0.449 ['education_HS-grad && capital_gain_0']=>0
0.840 0.749 ['neg_marital_status_Married']=>0
0.837 0.780 ['occupation_Service && capital_gain_0']=>0
0.817 1.000 ['neg_marital_status_Separated']=>1

"
0.001,0.002,0.8165159529090599,1.0,0.8081490581490581,1.0,0.8170744190807657,1.0,"CRL
 ACC ,  C  ,  Rule
0.844 0.286 ['occupation_Blue-Collar && capital_gain_0']=>0
0.842 0.449 ['education_HS-grad && capital_gain_0']=>0
0.840 0.749 ['neg_marital_status_Married']=>0
0.837 0.780 ['occupation_Service && capital_gain_0']=>0
0.817 1.000 ['neg_marital_status_Separated']=>1

"
0.001,0.003,0.8448046408462719,0.2872888585565603,0.8385544635544635,0.289004914004914,0.8442010441191524,0.28559729757395846,"CRL
 ACC ,  C  ,  Rule
0.844 0.286 ['occupation_Blue-Collar && capital_gain_0']=>0
0.842 0.449 ['education_HS-grad && capital_gain_0']=>0
0.840 0.749 ['neg_marital_status_Married']=>0
0.837 0.780 ['occupation_Service && capital_gain_0']=>0
0.817 1.000 ['neg_marital_status_Separated']=>1

"
0.001,0.003,0.8438491724961611,0.4524483876471592,0.8364045864045864,0.45567158067158064,0.8421537516634251,0.4494830586549289,"CRL
 ACC ,  C  ,  Rule
0.844 0.286 ['occupation_Blue-Collar && capital_gain_0']=>0
0.842 0.449 ['education_HS-grad && capital_gain_0']=>0
0.840 0.749 ['neg_marital_status_Married']=>0
0.837 0.780 ['occupation_Service && capital_gain_0']=>0
0.817 1.000 ['neg_marital_status_Separated']=>1

"
0.001,0.003,0.8402320423135984,0.7513393618836376,0.8327190827190827,0.7521498771498771,0.839594636093766,0.7486948510594739,"CRL
 ACC ,  C  ,  Rule
0.844 0.286 ['occupation_Blue-Collar && capital_gain_0']=>0
0.842 0.449 ['education_HS-grad && capital_gain_0']=>0
0.840 0.749 ['neg_marital_status_Married']=>0
0.837 0.780 ['occupation_Service && capital_gain_0']=>0
0.817 1.000 ['neg_marital_status_Separated']=>1

"
0.001,0.003,0.8392424500938407,0.780685889779901,0.829954954954955,0.7816339066339066,0.8371378851468932,0.7802231548776742,"CRL
 ACC ,  C  ,  Rule
0.844 0.286 ['occupation_Blue-Collar && capital_gain_0']=>0
0.842 0.449 ['education_HS-grad && capital_gain_0']=>0
0.840 0.749 ['neg_marital_status_Married']=>0
0.837 0.780 ['occupation_Service && capital_gain_0']=>0
0.817 1.000 ['neg_marital_status_Separated']=>1

"
0.001,0.003,0.8165159529090599,1.0,0.8081490581490581,1.0,0.8170744190807657,1.0,"CRL
 ACC ,  C  ,  Rule
0.844 0.286 ['occupation_Blue-Collar && capital_gain_0']=>0
0.842 0.449 ['education_HS-grad && capital_gain_0']=>0
0.840 0.749 ['neg_marital_status_Married']=>0
0.837 0.780 ['occupation_Service && capital_gain_0']=>0
0.817 1.000 ['neg_marital_status_Separated']=>1

"
0.001,0.004,0.8448046408462719,0.2872888585565603,0.8385544635544635,0.289004914004914,0.8442010441191524,0.28559729757395846,"CRL
 ACC ,  C  ,  Rule
0.844 0.286 ['occupation_Blue-Collar && capital_gain_0']=>0
0.842 0.449 ['education_HS-grad && capital_gain_0']=>0
0.840 0.749 ['neg_marital_status_Married']=>0
0.837 0.780 ['occupation_Service && capital_gain_0']=>0
0.817 1.000 ['marital_status_Married']=>1

"
0.001,0.004,0.8438491724961611,0.4524483876471592,0.8364045864045864,0.45567158067158064,0.8421537516634251,0.4494830586549289,"CRL
 ACC ,  C  ,  Rule
0.844 0.286 ['occupation_Blue-Collar && capital_gain_0']=>0
0.842 0.449 ['education_HS-grad && capital_gain_0']=>0
0.840 0.749 ['neg_marital_status_Married']=>0
0.837 0.780 ['occupation_Service && capital_gain_0']=>0
0.817 1.000 ['marital_status_Married']=>1

"
0.001,0.004,0.8402320423135984,0.7513393618836376,0.8327190827190827,0.7521498771498771,0.839594636093766,0.7486948510594739,"CRL
 ACC ,  C  ,  Rule
0.844 0.286 ['occupation_Blue-Collar && capital_gain_0']=>0
0.842 0.449 ['education_HS-grad && capital_gain_0']=>0
0.840 0.749 ['neg_marital_status_Married']=>0
0.837 0.780 ['occupation_Service && capital_gain_0']=>0
0.817 1.000 ['marital_status_Married']=>1

"
0.001,0.004,0.8392424500938407,0.780685889779901,0.829954954954955,0.7816339066339066,0.8371378851468932,0.7802231548776742,"CRL
 ACC ,  C  ,  Rule
0.844 0.286 ['occupation_Blue-Collar && capital_gain_0']=>0
0.842 0.449 ['education_HS-grad && capital_gain_0']=>0
0.840 0.749 ['neg_marital_status_Married']=>0
0.837 0.780 ['occupation_Service && capital_gain_0']=>0
0.817 1.000 ['marital_status_Married']=>1

"
0.001,0.004,0.8165159529090599,1.0,0.8081490581490581,1.0,0.8170744190807657,1.0,"CRL
 ACC ,  C  ,  Rule
0.844 0.286 ['occupation_Blue-Collar && capital_gain_0']=>0
0.842 0.449 ['education_HS-grad && capital_gain_0']=>0
0.840 0.749 ['neg_marital_status_Married']=>0
0.837 0.780 ['occupation_Service && capital_gain_0']=>0
0.817 1.000 ['marital_status_Married']=>1

"
0.001,0.005,0.8448046408462719,0.2872888585565603,0.8385544635544635,0.289004914004914,0.8442010441191524,0.28559729757395846,"CRL
 ACC ,  C  ,  Rule
0.844 0.286 ['occupation_Blue-Collar && capital_gain_0']=>0
0.842 0.449 ['education_HS-grad && capital_gain_0']=>0
0.840 0.749 ['neg_marital_status_Married']=>0
0.837 0.780 ['occupation_Service && capital_gain_0']=>0
0.817 1.000 ['neg_marital_status_Divorced']=>1

"
0.001,0.005,0.8438491724961611,0.4524483876471592,0.8364045864045864,0.45567158067158064,0.8421537516634251,0.4494830586549289,"CRL
 ACC ,  C  ,  Rule
0.844 0.286 ['occupation_Blue-Collar && capital_gain_0']=>0
0.842 0.449 ['education_HS-grad && capital_gain_0']=>0
0.840 0.749 ['neg_marital_status_Married']=>0
0.837 0.780 ['occupation_Service && capital_gain_0']=>0
0.817 1.000 ['neg_marital_status_Divorced']=>1

"
0.001,0.005,0.8402320423135984,0.7513393618836376,0.8327190827190827,0.7521498771498771,0.839594636093766,0.7486948510594739,"CRL
 ACC ,  C  ,  Rule
0.844 0.286 ['occupation_Blue-Collar && capital_gain_0']=>0
0.842 0.449 ['education_HS-grad && capital_gain_0']=>0
0.840 0.749 ['neg_marital_status_Married']=>0
0.837 0.780 ['occupation_Service && capital_gain_0']=>0
0.817 1.000 ['neg_marital_status_Divorced']=>1

"
0.001,0.005,0.8392424500938407,0.780685889779901,0.829954954954955,0.7816339066339066,0.8371378851468932,0.7802231548776742,"CRL
 ACC ,  C  ,  Rule
0.844 0.286 ['occupation_Blue-Collar && capital_gain_0']=>0
0.842 0.449 ['education_HS-grad && capital_gain_0']=>0
0.840 0.749 ['neg_marital_status_Married']=>0
0.837 0.780 ['occupation_Service && capital_gain_0']=>0
0.817 1.000 ['neg_marital_status_Divorced']=>1

"
0.001,0.005,0.8165159529090599,1.0,0.8081490581490581,1.0,0.8170744190807657,1.0,"CRL
 ACC ,  C  ,  Rule
0.844 0.286 ['occupation_Blue-Collar && capital_gain_0']=>0
0.842 0.449 ['education_HS-grad && capital_gain_0']=>0
0.840 0.749 ['neg_marital_status_Married']=>0
0.837 0.780 ['occupation_Service && capital_gain_0']=>0
0.817 1.000 ['neg_marital_status_Divorced']=>1

"
0.001,0.006,0.8448046408462719,0.2872888585565603,0.8385544635544635,0.289004914004914,0.8442010441191524,0.28559729757395846,"CRL
 ACC ,  C  ,  Rule
0.844 0.286 ['occupation_Blue-Collar && capital_gain_0']=>0
0.842 0.449 ['education_HS-grad && capital_gain_0']=>0
0.840 0.749 ['neg_marital_status_Married']=>0
0.837 0.780 ['occupation_Service && capital_gain_0']=>0
0.817 1.000 ['neg_marital_status_Single']=>1

"
0.001,0.006,0.8438491724961611,0.4524483876471592,0.8364045864045864,0.45567158067158064,0.8421537516634251,0.4494830586549289,"CRL
 ACC ,  C  ,  Rule
0.844 0.286 ['occupation_Blue-Collar && capital_gain_0']=>0
0.842 0.449 ['education_HS-grad && capital_gain_0']=>0
0.840 0.749 ['neg_marital_status_Married']=>0
0.837 0.780 ['occupation_Service && capital_gain_0']=>0
0.817 1.000 ['neg_marital_status_Single']=>1

"
0.001,0.006,0.8402320423135984,0.7513393618836376,0.8327190827190827,0.7521498771498771,0.839594636093766,0.7486948510594739,"CRL
 ACC ,  C  ,  Rule
0.844 0.286 ['occupation_Blue-Collar && capital_gain_0']=>0
0.842 0.449 ['education_HS-grad && capital_gain_0']=>0
0.840 0.749 ['neg_marital_status_Married']=>0
0.837 0.780 ['occupation_Service && capital_gain_0']=>0
0.817 1.000 ['neg_marital_status_Single']=>1

"
0.001,0.006,0.8392424500938407,0.780685889779901,0.829954954954955,0.7816339066339066,0.8371378851468932,0.7802231548776742,"CRL
 ACC ,  C  ,  Rule
0.844 0.286 ['occupation_Blue-Collar && capital_gain_0']=>0
0.842 0.449 ['education_HS-grad && capital_gain_0']=>0
0.840 0.749 ['neg_marital_status_Married']=>0
0.837 0.780 ['occupation_Service && capital_gain_0']=>0
0.817 1.000 ['neg_marital_status_Single']=>1

"
0.001,0.006,0.8165159529090599,1.0,0.8081490581490581,1.0,0.8170744190807657,1.0,"CRL
 ACC ,  C  ,  Rule
0.844 0.286 ['occupation_Blue-Collar && capital_gain_0']=>0
0.842 0.449 ['education_HS-grad && capital_gain_0']=>0
0.840 0.749 ['neg_marital_status_Married']=>0
0.837 0.780 ['occupation_Service && capital_gain_0']=>0
0.817 1.000 ['neg_marital_status_Single']=>1

"
0.001,0.007,0.8448046408462719,0.2872888585565603,0.8385544635544635,0.289004914004914,0.8442010441191524,0.28559729757395846,"CRL
 ACC ,  C  ,  Rule
0.844 0.286 ['occupation_Blue-Collar && capital_gain_0']=>0
0.842 0.449 ['education_HS-grad && capital_gain_0']=>0
0.840 0.749 ['neg_marital_status_Married']=>0
0.837 0.780 ['occupation_Service && capital_gain_0']=>0
0.817 1.000 ['neg_marital_status_Widowed']=>1

"
0.001,0.007,0.8438491724961611,0.4524483876471592,0.8364045864045864,0.45567158067158064,0.8421537516634251,0.4494830586549289,"CRL
 ACC ,  C  ,  Rule
0.844 0.286 ['occupation_Blue-Collar && capital_gain_0']=>0
0.842 0.449 ['education_HS-grad && capital_gain_0']=>0
0.840 0.749 ['neg_marital_status_Married']=>0
0.837 0.780 ['occupation_Service && capital_gain_0']=>0
0.817 1.000 ['neg_marital_status_Widowed']=>1

"
0.001,0.007,0.8402320423135984,0.7513393618836376,0.8327190827190827,0.7521498771498771,0.839594636093766,0.7486948510594739,"CRL
 ACC ,  C  ,  Rule
0.844 0.286 ['occupation_Blue-Collar && capital_gain_0']=>0
0.842 0.449 ['education_HS-grad && capital_gain_0']=>0
0.840 0.749 ['neg_marital_status_Married']=>0
0.837 0.780 ['occupation_Service && capital_gain_0']=>0
0.817 1.000 ['neg_marital_status_Widowed']=>1

"
0.001,0.007,0.8392424500938407,0.780685889779901,0.829954954954955,0.7816339066339066,0.8371378851468932,0.7802231548776742,"CRL
 ACC ,  C  ,  Rule
0.844 0.286 ['occupation_Blue-Collar && capital_gain_0']=>0
0.842 0.449 ['education_HS-grad && capital_gain_0']=>0
0.840 0.749 ['neg_marital_status_Married']=>0
0.837 0.780 ['occupation_Service && capital_gain_0']=>0
0.817 1.000 ['neg_marital_status_Widowed']=>1

"
0.001,0.007,0.8165159529090599,1.0,0.8081490581490581,1.0,0.8170744190807657,1.0,"CRL
 ACC ,  C  ,  Rule
0.844 0.286 ['occupation_Blue-Collar && capital_gain_0']=>0
0.842 0.449 ['education_HS-grad && capital_gain_0']=>0
0.840 0.749 ['neg_marital_status_Married']=>0
0.837 0.780 ['occupation_Service && capital_gain_0']=>0
0.817 1.000 ['neg_marital_status_Widowed']=>1

"
0.001,0.008,0.8448046408462719,0.2872888585565603,0.8385544635544635,0.289004914004914,0.8442010441191524,0.28559729757395846,"CRL
 ACC ,  C  ,  Rule
0.844 0.286 ['occupation_Blue-Collar && capital_gain_0']=>0
0.842 0.449 ['education_HS-grad && capital_gain_0']=>0
0.840 0.749 ['neg_marital_status_Married']=>0
0.837 0.780 ['occupation_Service && capital_gain_0']=>0
0.817 1.000 ['neg_marital_status_Divorced']=>1

"
0.001,0.008,0.8438491724961611,0.4524483876471592,0.8364045864045864,0.45567158067158064,0.8421537516634251,0.4494830586549289,"CRL
 ACC ,  C  ,  Rule
0.844 0.286 ['occupation_Blue-Collar && capital_gain_0']=>0
0.842 0.449 ['education_HS-grad && capital_gain_0']=>0
0.840 0.749 ['neg_marital_status_Married']=>0
0.837 0.780 ['occupation_Service && capital_gain_0']=>0
0.817 1.000 ['neg_marital_status_Divorced']=>1

"
0.001,0.008,0.8402320423135984,0.7513393618836376,0.8327190827190827,0.7521498771498771,0.839594636093766,0.7486948510594739,"CRL
 ACC ,  C  ,  Rule
0.844 0.286 ['occupation_Blue-Collar && capital_gain_0']=>0
0.842 0.449 ['education_HS-grad && capital_gain_0']=>0
0.840 0.749 ['neg_marital_status_Married']=>0
0.837 0.780 ['occupation_Service && capital_gain_0']=>0
0.817 1.000 ['neg_marital_status_Divorced']=>1

"
0.001,0.008,0.8392424500938407,0.780685889779901,0.829954954954955,0.7816339066339066,0.8371378851468932,0.7802231548776742,"CRL
 ACC ,  C  ,  Rule
0.844 0.286 ['occupation_Blue-Collar && capital_gain_0']=>0
0.842 0.449 ['education_HS-grad && capital_gain_0']=>0
0.840 0.749 ['neg_marital_status_Married']=>0
0.837 0.780 ['occupation_Service && capital_gain_0']=>0
0.817 1.000 ['neg_marital_status_Divorced']=>1

"
0.001,0.008,0.8165159529090599,1.0,0.8081490581490581,1.0,0.8170744190807657,1.0,"CRL
 ACC ,  C  ,  Rule
0.844 0.286 ['occupation_Blue-Collar && capital_gain_0']=>0
0.842 0.449 ['education_HS-grad && capital_gain_0']=>0
0.840 0.749 ['neg_marital_status_Married']=>0
0.837 0.780 ['occupation_Service && capital_gain_0']=>0
0.817 1.000 ['neg_marital_status_Divorced']=>1

"
0.001,0.009000000000000001,0.8448046408462719,0.2872888585565603,0.8385544635544635,0.289004914004914,0.8442010441191524,0.28559729757395846,"CRL
 ACC ,  C  ,  Rule
0.844 0.286 ['occupation_Blue-Collar && capital_gain_0']=>0
0.842 0.449 ['education_HS-grad && capital_gain_0']=>0
0.840 0.749 ['neg_marital_status_Married']=>0
0.837 0.780 ['occupation_Service && capital_gain_0']=>0
0.817 1.000 ['marital_status_Married']=>1

"
0.001,0.009000000000000001,0.8438491724961611,0.4524483876471592,0.8364045864045864,0.45567158067158064,0.8421537516634251,0.4494830586549289,"CRL
 ACC ,  C  ,  Rule
0.844 0.286 ['occupation_Blue-Collar && capital_gain_0']=>0
0.842 0.449 ['education_HS-grad && capital_gain_0']=>0
0.840 0.749 ['neg_marital_status_Married']=>0
0.837 0.780 ['occupation_Service && capital_gain_0']=>0
0.817 1.000 ['marital_status_Married']=>1

"
0.001,0.009000000000000001,0.8402320423135984,0.7513393618836376,0.8327190827190827,0.7521498771498771,0.839594636093766,0.7486948510594739,"CRL
 ACC ,  C  ,  Rule
0.844 0.286 ['occupation_Blue-Collar && capital_gain_0']=>0
0.842 0.449 ['education_HS-grad && capital_gain_0']=>0
0.840 0.749 ['neg_marital_status_Married']=>0
0.837 0.780 ['occupation_Service && capital_gain_0']=>0
0.817 1.000 ['marital_status_Married']=>1

"
0.001,0.009000000000000001,0.8392424500938407,0.780685889779901,0.829954954954955,0.7816339066339066,0.8371378851468932,0.7802231548776742,"CRL
 ACC ,  C  ,  Rule
0.844 0.286 ['occupation_Blue-Collar && capital_gain_0']=>0
0.842 0.449 ['education_HS-grad && capital_gain_0']=>0
0.840 0.749 ['neg_marital_status_Married']=>0
0.837 0.780 ['occupation_Service && capital_gain_0']=>0
0.817 1.000 ['marital_status_Married']=>1

"
0.001,0.009000000000000001,0.8165159529090599,1.0,0.8081490581490581,1.0,0.8170744190807657,1.0,"CRL
 ACC ,  C  ,  Rule
0.844 0.286 ['occupation_Blue-Collar && capital_gain_0']=>0
0.842 0.449 ['education_HS-grad && capital_gain_0']=>0
0.840 0.749 ['neg_marital_status_Married']=>0
0.837 0.780 ['occupation_Service && capital_gain_0']=>0
0.817 1.000 ['marital_status_Married']=>1

"
0.001,0.01,0.8448046408462719,0.2872888585565603,0.8385544635544635,0.289004914004914,0.8442010441191524,0.28559729757395846,"CRL
 ACC ,  C  ,  Rule
0.844 0.286 ['occupation_Blue-Collar && capital_gain_0']=>0
0.842 0.449 ['education_HS-grad && capital_gain_0']=>0
0.840 0.749 ['neg_marital_status_Married']=>0
0.837 0.780 ['occupation_Service && capital_gain_0']=>0
0.817 1.000 ['neg_marital_status_Widowed']=>1

"
0.001,0.01,0.8438491724961611,0.4524483876471592,0.8364045864045864,0.45567158067158064,0.8421537516634251,0.4494830586549289,"CRL
 ACC ,  C  ,  Rule
0.844 0.286 ['occupation_Blue-Collar && capital_gain_0']=>0
0.842 0.449 ['education_HS-grad && capital_gain_0']=>0
0.840 0.749 ['neg_marital_status_Married']=>0
0.837 0.780 ['occupation_Service && capital_gain_0']=>0
0.817 1.000 ['neg_marital_status_Widowed']=>1

"
0.001,0.01,0.8402320423135984,0.7513393618836376,0.8327190827190827,0.7521498771498771,0.839594636093766,0.7486948510594739,"CRL
 ACC ,  C  ,  Rule
0.844 0.286 ['occupation_Blue-Collar && capital_gain_0']=>0
0.842 0.449 ['education_HS-grad && capital_gain_0']=>0
0.840 0.749 ['neg_marital_status_Married']=>0
0.837 0.780 ['occupation_Service && capital_gain_0']=>0
0.817 1.000 ['neg_marital_status_Widowed']=>1

"
0.001,0.01,0.8392424500938407,0.780685889779901,0.829954954954955,0.7816339066339066,0.8371378851468932,0.7802231548776742,"CRL
 ACC ,  C  ,  Rule
0.844 0.286 ['occupation_Blue-Collar && capital_gain_0']=>0
0.842 0.449 ['education_HS-grad && capital_gain_0']=>0
0.840 0.749 ['neg_marital_status_Married']=>0
0.837 0.780 ['occupation_Service && capital_gain_0']=>0
0.817 1.000 ['neg_marital_status_Widowed']=>1

"
0.001,0.01,0.8165159529090599,1.0,0.8081490581490581,1.0,0.8170744190807657,1.0,"CRL
 ACC ,  C  ,  Rule
0.844 0.286 ['occupation_Blue-Collar && capital_gain_0']=>0
0.842 0.449 ['education_HS-grad && capital_gain_0']=>0
0.840 0.749 ['neg_marital_status_Married']=>0
0.837 0.780 ['occupation_Service && capital_gain_0']=>0
0.817 1.000 ['neg_marital_status_Widowed']=>1

"
0.0016681005372000592,0.001,0.8448046408462719,0.2872888585565603,0.8385544635544635,0.289004914004914,0.8442010441191524,0.28559729757395846,"CRL
 ACC ,  C  ,  Rule
0.844 0.286 ['occupation_Blue-Collar && capital_gain_0']=>0
0.842 0.449 ['education_HS-grad && capital_gain_0']=>0
0.840 0.749 ['neg_marital_status_Married']=>0
0.807 1.000 ['neg_marital_status_Separated']=>1

"
0.0016681005372000592,0.001,0.8438491724961611,0.4524483876471592,0.8364045864045864,0.45567158067158064,0.8421537516634251,0.4494830586549289,"CRL
 ACC ,  C  ,  Rule
0.844 0.286 ['occupation_Blue-Collar && capital_gain_0']=>0
0.842 0.449 ['education_HS-grad && capital_gain_0']=>0
0.840 0.749 ['neg_marital_status_Married']=>0
0.807 1.000 ['neg_marital_status_Separated']=>1

"
0.0016681005372000592,0.001,0.8402320423135984,0.7513393618836376,0.8327190827190827,0.7521498771498771,0.839594636093766,0.7486948510594739,"CRL
 ACC ,  C  ,  Rule
0.844 0.286 ['occupation_Blue-Collar && capital_gain_0']=>0
0.842 0.449 ['education_HS-grad && capital_gain_0']=>0
0.840 0.749 ['neg_marital_status_Married']=>0
0.807 1.000 ['neg_marital_status_Separated']=>1

"
0.0016681005372000592,0.001,0.8066882784507763,1.0,0.8015970515970516,1.0,0.8074521445388474,1.0,"CRL
 ACC ,  C  ,  Rule
0.844 0.286 ['occupation_Blue-Collar && capital_gain_0']=>0
0.842 0.449 ['education_HS-grad && capital_gain_0']=>0
0.840 0.749 ['neg_marital_status_Married']=>0
0.807 1.000 ['neg_marital_status_Separated']=>1

"
0.0016681005372000592,0.002,0.8448046408462719,0.2872888585565603,0.8385544635544635,0.289004914004914,0.8442010441191524,0.28559729757395846,"CRL
 ACC ,  C  ,  Rule
0.844 0.286 ['occupation_Blue-Collar && capital_gain_0']=>0
0.842 0.449 ['education_HS-grad && capital_gain_0']=>0
0.840 0.749 ['neg_marital_status_Married']=>0
0.807 1.000 ['neg_marital_status_Separated']=>1

"
0.0016681005372000592,0.002,0.8438491724961611,0.4524483876471592,0.8364045864045864,0.45567158067158064,0.8421537516634251,0.4494830586549289,"CRL
 ACC ,  C  ,  Rule
0.844 0.286 ['occupation_Blue-Collar && capital_gain_0']=>0
0.842 0.449 ['education_HS-grad && capital_gain_0']=>0
0.840 0.749 ['neg_marital_status_Married']=>0
0.807 1.000 ['neg_marital_status_Separated']=>1

"
0.0016681005372000592,0.002,0.8402320423135984,0.7513393618836376,0.8327190827190827,0.7521498771498771,0.839594636093766,0.7486948510594739,"CRL
 ACC ,  C  ,  Rule
0.844 0.286 ['occupation_Blue-Collar && capital_gain_0']=>0
0.842 0.449 ['education_HS-grad && capital_gain_0']=>0
0.840 0.749 ['neg_marital_status_Married']=>0
0.807 1.000 ['neg_marital_status_Separated']=>1

"
0.0016681005372000592,0.002,0.8066882784507763,1.0,0.8015970515970516,1.0,0.8074521445388474,1.0,"CRL
 ACC ,  C  ,  Rule
0.844 0.286 ['occupation_Blue-Collar && capital_gain_0']=>0
0.842 0.449 ['education_HS-grad && capital_gain_0']=>0
0.840 0.749 ['neg_marital_status_Married']=>0
0.807 1.000 ['neg_marital_status_Separated']=>1

"
0.0016681005372000592,0.003,0.8448046408462719,0.2872888585565603,0.8385544635544635,0.289004914004914,0.8442010441191524,0.28559729757395846,"CRL
 ACC ,  C  ,  Rule
0.844 0.286 ['occupation_Blue-Collar && capital_gain_0']=>0
0.842 0.449 ['education_HS-grad && capital_gain_0']=>0
0.840 0.749 ['neg_marital_status_Married']=>0
0.807 1.000 ['neg_marital_status_Widowed']=>1

"
0.0016681005372000592,0.003,0.8438491724961611,0.4524483876471592,0.8364045864045864,0.45567158067158064,0.8421537516634251,0.4494830586549289,"CRL
 ACC ,  C  ,  Rule
0.844 0.286 ['occupation_Blue-Collar && capital_gain_0']=>0
0.842 0.449 ['education_HS-grad && capital_gain_0']=>0
0.840 0.749 ['neg_marital_status_Married']=>0
0.807 1.000 ['neg_marital_status_Widowed']=>1

"
0.0016681005372000592,0.003,0.8402320423135984,0.7513393618836376,0.8327190827190827,0.7521498771498771,0.839594636093766,0.7486948510594739,"CRL
 ACC ,  C  ,  Rule
0.844 0.286 ['occupation_Blue-Collar && capital_gain_0']=>0
0.842 0.449 ['education_HS-grad && capital_gain_0']=>0
0.840 0.749 ['neg_marital_status_Married']=>0
0.807 1.000 ['neg_marital_status_Widowed']=>1

"
0.0016681005372000592,0.003,0.8066882784507763,1.0,0.8015970515970516,1.0,0.8074521445388474,1.0,"CRL
 ACC ,  C  ,  Rule
0.844 0.286 ['occupation_Blue-Collar && capital_gain_0']=>0
0.842 0.449 ['education_HS-grad && capital_gain_0']=>0
0.840 0.749 ['neg_marital_status_Married']=>0
0.807 1.000 ['neg_marital_status_Widowed']=>1

"
0.0016681005372000592,0.004,0.8448046408462719,0.2872888585565603,0.8385544635544635,0.289004914004914,0.8442010441191524,0.28559729757395846,"CRL
 ACC ,  C  ,  Rule
0.844 0.286 ['occupation_Blue-Collar && capital_gain_0']=>0
0.842 0.449 ['education_HS-grad && capital_gain_0']=>0
0.840 0.749 ['neg_marital_status_Married']=>0
0.807 1.000 ['neg_marital_status_Widowed']=>1

"
0.0016681005372000592,0.004,0.8438491724961611,0.4524483876471592,0.8364045864045864,0.45567158067158064,0.8421537516634251,0.4494830586549289,"CRL
 ACC ,  C  ,  Rule
0.844 0.286 ['occupation_Blue-Collar && capital_gain_0']=>0
0.842 0.449 ['education_HS-grad && capital_gain_0']=>0
0.840 0.749 ['neg_marital_status_Married']=>0
0.807 1.000 ['neg_marital_status_Widowed']=>1

"
0.0016681005372000592,0.004,0.8402320423135984,0.7513393618836376,0.8327190827190827,0.7521498771498771,0.839594636093766,0.7486948510594739,"CRL
 ACC ,  C  ,  Rule
0.844 0.286 ['occupation_Blue-Collar && capital_gain_0']=>0
0.842 0.449 ['education_HS-grad && capital_gain_0']=>0
0.840 0.749 ['neg_marital_status_Married']=>0
0.807 1.000 ['neg_marital_status_Widowed']=>1

"
0.0016681005372000592,0.004,0.8066882784507763,1.0,0.8015970515970516,1.0,0.8074521445388474,1.0,"CRL
 ACC ,  C  ,  Rule
0.844 0.286 ['occupation_Blue-Collar && capital_gain_0']=>0
0.842 0.449 ['education_HS-grad && capital_gain_0']=>0
0.840 0.749 ['neg_marital_status_Married']=>0
0.807 1.000 ['neg_marital_status_Widowed']=>1

"
0.0016681005372000592,0.005,0.8448046408462719,0.2872888585565603,0.8385544635544635,0.289004914004914,0.8442010441191524,0.28559729757395846,"CRL
 ACC ,  C  ,  Rule
0.844 0.286 ['occupation_Blue-Collar && capital_gain_0']=>0
0.842 0.449 ['education_HS-grad && capital_gain_0']=>0
0.840 0.749 ['neg_marital_status_Married']=>0
0.807 1.000 ['marital_status_Married']=>1

"
0.0016681005372000592,0.005,0.8438491724961611,0.4524483876471592,0.8364045864045864,0.45567158067158064,0.8421537516634251,0.4494830586549289,"CRL
 ACC ,  C  ,  Rule
0.844 0.286 ['occupation_Blue-Collar && capital_gain_0']=>0
0.842 0.449 ['education_HS-grad && capital_gain_0']=>0
0.840 0.749 ['neg_marital_status_Married']=>0
0.807 1.000 ['marital_status_Married']=>1

"
0.0016681005372000592,0.005,0.8402320423135984,0.7513393618836376,0.8327190827190827,0.7521498771498771,0.839594636093766,0.7486948510594739,"CRL
 ACC ,  C  ,  Rule
0.844 0.286 ['occupation_Blue-Collar && capital_gain_0']=>0
0.842 0.449 ['education_HS-grad && capital_gain_0']=>0
0.840 0.749 ['neg_marital_status_Married']=>0
0.807 1.000 ['marital_status_Married']=>1

"
0.0016681005372000592,0.005,0.8066882784507763,1.0,0.8015970515970516,1.0,0.8074521445388474,1.0,"CRL
 ACC ,  C  ,  Rule
0.844 0.286 ['occupation_Blue-Collar && capital_gain_0']=>0
0.842 0.449 ['education_HS-grad && capital_gain_0']=>0
0.840 0.749 ['neg_marital_status_Married']=>0
0.807 1.000 ['marital_status_Married']=>1

"
0.0016681005372000592,0.006,0.8448046408462719,0.2872888585565603,0.8385544635544635,0.289004914004914,0.8442010441191524,0.28559729757395846,"CRL
 ACC ,  C  ,  Rule
0.844 0.286 ['occupation_Blue-Collar && capital_gain_0']=>0
0.842 0.449 ['education_HS-grad && capital_gain_0']=>0
0.840 0.749 ['neg_marital_status_Married']=>0
0.807 1.000 ['neg_marital_status_Widowed']=>1

"
0.0016681005372000592,0.006,0.8438491724961611,0.4524483876471592,0.8364045864045864,0.45567158067158064,0.8421537516634251,0.4494830586549289,"CRL
 ACC ,  C  ,  Rule
0.844 0.286 ['occupation_Blue-Collar && capital_gain_0']=>0
0.842 0.449 ['education_HS-grad && capital_gain_0']=>0
0.840 0.749 ['neg_marital_status_Married']=>0
0.807 1.000 ['neg_marital_status_Widowed']=>1

"
0.0016681005372000592,0.006,0.8402320423135984,0.7513393618836376,0.8327190827190827,0.7521498771498771,0.839594636093766,0.7486948510594739,"CRL
 ACC ,  C  ,  Rule
0.844 0.286 ['occupation_Blue-Collar && capital_gain_0']=>0
0.842 0.449 ['education_HS-grad && capital_gain_0']=>0
0.840 0.749 ['neg_marital_status_Married']=>0
0.807 1.000 ['neg_marital_status_Widowed']=>1

"
0.0016681005372000592,0.006,0.8066882784507763,1.0,0.8015970515970516,1.0,0.8074521445388474,1.0,"CRL
 ACC ,  C  ,  Rule
0.844 0.286 ['occupation_Blue-Collar && capital_gain_0']=>0
0.842 0.449 ['education_HS-grad && capital_gain_0']=>0
0.840 0.749 ['neg_marital_status_Married']=>0
0.807 1.000 ['neg_marital_status_Widowed']=>1

"
0.0016681005372000592,0.007,0.8448046408462719,0.2872888585565603,0.8385544635544635,0.289004914004914,0.8442010441191524,0.28559729757395846,"CRL
 ACC ,  C  ,  Rule
0.844 0.286 ['occupation_Blue-Collar && capital_gain_0']=>0
0.842 0.449 ['education_HS-grad && capital_gain_0']=>0
0.840 0.749 ['neg_marital_status_Married']=>0
0.807 1.000 ['neg_marital_status_Widowed']=>1

"
0.0016681005372000592,0.007,0.8438491724961611,0.4524483876471592,0.8364045864045864,0.45567158067158064,0.8421537516634251,0.4494830586549289,"CRL
 ACC ,  C  ,  Rule
0.844 0.286 ['occupation_Blue-Collar && capital_gain_0']=>0
0.842 0.449 ['education_HS-grad && capital_gain_0']=>0
0.840 0.749 ['neg_marital_status_Married']=>0
0.807 1.000 ['neg_marital_status_Widowed']=>1

"
0.0016681005372000592,0.007,0.8402320423135984,0.7513393618836376,0.8327190827190827,0.7521498771498771,0.839594636093766,0.7486948510594739,"CRL
 ACC ,  C  ,  Rule
0.844 0.286 ['occupation_Blue-Collar && capital_gain_0']=>0
0.842 0.449 ['education_HS-grad && capital_gain_0']=>0
0.840 0.749 ['neg_marital_status_Married']=>0
0.807 1.000 ['neg_marital_status_Widowed']=>1

"
0.0016681005372000592,0.007,0.8066882784507763,1.0,0.8015970515970516,1.0,0.8074521445388474,1.0,"CRL
 ACC ,  C  ,  Rule
0.844 0.286 ['occupation_Blue-Collar && capital_gain_0']=>0
0.842 0.449 ['education_HS-grad && capital_gain_0']=>0
0.840 0.749 ['neg_marital_status_Married']=>0
0.807 1.000 ['neg_marital_status_Widowed']=>1

"
0.0016681005372000592,0.008,0.8448046408462719,0.2872888585565603,0.8385544635544635,0.289004914004914,0.8442010441191524,0.28559729757395846,"CRL
 ACC ,  C  ,  Rule
0.844 0.286 ['occupation_Blue-Collar && capital_gain_0']=>0
0.842 0.449 ['education_HS-grad && capital_gain_0']=>0
0.840 0.749 ['neg_marital_status_Married']=>0
0.807 1.000 ['neg_marital_status_Widowed']=>1

"
0.0016681005372000592,0.008,0.8438491724961611,0.4524483876471592,0.8364045864045864,0.45567158067158064,0.8421537516634251,0.4494830586549289,"CRL
 ACC ,  C  ,  Rule
0.844 0.286 ['occupation_Blue-Collar && capital_gain_0']=>0
0.842 0.449 ['education_HS-grad && capital_gain_0']=>0
0.840 0.749 ['neg_marital_status_Married']=>0
0.807 1.000 ['neg_marital_status_Widowed']=>1

"
0.0016681005372000592,0.008,0.8402320423135984,0.7513393618836376,0.8327190827190827,0.7521498771498771,0.839594636093766,0.7486948510594739,"CRL
 ACC ,  C  ,  Rule
0.844 0.286 ['occupation_Blue-Collar && capital_gain_0']=>0
0.842 0.449 ['education_HS-grad && capital_gain_0']=>0
0.840 0.749 ['neg_marital_status_Married']=>0
0.807 1.000 ['neg_marital_status_Widowed']=>1

"
0.0016681005372000592,0.008,0.8066882784507763,1.0,0.8015970515970516,1.0,0.8074521445388474,1.0,"CRL
 ACC ,  C  ,  Rule
0.844 0.286 ['occupation_Blue-Collar && capital_gain_0']=>0
0.842 0.449 ['education_HS-grad && capital_gain_0']=>0
0.840 0.749 ['neg_marital_status_Married']=>0
0.807 1.000 ['neg_marital_status_Widowed']=>1

"
0.0016681005372000592,0.009000000000000001,0.8448046408462719,0.2872888585565603,0.8385544635544635,0.289004914004914,0.8442010441191524,0.28559729757395846,"CRL
 ACC ,  C  ,  Rule
0.844 0.286 ['occupation_Blue-Collar && capital_gain_0']=>0
0.842 0.449 ['education_HS-grad && capital_gain_0']=>0
0.840 0.749 ['neg_marital_status_Married']=>0
0.807 1.000 ['neg_marital_status_Separated']=>1

"
0.0016681005372000592,0.009000000000000001,0.8438491724961611,0.4524483876471592,0.8364045864045864,0.45567158067158064,0.8421537516634251,0.4494830586549289,"CRL
 ACC ,  C  ,  Rule
0.844 0.286 ['occupation_Blue-Collar && capital_gain_0']=>0
0.842 0.449 ['education_HS-grad && capital_gain_0']=>0
0.840 0.749 ['neg_marital_status_Married']=>0
0.807 1.000 ['neg_marital_status_Separated']=>1

"
0.0016681005372000592,0.009000000000000001,0.8402320423135984,0.7513393618836376,0.8327190827190827,0.7521498771498771,0.839594636093766,0.7486948510594739,"CRL
 ACC ,  C  ,  Rule
0.844 0.286 ['occupation_Blue-Collar && capital_gain_0']=>0
0.842 0.449 ['education_HS-grad && capital_gain_0']=>0
0.840 0.749 ['neg_marital_status_Married']=>0
0.807 1.000 ['neg_marital_status_Separated']=>1

"
0.0016681005372000592,0.009000000000000001,0.8066882784507763,1.0,0.8015970515970516,1.0,0.8074521445388474,1.0,"CRL
 ACC ,  C  ,  Rule
0.844 0.286 ['occupation_Blue-Collar && capital_gain_0']=>0
0.842 0.449 ['education_HS-grad && capital_gain_0']=>0
0.840 0.749 ['neg_marital_status_Married']=>0
0.807 1.000 ['neg_marital_status_Separated']=>1

"
0.0016681005372000592,0.01,0.8448046408462719,0.2872888585565603,0.8385544635544635,0.289004914004914,0.8442010441191524,0.28559729757395846,"CRL
 ACC ,  C  ,  Rule
0.844 0.286 ['occupation_Blue-Collar && capital_gain_0']=>0
0.842 0.449 ['education_HS-grad && capital_gain_0']=>0
0.840 0.749 ['neg_marital_status_Married']=>0
0.807 1.000 ['neg_marital_status_Separated']=>1

"
0.0016681005372000592,0.01,0.8438491724961611,0.4524483876471592,0.8364045864045864,0.45567158067158064,0.8421537516634251,0.4494830586549289,"CRL
 ACC ,  C  ,  Rule
0.844 0.286 ['occupation_Blue-Collar && capital_gain_0']=>0
0.842 0.449 ['education_HS-grad && capital_gain_0']=>0
0.840 0.749 ['neg_marital_status_Married']=>0
0.807 1.000 ['neg_marital_status_Separated']=>1

"
0.0016681005372000592,0.01,0.8402320423135984,0.7513393618836376,0.8327190827190827,0.7521498771498771,0.839594636093766,0.7486948510594739,"CRL
 ACC ,  C  ,  Rule
0.844 0.286 ['occupation_Blue-Collar && capital_gain_0']=>0
0.842 0.449 ['education_HS-grad && capital_gain_0']=>0
0.840 0.749 ['neg_marital_status_Married']=>0
0.807 1.000 ['neg_marital_status_Separated']=>1

"
0.0016681005372000592,0.01,0.8066882784507763,1.0,0.8015970515970516,1.0,0.8074521445388474,1.0,"CRL
 ACC ,  C  ,  Rule
0.844 0.286 ['occupation_Blue-Collar && capital_gain_0']=>0
0.842 0.449 ['education_HS-grad && capital_gain_0']=>0
0.840 0.749 ['neg_marital_status_Married']=>0
0.807 1.000 ['neg_marital_status_Separated']=>1

"
0.0027825594022071257,0.001,0.8448046408462719,0.2872888585565603,0.8385544635544635,0.289004914004914,0.8442010441191524,0.28559729757395846,"CRL
 ACC ,  C  ,  Rule
0.844 0.286 ['occupation_Blue-Collar && capital_gain_0']=>0
0.842 0.449 ['education_HS-grad && capital_gain_0']=>0
0.840 0.749 ['neg_marital_status_Married']=>0
0.807 1.000 ['neg_marital_status_Widowed']=>1

"
0.0027825594022071257,0.001,0.8438491724961611,0.4524483876471592,0.8364045864045864,0.45567158067158064,0.8421537516634251,0.4494830586549289,"CRL
 ACC ,  C  ,  Rule
0.844 0.286 ['occupation_Blue-Collar && capital_gain_0']=>0
0.842 0.449 ['education_HS-grad && capital_gain_0']=>0
0.840 0.749 ['neg_marital_status_Married']=>0
0.807 1.000 ['neg_marital_status_Widowed']=>1

"
0.0027825594022071257,0.001,0.8402320423135984,0.7513393618836376,0.8327190827190827,0.7521498771498771,0.839594636093766,0.7486948510594739,"CRL
 ACC ,  C  ,  Rule
0.844 0.286 ['occupation_Blue-Collar && capital_gain_0']=>0
0.842 0.449 ['education_HS-grad && capital_gain_0']=>0
0.840 0.749 ['neg_marital_status_Married']=>0
0.807 1.000 ['neg_marital_status_Widowed']=>1

"
0.0027825594022071257,0.001,0.8066882784507763,1.0,0.8015970515970516,1.0,0.8074521445388474,1.0,"CRL
 ACC ,  C  ,  Rule
0.844 0.286 ['occupation_Blue-Collar && capital_gain_0']=>0
0.842 0.449 ['education_HS-grad && capital_gain_0']=>0
0.840 0.749 ['neg_marital_status_Married']=>0
0.807 1.000 ['neg_marital_status_Widowed']=>1

"
0.0027825594022071257,0.002,0.8448046408462719,0.2872888585565603,0.8385544635544635,0.289004914004914,0.8442010441191524,0.28559729757395846,"CRL
 ACC ,  C  ,  Rule
0.844 0.286 ['occupation_Blue-Collar && capital_gain_0']=>0
0.842 0.449 ['education_HS-grad && capital_gain_0']=>0
0.840 0.749 ['neg_marital_status_Married']=>0
0.807 1.000 ['neg_marital_status_Separated']=>1

"
0.0027825594022071257,0.002,0.8438491724961611,0.4524483876471592,0.8364045864045864,0.45567158067158064,0.8421537516634251,0.4494830586549289,"CRL
 ACC ,  C  ,  Rule
0.844 0.286 ['occupation_Blue-Collar && capital_gain_0']=>0
0.842 0.449 ['education_HS-grad && capital_gain_0']=>0
0.840 0.749 ['neg_marital_status_Married']=>0
0.807 1.000 ['neg_marital_status_Separated']=>1

"
0.0027825594022071257,0.002,0.8402320423135984,0.7513393618836376,0.8327190827190827,0.7521498771498771,0.839594636093766,0.7486948510594739,"CRL
 ACC ,  C  ,  Rule
0.844 0.286 ['occupation_Blue-Collar && capital_gain_0']=>0
0.842 0.449 ['education_HS-grad && capital_gain_0']=>0
0.840 0.749 ['neg_marital_status_Married']=>0
0.807 1.000 ['neg_marital_status_Separated']=>1

"
0.0027825594022071257,0.002,0.8066882784507763,1.0,0.8015970515970516,1.0,0.8074521445388474,1.0,"CRL
 ACC ,  C  ,  Rule
0.844 0.286 ['occupation_Blue-Collar && capital_gain_0']=>0
0.842 0.449 ['education_HS-grad && capital_gain_0']=>0
0.840 0.749 ['neg_marital_status_Married']=>0
0.807 1.000 ['neg_marital_status_Separated']=>1

"
0.0027825594022071257,0.003,0.8448046408462719,0.2872888585565603,0.8385544635544635,0.289004914004914,0.8442010441191524,0.28559729757395846,"CRL
 ACC ,  C  ,  Rule
0.844 0.286 ['occupation_Blue-Collar && capital_gain_0']=>0
0.842 0.449 ['education_HS-grad && capital_gain_0']=>0
0.840 0.749 ['neg_marital_status_Married']=>0
0.807 1.000 ['neg_marital_status_Widowed']=>1

"
0.0027825594022071257,0.003,0.8438491724961611,0.4524483876471592,0.8364045864045864,0.45567158067158064,0.8421537516634251,0.4494830586549289,"CRL
 ACC ,  C  ,  Rule
0.844 0.286 ['occupation_Blue-Collar && capital_gain_0']=>0
0.842 0.449 ['education_HS-grad && capital_gain_0']=>0
0.840 0.749 ['neg_marital_status_Married']=>0
0.807 1.000 ['neg_marital_status_Widowed']=>1

"
0.0027825594022071257,0.003,0.8402320423135984,0.7513393618836376,0.8327190827190827,0.7521498771498771,0.839594636093766,0.7486948510594739,"CRL
 ACC ,  C  ,  Rule
0.844 0.286 ['occupation_Blue-Collar && capital_gain_0']=>0
0.842 0.449 ['education_HS-grad && capital_gain_0']=>0
0.840 0.749 ['neg_marital_status_Married']=>0
0.807 1.000 ['neg_marital_status_Widowed']=>1

"
0.0027825594022071257,0.003,0.8066882784507763,1.0,0.8015970515970516,1.0,0.8074521445388474,1.0,"CRL
 ACC ,  C  ,  Rule
0.844 0.286 ['occupation_Blue-Collar && capital_gain_0']=>0
0.842 0.449 ['education_HS-grad && capital_gain_0']=>0
0.840 0.749 ['neg_marital_status_Married']=>0
0.807 1.000 ['neg_marital_status_Widowed']=>1

"
0.0027825594022071257,0.004,0.8448046408462719,0.2872888585565603,0.8385544635544635,0.289004914004914,0.8442010441191524,0.28559729757395846,"CRL
 ACC ,  C  ,  Rule
0.844 0.286 ['occupation_Blue-Collar && capital_gain_0']=>0
0.842 0.449 ['education_HS-grad && capital_gain_0']=>0
0.840 0.749 ['neg_marital_status_Married']=>0
0.807 1.000 ['neg_marital_status_Widowed']=>1

"
0.0027825594022071257,0.004,0.8438491724961611,0.4524483876471592,0.8364045864045864,0.45567158067158064,0.8421537516634251,0.4494830586549289,"CRL
 ACC ,  C  ,  Rule
0.844 0.286 ['occupation_Blue-Collar && capital_gain_0']=>0
0.842 0.449 ['education_HS-grad && capital_gain_0']=>0
0.840 0.749 ['neg_marital_status_Married']=>0
0.807 1.000 ['neg_marital_status_Widowed']=>1

"
0.0027825594022071257,0.004,0.8402320423135984,0.7513393618836376,0.8327190827190827,0.7521498771498771,0.839594636093766,0.7486948510594739,"CRL
 ACC ,  C  ,  Rule
0.844 0.286 ['occupation_Blue-Collar && capital_gain_0']=>0
0.842 0.449 ['education_HS-grad && capital_gain_0']=>0
0.840 0.749 ['neg_marital_status_Married']=>0
0.807 1.000 ['neg_marital_status_Widowed']=>1

"
0.0027825594022071257,0.004,0.8066882784507763,1.0,0.8015970515970516,1.0,0.8074521445388474,1.0,"CRL
 ACC ,  C  ,  Rule
0.844 0.286 ['occupation_Blue-Collar && capital_gain_0']=>0
0.842 0.449 ['education_HS-grad && capital_gain_0']=>0
0.840 0.749 ['neg_marital_status_Married']=>0
0.807 1.000 ['neg_marital_status_Widowed']=>1

"
0.0027825594022071257,0.005,0.8448046408462719,0.2872888585565603,0.8385544635544635,0.289004914004914,0.8442010441191524,0.28559729757395846,"CRL
 ACC ,  C  ,  Rule
0.844 0.286 ['occupation_Blue-Collar && capital_gain_0']=>0
0.842 0.449 ['education_HS-grad && capital_gain_0']=>0
0.840 0.749 ['neg_marital_status_Married']=>0
0.807 1.000 ['neg_marital_status_Divorced']=>1

"
0.0027825594022071257,0.005,0.8438491724961611,0.4524483876471592,0.8364045864045864,0.45567158067158064,0.8421537516634251,0.4494830586549289,"CRL
 ACC ,  C  ,  Rule
0.844 0.286 ['occupation_Blue-Collar && capital_gain_0']=>0
0.842 0.449 ['education_HS-grad && capital_gain_0']=>0
0.840 0.749 ['neg_marital_status_Married']=>0
0.807 1.000 ['neg_marital_status_Divorced']=>1

"
0.0027825594022071257,0.005,0.8402320423135984,0.7513393618836376,0.8327190827190827,0.7521498771498771,0.839594636093766,0.7486948510594739,"CRL
 ACC ,  C  ,  Rule
0.844 0.286 ['occupation_Blue-Collar && capital_gain_0']=>0
0.842 0.449 ['education_HS-grad && capital_gain_0']=>0
0.840 0.749 ['neg_marital_status_Married']=>0
0.807 1.000 ['neg_marital_status_Divorced']=>1

"
0.0027825594022071257,0.005,0.8066882784507763,1.0,0.8015970515970516,1.0,0.8074521445388474,1.0,"CRL
 ACC ,  C  ,  Rule
0.844 0.286 ['occupation_Blue-Collar && capital_gain_0']=>0
0.842 0.449 ['education_HS-grad && capital_gain_0']=>0
0.840 0.749 ['neg_marital_status_Married']=>0
0.807 1.000 ['neg_marital_status_Divorced']=>1

"
0.0027825594022071257,0.006,0.8448046408462719,0.2872888585565603,0.8385544635544635,0.289004914004914,0.8442010441191524,0.28559729757395846,"CRL
 ACC ,  C  ,  Rule
0.844 0.286 ['occupation_Blue-Collar && capital_gain_0']=>0
0.842 0.449 ['education_HS-grad && capital_gain_0']=>0
0.840 0.749 ['neg_marital_status_Married']=>0
0.807 1.000 ['neg_marital_status_Widowed']=>1

"
0.0027825594022071257,0.006,0.8438491724961611,0.4524483876471592,0.8364045864045864,0.45567158067158064,0.8421537516634251,0.4494830586549289,"CRL
 ACC ,  C  ,  Rule
0.844 0.286 ['occupation_Blue-Collar && capital_gain_0']=>0
0.842 0.449 ['education_HS-grad && capital_gain_0']=>0
0.840 0.749 ['neg_marital_status_Married']=>0
0.807 1.000 ['neg_marital_status_Widowed']=>1

"
0.0027825594022071257,0.006,0.8402320423135984,0.7513393618836376,0.8327190827190827,0.7521498771498771,0.839594636093766,0.7486948510594739,"CRL
 ACC ,  C  ,  Rule
0.844 0.286 ['occupation_Blue-Collar && capital_gain_0']=>0
0.842 0.449 ['education_HS-grad && capital_gain_0']=>0
0.840 0.749 ['neg_marital_status_Married']=>0
0.807 1.000 ['neg_marital_status_Widowed']=>1

"
0.0027825594022071257,0.006,0.8066882784507763,1.0,0.8015970515970516,1.0,0.8074521445388474,1.0,"CRL
 ACC ,  C  ,  Rule
0.844 0.286 ['occupation_Blue-Collar && capital_gain_0']=>0
0.842 0.449 ['education_HS-grad && capital_gain_0']=>0
0.840 0.749 ['neg_marital_status_Married']=>0
0.807 1.000 ['neg_marital_status_Widowed']=>1

"
0.0027825594022071257,0.007,0.8448046408462719,0.2872888585565603,0.8385544635544635,0.289004914004914,0.8442010441191524,0.28559729757395846,"CRL
 ACC ,  C  ,  Rule
0.844 0.286 ['occupation_Blue-Collar && capital_gain_0']=>0
0.842 0.449 ['education_HS-grad && capital_gain_0']=>0
0.840 0.749 ['neg_marital_status_Married']=>0
0.807 1.000 ['neg_marital_status_Divorced']=>1

"
0.0027825594022071257,0.007,0.8438491724961611,0.4524483876471592,0.8364045864045864,0.45567158067158064,0.8421537516634251,0.4494830586549289,"CRL
 ACC ,  C  ,  Rule
0.844 0.286 ['occupation_Blue-Collar && capital_gain_0']=>0
0.842 0.449 ['education_HS-grad && capital_gain_0']=>0
0.840 0.749 ['neg_marital_status_Married']=>0
0.807 1.000 ['neg_marital_status_Divorced']=>1

"
0.0027825594022071257,0.007,0.8402320423135984,0.7513393618836376,0.8327190827190827,0.7521498771498771,0.839594636093766,0.7486948510594739,"CRL
 ACC ,  C  ,  Rule
0.844 0.286 ['occupation_Blue-Collar && capital_gain_0']=>0
0.842 0.449 ['education_HS-grad && capital_gain_0']=>0
0.840 0.749 ['neg_marital_status_Married']=>0
0.807 1.000 ['neg_marital_status_Divorced']=>1

"
0.0027825594022071257,0.007,0.8066882784507763,1.0,0.8015970515970516,1.0,0.8074521445388474,1.0,"CRL
 ACC ,  C  ,  Rule
0.844 0.286 ['occupation_Blue-Collar && capital_gain_0']=>0
0.842 0.449 ['education_HS-grad && capital_gain_0']=>0
0.840 0.749 ['neg_marital_status_Married']=>0
0.807 1.000 ['neg_marital_status_Divorced']=>1

"
0.0027825594022071257,0.008,0.8448046408462719,0.2872888585565603,0.8385544635544635,0.289004914004914,0.8442010441191524,0.28559729757395846,"CRL
 ACC ,  C  ,  Rule
0.844 0.286 ['occupation_Blue-Collar && capital_gain_0']=>0
0.842 0.449 ['education_HS-grad && capital_gain_0']=>0
0.840 0.749 ['neg_marital_status_Married']=>0
0.807 1.000 ['neg_marital_status_Widowed']=>1

"
0.0027825594022071257,0.008,0.8438491724961611,0.4524483876471592,0.8364045864045864,0.45567158067158064,0.8421537516634251,0.4494830586549289,"CRL
 ACC ,  C  ,  Rule
0.844 0.286 ['occupation_Blue-Collar && capital_gain_0']=>0
0.842 0.449 ['education_HS-grad && capital_gain_0']=>0
0.840 0.749 ['neg_marital_status_Married']=>0
0.807 1.000 ['neg_marital_status_Widowed']=>1

"
0.0027825594022071257,0.008,0.8402320423135984,0.7513393618836376,0.8327190827190827,0.7521498771498771,0.839594636093766,0.7486948510594739,"CRL
 ACC ,  C  ,  Rule
0.844 0.286 ['occupation_Blue-Collar && capital_gain_0']=>0
0.842 0.449 ['education_HS-grad && capital_gain_0']=>0
0.840 0.749 ['neg_marital_status_Married']=>0
0.807 1.000 ['neg_marital_status_Widowed']=>1

"
0.0027825594022071257,0.008,0.8066882784507763,1.0,0.8015970515970516,1.0,0.8074521445388474,1.0,"CRL
 ACC ,  C  ,  Rule
0.844 0.286 ['occupation_Blue-Collar && capital_gain_0']=>0
0.842 0.449 ['education_HS-grad && capital_gain_0']=>0
0.840 0.749 ['neg_marital_status_Married']=>0
0.807 1.000 ['neg_marital_status_Widowed']=>1

"
0.0027825594022071257,0.009000000000000001,0.8448046408462719,0.2872888585565603,0.8385544635544635,0.289004914004914,0.8442010441191524,0.28559729757395846,"CRL
 ACC ,  C  ,  Rule
0.844 0.286 ['occupation_Blue-Collar && capital_gain_0']=>0
0.842 0.449 ['education_HS-grad && capital_gain_0']=>0
0.840 0.749 ['neg_marital_status_Married']=>0
0.807 1.000 ['neg_marital_status_Single']=>1

"
0.0027825594022071257,0.009000000000000001,0.8438491724961611,0.4524483876471592,0.8364045864045864,0.45567158067158064,0.8421537516634251,0.4494830586549289,"CRL
 ACC ,  C  ,  Rule
0.844 0.286 ['occupation_Blue-Collar && capital_gain_0']=>0
0.842 0.449 ['education_HS-grad && capital_gain_0']=>0
0.840 0.749 ['neg_marital_status_Married']=>0
0.807 1.000 ['neg_marital_status_Single']=>1

"
0.0027825594022071257,0.009000000000000001,0.8402320423135984,0.7513393618836376,0.8327190827190827,0.7521498771498771,0.839594636093766,0.7486948510594739,"CRL
 ACC ,  C  ,  Rule
0.844 0.286 ['occupation_Blue-Collar && capital_gain_0']=>0
0.842 0.449 ['education_HS-grad && capital_gain_0']=>0
0.840 0.749 ['neg_marital_status_Married']=>0
0.807 1.000 ['neg_marital_status_Single']=>1

"
0.0027825594022071257,0.009000000000000001,0.8066882784507763,1.0,0.8015970515970516,1.0,0.8074521445388474,1.0,"CRL
 ACC ,  C  ,  Rule
0.844 0.286 ['occupation_Blue-Collar && capital_gain_0']=>0
0.842 0.449 ['education_HS-grad && capital_gain_0']=>0
0.840 0.749 ['neg_marital_status_Married']=>0
0.807 1.000 ['neg_marital_status_Single']=>1

"
0.0027825594022071257,0.01,0.8448046408462719,0.2872888585565603,0.8385544635544635,0.289004914004914,0.8442010441191524,0.28559729757395846,"CRL
 ACC ,  C  ,  Rule
0.844 0.286 ['occupation_Blue-Collar && capital_gain_0']=>0
0.842 0.449 ['education_HS-grad && capital_gain_0']=>0
0.840 0.749 ['neg_marital_status_Married']=>0
0.807 1.000 ['neg_marital_status_Widowed']=>1

"
0.0027825594022071257,0.01,0.8438491724961611,0.4524483876471592,0.8364045864045864,0.45567158067158064,0.8421537516634251,0.4494830586549289,"CRL
 ACC ,  C  ,  Rule
0.844 0.286 ['occupation_Blue-Collar && capital_gain_0']=>0
0.842 0.449 ['education_HS-grad && capital_gain_0']=>0
0.840 0.749 ['neg_marital_status_Married']=>0
0.807 1.000 ['neg_marital_status_Widowed']=>1

"
0.0027825594022071257,0.01,0.8402320423135984,0.7513393618836376,0.8327190827190827,0.7521498771498771,0.839594636093766,0.7486948510594739,"CRL
 ACC ,  C  ,  Rule
0.844 0.286 ['occupation_Blue-Collar && capital_gain_0']=>0
0.842 0.449 ['education_HS-grad && capital_gain_0']=>0
0.840 0.749 ['neg_marital_status_Married']=>0
0.807 1.000 ['neg_marital_status_Widowed']=>1

"
0.0027825594022071257,0.01,0.8066882784507763,1.0,0.8015970515970516,1.0,0.8074521445388474,1.0,"CRL
 ACC ,  C  ,  Rule
0.844 0.286 ['occupation_Blue-Collar && capital_gain_0']=>0
0.842 0.449 ['education_HS-grad && capital_gain_0']=>0
0.840 0.749 ['neg_marital_status_Married']=>0
0.807 1.000 ['neg_marital_status_Widowed']=>1

"
0.004641588833612777,0.001,0.8448046408462719,0.2872888585565603,0.8385544635544635,0.289004914004914,0.8442010441191524,0.28559729757395846,"CRL
 ACC ,  C  ,  Rule
0.844 0.286 ['occupation_Blue-Collar && capital_gain_0']=>0
0.842 0.449 ['education_HS-grad && capital_gain_0']=>0
0.840 0.749 ['neg_marital_status_Married']=>0
0.807 1.000 ['neg_marital_status_Divorced']=>1

"
0.004641588833612777,0.001,0.8438491724961611,0.4524483876471592,0.8364045864045864,0.45567158067158064,0.8421537516634251,0.4494830586549289,"CRL
 ACC ,  C  ,  Rule
0.844 0.286 ['occupation_Blue-Collar && capital_gain_0']=>0
0.842 0.449 ['education_HS-grad && capital_gain_0']=>0
0.840 0.749 ['neg_marital_status_Married']=>0
0.807 1.000 ['neg_marital_status_Divorced']=>1

"
0.004641588833612777,0.001,0.8402320423135984,0.7513393618836376,0.8327190827190827,0.7521498771498771,0.839594636093766,0.7486948510594739,"CRL
 ACC ,  C  ,  Rule
0.844 0.286 ['occupation_Blue-Collar && capital_gain_0']=>0
0.842 0.449 ['education_HS-grad && capital_gain_0']=>0
0.840 0.749 ['neg_marital_status_Married']=>0
0.807 1.000 ['neg_marital_status_Divorced']=>1

"
0.004641588833612777,0.001,0.8066882784507763,1.0,0.8015970515970516,1.0,0.8074521445388474,1.0,"CRL
 ACC ,  C  ,  Rule
0.844 0.286 ['occupation_Blue-Collar && capital_gain_0']=>0
0.842 0.449 ['education_HS-grad && capital_gain_0']=>0
0.840 0.749 ['neg_marital_status_Married']=>0
0.807 1.000 ['neg_marital_status_Divorced']=>1

"
0.004641588833612777,0.002,0.8448046408462719,0.2872888585565603,0.8385544635544635,0.289004914004914,0.8442010441191524,0.28559729757395846,"CRL
 ACC ,  C  ,  Rule
0.844 0.286 ['occupation_Blue-Collar && capital_gain_0']=>0
0.842 0.449 ['education_HS-grad && capital_gain_0']=>0
0.840 0.749 ['neg_marital_status_Married']=>0
0.807 1.000 ['neg_marital_status_Divorced']=>1

"
0.004641588833612777,0.002,0.8438491724961611,0.4524483876471592,0.8364045864045864,0.45567158067158064,0.8421537516634251,0.4494830586549289,"CRL
 ACC ,  C  ,  Rule
0.844 0.286 ['occupation_Blue-Collar && capital_gain_0']=>0
0.842 0.449 ['education_HS-grad && capital_gain_0']=>0
0.840 0.749 ['neg_marital_status_Married']=>0
0.807 1.000 ['neg_marital_status_Divorced']=>1

"
0.004641588833612777,0.002,0.8402320423135984,0.7513393618836376,0.8327190827190827,0.7521498771498771,0.839594636093766,0.7486948510594739,"CRL
 ACC ,  C  ,  Rule
0.844 0.286 ['occupation_Blue-Collar && capital_gain_0']=>0
0.842 0.449 ['education_HS-grad && capital_gain_0']=>0
0.840 0.749 ['neg_marital_status_Married']=>0
0.807 1.000 ['neg_marital_status_Divorced']=>1

"
0.004641588833612777,0.002,0.8066882784507763,1.0,0.8015970515970516,1.0,0.8074521445388474,1.0,"CRL
 ACC ,  C  ,  Rule
0.844 0.286 ['occupation_Blue-Collar && capital_gain_0']=>0
0.842 0.449 ['education_HS-grad && capital_gain_0']=>0
0.840 0.749 ['neg_marital_status_Married']=>0
0.807 1.000 ['neg_marital_status_Divorced']=>1

"
0.004641588833612777,0.003,0.8448046408462719,0.2872888585565603,0.8385544635544635,0.289004914004914,0.8442010441191524,0.28559729757395846,"CRL
 ACC ,  C  ,  Rule
0.844 0.286 ['occupation_Blue-Collar && capital_gain_0']=>0
0.842 0.449 ['education_HS-grad && capital_gain_0']=>0
0.840 0.749 ['neg_marital_status_Married']=>0
0.807 1.000 ['neg_marital_status_Divorced']=>1

"
0.004641588833612777,0.003,0.8438491724961611,0.4524483876471592,0.8364045864045864,0.45567158067158064,0.8421537516634251,0.4494830586549289,"CRL
 ACC ,  C  ,  Rule
0.844 0.286 ['occupation_Blue-Collar && capital_gain_0']=>0
0.842 0.449 ['education_HS-grad && capital_gain_0']=>0
0.840 0.749 ['neg_marital_status_Married']=>0
0.807 1.000 ['neg_marital_status_Divorced']=>1

"
0.004641588833612777,0.003,0.8402320423135984,0.7513393618836376,0.8327190827190827,0.7521498771498771,0.839594636093766,0.7486948510594739,"CRL
 ACC ,  C  ,  Rule
0.844 0.286 ['occupation_Blue-Collar && capital_gain_0']=>0
0.842 0.449 ['education_HS-grad && capital_gain_0']=>0
0.840 0.749 ['neg_marital_status_Married']=>0
0.807 1.000 ['neg_marital_status_Divorced']=>1

"
0.004641588833612777,0.003,0.8066882784507763,1.0,0.8015970515970516,1.0,0.8074521445388474,1.0,"CRL
 ACC ,  C  ,  Rule
0.844 0.286 ['occupation_Blue-Collar && capital_gain_0']=>0
0.842 0.449 ['education_HS-grad && capital_gain_0']=>0
0.840 0.749 ['neg_marital_status_Married']=>0
0.807 1.000 ['neg_marital_status_Divorced']=>1

"
0.004641588833612777,0.004,0.8448046408462719,0.2872888585565603,0.8385544635544635,0.289004914004914,0.8442010441191524,0.28559729757395846,"CRL
 ACC ,  C  ,  Rule
0.844 0.286 ['occupation_Blue-Collar && capital_gain_0']=>0
0.842 0.449 ['education_HS-grad && capital_gain_0']=>0
0.840 0.749 ['neg_marital_status_Married']=>0
0.807 1.000 ['marital_status_Married']=>1

"
0.004641588833612777,0.004,0.8438491724961611,0.4524483876471592,0.8364045864045864,0.45567158067158064,0.8421537516634251,0.4494830586549289,"CRL
 ACC ,  C  ,  Rule
0.844 0.286 ['occupation_Blue-Collar && capital_gain_0']=>0
0.842 0.449 ['education_HS-grad && capital_gain_0']=>0
0.840 0.749 ['neg_marital_status_Married']=>0
0.807 1.000 ['marital_status_Married']=>1

"
0.004641588833612777,0.004,0.8402320423135984,0.7513393618836376,0.8327190827190827,0.7521498771498771,0.839594636093766,0.7486948510594739,"CRL
 ACC ,  C  ,  Rule
0.844 0.286 ['occupation_Blue-Collar && capital_gain_0']=>0
0.842 0.449 ['education_HS-grad && capital_gain_0']=>0
0.840 0.749 ['neg_marital_status_Married']=>0
0.807 1.000 ['marital_status_Married']=>1

"
0.004641588833612777,0.004,0.8066882784507763,1.0,0.8015970515970516,1.0,0.8074521445388474,1.0,"CRL
 ACC ,  C  ,  Rule
0.844 0.286 ['occupation_Blue-Collar && capital_gain_0']=>0
0.842 0.449 ['education_HS-grad && capital_gain_0']=>0
0.840 0.749 ['neg_marital_status_Married']=>0
0.807 1.000 ['marital_status_Married']=>1

"
0.004641588833612777,0.005,0.8448046408462719,0.2872888585565603,0.8385544635544635,0.289004914004914,0.8442010441191524,0.28559729757395846,"CRL
 ACC ,  C  ,  Rule
0.844 0.286 ['occupation_Blue-Collar && capital_gain_0']=>0
0.842 0.449 ['education_HS-grad && capital_gain_0']=>0
0.840 0.749 ['neg_marital_status_Married']=>0
0.807 1.000 ['neg_marital_status_Single']=>1

"
0.004641588833612777,0.005,0.8438491724961611,0.4524483876471592,0.8364045864045864,0.45567158067158064,0.8421537516634251,0.4494830586549289,"CRL
 ACC ,  C  ,  Rule
0.844 0.286 ['occupation_Blue-Collar && capital_gain_0']=>0
0.842 0.449 ['education_HS-grad && capital_gain_0']=>0
0.840 0.749 ['neg_marital_status_Married']=>0
0.807 1.000 ['neg_marital_status_Single']=>1

"
0.004641588833612777,0.005,0.8402320423135984,0.7513393618836376,0.8327190827190827,0.7521498771498771,0.839594636093766,0.7486948510594739,"CRL
 ACC ,  C  ,  Rule
0.844 0.286 ['occupation_Blue-Collar && capital_gain_0']=>0
0.842 0.449 ['education_HS-grad && capital_gain_0']=>0
0.840 0.749 ['neg_marital_status_Married']=>0
0.807 1.000 ['neg_marital_status_Single']=>1

"
0.004641588833612777,0.005,0.8066882784507763,1.0,0.8015970515970516,1.0,0.8074521445388474,1.0,"CRL
 ACC ,  C  ,  Rule
0.844 0.286 ['occupation_Blue-Collar && capital_gain_0']=>0
0.842 0.449 ['education_HS-grad && capital_gain_0']=>0
0.840 0.749 ['neg_marital_status_Married']=>0
0.807 1.000 ['neg_marital_status_Single']=>1

"
0.004641588833612777,0.006,0.8448046408462719,0.2872888585565603,0.8385544635544635,0.289004914004914,0.8442010441191524,0.28559729757395846,"CRL
 ACC ,  C  ,  Rule
0.844 0.286 ['occupation_Blue-Collar && capital_gain_0']=>0
0.842 0.449 ['education_HS-grad && capital_gain_0']=>0
0.840 0.749 ['neg_marital_status_Married']=>0
0.807 1.000 ['neg_marital_status_Single']=>1

"
0.004641588833612777,0.006,0.8438491724961611,0.4524483876471592,0.8364045864045864,0.45567158067158064,0.8421537516634251,0.4494830586549289,"CRL
 ACC ,  C  ,  Rule
0.844 0.286 ['occupation_Blue-Collar && capital_gain_0']=>0
0.842 0.449 ['education_HS-grad && capital_gain_0']=>0
0.840 0.749 ['neg_marital_status_Married']=>0
0.807 1.000 ['neg_marital_status_Single']=>1

"
0.004641588833612777,0.006,0.8402320423135984,0.7513393618836376,0.8327190827190827,0.7521498771498771,0.839594636093766,0.7486948510594739,"CRL
 ACC ,  C  ,  Rule
0.844 0.286 ['occupation_Blue-Collar && capital_gain_0']=>0
0.842 0.449 ['education_HS-grad && capital_gain_0']=>0
0.840 0.749 ['neg_marital_status_Married']=>0
0.807 1.000 ['neg_marital_status_Single']=>1

"
0.004641588833612777,0.006,0.8066882784507763,1.0,0.8015970515970516,1.0,0.8074521445388474,1.0,"CRL
 ACC ,  C  ,  Rule
0.844 0.286 ['occupation_Blue-Collar && capital_gain_0']=>0
0.842 0.449 ['education_HS-grad && capital_gain_0']=>0
0.840 0.749 ['neg_marital_status_Married']=>0
0.807 1.000 ['neg_marital_status_Single']=>1

"
0.004641588833612777,0.007,0.8448046408462719,0.2872888585565603,0.8385544635544635,0.289004914004914,0.8442010441191524,0.28559729757395846,"CRL
 ACC ,  C  ,  Rule
0.844 0.286 ['occupation_Blue-Collar && capital_gain_0']=>0
0.842 0.449 ['education_HS-grad && capital_gain_0']=>0
0.840 0.749 ['neg_marital_status_Married']=>0
0.807 1.000 ['neg_marital_status_Separated']=>1

"
0.004641588833612777,0.007,0.8438491724961611,0.4524483876471592,0.8364045864045864,0.45567158067158064,0.8421537516634251,0.4494830586549289,"CRL
 ACC ,  C  ,  Rule
0.844 0.286 ['occupation_Blue-Collar && capital_gain_0']=>0
0.842 0.449 ['education_HS-grad && capital_gain_0']=>0
0.840 0.749 ['neg_marital_status_Married']=>0
0.807 1.000 ['neg_marital_status_Separated']=>1

"
0.004641588833612777,0.007,0.8402320423135984,0.7513393618836376,0.8327190827190827,0.7521498771498771,0.839594636093766,0.7486948510594739,"CRL
 ACC ,  C  ,  Rule
0.844 0.286 ['occupation_Blue-Collar && capital_gain_0']=>0
0.842 0.449 ['education_HS-grad && capital_gain_0']=>0
0.840 0.749 ['neg_marital_status_Married']=>0
0.807 1.000 ['neg_marital_status_Separated']=>1

"
0.004641588833612777,0.007,0.8066882784507763,1.0,0.8015970515970516,1.0,0.8074521445388474,1.0,"CRL
 ACC ,  C  ,  Rule
0.844 0.286 ['occupation_Blue-Collar && capital_gain_0']=>0
0.842 0.449 ['education_HS-grad && capital_gain_0']=>0
0.840 0.749 ['neg_marital_status_Married']=>0
0.807 1.000 ['neg_marital_status_Separated']=>1

"
0.004641588833612777,0.008,0.8448046408462719,0.2872888585565603,0.8385544635544635,0.289004914004914,0.8442010441191524,0.28559729757395846,"CRL
 ACC ,  C  ,  Rule
0.844 0.286 ['occupation_Blue-Collar && capital_gain_0']=>0
0.842 0.449 ['education_HS-grad && capital_gain_0']=>0
0.840 0.749 ['neg_marital_status_Married']=>0
0.807 1.000 ['marital_status_Married']=>1

"
0.004641588833612777,0.008,0.8438491724961611,0.4524483876471592,0.8364045864045864,0.45567158067158064,0.8421537516634251,0.4494830586549289,"CRL
 ACC ,  C  ,  Rule
0.844 0.286 ['occupation_Blue-Collar && capital_gain_0']=>0
0.842 0.449 ['education_HS-grad && capital_gain_0']=>0
0.840 0.749 ['neg_marital_status_Married']=>0
0.807 1.000 ['marital_status_Married']=>1

"
0.004641588833612777,0.008,0.8402320423135984,0.7513393618836376,0.8327190827190827,0.7521498771498771,0.839594636093766,0.7486948510594739,"CRL
 ACC ,  C  ,  Rule
0.844 0.286 ['occupation_Blue-Collar && capital_gain_0']=>0
0.842 0.449 ['education_HS-grad && capital_gain_0']=>0
0.840 0.749 ['neg_marital_status_Married']=>0
0.807 1.000 ['marital_status_Married']=>1

"
0.004641588833612777,0.008,0.8066882784507763,1.0,0.8015970515970516,1.0,0.8074521445388474,1.0,"CRL
 ACC ,  C  ,  Rule
0.844 0.286 ['occupation_Blue-Collar && capital_gain_0']=>0
0.842 0.449 ['education_HS-grad && capital_gain_0']=>0
0.840 0.749 ['neg_marital_status_Married']=>0
0.807 1.000 ['marital_status_Married']=>1

"
0.004641588833612777,0.009000000000000001,0.8448046408462719,0.2872888585565603,0.8385544635544635,0.289004914004914,0.8442010441191524,0.28559729757395846,"CRL
 ACC ,  C  ,  Rule
0.844 0.286 ['occupation_Blue-Collar && capital_gain_0']=>0
0.842 0.449 ['education_HS-grad && capital_gain_0']=>0
0.840 0.749 ['neg_marital_status_Married']=>0
0.807 1.000 ['neg_marital_status_Separated']=>1

"
0.004641588833612777,0.009000000000000001,0.8438491724961611,0.4524483876471592,0.8364045864045864,0.45567158067158064,0.8421537516634251,0.4494830586549289,"CRL
 ACC ,  C  ,  Rule
0.844 0.286 ['occupation_Blue-Collar && capital_gain_0']=>0
0.842 0.449 ['education_HS-grad && capital_gain_0']=>0
0.840 0.749 ['neg_marital_status_Married']=>0
0.807 1.000 ['neg_marital_status_Separated']=>1

"
0.004641588833612777,0.009000000000000001,0.8402320423135984,0.7513393618836376,0.8327190827190827,0.7521498771498771,0.839594636093766,0.7486948510594739,"CRL
 ACC ,  C  ,  Rule
0.844 0.286 ['occupation_Blue-Collar && capital_gain_0']=>0
0.842 0.449 ['education_HS-grad && capital_gain_0']=>0
0.840 0.749 ['neg_marital_status_Married']=>0
0.807 1.000 ['neg_marital_status_Separated']=>1

"
0.004641588833612777,0.009000000000000001,0.8066882784507763,1.0,0.8015970515970516,1.0,0.8074521445388474,1.0,"CRL
 ACC ,  C  ,  Rule
0.844 0.286 ['occupation_Blue-Collar && capital_gain_0']=>0
0.842 0.449 ['education_HS-grad && capital_gain_0']=>0
0.840 0.749 ['neg_marital_status_Married']=>0
0.807 1.000 ['neg_marital_status_Separated']=>1

"
0.004641588833612777,0.01,0.8448046408462719,0.2872888585565603,0.8385544635544635,0.289004914004914,0.8442010441191524,0.28559729757395846,"CRL
 ACC ,  C  ,  Rule
0.844 0.286 ['occupation_Blue-Collar && capital_gain_0']=>0
0.842 0.449 ['education_HS-grad && capital_gain_0']=>0
0.840 0.749 ['neg_marital_status_Married']=>0
0.807 1.000 ['neg_marital_status_Widowed']=>1

"
0.004641588833612777,0.01,0.8438491724961611,0.4524483876471592,0.8364045864045864,0.45567158067158064,0.8421537516634251,0.4494830586549289,"CRL
 ACC ,  C  ,  Rule
0.844 0.286 ['occupation_Blue-Collar && capital_gain_0']=>0
0.842 0.449 ['education_HS-grad && capital_gain_0']=>0
0.840 0.749 ['neg_marital_status_Married']=>0
0.807 1.000 ['neg_marital_status_Widowed']=>1

"
0.004641588833612777,0.01,0.8402320423135984,0.7513393618836376,0.8327190827190827,0.7521498771498771,0.839594636093766,0.7486948510594739,"CRL
 ACC ,  C  ,  Rule
0.844 0.286 ['occupation_Blue-Collar && capital_gain_0']=>0
0.842 0.449 ['education_HS-grad && capital_gain_0']=>0
0.840 0.749 ['neg_marital_status_Married']=>0
0.807 1.000 ['neg_marital_status_Widowed']=>1

"
0.004641588833612777,0.01,0.8066882784507763,1.0,0.8015970515970516,1.0,0.8074521445388474,1.0,"CRL
 ACC ,  C  ,  Rule
0.844 0.286 ['occupation_Blue-Collar && capital_gain_0']=>0
0.842 0.449 ['education_HS-grad && capital_gain_0']=>0
0.840 0.749 ['neg_marital_status_Married']=>0
0.807 1.000 ['neg_marital_status_Widowed']=>1

"
0.007742636826811269,0.001,0.8448046408462719,0.2872888585565603,0.8385544635544635,0.289004914004914,0.8442010441191524,0.28559729757395846,"CRL
 ACC ,  C  ,  Rule
0.844 0.286 ['occupation_Blue-Collar && capital_gain_0']=>0
0.842 0.685 ['neg_marital_status_Married']=>0
0.786 1.000 ['neg_marital_status_Widowed']=>1

"
0.007742636826811269,0.001,0.8411875106637092,0.6910424842177103,0.8348689598689598,0.6846846846846847,0.8416419285494933,0.6852287849319275,"CRL
 ACC ,  C  ,  Rule
0.844 0.286 ['occupation_Blue-Collar && capital_gain_0']=>0
0.842 0.685 ['neg_marital_status_Married']=>0
0.786 1.000 ['neg_marital_status_Widowed']=>1

"
0.007742636826811269,0.001,0.7826991980890633,1.0,0.7783579033579033,1.0,0.7859555737537107,1.0,"CRL
 ACC ,  C  ,  Rule
0.844 0.286 ['occupation_Blue-Collar && capital_gain_0']=>0
0.842 0.685 ['neg_marital_status_Married']=>0
0.786 1.000 ['neg_marital_status_Widowed']=>1

"
0.007742636826811269,0.002,0.8448046408462719,0.2872888585565603,0.8385544635544635,0.289004914004914,0.8442010441191524,0.28559729757395846,"CRL
 ACC ,  C  ,  Rule
0.844 0.286 ['occupation_Blue-Collar && capital_gain_0']=>0
0.842 0.685 ['neg_marital_status_Married']=>0
0.786 1.000 ['neg_marital_status_Widowed']=>1

"
0.007742636826811269,0.002,0.8411875106637092,0.6910424842177103,0.8348689598689598,0.6846846846846847,0.8416419285494933,0.6852287849319275,"CRL
 ACC ,  C  ,  Rule
0.844 0.286 ['occupation_Blue-Collar && capital_gain_0']=>0
0.842 0.685 ['neg_marital_status_Married']=>0
0.786 1.000 ['neg_marital_status_Widowed']=>1

"
0.007742636826811269,0.002,0.7826991980890633,1.0,0.7783579033579033,1.0,0.7859555737537107,1.0,"CRL
 ACC ,  C  ,  Rule
0.844 0.286 ['occupation_Blue-Collar && capital_gain_0']=>0
0.842 0.685 ['neg_marital_status_Married']=>0
0.786 1.000 ['neg_marital_status_Widowed']=>1

"
0.007742636826811269,0.003,0.8448046408462719,0.2872888585565603,0.8385544635544635,0.289004914004914,0.8442010441191524,0.28559729757395846,"CRL
 ACC ,  C  ,  Rule
0.844 0.286 ['occupation_Blue-Collar && capital_gain_0']=>0
0.842 0.685 ['neg_marital_status_Married']=>0
0.786 1.000 ['neg_marital_status_Widowed']=>1

"
0.007742636826811269,0.003,0.8411875106637092,0.6910424842177103,0.8348689598689598,0.6846846846846847,0.8416419285494933,0.6852287849319275,"CRL
 ACC ,  C  ,  Rule
0.844 0.286 ['occupation_Blue-Collar && capital_gain_0']=>0
0.842 0.685 ['neg_marital_status_Married']=>0
0.786 1.000 ['neg_marital_status_Widowed']=>1

"
0.007742636826811269,0.003,0.7826991980890633,1.0,0.7783579033579033,1.0,0.7859555737537107,1.0,"CRL
 ACC ,  C  ,  Rule
0.844 0.286 ['occupation_Blue-Collar && capital_gain_0']=>0
0.842 0.685 ['neg_marital_status_Married']=>0
0.786 1.000 ['neg_marital_status_Widowed']=>1

"
0.007742636826811269,0.004,0.8448046408462719,0.2872888585565603,0.8385544635544635,0.289004914004914,0.8442010441191524,0.28559729757395846,"CRL
 ACC ,  C  ,  Rule
0.844 0.286 ['occupation_Blue-Collar && capital_gain_0']=>0
0.842 0.685 ['neg_marital_status_Married']=>0
0.786 1.000 ['neg_marital_status_Divorced']=>1

"
0.007742636826811269,0.004,0.8411875106637092,0.6910424842177103,0.8348689598689598,0.6846846846846847,0.8416419285494933,0.6852287849319275,"CRL
 ACC ,  C  ,  Rule
0.844 0.286 ['occupation_Blue-Collar && capital_gain_0']=>0
0.842 0.685 ['neg_marital_status_Married']=>0
0.786 1.000 ['neg_marital_status_Divorced']=>1

"
0.007742636826811269,0.004,0.7826991980890633,1.0,0.7783579033579033,1.0,0.7859555737537107,1.0,"CRL
 ACC ,  C  ,  Rule
0.844 0.286 ['occupation_Blue-Collar && capital_gain_0']=>0
0.842 0.685 ['neg_marital_status_Married']=>0
0.786 1.000 ['neg_marital_status_Divorced']=>1

"
0.007742636826811269,0.005,0.8448046408462719,0.2872888585565603,0.8385544635544635,0.289004914004914,0.8442010441191524,0.28559729757395846,"CRL
 ACC ,  C  ,  Rule
0.844 0.286 ['occupation_Blue-Collar && capital_gain_0']=>0
0.842 0.685 ['neg_marital_status_Married']=>0
0.786 1.000 ['neg_marital_status_Widowed']=>1

"
0.007742636826811269,0.005,0.8411875106637092,0.6910424842177103,0.8348689598689598,0.6846846846846847,0.8416419285494933,0.6852287849319275,"CRL
 ACC ,  C  ,  Rule
0.844 0.286 ['occupation_Blue-Collar && capital_gain_0']=>0
0.842 0.685 ['neg_marital_status_Married']=>0
0.786 1.000 ['neg_marital_status_Widowed']=>1

"
0.007742636826811269,0.005,0.7826991980890633,1.0,0.7783579033579033,1.0,0.7859555737537107,1.0,"CRL
 ACC ,  C  ,  Rule
0.844 0.286 ['occupation_Blue-Collar && capital_gain_0']=>0
0.842 0.685 ['neg_marital_status_Married']=>0
0.786 1.000 ['neg_marital_status_Widowed']=>1

"
0.007742636826811269,0.006,0.8448046408462719,0.2872888585565603,0.8385544635544635,0.289004914004914,0.8442010441191524,0.28559729757395846,"CRL
 ACC ,  C  ,  Rule
0.844 0.286 ['occupation_Blue-Collar && capital_gain_0']=>0
0.842 0.685 ['neg_marital_status_Married']=>0
0.786 1.000 ['neg_marital_status_Widowed']=>1

"
0.007742636826811269,0.006,0.8411875106637092,0.6910424842177103,0.8348689598689598,0.6846846846846847,0.8416419285494933,0.6852287849319275,"CRL
 ACC ,  C  ,  Rule
0.844 0.286 ['occupation_Blue-Collar && capital_gain_0']=>0
0.842 0.685 ['neg_marital_status_Married']=>0
0.786 1.000 ['neg_marital_status_Widowed']=>1

"
0.007742636826811269,0.006,0.7826991980890633,1.0,0.7783579033579033,1.0,0.7859555737537107,1.0,"CRL
 ACC ,  C  ,  Rule
0.844 0.286 ['occupation_Blue-Collar && capital_gain_0']=>0
0.842 0.685 ['neg_marital_status_Married']=>0
0.786 1.000 ['neg_marital_status_Widowed']=>1

"
0.007742636826811269,0.007,0.8448046408462719,0.2872888585565603,0.8385544635544635,0.289004914004914,0.8442010441191524,0.28559729757395846,"CRL
 ACC ,  C  ,  Rule
0.844 0.286 ['occupation_Blue-Collar && capital_gain_0']=>0
0.842 0.685 ['neg_marital_status_Married']=>0
0.786 1.000 ['neg_marital_status_Widowed']=>1

"
0.007742636826811269,0.007,0.8411875106637092,0.6910424842177103,0.8348689598689598,0.6846846846846847,0.8416419285494933,0.6852287849319275,"CRL
 ACC ,  C  ,  Rule
0.844 0.286 ['occupation_Blue-Collar && capital_gain_0']=>0
0.842 0.685 ['neg_marital_status_Married']=>0
0.786 1.000 ['neg_marital_status_Widowed']=>1

"
0.007742636826811269,0.007,0.7826991980890633,1.0,0.7783579033579033,1.0,0.7859555737537107,1.0,"CRL
 ACC ,  C  ,  Rule
0.844 0.286 ['occupation_Blue-Collar && capital_gain_0']=>0
0.842 0.685 ['neg_marital_status_Married']=>0
0.786 1.000 ['neg_marital_status_Widowed']=>1

"
0.007742636826811269,0.008,0.8448046408462719,0.2872888585565603,0.8385544635544635,0.289004914004914,0.8442010441191524,0.28559729757395846,"CRL
 ACC ,  C  ,  Rule
0.844 0.286 ['occupation_Blue-Collar && capital_gain_0']=>0
0.842 0.685 ['neg_marital_status_Married']=>0
0.786 1.000 ['marital_status_Married']=>1

"
0.007742636826811269,0.008,0.8411875106637092,0.6910424842177103,0.8348689598689598,0.6846846846846847,0.8416419285494933,0.6852287849319275,"CRL
 ACC ,  C  ,  Rule
0.844 0.286 ['occupation_Blue-Collar && capital_gain_0']=>0
0.842 0.685 ['neg_marital_status_Married']=>0
0.786 1.000 ['marital_status_Married']=>1

"
0.007742636826811269,0.008,0.7826991980890633,1.0,0.7783579033579033,1.0,0.7859555737537107,1.0,"CRL
 ACC ,  C  ,  Rule
0.844 0.286 ['occupation_Blue-Collar && capital_gain_0']=>0
0.842 0.685 ['neg_marital_status_Married']=>0
0.786 1.000 ['marital_status_Married']=>1

"
0.007742636826811269,0.009000000000000001,0.8448046408462719,0.2872888585565603,0.8385544635544635,0.289004914004914,0.8442010441191524,0.28559729757395846,"CRL
 ACC ,  C  ,  Rule
0.844 0.286 ['occupation_Blue-Collar && capital_gain_0']=>0
0.842 0.685 ['neg_marital_status_Married']=>0
0.786 1.000 ['neg_marital_status_Widowed']=>1

"
0.007742636826811269,0.009000000000000001,0.8411875106637092,0.6910424842177103,0.8348689598689598,0.6846846846846847,0.8416419285494933,0.6852287849319275,"CRL
 ACC ,  C  ,  Rule
0.844 0.286 ['occupation_Blue-Collar && capital_gain_0']=>0
0.842 0.685 ['neg_marital_status_Married']=>0
0.786 1.000 ['neg_marital_status_Widowed']=>1

"
0.007742636826811269,0.009000000000000001,0.7826991980890633,1.0,0.7783579033579033,1.0,0.7859555737537107,1.0,"CRL
 ACC ,  C  ,  Rule
0.844 0.286 ['occupation_Blue-Collar && capital_gain_0']=>0
0.842 0.685 ['neg_marital_status_Married']=>0
0.786 1.000 ['neg_marital_status_Widowed']=>1

"
0.007742636826811269,0.01,0.8448046408462719,0.2872888585565603,0.8385544635544635,0.289004914004914,0.8442010441191524,0.28559729757395846,"CRL
 ACC ,  C  ,  Rule
0.844 0.286 ['occupation_Blue-Collar && capital_gain_0']=>0
0.842 0.685 ['neg_marital_status_Married']=>0
0.786 1.000 ['neg_marital_status_Widowed']=>1

"
0.007742636826811269,0.01,0.8411875106637092,0.6910424842177103,0.8348689598689598,0.6846846846846847,0.8416419285494933,0.6852287849319275,"CRL
 ACC ,  C  ,  Rule
0.844 0.286 ['occupation_Blue-Collar && capital_gain_0']=>0
0.842 0.685 ['neg_marital_status_Married']=>0
0.786 1.000 ['neg_marital_status_Widowed']=>1

"
0.007742636826811269,0.01,0.7826991980890633,1.0,0.7783579033579033,1.0,0.7859555737537107,1.0,"CRL
 ACC ,  C  ,  Rule
0.844 0.286 ['occupation_Blue-Collar && capital_gain_0']=>0
0.842 0.685 ['neg_marital_status_Married']=>0
0.786 1.000 ['neg_marital_status_Widowed']=>1

"
0.01291549665014884,0.001,0.8421088551441733,0.5306944207473128,0.8353808353808354,0.5224201474201474,0.8425632101545706,0.5264612549902754,"CRL
 ACC ,  C  ,  Rule
0.843 0.526 ['neg_marital_status_Married']=>0
0.757 1.000 ['neg_marital_status_Divorced']=>0

"
0.01291549665014884,0.001,0.764204060740488,1.0,0.7541973791973792,1.0,0.7567816562595967,1.0,"CRL
 ACC ,  C  ,  Rule
0.843 0.526 ['neg_marital_status_Married']=>0
0.757 1.000 ['neg_marital_status_Divorced']=>0

"
0.01291549665014884,0.002,0.8421088551441733,0.5306944207473128,0.8353808353808354,0.5224201474201474,0.8425632101545706,0.5264612549902754,"CRL
 ACC ,  C  ,  Rule
0.843 0.526 ['neg_marital_status_Married']=>0
0.757 1.000 ['neg_marital_status_Single']=>0

"
0.01291549665014884,0.002,0.764204060740488,1.0,0.7541973791973792,1.0,0.7567816562595967,1.0,"CRL
 ACC ,  C  ,  Rule
0.843 0.526 ['neg_marital_status_Married']=>0
0.757 1.000 ['neg_marital_status_Single']=>0

"
0.01291549665014884,0.003,0.8421088551441733,0.5306944207473128,0.8353808353808354,0.5224201474201474,0.8425632101545706,0.5264612549902754,"CRL
 ACC ,  C  ,  Rule
0.843 0.526 ['neg_marital_status_Married']=>0
0.757 1.000 ['neg_marital_status_Single']=>0

"
0.01291549665014884,0.003,0.764204060740488,1.0,0.7541973791973792,1.0,0.7567816562595967,1.0,"CRL
 ACC ,  C  ,  Rule
0.843 0.526 ['neg_marital_status_Married']=>0
0.757 1.000 ['neg_marital_status_Single']=>0

"
0.01291549665014884,0.004,0.8421088551441733,0.5306944207473128,0.8353808353808354,0.5224201474201474,0.8425632101545706,0.5264612549902754,"CRL
 ACC ,  C  ,  Rule
0.843 0.526 ['neg_marital_status_Married']=>0
0.757 1.000 ['neg_marital_status_Divorced']=>0

"
0.01291549665014884,0.004,0.764204060740488,1.0,0.7541973791973792,1.0,0.7567816562595967,1.0,"CRL
 ACC ,  C  ,  Rule
0.843 0.526 ['neg_marital_status_Married']=>0
0.757 1.000 ['neg_marital_status_Divorced']=>0

"
0.01291549665014884,0.005,0.8421088551441733,0.5306944207473128,0.8353808353808354,0.5224201474201474,0.8425632101545706,0.5264612549902754,"CRL
 ACC ,  C  ,  Rule
0.843 0.526 ['neg_marital_status_Married']=>0
0.757 1.000 ['neg_marital_status_Single']=>0

"
0.01291549665014884,0.005,0.764204060740488,1.0,0.7541973791973792,1.0,0.7567816562595967,1.0,"CRL
 ACC ,  C  ,  Rule
0.843 0.526 ['neg_marital_status_Married']=>0
0.757 1.000 ['neg_marital_status_Single']=>0

"
0.01291549665014884,0.006,0.8421088551441733,0.5306944207473128,0.8353808353808354,0.5224201474201474,0.8425632101545706,0.5264612549902754,"CRL
 ACC ,  C  ,  Rule
0.843 0.526 ['neg_marital_status_Married']=>0
0.757 1.000 ['neg_marital_status_Single']=>0

"
0.01291549665014884,0.006,0.764204060740488,1.0,0.7541973791973792,1.0,0.7567816562595967,1.0,"CRL
 ACC ,  C  ,  Rule
0.843 0.526 ['neg_marital_status_Married']=>0
0.757 1.000 ['neg_marital_status_Single']=>0

"
0.01291549665014884,0.007,0.8421088551441733,0.5306944207473128,0.8353808353808354,0.5224201474201474,0.8425632101545706,0.5264612549902754,"CRL
 ACC ,  C  ,  Rule
0.843 0.526 ['neg_marital_status_Married']=>0
0.757 1.000 ['neg_marital_status_Single']=>0

"
0.01291549665014884,0.007,0.764204060740488,1.0,0.7541973791973792,1.0,0.7567816562595967,1.0,"CRL
 ACC ,  C  ,  Rule
0.843 0.526 ['neg_marital_status_Married']=>0
0.757 1.000 ['neg_marital_status_Single']=>0

"
0.01291549665014884,0.008,0.8421088551441733,0.5306944207473128,0.8353808353808354,0.5224201474201474,0.8425632101545706,0.5264612549902754,"CRL
 ACC ,  C  ,  Rule
0.843 0.526 ['neg_marital_status_Married']=>0
0.757 1.000 ['neg_marital_status_Single']=>0

"
0.01291549665014884,0.008,0.764204060740488,1.0,0.7541973791973792,1.0,0.7567816562595967,1.0,"CRL
 ACC ,  C  ,  Rule
0.843 0.526 ['neg_marital_status_Married']=>0
0.757 1.000 ['neg_marital_status_Single']=>0

"
0.01291549665014884,0.009000000000000001,0.8421088551441733,0.5306944207473128,0.8353808353808354,0.5224201474201474,0.8425632101545706,0.5264612549902754,"CRL
 ACC ,  C  ,  Rule
0.843 0.526 ['neg_marital_status_Married']=>0
0.757 1.000 ['neg_marital_status_Single']=>0

"
0.01291549665014884,0.009000000000000001,0.764204060740488,1.0,0.7541973791973792,1.0,0.7567816562595967,1.0,"CRL
 ACC ,  C  ,  Rule
0.843 0.526 ['neg_marital_status_Married']=>0
0.757 1.000 ['neg_marital_status_Single']=>0

"
0.01291549665014884,0.01,0.8421088551441733,0.5306944207473128,0.8353808353808354,0.5224201474201474,0.8425632101545706,0.5264612549902754,"CRL
 ACC ,  C  ,  Rule
0.843 0.526 ['neg_marital_status_Married']=>0
0.757 1.000 ['neg_marital_status_Single']=>0

"
0.01291549665014884,0.01,0.764204060740488,1.0,0.7541973791973792,1.0,0.7567816562595967,1.0,"CRL
 ACC ,  C  ,  Rule
0.843 0.526 ['neg_marital_status_Married']=>0
0.757 1.000 ['neg_marital_status_Single']=>0

"
0.021544346900318832,0.001,0.8085992151509981,0.8713188875618495,0.8016994266994267,0.8681408681408681,0.8074521445388474,0.8712253045347528,"CRL
 ACC ,  C  ,  Rule
0.807 0.871 ['capital_gain_0 && capital_loss_0']=>0
0.784 0.999 ['neg_race_Amer-Indian-Eskimo']=>1

"
0.021544346900318832,0.001,0.7815048626514247,0.9993857703463572,0.7738533988533989,0.9988738738738738,0.7838059166751971,0.9986692599037773,"CRL
 ACC ,  C  ,  Rule
0.807 0.871 ['capital_gain_0 && capital_loss_0']=>0
0.784 0.999 ['neg_race_Amer-Indian-Eskimo']=>1

"
0.021544346900318832,0.002,0.8421088551441733,0.5306944207473128,0.8353808353808354,0.5224201474201474,0.8425632101545706,0.5264612549902754,"CRL
 ACC ,  C  ,  Rule
0.843 0.526 ['neg_marital_status_Married']=>0
0.757 1.000 ['neg_marital_status_Single']=>0

"
0.021544346900318832,0.002,0.764204060740488,1.0,0.7541973791973792,1.0,0.7567816562595967,1.0,"CRL
 ACC ,  C  ,  Rule
0.843 0.526 ['neg_marital_status_Married']=>0
0.757 1.000 ['neg_marital_status_Single']=>0

"
0.021544346900318832,0.003,0.8421088551441733,0.5306944207473128,0.8353808353808354,0.5224201474201474,0.8425632101545706,0.5264612549902754,"CRL
 ACC ,  C  ,  Rule
0.843 0.526 ['neg_marital_status_Married']=>0
0.757 1.000 ['neg_marital_status_Single']=>0

"
0.021544346900318832,0.003,0.764204060740488,1.0,0.7541973791973792,1.0,0.7567816562595967,1.0,"CRL
 ACC ,  C  ,  Rule
0.843 0.526 ['neg_marital_status_Married']=>0
0.757 1.000 ['neg_marital_status_Single']=>0

"
0.021544346900318832,0.004,0.8421088551441733,0.5306944207473128,0.8353808353808354,0.5224201474201474,0.8425632101545706,0.5264612549902754,"CRL
 ACC ,  C  ,  Rule
0.843 0.526 ['neg_marital_status_Married']=>0
0.757 1.000 ['neg_marital_status_Single']=>0

"
0.021544346900318832,0.004,0.764204060740488,1.0,0.7541973791973792,1.0,0.7567816562595967,1.0,"CRL
 ACC ,  C  ,  Rule
0.843 0.526 ['neg_marital_status_Married']=>0
0.757 1.000 ['neg_marital_status_Single']=>0

"
0.021544346900318832,0.005,0.8421088551441733,0.5306944207473128,0.8353808353808354,0.5224201474201474,0.8425632101545706,0.5264612549902754,"CRL
 ACC ,  C  ,  Rule
0.843 0.526 ['neg_marital_status_Married']=>0
0.757 1.000 ['neg_marital_status_Divorced']=>0

"
0.021544346900318832,0.005,0.764204060740488,1.0,0.7541973791973792,1.0,0.7567816562595967,1.0,"CRL
 ACC ,  C  ,  Rule
0.843 0.526 ['neg_marital_status_Married']=>0
0.757 1.000 ['neg_marital_status_Divorced']=>0

"
0.021544346900318832,0.006,0.8421088551441733,0.5306944207473128,0.8353808353808354,0.5224201474201474,0.8425632101545706,0.5264612549902754,"CRL
 ACC ,  C  ,  Rule
0.843 0.526 ['neg_marital_status_Married']=>0
0.757 1.000 ['neg_marital_status_Single']=>0

"
0.021544346900318832,0.006,0.764204060740488,1.0,0.7541973791973792,1.0,0.7567816562595967,1.0,"CRL
 ACC ,  C  ,  Rule
0.843 0.526 ['neg_marital_status_Married']=>0
0.757 1.000 ['neg_marital_status_Single']=>0

"
0.021544346900318832,0.007,0.8421088551441733,0.5306944207473128,0.8353808353808354,0.5224201474201474,0.8425632101545706,0.5264612549902754,"CRL
 ACC ,  C  ,  Rule
0.843 0.526 ['neg_marital_status_Married']=>0
0.757 1.000 ['neg_marital_status_Single']=>0

"
0.021544346900318832,0.007,0.764204060740488,1.0,0.7541973791973792,1.0,0.7567816562595967,1.0,"CRL
 ACC ,  C  ,  Rule
0.843 0.526 ['neg_marital_status_Married']=>0
0.757 1.000 ['neg_marital_status_Single']=>0

"
0.021544346900318832,0.008,0.8421088551441733,0.5306944207473128,0.8353808353808354,0.5224201474201474,0.8425632101545706,0.5264612549902754,"CRL
 ACC ,  C  ,  Rule
0.843 0.526 ['neg_marital_status_Married']=>0
0.757 1.000 ['neg_marital_status_Single']=>0

"
0.021544346900318832,0.008,0.764204060740488,1.0,0.7541973791973792,1.0,0.7567816562595967,1.0,"CRL
 ACC ,  C  ,  Rule
0.843 0.526 ['neg_marital_status_Married']=>0
0.757 1.000 ['neg_marital_status_Single']=>0

"
0.021544346900318832,0.009000000000000001,0.8421088551441733,0.5306944207473128,0.8353808353808354,0.5224201474201474,0.8425632101545706,0.5264612549902754,"CRL
 ACC ,  C  ,  Rule
0.843 0.526 ['neg_marital_status_Married']=>0
0.757 1.000 ['neg_marital_status_Separated']=>0

"
0.021544346900318832,0.009000000000000001,0.764204060740488,1.0,0.7541973791973792,1.0,0.7567816562595967,1.0,"CRL
 ACC ,  C  ,  Rule
0.843 0.526 ['neg_marital_status_Married']=>0
0.757 1.000 ['neg_marital_status_Separated']=>0

"
0.021544346900318832,0.01,0.8421088551441733,0.5306944207473128,0.8353808353808354,0.5224201474201474,0.8425632101545706,0.5264612549902754,"CRL
 ACC ,  C  ,  Rule
0.843 0.526 ['neg_marital_status_Married']=>0
0.757 1.000 ['neg_marital_status_Single']=>0

"
0.021544346900318832,0.01,0.764204060740488,1.0,0.7541973791973792,1.0,0.7567816562595967,1.0,"CRL
 ACC ,  C  ,  Rule
0.843 0.526 ['neg_marital_status_Married']=>0
0.757 1.000 ['neg_marital_status_Single']=>0

"
0.03593813663804626,0.001,0.7643064323494284,0.9919467667633509,0.7548116298116299,0.9911957411957412,0.7567816562595967,0.9914013716859453,"CRL
 ACC ,  C  ,  Rule
0.757 0.991 ['neg_race_Other']=>0

"
0.03593813663804626,0.002,0.7643064323494284,0.9919467667633509,0.7548116298116299,0.9911957411957412,0.7567816562595967,0.9914013716859453,"CRL
 ACC ,  C  ,  Rule
0.757 0.991 ['neg_race_Other']=>0

"
0.03593813663804626,0.003,0.7643064323494284,0.9919467667633509,0.7548116298116299,0.9911957411957412,0.7567816562595967,0.9914013716859453,"CRL
 ACC ,  C  ,  Rule
0.757 0.991 ['neg_race_Other']=>0

"
0.03593813663804626,0.004,0.7643064323494284,0.9919467667633509,0.7548116298116299,0.9911957411957412,0.7567816562595967,0.9914013716859453,"CRL
 ACC ,  C  ,  Rule
0.757 0.991 ['neg_race_Other']=>0

"
0.03593813663804626,0.005,0.7643064323494284,0.9919467667633509,0.7548116298116299,0.9911957411957412,0.7567816562595967,0.9914013716859453,"CRL
 ACC ,  C  ,  Rule
0.757 0.991 ['neg_race_Other']=>0

"
0.03593813663804626,0.006,0.7643064323494284,0.9919467667633509,0.7548116298116299,0.9911957411957412,0.7567816562595967,0.9914013716859453,"CRL
 ACC ,  C  ,  Rule
0.757 0.991 ['neg_race_Other']=>0

"
0.03593813663804626,0.007,0.7643064323494284,0.9919467667633509,0.7548116298116299,0.9911957411957412,0.7567816562595967,0.9914013716859453,"CRL
 ACC ,  C  ,  Rule
0.757 0.991 ['neg_race_Other']=>0

"
0.03593813663804626,0.008,0.7643064323494284,0.9919467667633509,0.7548116298116299,0.9911957411957412,0.7567816562595967,0.9914013716859453,"CRL
 ACC ,  C  ,  Rule
0.757 0.991 ['neg_race_Other']=>0

"
0.03593813663804626,0.009000000000000001,0.7643064323494284,0.9919467667633509,0.7548116298116299,0.9911957411957412,0.7567816562595967,0.9914013716859453,"CRL
 ACC ,  C  ,  Rule
0.757 0.991 ['neg_race_Other']=>0

"
0.03593813663804626,0.01,0.7643064323494284,0.9919467667633509,0.7548116298116299,0.9911957411957412,0.7567816562595967,0.9914013716859453,"CRL
 ACC ,  C  ,  Rule
0.757 0.991 ['neg_race_Other']=>0

"
0.05994842503189409,0.001,0.7643064323494284,0.9919467667633509,0.7548116298116299,0.9911957411957412,0.7567816562595967,0.9914013716859453,"CRL
 ACC ,  C  ,  Rule
0.757 0.991 ['neg_race_Other']=>0

"
0.05994842503189409,0.002,0.7643064323494284,0.9919467667633509,0.7548116298116299,0.9911957411957412,0.7567816562595967,0.9914013716859453,"CRL
 ACC ,  C  ,  Rule
0.757 0.991 ['neg_race_Other']=>0

"
0.05994842503189409,0.003,0.7643064323494284,0.9919467667633509,0.7548116298116299,0.9911957411957412,0.7567816562595967,0.9914013716859453,"CRL
 ACC ,  C  ,  Rule
0.757 0.991 ['neg_race_Other']=>0

"
0.05994842503189409,0.004,0.7643064323494284,0.9919467667633509,0.7548116298116299,0.9911957411957412,0.7567816562595967,0.9914013716859453,"CRL
 ACC ,  C  ,  Rule
0.757 0.991 ['neg_race_Other']=>0

"
0.05994842503189409,0.005,0.7643064323494284,0.9919467667633509,0.7548116298116299,0.9911957411957412,0.7567816562595967,0.9914013716859453,"CRL
 ACC ,  C  ,  Rule
0.757 0.991 ['neg_race_Other']=>0

"
0.05994842503189409,0.006,0.7643064323494284,0.9919467667633509,0.7548116298116299,0.9911957411957412,0.7567816562595967,0.9914013716859453,"CRL
 ACC ,  C  ,  Rule
0.757 0.991 ['neg_race_Other']=>0

"
0.05994842503189409,0.007,0.7643064323494284,0.9919467667633509,0.7548116298116299,0.9911957411957412,0.7567816562595967,0.9914013716859453,"CRL
 ACC ,  C  ,  Rule
0.757 0.991 ['neg_race_Other']=>0

"
0.05994842503189409,0.008,0.7643064323494284,0.9919467667633509,0.7548116298116299,0.9911957411957412,0.7567816562595967,0.9914013716859453,"CRL
 ACC ,  C  ,  Rule
0.757 0.991 ['neg_race_Other']=>0

"
0.05994842503189409,0.009000000000000001,0.7643064323494284,0.9919467667633509,0.7548116298116299,0.9911957411957412,0.7567816562595967,0.9914013716859453,"CRL
 ACC ,  C  ,  Rule
0.757 0.991 ['neg_race_Other']=>0

"
0.05994842503189409,0.01,0.7643064323494284,0.9919467667633509,0.7548116298116299,0.9911957411957412,0.7567816562595967,0.9914013716859453,"CRL
 ACC ,  C  ,  Rule
0.757 0.991 ['neg_race_Other']=>0

"
0.1,0.001,0.7643064323494284,0.9919467667633509,0.7548116298116299,0.9911957411957412,0.7567816562595967,0.9914013716859453,"CRL
 ACC ,  C  ,  Rule
0.757 0.991 ['neg_race_Other']=>0

"
0.1,0.002,0.7643064323494284,0.9919467667633509,0.7548116298116299,0.9911957411957412,0.7567816562595967,0.9914013716859453,"CRL
 ACC ,  C  ,  Rule
0.757 0.991 ['neg_race_Other']=>0

"
0.1,0.003,0.7643064323494284,0.9919467667633509,0.7548116298116299,0.9911957411957412,0.7567816562595967,0.9914013716859453,"CRL
 ACC ,  C  ,  Rule
0.757 0.991 ['neg_race_Other']=>0

"
0.1,0.004,0.7643064323494284,0.9919467667633509,0.7548116298116299,0.9911957411957412,0.7567816562595967,0.9914013716859453,"CRL
 ACC ,  C  ,  Rule
0.757 0.991 ['neg_race_Other']=>0

"
0.1,0.005,0.7643064323494284,0.9919467667633509,0.7548116298116299,0.9911957411957412,0.7567816562595967,0.9914013716859453,"CRL
 ACC ,  C  ,  Rule
0.757 0.991 ['neg_race_Other']=>0

"
0.1,0.006,0.7643064323494284,0.9919467667633509,0.7548116298116299,0.9911957411957412,0.7567816562595967,0.9914013716859453,"CRL
 ACC ,  C  ,  Rule
0.757 0.991 ['neg_race_Other']=>0

"
0.1,0.007,0.7643064323494284,0.9919467667633509,0.7548116298116299,0.9911957411957412,0.7567816562595967,0.9914013716859453,"CRL
 ACC ,  C  ,  Rule
0.757 0.991 ['neg_race_Other']=>0

"
0.1,0.008,0.7643064323494284,0.9919467667633509,0.7548116298116299,0.9911957411957412,0.7567816562595967,0.9914013716859453,"CRL
 ACC ,  C  ,  Rule
0.757 0.991 ['neg_race_Other']=>0

"
0.1,0.009000000000000001,0.7643064323494284,0.9919467667633509,0.7548116298116299,0.9911957411957412,0.7567816562595967,0.9914013716859453,"CRL
 ACC ,  C  ,  Rule
0.757 0.991 ['neg_race_Other']=>0

"
0.1,0.01,0.7643064323494284,0.9919467667633509,0.7548116298116299,0.9911957411957412,0.7567816562595967,0.9914013716859453,"CRL
 ACC ,  C  ,  Rule
0.757 0.991 ['neg_race_Other']=>0

"
