alpha,beta,accuracy_train,transparency_train,accuracy_valid,transparency_valid,accuracy_test,transparency_test,model
na,na,0.6686691312384473,0,0.695079695079695,0,0.6673596673596673,0,"RandomForestClassifier(bootstrap=False, criterion='entropy', max_depth=3,
                       max_features='log2', min_samples_leaf=29,
                       n_estimators=45, random_state=1)"
0.001,0.001,0.6728280961182994,0.16751386321626618,0.6936936936936937,0.1690921690921691,0.6791406791406791,0.17117117117117117,"HyRS
Positive rules : 
 ['Age=18-22 && Gender=Male', 'Age=18-25 && Prior-Crimes=1-3']
Negative rules : 
 []
HyRS Accuracy : 0.679
Coverage of RuleSet : 0.171
"
0.001,0.0021544346900318843,0.6728280961182994,0.16751386321626618,0.6936936936936937,0.1690921690921691,0.6791406791406791,0.17117117117117117,"HyRS
Positive rules : 
 ['Age=18-22 && Gender=Male', 'Age=18-25 && Prior-Crimes=1-3']
Negative rules : 
 []
HyRS Accuracy : 0.679
Coverage of RuleSet : 0.171
"
0.001,0.004641588833612777,0.6728280961182994,0.4299907578558225,0.6936936936936937,0.43451143451143454,0.6791406791406791,0.41372141372141374,"HyRS
Positive rules : 
 ['Age=18-22 && Gender=Male', 'Age=18-25 && Prior-Crimes=1-3']
Negative rules : 
 ['Prior-Crimes=1-3 && Juvenile-Crimes=0']
HyRS Accuracy : 0.679
Coverage of RuleSet : 0.414
"
0.001,0.01,0.6702865064695009,0.98590573012939,0.6874566874566874,0.9847539847539848,0.6673596673596673,0.9902979902979903,"HyRS
Positive rules : 
 ['Age=18-22 && Gender=Male', 'Age=18-25 && Prior-Crimes=1-3', 'Prior-Crimes>3']
Negative rules : 
 ['Juvenile-Crimes=0']
HyRS Accuracy : 0.667
Coverage of RuleSet : 0.990
"
0.001,0.021544346900318832,0.6702865064695009,0.98590573012939,0.6874566874566874,0.9847539847539848,0.6673596673596673,0.9902979902979903,"HyRS
Positive rules : 
 ['Age=18-22 && Gender=Male', 'Age=18-25 && Prior-Crimes=1-3', 'Prior-Crimes>3']
Negative rules : 
 ['Juvenile-Crimes=0 && Juvenile-Felonies=0']
HyRS Accuracy : 0.667
Coverage of RuleSet : 0.990
"
0.001,0.046415888336127774,0.6695933456561922,1.0,0.6846846846846847,1.0,0.6666666666666666,1.0,"HyRS
Positive rules : 
 ['Prior-Crimes>3', 'Juvenile-Crimes=1-3 && Race=African-American', 'Age=18-22 && Gender=Male', 'Age=18-25 && Prior-Crimes=1-3']
Negative rules : 
 ['neg_Prior-Crimes>3']
HyRS Accuracy : 0.667
Coverage of RuleSet : 1.000
"
0.001,0.1,0.6684380776340111,1.0,0.6812196812196812,1.0,0.6666666666666666,1.0,"HyRS
Positive rules : 
 ['Age=18-22 && Gender=Male', 'Prior-Crimes>3', 'Age=18-25 && Prior-Crimes=1-3']
Negative rules : 
 ['neg_Prior-Crimes>3']
HyRS Accuracy : 0.667
Coverage of RuleSet : 1.000
"
0.001,0.21544346900318823,0.6677449168207024,1.0,0.6701316701316701,1.0,0.6486486486486487,1.0,"HyRS
Positive rules : 
 ['Age=18-22 && Gender=Male', 'Age=18-25 && Race=African-American', 'Prior-Crimes>3']
Negative rules : 
 ['neg_Prior-Crimes>5']
HyRS Accuracy : 0.649
Coverage of RuleSet : 1.000
"
0.001,0.46415888336127775,0.6619685767097967,0.9997689463955638,0.674982674982675,1.0,0.6534996534996536,0.9993069993069993,"HyRS
Positive rules : 
 ['Age=18-25 && Prior-Crimes=1-3', 'Prior-Crimes>3']
Negative rules : 
 ['neg_Juvenile-Crimes>3']
HyRS Accuracy : 0.653
Coverage of RuleSet : 0.999
"
0.001,1.0,0.657347504621072,1.0,0.6687456687456688,1.0,0.6347886347886348,1.0,"HyRS
Positive rules : 
 ['Age=18-25 && Current-Charge-Degree=Misdemeanor', 'Prior-Crimes>3', 'Age=18-22 && Prior-Crimes=1-3']
Negative rules : 
 ['Prior-Crimes>3 && Juvenile-Felonies=0', 'neg_Juvenile-Felonies>3', 'neg_Juvenile-Crimes>5', 'Race=Other && Age=18-25', 'neg_Juvenile-Crimes>3']
HyRS Accuracy : 0.635
Coverage of RuleSet : 1.000
"
0.001291549665014884,0.001,0.6728280961182994,0.16751386321626618,0.6936936936936937,0.1690921690921691,0.6791406791406791,0.17117117117117117,"HyRS
Positive rules : 
 ['Age=18-22 && Gender=Male', 'Age=18-25 && Prior-Crimes=1-3']
Negative rules : 
 []
HyRS Accuracy : 0.679
Coverage of RuleSet : 0.171
"
0.001291549665014884,0.0021544346900318843,0.6728280961182994,0.16751386321626618,0.6936936936936937,0.1690921690921691,0.6791406791406791,0.17117117117117117,"HyRS
Positive rules : 
 ['Age=18-22 && Gender=Male', 'Age=18-25 && Prior-Crimes=1-3']
Negative rules : 
 []
HyRS Accuracy : 0.679
Coverage of RuleSet : 0.171
"
0.001291549665014884,0.004641588833612777,0.6728280961182994,0.16751386321626618,0.6936936936936937,0.1690921690921691,0.6791406791406791,0.17117117117117117,"HyRS
Positive rules : 
 ['Age=18-22 && Gender=Male', 'Age=18-25 && Prior-Crimes=1-3']
Negative rules : 
 []
HyRS Accuracy : 0.679
Coverage of RuleSet : 0.171
"
0.001291549665014884,0.01,0.6709796672828097,0.899260628465804,0.6874566874566874,0.9043659043659044,0.6784476784476784,0.9050589050589051,"HyRS
Positive rules : 
 ['Age=18-22 && Gender=Male', 'Prior-Crimes>5 && Prior-Crimes>3', 'Age=18-25 && Prior-Crimes=1-3']
Negative rules : 
 ['neg_Prior-Crimes>3']
HyRS Accuracy : 0.678
Coverage of RuleSet : 0.905
"
0.001291549665014884,0.021544346900318832,0.6702865064695009,0.98590573012939,0.6874566874566874,0.9847539847539848,0.6673596673596673,0.9902979902979903,"HyRS
Positive rules : 
 ['Prior-Crimes>3', 'Age=18-22 && Gender=Male', 'Age=18-25 && Prior-Crimes=1-3']
Negative rules : 
 ['Juvenile-Crimes=0']
HyRS Accuracy : 0.667
Coverage of RuleSet : 0.990
"
0.001291549665014884,0.046415888336127774,0.6684380776340111,1.0,0.6812196812196812,1.0,0.6666666666666666,1.0,"HyRS
Positive rules : 
 ['Prior-Crimes>3', 'Age=18-25 && Prior-Crimes=1-3', 'Age=18-22 && Gender=Male']
Negative rules : 
 ['neg_Prior-Crimes>3']
HyRS Accuracy : 0.667
Coverage of RuleSet : 1.000
"
0.001291549665014884,0.1,0.6684380776340111,1.0,0.6812196812196812,1.0,0.6666666666666666,1.0,"HyRS
Positive rules : 
 ['Prior-Crimes>3', 'Age=18-25 && Prior-Crimes=1-3', 'Age=18-22 && Gender=Male']
Negative rules : 
 ['neg_Prior-Crimes>3']
HyRS Accuracy : 0.667
Coverage of RuleSet : 1.000
"
0.001291549665014884,0.21544346900318823,0.6677449168207024,1.0,0.6701316701316701,1.0,0.6486486486486487,1.0,"HyRS
Positive rules : 
 ['Age=18-25 && Race=African-American', 'Age=18-22 && Gender=Male', 'Prior-Crimes>3']
Negative rules : 
 ['neg_Prior-Crimes>5']
HyRS Accuracy : 0.649
Coverage of RuleSet : 1.000
"
0.001291549665014884,0.46415888336127775,0.660351201478743,0.9930683918669131,0.6784476784476784,0.9944559944559944,0.6451836451836452,0.9937629937629938,"HyRS
Positive rules : 
 ['Age=18-22 && Age=18-25', 'Juvenile-Crimes=1-3 && Age=24-40', 'Prior-Crimes>3 && Juvenile-Felonies=0', 'Prior-Crimes>5 && Juvenile-Felonies=0']
Negative rules : 
 ['neg_Juvenile-Crimes>3']
HyRS Accuracy : 0.645
Coverage of RuleSet : 0.994
"
0.001291549665014884,1.0,0.6608133086876156,1.0,0.6770616770616771,1.0,0.6451836451836452,1.0,"HyRS
Positive rules : 
 ['Age=18-22', 'Prior-Crimes>3']
Negative rules : 
 ['neg_Juvenile-Crimes>5', 'neg_Race=Native-American']
HyRS Accuracy : 0.645
Coverage of RuleSet : 1.000
"
0.0016681005372000592,0.001,0.6728280961182994,0.16751386321626618,0.6936936936936937,0.1690921690921691,0.6791406791406791,0.17117117117117117,"HyRS
Positive rules : 
 ['Age=18-22 && Gender=Male', 'Age=18-25 && Prior-Crimes=1-3']
Negative rules : 
 []
HyRS Accuracy : 0.679
Coverage of RuleSet : 0.171
"
0.0016681005372000592,0.0021544346900318843,0.6728280961182994,0.16751386321626618,0.6936936936936937,0.1690921690921691,0.6791406791406791,0.17117117117117117,"HyRS
Positive rules : 
 ['Age=18-22 && Gender=Male', 'Age=18-25 && Prior-Crimes=1-3']
Negative rules : 
 []
HyRS Accuracy : 0.679
Coverage of RuleSet : 0.171
"
0.0016681005372000592,0.004641588833612777,0.6728280961182994,0.16751386321626618,0.6936936936936937,0.1690921690921691,0.6791406791406791,0.17117117117117117,"HyRS
Positive rules : 
 ['Age=18-25 && Prior-Crimes=1-3', 'Age=18-22 && Gender=Male']
Negative rules : 
 []
HyRS Accuracy : 0.679
Coverage of RuleSet : 0.171
"
0.0016681005372000592,0.01,0.6712107208872459,0.8990295748613678,0.6867636867636867,0.8905058905058905,0.6784476784476784,0.8995148995148995,"HyRS
Positive rules : 
 ['Prior-Crimes>3 && Age=24-40', 'Age=18-22 && Gender=Male', 'Age=18-25 && Prior-Crimes=1-3']
Negative rules : 
 ['neg_Prior-Crimes>3']
HyRS Accuracy : 0.678
Coverage of RuleSet : 0.900
"
0.0016681005372000592,0.021544346900318832,0.6702865064695009,0.98590573012939,0.6874566874566874,0.9847539847539848,0.6673596673596673,0.9902979902979903,"HyRS
Positive rules : 
 ['Prior-Crimes>3', 'Age=18-22 && Gender=Male', 'Age=18-25 && Prior-Crimes=1-3']
Negative rules : 
 ['Juvenile-Crimes=0 && Juvenile-Felonies=0']
HyRS Accuracy : 0.667
Coverage of RuleSet : 0.990
"
0.0016681005372000592,0.046415888336127774,0.6684380776340111,1.0,0.6812196812196812,1.0,0.6666666666666666,1.0,"HyRS
Positive rules : 
 ['Prior-Crimes>3', 'Age=18-25 && Prior-Crimes=1-3', 'Age=18-22 && Gender=Male']
Negative rules : 
 ['neg_Prior-Crimes>3']
HyRS Accuracy : 0.667
Coverage of RuleSet : 1.000
"
0.0016681005372000592,0.1,0.6684380776340111,1.0,0.6812196812196812,1.0,0.6666666666666666,1.0,"HyRS
Positive rules : 
 ['Prior-Crimes>3', 'Age=18-25 && Prior-Crimes=1-3', 'Age=18-22 && Gender=Male']
Negative rules : 
 ['neg_Prior-Crimes>3']
HyRS Accuracy : 0.667
Coverage of RuleSet : 1.000
"
0.0016681005372000592,0.21544346900318823,0.6677449168207024,1.0,0.6701316701316701,1.0,0.6486486486486487,1.0,"HyRS
Positive rules : 
 ['Age=18-25 && Race=African-American', 'Age=18-22 && Gender=Male', 'Prior-Crimes>3']
Negative rules : 
 ['neg_Prior-Crimes>5']
HyRS Accuracy : 0.649
Coverage of RuleSet : 1.000
"
0.0016681005372000592,0.46415888336127775,0.6619685767097967,0.9997689463955638,0.674982674982675,1.0,0.6534996534996536,0.9993069993069993,"HyRS
Positive rules : 
 ['Prior-Crimes>3', 'Age=18-25 && Prior-Crimes=1-3']
Negative rules : 
 ['neg_Juvenile-Crimes>3']
HyRS Accuracy : 0.653
Coverage of RuleSet : 0.999
"
0.0016681005372000592,1.0,0.6638170055452866,1.0,0.6763686763686764,1.0,0.6472626472626473,1.0,"HyRS
Positive rules : 
 ['Age=18-22 && Gender=Male', 'Prior-Crimes>3']
Negative rules : 
 ['Age=18-25 && Race=African-American', 'neg_Gender=Male', 'neg_Juvenile-Felonies>3']
HyRS Accuracy : 0.647
Coverage of RuleSet : 1.000
"
0.0021544346900318843,0.001,0.6707486136783734,0.11968576709796673,0.6936936936936937,0.11850311850311851,0.6798336798336798,0.12058212058212059,"HyRS
Positive rules : 
 ['Age=18-25 && Prior-Crimes=1-3']
Negative rules : 
 []
HyRS Accuracy : 0.680
Coverage of RuleSet : 0.121
"
0.0021544346900318843,0.0021544346900318843,0.6728280961182994,0.16751386321626618,0.6936936936936937,0.1690921690921691,0.6791406791406791,0.17117117117117117,"HyRS
Positive rules : 
 ['Age=18-22 && Gender=Male', 'Age=18-25 && Prior-Crimes=1-3']
Negative rules : 
 []
HyRS Accuracy : 0.679
Coverage of RuleSet : 0.171
"
0.0021544346900318843,0.004641588833612777,0.6728280961182994,0.16751386321626618,0.6936936936936937,0.1690921690921691,0.6791406791406791,0.17117117117117117,"HyRS
Positive rules : 
 ['Age=18-25 && Prior-Crimes=1-3', 'Age=18-22 && Gender=Male']
Negative rules : 
 []
HyRS Accuracy : 0.679
Coverage of RuleSet : 0.171
"
0.0021544346900318843,0.01,0.6684380776340111,0.9713493530499075,0.6867636867636867,0.9667359667359667,0.6534996534996536,0.9722799722799723,"HyRS
Positive rules : 
 ['Age=18-22 && Gender=Male', 'Prior-Crimes>3']
Negative rules : 
 ['neg_Juvenile-Crimes=1-3']
HyRS Accuracy : 0.653
Coverage of RuleSet : 0.972
"
0.0021544346900318843,0.021544346900318832,0.6702865064695009,0.98590573012939,0.6874566874566874,0.9847539847539848,0.6673596673596673,0.9902979902979903,"HyRS
Positive rules : 
 ['Age=18-22 && Gender=Male', 'Prior-Crimes>3', 'Age=18-25 && Prior-Crimes=1-3']
Negative rules : 
 ['Juvenile-Crimes=0 && Juvenile-Felonies=0']
HyRS Accuracy : 0.667
Coverage of RuleSet : 0.990
"
0.0021544346900318843,0.046415888336127774,0.6702865064695009,0.98590573012939,0.6874566874566874,0.9847539847539848,0.6673596673596673,0.9902979902979903,"HyRS
Positive rules : 
 ['Prior-Crimes>3', 'Age=18-25 && Prior-Crimes=1-3', 'Age=18-22 && Gender=Male']
Negative rules : 
 ['Juvenile-Crimes=0']
HyRS Accuracy : 0.667
Coverage of RuleSet : 0.990
"
0.0021544346900318843,0.1,0.6684380776340111,1.0,0.6812196812196812,1.0,0.6666666666666666,1.0,"HyRS
Positive rules : 
 ['Prior-Crimes>3', 'Age=18-22 && Gender=Male', 'Age=18-25 && Prior-Crimes=1-3']
Negative rules : 
 ['neg_Prior-Crimes>3']
HyRS Accuracy : 0.667
Coverage of RuleSet : 1.000
"
0.0021544346900318843,0.21544346900318823,0.6656654343807763,1.0,0.6645876645876646,1.0,0.6410256410256411,1.0,"HyRS
Positive rules : 
 ['Juvenile-Crimes=1-3 && Prior-Crimes=1-3', 'Age=18-25 && Race=African-American', 'Prior-Crimes>3']
Negative rules : 
 ['neg_Prior-Crimes>5']
HyRS Accuracy : 0.641
Coverage of RuleSet : 1.000
"
0.0021544346900318843,0.46415888336127775,0.6605822550831792,0.9990757855822551,0.6562716562716563,0.9986139986139986,0.6410256410256411,0.997920997920998,"HyRS
Positive rules : 
 ['Age=18-25 && Race=African-American', 'Prior-Crimes>3']
Negative rules : 
 ['neg_Juvenile-Crimes>3']
HyRS Accuracy : 0.641
Coverage of RuleSet : 0.998
"
0.0021544346900318843,1.0,0.6619685767097967,1.0,0.674982674982675,1.0,0.6541926541926542,1.0,"HyRS
Positive rules : 
 ['Prior-Crimes>3', 'Age=18-25 && Prior-Crimes=1-3']
Negative rules : 
 ['neg_Age<=45', 'neg_Race=Native-American', 'neg_Race=Asian', 'neg_Prior-Crimes=0']
HyRS Accuracy : 0.654
Coverage of RuleSet : 1.000
"
0.0027825594022071257,0.001,0.6686691312384473,0.0,0.695079695079695,0.0,0.6673596673596673,0.0,"HyRS
Positive rules : 
 []
Negative rules : 
 []
HyRS Accuracy : 0.667
Coverage of RuleSet : 0.000
"
0.0027825594022071257,0.0021544346900318843,0.6686691312384473,0.0,0.695079695079695,0.0,0.6673596673596673,0.0,"HyRS
Positive rules : 
 []
Negative rules : 
 []
HyRS Accuracy : 0.667
Coverage of RuleSet : 0.000
"
0.0027825594022071257,0.004641588833612777,0.6686691312384473,0.0,0.695079695079695,0.0,0.6673596673596673,0.0,"HyRS
Positive rules : 
 []
Negative rules : 
 []
HyRS Accuracy : 0.667
Coverage of RuleSet : 0.000
"
0.0027825594022071257,0.01,0.6684380776340111,0.9713493530499075,0.6867636867636867,0.9667359667359667,0.6534996534996536,0.9722799722799723,"HyRS
Positive rules : 
 ['Age=18-22 && Gender=Male', 'Prior-Crimes>3']
Negative rules : 
 ['neg_Juvenile-Crimes=1-3']
HyRS Accuracy : 0.653
Coverage of RuleSet : 0.972
"
0.0027825594022071257,0.021544346900318832,0.6684380776340111,0.9713493530499075,0.6867636867636867,0.9667359667359667,0.6534996534996536,0.9722799722799723,"HyRS
Positive rules : 
 ['Prior-Crimes>3', 'Age=18-22 && Gender=Male']
Negative rules : 
 ['neg_Juvenile-Crimes=1-3']
HyRS Accuracy : 0.653
Coverage of RuleSet : 0.972
"
0.0027825594022071257,0.046415888336127774,0.6682070240295749,0.9704251386321626,0.6867636867636867,0.9667359667359667,0.6548856548856549,0.9708939708939709,"HyRS
Positive rules : 
 ['Prior-Crimes>3', 'Age=18-22 && Gender=Male']
Negative rules : 
 ['Juvenile-Crimes=0']
HyRS Accuracy : 0.655
Coverage of RuleSet : 0.971
"
0.0027825594022071257,0.1,0.6684380776340111,1.0,0.6812196812196812,1.0,0.6666666666666666,1.0,"HyRS
Positive rules : 
 ['Prior-Crimes>3', 'Age=18-22 && Gender=Male', 'Age=18-25 && Prior-Crimes=1-3']
Negative rules : 
 ['neg_Prior-Crimes>3']
HyRS Accuracy : 0.667
Coverage of RuleSet : 1.000
"
0.0027825594022071257,0.21544346900318823,0.6677449168207024,1.0,0.6701316701316701,1.0,0.6486486486486487,1.0,"HyRS
Positive rules : 
 ['Prior-Crimes>3', 'Age=18-25 && Race=African-American', 'Age=18-22 && Gender=Male']
Negative rules : 
 ['neg_Prior-Crimes>5']
HyRS Accuracy : 0.649
Coverage of RuleSet : 1.000
"
0.0027825594022071257,0.46415888336127775,0.6615064695009242,1.0,0.6756756756756757,1.0,0.647955647955648,1.0,"HyRS
Positive rules : 
 ['Prior-Crimes>3 && Juvenile-Crimes=0', 'neg_Juvenile-Crimes=0', 'Age=18-22 && Race=African-American']
Negative rules : 
 ['neg_Prior-Crimes>5']
HyRS Accuracy : 0.648
Coverage of RuleSet : 1.000
"
0.0027825594022071257,1.0,0.6608133086876156,1.0,0.6770616770616771,1.0,0.6451836451836452,1.0,"HyRS
Positive rules : 
 ['Age=18-22 && Age=18-25', 'Prior-Crimes>3']
Negative rules : 
 ['neg_Juvenile-Felonies>3']
HyRS Accuracy : 0.645
Coverage of RuleSet : 1.000
"
0.003593813663804626,0.001,0.6686691312384473,0.0,0.695079695079695,0.0,0.6673596673596673,0.0,"HyRS
Positive rules : 
 []
Negative rules : 
 []
HyRS Accuracy : 0.667
Coverage of RuleSet : 0.000
"
0.003593813663804626,0.0021544346900318843,0.6686691312384473,0.0,0.695079695079695,0.0,0.6673596673596673,0.0,"HyRS
Positive rules : 
 []
Negative rules : 
 []
HyRS Accuracy : 0.667
Coverage of RuleSet : 0.000
"
0.003593813663804626,0.004641588833612777,0.6686691312384473,0.0,0.695079695079695,0.0,0.6673596673596673,0.0,"HyRS
Positive rules : 
 []
Negative rules : 
 []
HyRS Accuracy : 0.667
Coverage of RuleSet : 0.000
"
0.003593813663804626,0.01,0.6686691312384473,0.0,0.695079695079695,0.0,0.6673596673596673,0.0,"HyRS
Positive rules : 
 []
Negative rules : 
 []
HyRS Accuracy : 0.667
Coverage of RuleSet : 0.000
"
0.003593813663804626,0.021544346900318832,0.6682070240295749,0.9704251386321626,0.6867636867636867,0.9667359667359667,0.6548856548856549,0.9708939708939709,"HyRS
Positive rules : 
 ['Age=18-22 && Gender=Male', 'Prior-Crimes>3']
Negative rules : 
 ['Juvenile-Crimes=0']
HyRS Accuracy : 0.655
Coverage of RuleSet : 0.971
"
0.003593813663804626,0.046415888336127774,0.6682070240295749,0.9704251386321626,0.6867636867636867,0.9667359667359667,0.6548856548856549,0.9708939708939709,"HyRS
Positive rules : 
 ['Prior-Crimes>3', 'Age=18-22 && Gender=Male']
Negative rules : 
 ['Juvenile-Crimes=0']
HyRS Accuracy : 0.655
Coverage of RuleSet : 0.971
"
0.003593813663804626,0.1,0.6675138632162662,1.0,0.6798336798336798,1.0,0.6618156618156619,1.0,"HyRS
Positive rules : 
 ['Age=18-25 && Prior-Crimes=1-3', 'Age=18-22', 'Prior-Crimes>3']
Negative rules : 
 ['neg_Prior-Crimes>3']
HyRS Accuracy : 0.662
Coverage of RuleSet : 1.000
"
0.003593813663804626,0.21544346900318823,0.6654343807763401,1.0,0.6722106722106722,1.0,0.6465696465696466,1.0,"HyRS
Positive rules : 
 ['Age=18-22 && Age=18-25', 'Age=18-25 && Race=African-American', 'Prior-Crimes>3']
Negative rules : 
 ['neg_Prior-Crimes>5']
HyRS Accuracy : 0.647
Coverage of RuleSet : 1.000
"
0.003593813663804626,0.46415888336127775,0.6559611829944547,0.9990757855822551,0.6611226611226612,0.9986139986139986,0.6396396396396397,0.997920997920998,"HyRS
Positive rules : 
 ['Age=18-22 && Race=African-American', 'Prior-Crimes>3']
Negative rules : 
 ['neg_Juvenile-Crimes>3']
HyRS Accuracy : 0.640
Coverage of RuleSet : 0.998
"
0.003593813663804626,1.0,0.6608133086876156,1.0,0.6770616770616771,1.0,0.6451836451836452,1.0,"HyRS
Positive rules : 
 ['Age=18-22 && Age=18-25', 'Prior-Crimes>3']
Negative rules : 
 ['neg_Juvenile-Felonies>3']
HyRS Accuracy : 0.645
Coverage of RuleSet : 1.000
"
0.004641588833612777,0.001,0.6686691312384473,0.0,0.695079695079695,0.0,0.6673596673596673,0.0,"HyRS
Positive rules : 
 []
Negative rules : 
 []
HyRS Accuracy : 0.667
Coverage of RuleSet : 0.000
"
0.004641588833612777,0.0021544346900318843,0.6686691312384473,0.0,0.695079695079695,0.0,0.6673596673596673,0.0,"HyRS
Positive rules : 
 []
Negative rules : 
 []
HyRS Accuracy : 0.667
Coverage of RuleSet : 0.000
"
0.004641588833612777,0.004641588833612777,0.6686691312384473,0.0,0.695079695079695,0.0,0.6673596673596673,0.0,"HyRS
Positive rules : 
 []
Negative rules : 
 []
HyRS Accuracy : 0.667
Coverage of RuleSet : 0.000
"
0.004641588833612777,0.01,0.6686691312384473,0.0,0.695079695079695,0.0,0.6673596673596673,0.0,"HyRS
Positive rules : 
 []
Negative rules : 
 []
HyRS Accuracy : 0.667
Coverage of RuleSet : 0.000
"
0.004641588833612777,0.021544346900318832,0.6684380776340111,0.9713493530499075,0.6867636867636867,0.9667359667359667,0.6534996534996536,0.9722799722799723,"HyRS
Positive rules : 
 ['Prior-Crimes>3', 'Age=18-22 && Gender=Male']
Negative rules : 
 ['neg_Juvenile-Crimes=1-3']
HyRS Accuracy : 0.653
Coverage of RuleSet : 0.972
"
0.004641588833612777,0.046415888336127774,0.6684380776340111,0.9713493530499075,0.6867636867636867,0.9667359667359667,0.6534996534996536,0.9722799722799723,"HyRS
Positive rules : 
 ['Age=18-22 && Gender=Male', 'Prior-Crimes>3']
Negative rules : 
 ['neg_Juvenile-Crimes=1-3']
HyRS Accuracy : 0.653
Coverage of RuleSet : 0.972
"
0.004641588833612777,0.1,0.6638170055452866,1.0,0.6763686763686764,1.0,0.6472626472626473,1.0,"HyRS
Positive rules : 
 ['Prior-Crimes>3', 'Age=18-22 && Gender=Male']
Negative rules : 
 ['neg_Prior-Crimes>3']
HyRS Accuracy : 0.647
Coverage of RuleSet : 1.000
"
0.004641588833612777,0.21544346900318823,0.6619685767097967,1.0,0.674982674982675,1.0,0.6541926541926542,1.0,"HyRS
Positive rules : 
 ['Age=18-25 && Prior-Crimes=1-3', 'Prior-Crimes>3']
Negative rules : 
 ['neg_Prior-Crimes>3']
HyRS Accuracy : 0.654
Coverage of RuleSet : 1.000
"
0.004641588833612777,0.46415888336127775,0.6619685767097967,0.9997689463955638,0.674982674982675,1.0,0.6534996534996536,0.9993069993069993,"HyRS
Positive rules : 
 ['Prior-Crimes>5 && Juvenile-Crimes=0', 'Age=18-25 && Prior-Crimes=1-3', 'Prior-Crimes>3']
Negative rules : 
 ['neg_Juvenile-Crimes>3']
HyRS Accuracy : 0.653
Coverage of RuleSet : 0.999
"
0.004641588833612777,1.0,0.655268022181146,1.0,0.6722106722106722,1.0,0.6375606375606375,1.0,"HyRS
Positive rules : 
 ['Prior-Crimes>3', 'Age=18-22 && Prior-Crimes=1-3']
Negative rules : 
 ['neg_Juvenile-Felonies>3']
HyRS Accuracy : 0.638
Coverage of RuleSet : 1.000
"
0.005994842503189409,0.001,0.6686691312384473,0.0,0.695079695079695,0.0,0.6673596673596673,0.0,"HyRS
Positive rules : 
 []
Negative rules : 
 []
HyRS Accuracy : 0.667
Coverage of RuleSet : 0.000
"
0.005994842503189409,0.0021544346900318843,0.6686691312384473,0.0,0.695079695079695,0.0,0.6673596673596673,0.0,"HyRS
Positive rules : 
 []
Negative rules : 
 []
HyRS Accuracy : 0.667
Coverage of RuleSet : 0.000
"
0.005994842503189409,0.004641588833612777,0.6686691312384473,0.0,0.695079695079695,0.0,0.6673596673596673,0.0,"HyRS
Positive rules : 
 []
Negative rules : 
 []
HyRS Accuracy : 0.667
Coverage of RuleSet : 0.000
"
0.005994842503189409,0.01,0.6686691312384473,0.0,0.695079695079695,0.0,0.6673596673596673,0.0,"HyRS
Positive rules : 
 []
Negative rules : 
 []
HyRS Accuracy : 0.667
Coverage of RuleSet : 0.000
"
0.005994842503189409,0.021544346900318832,0.6684380776340111,0.9713493530499075,0.6867636867636867,0.9667359667359667,0.6534996534996536,0.9722799722799723,"HyRS
Positive rules : 
 ['Age=18-22 && Gender=Male', 'Prior-Crimes>3']
Negative rules : 
 ['neg_Juvenile-Crimes=1-3']
HyRS Accuracy : 0.653
Coverage of RuleSet : 0.972
"
0.005994842503189409,0.046415888336127774,0.6684380776340111,0.9713493530499075,0.6867636867636867,0.9667359667359667,0.6534996534996536,0.9722799722799723,"HyRS
Positive rules : 
 ['Prior-Crimes>3', 'Age=18-22 && Gender=Male']
Negative rules : 
 ['neg_Juvenile-Crimes=1-3']
HyRS Accuracy : 0.653
Coverage of RuleSet : 0.972
"
0.005994842503189409,0.1,0.6656654343807763,0.9856746765249538,0.6791406791406791,0.9854469854469855,0.6625086625086625,0.9847539847539848,"HyRS
Positive rules : 
 ['Age=18-25 && Prior-Crimes=1-3', 'Prior-Crimes>3']
Negative rules : 
 ['neg_Age=18-20']
HyRS Accuracy : 0.663
Coverage of RuleSet : 0.985
"
0.005994842503189409,0.21544346900318823,0.661275415896488,1.0,0.668052668052668,1.0,0.6534996534996536,1.0,"HyRS
Positive rules : 
 ['Age=18-25 && Gender=Male', 'Prior-Crimes>3']
Negative rules : 
 ['neg_Prior-Crimes>5']
HyRS Accuracy : 0.653
Coverage of RuleSet : 1.000
"
0.005994842503189409,0.46415888336127775,0.6619685767097967,0.9997689463955638,0.674982674982675,1.0,0.6534996534996536,0.9993069993069993,"HyRS
Positive rules : 
 ['Prior-Crimes>5 && Juvenile-Crimes=0', 'Age=18-25 && Prior-Crimes=1-3', 'Prior-Crimes>3']
Negative rules : 
 ['neg_Juvenile-Crimes>3']
HyRS Accuracy : 0.653
Coverage of RuleSet : 0.999
"
0.005994842503189409,1.0,0.6608133086876156,1.0,0.6770616770616771,1.0,0.6451836451836452,1.0,"HyRS
Positive rules : 
 ['Age=18-22', 'Prior-Crimes>3']
Negative rules : 
 ['neg_Juvenile-Felonies>3']
HyRS Accuracy : 0.645
Coverage of RuleSet : 1.000
"
0.007742636826811269,0.001,0.6686691312384473,0.0,0.695079695079695,0.0,0.6673596673596673,0.0,"HyRS
Positive rules : 
 []
Negative rules : 
 []
HyRS Accuracy : 0.667
Coverage of RuleSet : 0.000
"
0.007742636826811269,0.0021544346900318843,0.6686691312384473,0.0,0.695079695079695,0.0,0.6673596673596673,0.0,"HyRS
Positive rules : 
 []
Negative rules : 
 []
HyRS Accuracy : 0.667
Coverage of RuleSet : 0.000
"
0.007742636826811269,0.004641588833612777,0.6686691312384473,0.0,0.695079695079695,0.0,0.6673596673596673,0.0,"HyRS
Positive rules : 
 []
Negative rules : 
 []
HyRS Accuracy : 0.667
Coverage of RuleSet : 0.000
"
0.007742636826811269,0.01,0.6686691312384473,0.0,0.695079695079695,0.0,0.6673596673596673,0.0,"HyRS
Positive rules : 
 []
Negative rules : 
 []
HyRS Accuracy : 0.667
Coverage of RuleSet : 0.000
"
0.007742636826811269,0.021544346900318832,0.6686691312384473,0.0,0.695079695079695,0.0,0.6673596673596673,0.0,"HyRS
Positive rules : 
 []
Negative rules : 
 []
HyRS Accuracy : 0.667
Coverage of RuleSet : 0.000
"
0.007742636826811269,0.046415888336127774,0.6682070240295749,0.9704251386321626,0.6867636867636867,0.9667359667359667,0.6548856548856549,0.9708939708939709,"HyRS
Positive rules : 
 ['Prior-Crimes>3', 'Age=18-22 && Gender=Male']
Negative rules : 
 ['Juvenile-Crimes=0']
HyRS Accuracy : 0.655
Coverage of RuleSet : 0.971
"
0.007742636826811269,0.1,0.6682070240295749,0.9704251386321626,0.6867636867636867,0.9667359667359667,0.6548856548856549,0.9708939708939709,"HyRS
Positive rules : 
 ['Age=18-22 && Gender=Male', 'Prior-Crimes>3']
Negative rules : 
 ['Juvenile-Crimes=0 && Juvenile-Felonies=0']
HyRS Accuracy : 0.655
Coverage of RuleSet : 0.971
"
0.007742636826811269,0.21544346900318823,0.661275415896488,1.0,0.668052668052668,1.0,0.6534996534996536,1.0,"HyRS
Positive rules : 
 ['Age=18-25 && Gender=Male', 'Prior-Crimes>3']
Negative rules : 
 ['neg_Prior-Crimes>5']
HyRS Accuracy : 0.653
Coverage of RuleSet : 1.000
"
0.007742636826811269,0.46415888336127775,0.6619685767097967,0.9997689463955638,0.674982674982675,1.0,0.6534996534996536,0.9993069993069993,"HyRS
Positive rules : 
 ['Prior-Crimes>3', 'Age=18-25 && Prior-Crimes=1-3']
Negative rules : 
 ['neg_Juvenile-Crimes>3']
HyRS Accuracy : 0.653
Coverage of RuleSet : 0.999
"
0.007742636826811269,1.0,0.6615064695009242,1.0,0.6798336798336798,1.0,0.6444906444906445,1.0,"HyRS
Positive rules : 
 ['Prior-Crimes>3', 'Juvenile-Crimes=1-3 && Current-Charge-Degree=Misdemeanor', 'Age=18-22 && Age=18-25']
Negative rules : 
 ['neg_Juvenile-Felonies>3']
HyRS Accuracy : 0.644
Coverage of RuleSet : 1.000
"
0.01,0.001,0.6686691312384473,0.0,0.695079695079695,0.0,0.6673596673596673,0.0,"HyRS
Positive rules : 
 []
Negative rules : 
 []
HyRS Accuracy : 0.667
Coverage of RuleSet : 0.000
"
0.01,0.0021544346900318843,0.6686691312384473,0.0,0.695079695079695,0.0,0.6673596673596673,0.0,"HyRS
Positive rules : 
 []
Negative rules : 
 []
HyRS Accuracy : 0.667
Coverage of RuleSet : 0.000
"
0.01,0.004641588833612777,0.6686691312384473,0.0,0.695079695079695,0.0,0.6673596673596673,0.0,"HyRS
Positive rules : 
 []
Negative rules : 
 []
HyRS Accuracy : 0.667
Coverage of RuleSet : 0.000
"
0.01,0.01,0.6686691312384473,0.0,0.695079695079695,0.0,0.6673596673596673,0.0,"HyRS
Positive rules : 
 []
Negative rules : 
 []
HyRS Accuracy : 0.667
Coverage of RuleSet : 0.000
"
0.01,0.021544346900318832,0.6686691312384473,0.0,0.695079695079695,0.0,0.6673596673596673,0.0,"HyRS
Positive rules : 
 []
Negative rules : 
 []
HyRS Accuracy : 0.667
Coverage of RuleSet : 0.000
"
0.01,0.046415888336127774,0.6626617375231053,0.8916358595194085,0.6784476784476784,0.884961884961885,0.6486486486486487,0.887040887040887,"HyRS
Positive rules : 
 ['Prior-Crimes>3']
Negative rules : 
 ['neg_Age=18-22']
HyRS Accuracy : 0.649
Coverage of RuleSet : 0.887
"
0.01,0.1,0.6638170055452866,1.0,0.6763686763686764,1.0,0.6472626472626473,1.0,"HyRS
Positive rules : 
 ['Prior-Crimes>3', 'Age=18-22 && Gender=Male']
Negative rules : 
 ['neg_Prior-Crimes>3']
HyRS Accuracy : 0.647
Coverage of RuleSet : 1.000
"
0.01,0.21544346900318823,0.6638170055452866,1.0,0.6763686763686764,1.0,0.6472626472626473,1.0,"HyRS
Positive rules : 
 ['Prior-Crimes>3', 'Age=18-22 && Gender=Male']
Negative rules : 
 ['neg_Prior-Crimes>5']
HyRS Accuracy : 0.647
Coverage of RuleSet : 1.000
"
0.01,0.46415888336127775,0.661275415896488,1.0,0.668052668052668,1.0,0.6541926541926542,0.9993069993069993,"HyRS
Positive rules : 
 ['Age=18-25 && Gender=Male', 'Prior-Crimes>3']
Negative rules : 
 ['neg_Juvenile-Crimes>3', 'Current-Charge-Degree=Misdemeanor && Juvenile-Felonies=0']
HyRS Accuracy : 0.654
Coverage of RuleSet : 0.999
"
0.01,1.0,0.6605822550831792,1.0,0.6548856548856549,1.0,0.6403326403326404,1.0,"HyRS
Positive rules : 
 ['Age=18-25 && Race=African-American', 'Prior-Crimes>3']
Negative rules : 
 ['neg_Juvenile-Felonies>3']
HyRS Accuracy : 0.640
Coverage of RuleSet : 1.000
"
