alpha,beta,accuracy_train,transparency_train,accuracy_valid,transparency_valid,accuracy_test,transparency_test,model
na,na,0.747396291615339,0,0.7418410443463237,0,0.744648684968324,0,"AdaBoostClassifier(learning_rate=1.0265534823445466, n_estimators=273,
                   random_state=1)"
0.001,0.001,0.747396291615339,0.0,0.7418410443463237,0.0,0.744648684968324,0.0,"HyRS
Positive rules : 
 []
Negative rules : 
 []
HyRS Accuracy : 0.745
Coverage of RuleSet : 0.000
"
0.001,0.0021544346900318843,0.747396291615339,0.0,0.7418410443463237,0.0,0.744648684968324,0.0,"HyRS
Positive rules : 
 []
Negative rules : 
 []
HyRS Accuracy : 0.745
Coverage of RuleSet : 0.000
"
0.001,0.004641588833612777,0.747396291615339,0.0,0.7418410443463237,0.0,0.744648684968324,0.0,"HyRS
Positive rules : 
 []
Negative rules : 
 []
HyRS Accuracy : 0.745
Coverage of RuleSet : 0.000
"
0.001,0.01,0.747396291615339,0.0,0.7418410443463237,0.0,0.744648684968324,0.0,"HyRS
Positive rules : 
 []
Negative rules : 
 []
HyRS Accuracy : 0.745
Coverage of RuleSet : 0.000
"
0.001,0.021544346900318832,0.7443726302654102,0.2822563872846241,0.7368016893837589,0.2877711652908428,0.7401852562871952,0.28227586868880783,"HyRS
Positive rules : 
 []
Negative rules : 
 ['age_high && Native']
HyRS Accuracy : 0.740
Coverage of RuleSet : 0.282
"
0.001,0.046415888336127774,0.7352456524869214,0.6195706080918937,0.7285467460165099,0.6202486081781532,0.7311624112113649,0.6201766173929737,"HyRS
Positive rules : 
 ['age_medium && No disability']
Negative rules : 
 ['age_high && N/A (not own child of householder, and not child in subfamily)']
HyRS Accuracy : 0.731
Coverage of RuleSet : 0.620
"
0.001,0.1,0.7040571455996928,0.9695314124818021,0.6980226531004031,0.9689479746592436,0.7004223459397197,0.9710837012862353,"HyRS
Positive rules : 
 ['age_medium && No Cognitive difficulty', 'age_low && N/A (not own child of householder, and not child in subfamily)']
Negative rules : 
 ['age_high && N/A (not own child of householder, and not child in subfamily)']
HyRS Accuracy : 0.700
Coverage of RuleSet : 0.971
"
0.001,0.21544346900318823,0.6880509382949109,1.0,0.6814167786523325,1.0,0.6840564407755807,1.0,"HyRS
Positive rules : 
 ['neg_age_high']
Negative rules : 
 ['age_high && N/A (not own child of householder, and not child in subfamily)']
HyRS Accuracy : 0.684
Coverage of RuleSet : 1.000
"
0.001,0.46415888336127775,0.6880509382949109,1.0,0.6814167786523325,1.0,0.6840564407755807,1.0,"HyRS
Positive rules : 
 ['neg_age_high']
Negative rules : 
 ['neg_age_medium']
HyRS Accuracy : 0.684
Coverage of RuleSet : 1.000
"
0.001,1.0,0.6880509382949109,1.0,0.6814167786523325,1.0,0.6840564407755807,1.0,"HyRS
Positive rules : 
 ['neg_age_high']
Negative rules : 
 ['neg_Living with two parent : both employed']
HyRS Accuracy : 0.684
Coverage of RuleSet : 1.000
"
0.001291549665014884,0.001,0.747396291615339,0.0,0.7418410443463237,0.0,0.744648684968324,0.0,"HyRS
Positive rules : 
 []
Negative rules : 
 []
HyRS Accuracy : 0.745
Coverage of RuleSet : 0.000
"
0.001291549665014884,0.0021544346900318843,0.747396291615339,0.0,0.7418410443463237,0.0,0.744648684968324,0.0,"HyRS
Positive rules : 
 []
Negative rules : 
 []
HyRS Accuracy : 0.745
Coverage of RuleSet : 0.000
"
0.001291549665014884,0.004641588833612777,0.747396291615339,0.0,0.7418410443463237,0.0,0.744648684968324,0.0,"HyRS
Positive rules : 
 []
Negative rules : 
 []
HyRS Accuracy : 0.745
Coverage of RuleSet : 0.000
"
0.001291549665014884,0.01,0.747396291615339,0.0,0.7418410443463237,0.0,0.744648684968324,0.0,"HyRS
Positive rules : 
 []
Negative rules : 
 []
HyRS Accuracy : 0.745
Coverage of RuleSet : 0.000
"
0.001291549665014884,0.021544346900318832,0.7443726302654102,0.2822563872846241,0.7368016893837589,0.2877711652908428,0.7401852562871952,0.28227586868880783,"HyRS
Positive rules : 
 []
Negative rules : 
 ['age_high && Native']
HyRS Accuracy : 0.740
Coverage of RuleSet : 0.282
"
0.001291549665014884,0.046415888336127774,0.7352456524869214,0.6195706080918937,0.7285467460165099,0.6202486081781532,0.7311624112113649,0.6201766173929737,"HyRS
Positive rules : 
 ['age_medium && No disability']
Negative rules : 
 ['age_high && N/A (not own child of householder, and not child in subfamily)']
HyRS Accuracy : 0.731
Coverage of RuleSet : 0.620
"
0.001291549665014884,0.1,0.7079527092965587,0.9468059577327339,0.7021981186408139,0.9457189479746593,0.7040698790554809,0.9477826838164715,"HyRS
Positive rules : 
 ['age_medium && No disability', 'age_low && N/A (not own child of householder, and not child in subfamily)']
Negative rules : 
 ['age_high && N/A (not own child of householder, and not child in subfamily)']
HyRS Accuracy : 0.704
Coverage of RuleSet : 0.948
"
0.001291549665014884,0.21544346900318823,0.6880509382949109,1.0,0.6814167786523325,1.0,0.6840564407755807,1.0,"HyRS
Positive rules : 
 ['neg_age_high']
Negative rules : 
 ['age_high && N/A (not own child of householder, and not child in subfamily)']
HyRS Accuracy : 0.684
Coverage of RuleSet : 1.000
"
0.001291549665014884,0.46415888336127775,0.6880509382949109,1.0,0.6814167786523325,1.0,0.6840564407755807,1.0,"HyRS
Positive rules : 
 ['neg_age_high', 'Husband/wife && age_medium']
Negative rules : 
 ['neg_age_medium']
HyRS Accuracy : 0.684
Coverage of RuleSet : 1.000
"
0.001291549665014884,1.0,0.6880509382949109,1.0,0.6814167786523325,1.0,0.6840564407755807,1.0,"HyRS
Positive rules : 
 ['neg_age_high']
Negative rules : 
 ['neg_Alaska Native alone', 'neg_Foster child']
HyRS Accuracy : 0.684
Coverage of RuleSet : 1.000
"
0.0016681005372000592,0.001,0.747396291615339,0.0,0.7418410443463237,0.0,0.744648684968324,0.0,"HyRS
Positive rules : 
 []
Negative rules : 
 []
HyRS Accuracy : 0.745
Coverage of RuleSet : 0.000
"
0.0016681005372000592,0.0021544346900318843,0.747396291615339,0.0,0.7418410443463237,0.0,0.744648684968324,0.0,"HyRS
Positive rules : 
 []
Negative rules : 
 []
HyRS Accuracy : 0.745
Coverage of RuleSet : 0.000
"
0.0016681005372000592,0.004641588833612777,0.747396291615339,0.0,0.7418410443463237,0.0,0.744648684968324,0.0,"HyRS
Positive rules : 
 []
Negative rules : 
 []
HyRS Accuracy : 0.745
Coverage of RuleSet : 0.000
"
0.0016681005372000592,0.01,0.747396291615339,0.0,0.7418410443463237,0.0,0.744648684968324,0.0,"HyRS
Positive rules : 
 []
Negative rules : 
 []
HyRS Accuracy : 0.745
Coverage of RuleSet : 0.000
"
0.0016681005372000592,0.021544346900318832,0.743380741356968,0.2747212312221031,0.7361777692455366,0.2792762526396621,0.7386254559416394,0.2728450758302937,"HyRS
Positive rules : 
 []
Negative rules : 
 ['age_high && White alone']
HyRS Accuracy : 0.739
Coverage of RuleSet : 0.273
"
0.0016681005372000592,0.046415888336127774,0.7352456524869214,0.6195706080918937,0.7285467460165099,0.6202486081781532,0.7311624112113649,0.6201766173929737,"HyRS
Positive rules : 
 ['age_medium && No disability']
Negative rules : 
 ['age_high && N/A (not own child of householder, and not child in subfamily)']
HyRS Accuracy : 0.731
Coverage of RuleSet : 0.620
"
0.0016681005372000592,0.1,0.7079527092965587,0.9468059577327339,0.7021981186408139,0.9457189479746593,0.7040698790554809,0.9477826838164715,"HyRS
Positive rules : 
 ['age_medium && No disability', 'age_low && N/A (not own child of householder, and not child in subfamily)']
Negative rules : 
 ['age_high && N/A (not own child of householder, and not child in subfamily)']
HyRS Accuracy : 0.704
Coverage of RuleSet : 0.948
"
0.0016681005372000592,0.21544346900318823,0.6880509382949109,1.0,0.6814167786523325,1.0,0.6840564407755807,1.0,"HyRS
Positive rules : 
 ['neg_age_high']
Negative rules : 
 ['age_high && N/A (not own child of householder, and not child in subfamily)']
HyRS Accuracy : 0.684
Coverage of RuleSet : 1.000
"
0.0016681005372000592,0.46415888336127775,0.6880509382949109,1.0,0.6814167786523325,1.0,0.6840564407755807,1.0,"HyRS
Positive rules : 
 ['neg_age_high', 'Husband/wife && age_medium']
Negative rules : 
 ['neg_age_medium']
HyRS Accuracy : 0.684
Coverage of RuleSet : 1.000
"
0.0016681005372000592,1.0,0.6880509382949109,1.0,0.6814167786523325,1.0,0.6840564407755807,1.0,"HyRS
Positive rules : 
 ['neg_age_high']
Negative rules : 
 ['neg_Alaska Native alone', 'neg_Grade 11']
HyRS Accuracy : 0.684
Coverage of RuleSet : 1.000
"
0.0021544346900318843,0.001,0.747396291615339,0.0,0.7418410443463237,0.0,0.744648684968324,0.0,"HyRS
Positive rules : 
 []
Negative rules : 
 []
HyRS Accuracy : 0.745
Coverage of RuleSet : 0.000
"
0.0021544346900318843,0.0021544346900318843,0.747396291615339,0.0,0.7418410443463237,0.0,0.744648684968324,0.0,"HyRS
Positive rules : 
 []
Negative rules : 
 []
HyRS Accuracy : 0.745
Coverage of RuleSet : 0.000
"
0.0021544346900318843,0.004641588833612777,0.747396291615339,0.0,0.7418410443463237,0.0,0.744648684968324,0.0,"HyRS
Positive rules : 
 []
Negative rules : 
 []
HyRS Accuracy : 0.745
Coverage of RuleSet : 0.000
"
0.0021544346900318843,0.01,0.747396291615339,0.0,0.7418410443463237,0.0,0.744648684968324,0.0,"HyRS
Positive rules : 
 []
Negative rules : 
 []
HyRS Accuracy : 0.745
Coverage of RuleSet : 0.000
"
0.0021544346900318843,0.021544346900318832,0.747396291615339,0.0,0.7418410443463237,0.0,0.744648684968324,0.0,"HyRS
Positive rules : 
 []
Negative rules : 
 []
HyRS Accuracy : 0.745
Coverage of RuleSet : 0.000
"
0.0021544346900318843,0.046415888336127774,0.7352456524869214,0.6195706080918937,0.7285467460165099,0.6202486081781532,0.7311624112113649,0.6201766173929737,"HyRS
Positive rules : 
 ['age_medium && No disability']
Negative rules : 
 ['age_high && N/A (not own child of householder, and not child in subfamily)']
HyRS Accuracy : 0.731
Coverage of RuleSet : 0.620
"
0.0021544346900318843,0.1,0.7313500887900555,0.6422960628409619,0.7243712804760991,0.6434776348627376,0.7275148780956038,0.6434776348627376,"HyRS
Positive rules : 
 ['age_medium && No Cognitive difficulty']
Negative rules : 
 ['age_high']
HyRS Accuracy : 0.728
Coverage of RuleSet : 0.643
"
0.0021544346900318843,0.21544346900318823,0.6880509382949109,1.0,0.6814167786523325,1.0,0.6840564407755807,1.0,"HyRS
Positive rules : 
 ['neg_age_high']
Negative rules : 
 ['age_high && N/A (not own child of householder, and not child in subfamily)']
HyRS Accuracy : 0.684
Coverage of RuleSet : 1.000
"
0.0021544346900318843,0.46415888336127775,0.6880509382949109,1.0,0.6814167786523325,1.0,0.6840564407755807,1.0,"HyRS
Positive rules : 
 ['neg_age_high']
Negative rules : 
 ['neg_age_medium']
HyRS Accuracy : 0.684
Coverage of RuleSet : 1.000
"
0.0021544346900318843,1.0,0.6880509382949109,1.0,0.6814167786523325,1.0,0.6840564407755807,1.0,"HyRS
Positive rules : 
 ['neg_age_high']
Negative rules : 
 ['neg_Alaska Native alone', 'neg_Grade 11']
HyRS Accuracy : 0.684
Coverage of RuleSet : 1.000
"
0.0027825594022071257,0.001,0.747396291615339,0.0,0.7418410443463237,0.0,0.744648684968324,0.0,"HyRS
Positive rules : 
 []
Negative rules : 
 []
HyRS Accuracy : 0.745
Coverage of RuleSet : 0.000
"
0.0027825594022071257,0.0021544346900318843,0.747396291615339,0.0,0.7418410443463237,0.0,0.744648684968324,0.0,"HyRS
Positive rules : 
 []
Negative rules : 
 []
HyRS Accuracy : 0.745
Coverage of RuleSet : 0.000
"
0.0027825594022071257,0.004641588833612777,0.747396291615339,0.0,0.7418410443463237,0.0,0.744648684968324,0.0,"HyRS
Positive rules : 
 []
Negative rules : 
 []
HyRS Accuracy : 0.745
Coverage of RuleSet : 0.000
"
0.0027825594022071257,0.01,0.747396291615339,0.0,0.7418410443463237,0.0,0.744648684968324,0.0,"HyRS
Positive rules : 
 []
Negative rules : 
 []
HyRS Accuracy : 0.745
Coverage of RuleSet : 0.000
"
0.0027825594022071257,0.021544346900318832,0.747396291615339,0.0,0.7418410443463237,0.0,0.744648684968324,0.0,"HyRS
Positive rules : 
 []
Negative rules : 
 []
HyRS Accuracy : 0.745
Coverage of RuleSet : 0.000
"
0.0027825594022071257,0.046415888336127774,0.7352456524869214,0.6195706080918937,0.7285467460165099,0.6202486081781532,0.7311624112113649,0.6201766173929737,"HyRS
Positive rules : 
 ['age_medium && No disability']
Negative rules : 
 ['age_high && N/A (not own child of householder, and not child in subfamily)']
HyRS Accuracy : 0.731
Coverage of RuleSet : 0.620
"
0.0027825594022071257,0.1,0.7313500887900555,0.6422960628409619,0.7243712804760991,0.6434776348627376,0.7275148780956038,0.6434776348627376,"HyRS
Positive rules : 
 ['age_medium && No Cognitive difficulty']
Negative rules : 
 ['age_high']
HyRS Accuracy : 0.728
Coverage of RuleSet : 0.643
"
0.0027825594022071257,0.21544346900318823,0.6880509382949109,1.0,0.6814167786523325,1.0,0.6840564407755807,1.0,"HyRS
Positive rules : 
 ['neg_age_high']
Negative rules : 
 ['age_high && N/A (not own child of householder, and not child in subfamily)']
HyRS Accuracy : 0.684
Coverage of RuleSet : 1.000
"
0.0027825594022071257,0.46415888336127775,0.6880509382949109,1.0,0.6814167786523325,1.0,0.6840564407755807,1.0,"HyRS
Positive rules : 
 ['neg_age_high']
Negative rules : 
 ['neg_age_medium']
HyRS Accuracy : 0.684
Coverage of RuleSet : 1.000
"
0.0027825594022071257,1.0,0.6880509382949109,1.0,0.6814167786523325,1.0,0.6840564407755807,1.0,"HyRS
Positive rules : 
 ['neg_age_high']
Negative rules : 
 ['neg_Alaska Native alone', 'neg_Grade 11']
HyRS Accuracy : 0.684
Coverage of RuleSet : 1.000
"
0.003593813663804626,0.001,0.747396291615339,0.0,0.7418410443463237,0.0,0.744648684968324,0.0,"HyRS
Positive rules : 
 []
Negative rules : 
 []
HyRS Accuracy : 0.745
Coverage of RuleSet : 0.000
"
0.003593813663804626,0.0021544346900318843,0.747396291615339,0.0,0.7418410443463237,0.0,0.744648684968324,0.0,"HyRS
Positive rules : 
 []
Negative rules : 
 []
HyRS Accuracy : 0.745
Coverage of RuleSet : 0.000
"
0.003593813663804626,0.004641588833612777,0.747396291615339,0.0,0.7418410443463237,0.0,0.744648684968324,0.0,"HyRS
Positive rules : 
 []
Negative rules : 
 []
HyRS Accuracy : 0.745
Coverage of RuleSet : 0.000
"
0.003593813663804626,0.01,0.747396291615339,0.0,0.7418410443463237,0.0,0.744648684968324,0.0,"HyRS
Positive rules : 
 []
Negative rules : 
 []
HyRS Accuracy : 0.745
Coverage of RuleSet : 0.000
"
0.003593813663804626,0.021544346900318832,0.747396291615339,0.0,0.7418410443463237,0.0,0.744648684968324,0.0,"HyRS
Positive rules : 
 []
Negative rules : 
 []
HyRS Accuracy : 0.745
Coverage of RuleSet : 0.000
"
0.003593813663804626,0.046415888336127774,0.7352456524869214,0.6195706080918937,0.7285467460165099,0.6202486081781532,0.7311624112113649,0.6201766173929737,"HyRS
Positive rules : 
 ['age_medium && No disability']
Negative rules : 
 ['age_high && N/A (not own child of householder, and not child in subfamily)']
HyRS Accuracy : 0.731
Coverage of RuleSet : 0.620
"
0.003593813663804626,0.1,0.7370854464299998,0.5490745036555906,0.7302025340756383,0.5512334421194087,0.7327462084853139,0.5497456325590324,"HyRS
Positive rules : 
 ['age_medium && Married']
Negative rules : 
 ['age_high && N/A (not own child of householder, and not child in subfamily)']
HyRS Accuracy : 0.733
Coverage of RuleSet : 0.550
"
0.003593813663804626,0.21544346900318823,0.6880509382949109,1.0,0.6814167786523325,1.0,0.6840564407755807,1.0,"HyRS
Positive rules : 
 ['neg_age_high']
Negative rules : 
 ['age_high && N/A (not own child of householder, and not child in subfamily)']
HyRS Accuracy : 0.684
Coverage of RuleSet : 1.000
"
0.003593813663804626,0.46415888336127775,0.7020733677828084,0.9956484873694146,0.6967748128239585,0.9954645805336917,0.6982386254559416,0.9961604914570935,"HyRS
Positive rules : 
 ['age_low && No Cognitive difficulty', 'age_medium && No Cognitive difficulty']
Negative rules : 
 [""neg_Professional degree beyond a bachelor's degree"", 'neg_Reference person', 'Black or African American alone && No Cognitive difficulty']
HyRS Accuracy : 0.698
Coverage of RuleSet : 0.996
"
0.003593813663804626,1.0,0.7042811205145024,1.0,0.6981186408139758,1.0,0.7010702630063352,1.0,"HyRS
Positive rules : 
 ['age_medium && No Cognitive difficulty', 'age_low && N/A (not own child of householder, and not child in subfamily)']
Negative rules : 
 ['neg_Housemate or roommate', 'neg_Noninstitutionalized group quarters population', 'neg_Alaska Native alone', 'neg_Foster child']
HyRS Accuracy : 0.701
Coverage of RuleSet : 1.000
"
0.004641588833612777,0.001,0.747396291615339,0.0,0.7418410443463237,0.0,0.744648684968324,0.0,"HyRS
Positive rules : 
 []
Negative rules : 
 []
HyRS Accuracy : 0.745
Coverage of RuleSet : 0.000
"
0.004641588833612777,0.0021544346900318843,0.747396291615339,0.0,0.7418410443463237,0.0,0.744648684968324,0.0,"HyRS
Positive rules : 
 []
Negative rules : 
 []
HyRS Accuracy : 0.745
Coverage of RuleSet : 0.000
"
0.004641588833612777,0.004641588833612777,0.747396291615339,0.0,0.7418410443463237,0.0,0.744648684968324,0.0,"HyRS
Positive rules : 
 []
Negative rules : 
 []
HyRS Accuracy : 0.745
Coverage of RuleSet : 0.000
"
0.004641588833612777,0.01,0.747396291615339,0.0,0.7418410443463237,0.0,0.744648684968324,0.0,"HyRS
Positive rules : 
 []
Negative rules : 
 []
HyRS Accuracy : 0.745
Coverage of RuleSet : 0.000
"
0.004641588833612777,0.021544346900318832,0.747396291615339,0.0,0.7418410443463237,0.0,0.744648684968324,0.0,"HyRS
Positive rules : 
 []
Negative rules : 
 []
HyRS Accuracy : 0.745
Coverage of RuleSet : 0.000
"
0.004641588833612777,0.046415888336127774,0.7352456524869214,0.6195706080918937,0.7285467460165099,0.6202486081781532,0.7311624112113649,0.6201766173929737,"HyRS
Positive rules : 
 ['age_medium && No disability']
Negative rules : 
 ['age_high && N/A (not own child of householder, and not child in subfamily)']
HyRS Accuracy : 0.731
Coverage of RuleSet : 0.620
"
0.004641588833612777,0.1,0.7370854464299998,0.5490745036555906,0.7302025340756383,0.5512334421194087,0.7327462084853139,0.5497456325590324,"HyRS
Positive rules : 
 ['age_medium && Married']
Negative rules : 
 ['age_high && N/A (not own child of householder, and not child in subfamily)']
HyRS Accuracy : 0.733
Coverage of RuleSet : 0.550
"
0.004641588833612777,0.21544346900318823,0.6880509382949109,1.0,0.6814167786523325,1.0,0.6840564407755807,1.0,"HyRS
Positive rules : 
 ['neg_age_high']
Negative rules : 
 ['age_high && N/A (not own child of householder, and not child in subfamily)']
HyRS Accuracy : 0.684
Coverage of RuleSet : 1.000
"
0.004641588833612777,0.46415888336127775,0.6880509382949109,1.0,0.6814167786523325,1.0,0.6840564407755807,1.0,"HyRS
Positive rules : 
 ['neg_age_high']
Negative rules : 
 ['neg_age_low']
HyRS Accuracy : 0.684
Coverage of RuleSet : 1.000
"
0.004641588833612777,1.0,0.6880509382949109,1.0,0.6814167786523325,1.0,0.6840564407755807,1.0,"HyRS
Positive rules : 
 ['neg_age_high']
Negative rules : 
 ['neg_Alaska Native alone', 'neg_Institutionalized group quarters population']
HyRS Accuracy : 0.684
Coverage of RuleSet : 1.000
"
0.005994842503189409,0.001,0.747396291615339,0.0,0.7418410443463237,0.0,0.744648684968324,0.0,"HyRS
Positive rules : 
 []
Negative rules : 
 []
HyRS Accuracy : 0.745
Coverage of RuleSet : 0.000
"
0.005994842503189409,0.0021544346900318843,0.747396291615339,0.0,0.7418410443463237,0.0,0.744648684968324,0.0,"HyRS
Positive rules : 
 []
Negative rules : 
 []
HyRS Accuracy : 0.745
Coverage of RuleSet : 0.000
"
0.005994842503189409,0.004641588833612777,0.747396291615339,0.0,0.7418410443463237,0.0,0.744648684968324,0.0,"HyRS
Positive rules : 
 []
Negative rules : 
 []
HyRS Accuracy : 0.745
Coverage of RuleSet : 0.000
"
0.005994842503189409,0.01,0.747396291615339,0.0,0.7418410443463237,0.0,0.744648684968324,0.0,"HyRS
Positive rules : 
 []
Negative rules : 
 []
HyRS Accuracy : 0.745
Coverage of RuleSet : 0.000
"
0.005994842503189409,0.021544346900318832,0.747396291615339,0.0,0.7418410443463237,0.0,0.744648684968324,0.0,"HyRS
Positive rules : 
 []
Negative rules : 
 []
HyRS Accuracy : 0.745
Coverage of RuleSet : 0.000
"
0.005994842503189409,0.046415888336127774,0.7352456524869214,0.6195706080918937,0.7285467460165099,0.6202486081781532,0.7311624112113649,0.6201766173929737,"HyRS
Positive rules : 
 ['age_medium && No disability']
Negative rules : 
 ['age_high && N/A (not own child of householder, and not child in subfamily)']
HyRS Accuracy : 0.731
Coverage of RuleSet : 0.620
"
0.005994842503189409,0.1,0.7313500887900555,0.6422960628409619,0.7243712804760991,0.6434776348627376,0.7275148780956038,0.6434776348627376,"HyRS
Positive rules : 
 ['age_medium && No Cognitive difficulty']
Negative rules : 
 ['age_high && N/A (not own child of householder, and not child in subfamily)']
HyRS Accuracy : 0.728
Coverage of RuleSet : 0.643
"
0.005994842503189409,0.21544346900318823,0.6880509382949109,1.0,0.6814167786523325,1.0,0.6840564407755807,1.0,"HyRS
Positive rules : 
 ['neg_age_high']
Negative rules : 
 ['age_high && N/A (not own child of householder, and not child in subfamily)']
HyRS Accuracy : 0.684
Coverage of RuleSet : 1.000
"
0.005994842503189409,0.46415888336127775,0.6880509382949109,1.0,0.6814167786523325,1.0,0.6840564407755807,1.0,"HyRS
Positive rules : 
 ['neg_age_high']
Negative rules : 
 ['neg_age_medium']
HyRS Accuracy : 0.684
Coverage of RuleSet : 1.000
"
0.005994842503189409,1.0,0.6721647175516342,1.0,0.6683864465348436,1.0,0.6731378383566904,1.0,"HyRS
Positive rules : 
 ['No disability && N/A (not own child of householder, and not child in subfamily)']
Negative rules : 
 ['neg_Alaska Native alone', 'neg_Foster child']
HyRS Accuracy : 0.673
Coverage of RuleSet : 1.000
"
0.007742636826811269,0.001,0.747396291615339,0.0,0.7418410443463237,0.0,0.744648684968324,0.0,"HyRS
Positive rules : 
 []
Negative rules : 
 []
HyRS Accuracy : 0.745
Coverage of RuleSet : 0.000
"
0.007742636826811269,0.0021544346900318843,0.747396291615339,0.0,0.7418410443463237,0.0,0.744648684968324,0.0,"HyRS
Positive rules : 
 []
Negative rules : 
 []
HyRS Accuracy : 0.745
Coverage of RuleSet : 0.000
"
0.007742636826811269,0.004641588833612777,0.747396291615339,0.0,0.7418410443463237,0.0,0.744648684968324,0.0,"HyRS
Positive rules : 
 []
Negative rules : 
 []
HyRS Accuracy : 0.745
Coverage of RuleSet : 0.000
"
0.007742636826811269,0.01,0.747396291615339,0.0,0.7418410443463237,0.0,0.744648684968324,0.0,"HyRS
Positive rules : 
 []
Negative rules : 
 []
HyRS Accuracy : 0.745
Coverage of RuleSet : 0.000
"
0.007742636826811269,0.021544346900318832,0.747396291615339,0.0,0.7418410443463237,0.0,0.744648684968324,0.0,"HyRS
Positive rules : 
 []
Negative rules : 
 []
HyRS Accuracy : 0.745
Coverage of RuleSet : 0.000
"
0.007742636826811269,0.046415888336127774,0.7414369590605853,0.3286271937542995,0.7347139566135534,0.3348531387982338,0.7380255327318104,0.32688615857170283,"HyRS
Positive rules : 
 []
Negative rules : 
 ['age_high && N/A (not own child of householder, and not child in subfamily)']
HyRS Accuracy : 0.738
Coverage of RuleSet : 0.327
"
0.007742636826811269,0.1,0.7313500887900555,0.6422960628409619,0.7243712804760991,0.6434776348627376,0.7275148780956038,0.6434776348627376,"HyRS
Positive rules : 
 ['age_medium && No Cognitive difficulty']
Negative rules : 
 ['age_high']
HyRS Accuracy : 0.728
Coverage of RuleSet : 0.643
"
0.007742636826811269,0.21544346900318823,0.6880509382949109,0.9743948677748092,0.6814167786523325,0.9748992129007487,0.6840564407755807,0.9742752927625264,"HyRS
Positive rules : 
 ['neg_age_high']
Negative rules : 
 ['age_high && No Cognitive difficulty']
HyRS Accuracy : 0.684
Coverage of RuleSet : 0.974
"
0.007742636826811269,0.46415888336127775,0.6881869230646168,0.9973442974386869,0.6818007295066232,0.9964964484545978,0.6838884622768285,0.9973363409483587,"HyRS
Positive rules : 
 ['neg_age_high']
Negative rules : 
 ['neg_Unmarried partner']
HyRS Accuracy : 0.684
Coverage of RuleSet : 0.997
"
0.007742636826811269,1.0,0.6721567184475339,0.9999760026876989,0.6683864465348436,0.9999520061432137,0.6731138414282972,0.9999760030716068,"HyRS
Positive rules : 
 ['No disability && N/A (not own child of householder, and not child in subfamily)']
Negative rules : 
 ['neg_Alaska Native alone']
HyRS Accuracy : 0.673
Coverage of RuleSet : 1.000
"
0.01,0.001,0.747396291615339,0.0,0.7418410443463237,0.0,0.744648684968324,0.0,"HyRS
Positive rules : 
 []
Negative rules : 
 []
HyRS Accuracy : 0.745
Coverage of RuleSet : 0.000
"
0.01,0.0021544346900318843,0.747396291615339,0.0,0.7418410443463237,0.0,0.744648684968324,0.0,"HyRS
Positive rules : 
 []
Negative rules : 
 []
HyRS Accuracy : 0.745
Coverage of RuleSet : 0.000
"
0.01,0.004641588833612777,0.747396291615339,0.0,0.7418410443463237,0.0,0.744648684968324,0.0,"HyRS
Positive rules : 
 []
Negative rules : 
 []
HyRS Accuracy : 0.745
Coverage of RuleSet : 0.000
"
0.01,0.01,0.747396291615339,0.0,0.7418410443463237,0.0,0.744648684968324,0.0,"HyRS
Positive rules : 
 []
Negative rules : 
 []
HyRS Accuracy : 0.745
Coverage of RuleSet : 0.000
"
0.01,0.021544346900318832,0.747396291615339,0.0,0.7418410443463237,0.0,0.744648684968324,0.0,"HyRS
Positive rules : 
 []
Negative rules : 
 []
HyRS Accuracy : 0.745
Coverage of RuleSet : 0.000
"
0.01,0.046415888336127774,0.7443726302654102,0.2822563872846241,0.7368016893837589,0.2877711652908428,0.7401852562871952,0.28227586868880783,"HyRS
Positive rules : 
 []
Negative rules : 
 ['age_high && Native']
HyRS Accuracy : 0.740
Coverage of RuleSet : 0.282
"
0.01,0.1,0.7313500887900555,0.6422960628409619,0.7243712804760991,0.6434776348627376,0.7275148780956038,0.6434776348627376,"HyRS
Positive rules : 
 ['age_medium && No Cognitive difficulty']
Negative rules : 
 ['age_high']
HyRS Accuracy : 0.728
Coverage of RuleSet : 0.643
"
0.01,0.21544346900318823,0.6880509382949109,1.0,0.6814167786523325,1.0,0.6840564407755807,1.0,"HyRS
Positive rules : 
 ['neg_age_high']
Negative rules : 
 ['age_high && N/A (not own child of householder, and not child in subfamily)']
HyRS Accuracy : 0.684
Coverage of RuleSet : 1.000
"
0.01,0.46415888336127775,0.6880509382949109,1.0,0.6814167786523325,1.0,0.6840564407755807,1.0,"HyRS
Positive rules : 
 ['neg_age_high', 'Husband/wife && age_medium']
Negative rules : 
 ['neg_age_medium']
HyRS Accuracy : 0.684
Coverage of RuleSet : 1.000
"
0.01,1.0,0.6639976322651863,0.9999840017917994,0.6603714724515262,0.9999520061432137,0.6643549625647917,0.9999760030716068,"HyRS
Positive rules : 
 ['No disability && No Cognitive difficulty']
Negative rules : 
 ['neg_Alaska Native alone']
HyRS Accuracy : 0.664
Coverage of RuleSet : 1.000
"
