alpha,temperature,accuracy_train,transparency_train,accuracy_valid,transparency_valid,accuracy_test,transparency_test,model
na,na,0.846852073025081,0,0.8426494676494677,0,0.8458388780837343,0,"GradientBoostingClassifier(criterion='squared_error',
                           learning_rate=0.18292861857056372, max_depth=4,
                           max_features=0.18271660274739418, min_samples_leaf=5,
                           n_estimators=50, random_state=1)"
0.001,0.001,0.8455212421088552,0.30905988739123014,0.8404995904995906,0.3065110565110565,0.8446105026102979,0.31958235233903165,"CRL
 ACC ,  C  ,  Rule
0.845 0.320 ['age_low && capital_gain_0']=>0
0.844 0.516 ['occupation_Blue-Collar && capital_gain_0']=>0
0.844 0.627 ['education_HS-grad && capital_gain_0']=>0
0.840 0.783 ['neg_marital_status_Married']=>0
0.831 0.974 ['neg_education_School_Prof-School']=>1
0.822 1.000 ['marital_status_Married']=>0

"
0.001,0.001,0.8443610305408633,0.5052721378604333,0.839987714987715,0.5031736281736281,0.8439963148735797,0.515712969597707,"CRL
 ACC ,  C  ,  Rule
0.845 0.320 ['age_low && capital_gain_0']=>0
0.844 0.516 ['occupation_Blue-Collar && capital_gain_0']=>0
0.844 0.627 ['education_HS-grad && capital_gain_0']=>0
0.840 0.783 ['neg_marital_status_Married']=>0
0.831 0.974 ['neg_education_School_Prof-School']=>1
0.822 1.000 ['marital_status_Married']=>0

"
0.001,0.001,0.8425865893192288,0.6157311039071831,0.8371212121212122,0.6158886158886159,0.8438939502507933,0.627290408434845,"CRL
 ACC ,  C  ,  Rule
0.845 0.320 ['age_low && capital_gain_0']=>0
0.844 0.516 ['occupation_Blue-Collar && capital_gain_0']=>0
0.844 0.627 ['education_HS-grad && capital_gain_0']=>0
0.840 0.783 ['neg_marital_status_Married']=>0
0.831 0.974 ['neg_education_School_Prof-School']=>1
0.822 1.000 ['marital_status_Married']=>0

"
0.001,0.001,0.8380822385258488,0.7771370073366319,0.8347665847665847,0.7732391482391483,0.8404135530760569,0.7832940935612652,"CRL
 ACC ,  C  ,  Rule
0.845 0.320 ['age_low && capital_gain_0']=>0
0.844 0.516 ['occupation_Blue-Collar && capital_gain_0']=>0
0.844 0.627 ['education_HS-grad && capital_gain_0']=>0
0.840 0.783 ['neg_marital_status_Married']=>0
0.831 0.974 ['neg_education_School_Prof-School']=>1
0.822 1.000 ['marital_status_Married']=>0

"
0.001,0.001,0.8275038389353353,0.9678211909230506,0.8234029484029484,0.9712325962325963,0.8307912785341386,0.9736922919439042,"CRL
 ACC ,  C  ,  Rule
0.845 0.320 ['age_low && capital_gain_0']=>0
0.844 0.516 ['occupation_Blue-Collar && capital_gain_0']=>0
0.844 0.627 ['education_HS-grad && capital_gain_0']=>0
0.840 0.783 ['neg_marital_status_Married']=>0
0.831 0.974 ['neg_education_School_Prof-School']=>1
0.822 1.000 ['marital_status_Married']=>0

"
0.001,0.001,0.8199624637433885,1.0,0.8156224406224406,1.0,0.8224997440884431,1.0,"CRL
 ACC ,  C  ,  Rule
0.845 0.320 ['age_low && capital_gain_0']=>0
0.844 0.516 ['occupation_Blue-Collar && capital_gain_0']=>0
0.844 0.627 ['education_HS-grad && capital_gain_0']=>0
0.840 0.783 ['neg_marital_status_Married']=>0
0.831 0.974 ['neg_education_School_Prof-School']=>1
0.822 1.000 ['marital_status_Married']=>0

"
0.001,0.002,0.8455212421088552,0.30905988739123014,0.8404995904995906,0.3065110565110565,0.8446105026102979,0.31958235233903165,"CRL
 ACC ,  C  ,  Rule
0.845 0.320 ['age_low && capital_gain_0']=>0
0.844 0.516 ['occupation_Blue-Collar && capital_gain_0']=>0
0.844 0.627 ['education_HS-grad && capital_gain_0']=>0
0.840 0.783 ['neg_marital_status_Married']=>0
0.831 0.974 ['neg_education_School_Prof-School']=>1
0.822 1.000 ['marital_status_Married']=>0

"
0.001,0.002,0.8443610305408633,0.5052721378604333,0.839987714987715,0.5031736281736281,0.8439963148735797,0.515712969597707,"CRL
 ACC ,  C  ,  Rule
0.845 0.320 ['age_low && capital_gain_0']=>0
0.844 0.516 ['occupation_Blue-Collar && capital_gain_0']=>0
0.844 0.627 ['education_HS-grad && capital_gain_0']=>0
0.840 0.783 ['neg_marital_status_Married']=>0
0.831 0.974 ['neg_education_School_Prof-School']=>1
0.822 1.000 ['marital_status_Married']=>0

"
0.001,0.002,0.8425865893192288,0.6157311039071831,0.8371212121212122,0.6158886158886159,0.8438939502507933,0.627290408434845,"CRL
 ACC ,  C  ,  Rule
0.845 0.320 ['age_low && capital_gain_0']=>0
0.844 0.516 ['occupation_Blue-Collar && capital_gain_0']=>0
0.844 0.627 ['education_HS-grad && capital_gain_0']=>0
0.840 0.783 ['neg_marital_status_Married']=>0
0.831 0.974 ['neg_education_School_Prof-School']=>1
0.822 1.000 ['marital_status_Married']=>0

"
0.001,0.002,0.8380822385258488,0.7771370073366319,0.8347665847665847,0.7732391482391483,0.8404135530760569,0.7832940935612652,"CRL
 ACC ,  C  ,  Rule
0.845 0.320 ['age_low && capital_gain_0']=>0
0.844 0.516 ['occupation_Blue-Collar && capital_gain_0']=>0
0.844 0.627 ['education_HS-grad && capital_gain_0']=>0
0.840 0.783 ['neg_marital_status_Married']=>0
0.831 0.974 ['neg_education_School_Prof-School']=>1
0.822 1.000 ['marital_status_Married']=>0

"
0.001,0.002,0.8275038389353353,0.9678211909230506,0.8234029484029484,0.9712325962325963,0.8307912785341386,0.9736922919439042,"CRL
 ACC ,  C  ,  Rule
0.845 0.320 ['age_low && capital_gain_0']=>0
0.844 0.516 ['occupation_Blue-Collar && capital_gain_0']=>0
0.844 0.627 ['education_HS-grad && capital_gain_0']=>0
0.840 0.783 ['neg_marital_status_Married']=>0
0.831 0.974 ['neg_education_School_Prof-School']=>1
0.822 1.000 ['marital_status_Married']=>0

"
0.001,0.002,0.8199624637433885,1.0,0.8156224406224406,1.0,0.8224997440884431,1.0,"CRL
 ACC ,  C  ,  Rule
0.845 0.320 ['age_low && capital_gain_0']=>0
0.844 0.516 ['occupation_Blue-Collar && capital_gain_0']=>0
0.844 0.627 ['education_HS-grad && capital_gain_0']=>0
0.840 0.783 ['neg_marital_status_Married']=>0
0.831 0.974 ['neg_education_School_Prof-School']=>1
0.822 1.000 ['marital_status_Married']=>0

"
0.001,0.003,0.8455212421088552,0.30905988739123014,0.8404995904995906,0.3065110565110565,0.8446105026102979,0.31958235233903165,"CRL
 ACC ,  C  ,  Rule
0.845 0.320 ['age_low && capital_gain_0']=>0
0.844 0.516 ['occupation_Blue-Collar && capital_gain_0']=>0
0.844 0.627 ['education_HS-grad && capital_gain_0']=>0
0.840 0.783 ['neg_marital_status_Married']=>0
0.831 0.974 ['neg_education_School_Prof-School']=>1
0.822 1.000 ['neg_marital_status_Separated']=>0

"
0.001,0.003,0.8443610305408633,0.5052721378604333,0.839987714987715,0.5031736281736281,0.8439963148735797,0.515712969597707,"CRL
 ACC ,  C  ,  Rule
0.845 0.320 ['age_low && capital_gain_0']=>0
0.844 0.516 ['occupation_Blue-Collar && capital_gain_0']=>0
0.844 0.627 ['education_HS-grad && capital_gain_0']=>0
0.840 0.783 ['neg_marital_status_Married']=>0
0.831 0.974 ['neg_education_School_Prof-School']=>1
0.822 1.000 ['neg_marital_status_Separated']=>0

"
0.001,0.003,0.8425865893192288,0.6157311039071831,0.8371212121212122,0.6158886158886159,0.8438939502507933,0.627290408434845,"CRL
 ACC ,  C  ,  Rule
0.845 0.320 ['age_low && capital_gain_0']=>0
0.844 0.516 ['occupation_Blue-Collar && capital_gain_0']=>0
0.844 0.627 ['education_HS-grad && capital_gain_0']=>0
0.840 0.783 ['neg_marital_status_Married']=>0
0.831 0.974 ['neg_education_School_Prof-School']=>1
0.822 1.000 ['neg_marital_status_Separated']=>0

"
0.001,0.003,0.8380822385258488,0.7771370073366319,0.8347665847665847,0.7732391482391483,0.8404135530760569,0.7832940935612652,"CRL
 ACC ,  C  ,  Rule
0.845 0.320 ['age_low && capital_gain_0']=>0
0.844 0.516 ['occupation_Blue-Collar && capital_gain_0']=>0
0.844 0.627 ['education_HS-grad && capital_gain_0']=>0
0.840 0.783 ['neg_marital_status_Married']=>0
0.831 0.974 ['neg_education_School_Prof-School']=>1
0.822 1.000 ['neg_marital_status_Separated']=>0

"
0.001,0.003,0.8275038389353353,0.9678211909230506,0.8234029484029484,0.9712325962325963,0.8307912785341386,0.9736922919439042,"CRL
 ACC ,  C  ,  Rule
0.845 0.320 ['age_low && capital_gain_0']=>0
0.844 0.516 ['occupation_Blue-Collar && capital_gain_0']=>0
0.844 0.627 ['education_HS-grad && capital_gain_0']=>0
0.840 0.783 ['neg_marital_status_Married']=>0
0.831 0.974 ['neg_education_School_Prof-School']=>1
0.822 1.000 ['neg_marital_status_Separated']=>0

"
0.001,0.003,0.8199624637433885,1.0,0.8156224406224406,1.0,0.8224997440884431,1.0,"CRL
 ACC ,  C  ,  Rule
0.845 0.320 ['age_low && capital_gain_0']=>0
0.844 0.516 ['occupation_Blue-Collar && capital_gain_0']=>0
0.844 0.627 ['education_HS-grad && capital_gain_0']=>0
0.840 0.783 ['neg_marital_status_Married']=>0
0.831 0.974 ['neg_education_School_Prof-School']=>1
0.822 1.000 ['neg_marital_status_Separated']=>0

"
0.001,0.004,0.8455212421088552,0.30905988739123014,0.8404995904995906,0.3065110565110565,0.8446105026102979,0.31958235233903165,"CRL
 ACC ,  C  ,  Rule
0.845 0.320 ['age_low && capital_gain_0']=>0
0.844 0.516 ['occupation_Blue-Collar && capital_gain_0']=>0
0.841 0.728 ['neg_marital_status_Married']=>0
0.840 0.783 ['education_HS-grad && capital_gain_0']=>0
0.831 0.974 ['neg_education_School_Prof-School']=>1
0.822 1.000 ['neg_education_Bachelors']=>0

"
0.001,0.004,0.8443610305408633,0.5052721378604333,0.839987714987715,0.5031736281736281,0.8439963148735797,0.515712969597707,"CRL
 ACC ,  C  ,  Rule
0.845 0.320 ['age_low && capital_gain_0']=>0
0.844 0.516 ['occupation_Blue-Collar && capital_gain_0']=>0
0.841 0.728 ['neg_marital_status_Married']=>0
0.840 0.783 ['education_HS-grad && capital_gain_0']=>0
0.831 0.974 ['neg_education_School_Prof-School']=>1
0.822 1.000 ['neg_education_Bachelors']=>0

"
0.001,0.004,0.8398566797474833,0.7259853267360519,0.8376330876330876,0.7217444717444718,0.8405159176988433,0.7278124680110554,"CRL
 ACC ,  C  ,  Rule
0.845 0.320 ['age_low && capital_gain_0']=>0
0.844 0.516 ['occupation_Blue-Collar && capital_gain_0']=>0
0.841 0.728 ['neg_marital_status_Married']=>0
0.840 0.783 ['education_HS-grad && capital_gain_0']=>0
0.831 0.974 ['neg_education_School_Prof-School']=>1
0.822 1.000 ['neg_education_Bachelors']=>0

"
0.001,0.004,0.8380822385258488,0.7771370073366319,0.8347665847665847,0.7732391482391483,0.8404135530760569,0.7832940935612652,"CRL
 ACC ,  C  ,  Rule
0.845 0.320 ['age_low && capital_gain_0']=>0
0.844 0.516 ['occupation_Blue-Collar && capital_gain_0']=>0
0.841 0.728 ['neg_marital_status_Married']=>0
0.840 0.783 ['education_HS-grad && capital_gain_0']=>0
0.831 0.974 ['neg_education_School_Prof-School']=>1
0.822 1.000 ['neg_education_Bachelors']=>0

"
0.001,0.004,0.8275038389353353,0.9678211909230506,0.8234029484029484,0.9712325962325963,0.8307912785341386,0.9736922919439042,"CRL
 ACC ,  C  ,  Rule
0.845 0.320 ['age_low && capital_gain_0']=>0
0.844 0.516 ['occupation_Blue-Collar && capital_gain_0']=>0
0.841 0.728 ['neg_marital_status_Married']=>0
0.840 0.783 ['education_HS-grad && capital_gain_0']=>0
0.831 0.974 ['neg_education_School_Prof-School']=>1
0.822 1.000 ['neg_education_Bachelors']=>0

"
0.001,0.004,0.8199624637433885,1.0,0.8156224406224406,1.0,0.8224997440884431,1.0,"CRL
 ACC ,  C  ,  Rule
0.845 0.320 ['age_low && capital_gain_0']=>0
0.844 0.516 ['occupation_Blue-Collar && capital_gain_0']=>0
0.841 0.728 ['neg_marital_status_Married']=>0
0.840 0.783 ['education_HS-grad && capital_gain_0']=>0
0.831 0.974 ['neg_education_School_Prof-School']=>1
0.822 1.000 ['neg_education_Bachelors']=>0

"
0.001,0.005,0.8455212421088552,0.30905988739123014,0.8404995904995906,0.3065110565110565,0.8446105026102979,0.31958235233903165,"CRL
 ACC ,  C  ,  Rule
0.845 0.320 ['age_low && capital_gain_0']=>0
0.844 0.516 ['occupation_Blue-Collar && capital_gain_0']=>0
0.841 0.728 ['neg_marital_status_Married']=>0
0.840 0.783 ['education_HS-grad && capital_gain_0']=>0
0.831 0.974 ['neg_education_School_Prof-School']=>1
0.822 1.000 ['marital_status_Married']=>0

"
0.001,0.005,0.8443610305408633,0.5052721378604333,0.839987714987715,0.5031736281736281,0.8439963148735797,0.515712969597707,"CRL
 ACC ,  C  ,  Rule
0.845 0.320 ['age_low && capital_gain_0']=>0
0.844 0.516 ['occupation_Blue-Collar && capital_gain_0']=>0
0.841 0.728 ['neg_marital_status_Married']=>0
0.840 0.783 ['education_HS-grad && capital_gain_0']=>0
0.831 0.974 ['neg_education_School_Prof-School']=>1
0.822 1.000 ['marital_status_Married']=>0

"
0.001,0.005,0.8398566797474833,0.7259853267360519,0.8376330876330876,0.7217444717444718,0.8405159176988433,0.7278124680110554,"CRL
 ACC ,  C  ,  Rule
0.845 0.320 ['age_low && capital_gain_0']=>0
0.844 0.516 ['occupation_Blue-Collar && capital_gain_0']=>0
0.841 0.728 ['neg_marital_status_Married']=>0
0.840 0.783 ['education_HS-grad && capital_gain_0']=>0
0.831 0.974 ['neg_education_School_Prof-School']=>1
0.822 1.000 ['marital_status_Married']=>0

"
0.001,0.005,0.8380822385258488,0.7771370073366319,0.8347665847665847,0.7732391482391483,0.8404135530760569,0.7832940935612652,"CRL
 ACC ,  C  ,  Rule
0.845 0.320 ['age_low && capital_gain_0']=>0
0.844 0.516 ['occupation_Blue-Collar && capital_gain_0']=>0
0.841 0.728 ['neg_marital_status_Married']=>0
0.840 0.783 ['education_HS-grad && capital_gain_0']=>0
0.831 0.974 ['neg_education_School_Prof-School']=>1
0.822 1.000 ['marital_status_Married']=>0

"
0.001,0.005,0.8275038389353353,0.9678211909230506,0.8234029484029484,0.9712325962325963,0.8307912785341386,0.9736922919439042,"CRL
 ACC ,  C  ,  Rule
0.845 0.320 ['age_low && capital_gain_0']=>0
0.844 0.516 ['occupation_Blue-Collar && capital_gain_0']=>0
0.841 0.728 ['neg_marital_status_Married']=>0
0.840 0.783 ['education_HS-grad && capital_gain_0']=>0
0.831 0.974 ['neg_education_School_Prof-School']=>1
0.822 1.000 ['marital_status_Married']=>0

"
0.001,0.005,0.8199624637433885,1.0,0.8156224406224406,1.0,0.8224997440884431,1.0,"CRL
 ACC ,  C  ,  Rule
0.845 0.320 ['age_low && capital_gain_0']=>0
0.844 0.516 ['occupation_Blue-Collar && capital_gain_0']=>0
0.841 0.728 ['neg_marital_status_Married']=>0
0.840 0.783 ['education_HS-grad && capital_gain_0']=>0
0.831 0.974 ['neg_education_School_Prof-School']=>1
0.822 1.000 ['marital_status_Married']=>0

"
0.001,0.006,0.8455212421088552,0.30905988739123014,0.8404995904995906,0.3065110565110565,0.8446105026102979,0.31958235233903165,"CRL
 ACC ,  C  ,  Rule
0.845 0.320 ['age_low && capital_gain_0']=>0
0.844 0.516 ['occupation_Blue-Collar && capital_gain_0']=>0
0.844 0.627 ['education_HS-grad && capital_gain_0']=>0
0.840 0.783 ['neg_marital_status_Married']=>0
0.821 1.000 ['marital_status_Married']=>1

"
0.001,0.006,0.8443610305408633,0.5052721378604333,0.839987714987715,0.5031736281736281,0.8439963148735797,0.515712969597707,"CRL
 ACC ,  C  ,  Rule
0.845 0.320 ['age_low && capital_gain_0']=>0
0.844 0.516 ['occupation_Blue-Collar && capital_gain_0']=>0
0.844 0.627 ['education_HS-grad && capital_gain_0']=>0
0.840 0.783 ['neg_marital_status_Married']=>0
0.821 1.000 ['marital_status_Married']=>1

"
0.001,0.006,0.8425865893192288,0.6157311039071831,0.8371212121212122,0.6158886158886159,0.8438939502507933,0.627290408434845,"CRL
 ACC ,  C  ,  Rule
0.845 0.320 ['age_low && capital_gain_0']=>0
0.844 0.516 ['occupation_Blue-Collar && capital_gain_0']=>0
0.844 0.627 ['education_HS-grad && capital_gain_0']=>0
0.840 0.783 ['neg_marital_status_Married']=>0
0.821 1.000 ['marital_status_Married']=>1

"
0.001,0.006,0.8380822385258488,0.7771370073366319,0.8347665847665847,0.7732391482391483,0.8404135530760569,0.7832940935612652,"CRL
 ACC ,  C  ,  Rule
0.845 0.320 ['age_low && capital_gain_0']=>0
0.844 0.516 ['occupation_Blue-Collar && capital_gain_0']=>0
0.844 0.627 ['education_HS-grad && capital_gain_0']=>0
0.840 0.783 ['neg_marital_status_Married']=>0
0.821 1.000 ['marital_status_Married']=>1

"
0.001,0.006,0.814059034294489,1.0,0.8132678132678133,1.0,0.8207595455010749,1.0,"CRL
 ACC ,  C  ,  Rule
0.845 0.320 ['age_low && capital_gain_0']=>0
0.844 0.516 ['occupation_Blue-Collar && capital_gain_0']=>0
0.844 0.627 ['education_HS-grad && capital_gain_0']=>0
0.840 0.783 ['neg_marital_status_Married']=>0
0.821 1.000 ['marital_status_Married']=>1

"
0.001,0.007,0.8455894898481487,0.2868793721207985,0.8421375921375921,0.2868550368550369,0.8452246903470161,0.2889753301259085,"CRL
 ACC ,  C  ,  Rule
0.845 0.289 ['occupation_Blue-Collar && capital_gain_0']=>0
0.844 0.516 ['age_low && capital_gain_0']=>0
0.844 0.627 ['education_HS-grad && capital_gain_0']=>0
0.840 0.783 ['neg_marital_status_Married']=>0
0.831 0.974 ['neg_education_School_Prof-School']=>1
0.822 1.000 ['neg_marital_status_Widowed']=>0

"
0.001,0.007,0.8443610305408633,0.5052721378604333,0.839987714987715,0.5031736281736281,0.8439963148735797,0.515712969597707,"CRL
 ACC ,  C  ,  Rule
0.845 0.289 ['occupation_Blue-Collar && capital_gain_0']=>0
0.844 0.516 ['age_low && capital_gain_0']=>0
0.844 0.627 ['education_HS-grad && capital_gain_0']=>0
0.840 0.783 ['neg_marital_status_Married']=>0
0.831 0.974 ['neg_education_School_Prof-School']=>1
0.822 1.000 ['neg_marital_status_Widowed']=>0

"
0.001,0.007,0.8425865893192288,0.6157311039071831,0.8371212121212122,0.6158886158886159,0.8438939502507933,0.627290408434845,"CRL
 ACC ,  C  ,  Rule
0.845 0.289 ['occupation_Blue-Collar && capital_gain_0']=>0
0.844 0.516 ['age_low && capital_gain_0']=>0
0.844 0.627 ['education_HS-grad && capital_gain_0']=>0
0.840 0.783 ['neg_marital_status_Married']=>0
0.831 0.974 ['neg_education_School_Prof-School']=>1
0.822 1.000 ['neg_marital_status_Widowed']=>0

"
0.001,0.007,0.8380822385258488,0.7771370073366319,0.8347665847665847,0.7732391482391483,0.8404135530760569,0.7832940935612652,"CRL
 ACC ,  C  ,  Rule
0.845 0.289 ['occupation_Blue-Collar && capital_gain_0']=>0
0.844 0.516 ['age_low && capital_gain_0']=>0
0.844 0.627 ['education_HS-grad && capital_gain_0']=>0
0.840 0.783 ['neg_marital_status_Married']=>0
0.831 0.974 ['neg_education_School_Prof-School']=>1
0.822 1.000 ['neg_marital_status_Widowed']=>0

"
0.001,0.007,0.8275038389353353,0.9678211909230506,0.8234029484029484,0.9712325962325963,0.8307912785341386,0.9736922919439042,"CRL
 ACC ,  C  ,  Rule
0.845 0.289 ['occupation_Blue-Collar && capital_gain_0']=>0
0.844 0.516 ['age_low && capital_gain_0']=>0
0.844 0.627 ['education_HS-grad && capital_gain_0']=>0
0.840 0.783 ['neg_marital_status_Married']=>0
0.831 0.974 ['neg_education_School_Prof-School']=>1
0.822 1.000 ['neg_marital_status_Widowed']=>0

"
0.001,0.007,0.8199624637433885,1.0,0.8156224406224406,1.0,0.8224997440884431,1.0,"CRL
 ACC ,  C  ,  Rule
0.845 0.289 ['occupation_Blue-Collar && capital_gain_0']=>0
0.844 0.516 ['age_low && capital_gain_0']=>0
0.844 0.627 ['education_HS-grad && capital_gain_0']=>0
0.840 0.783 ['neg_marital_status_Married']=>0
0.831 0.974 ['neg_education_School_Prof-School']=>1
0.822 1.000 ['neg_marital_status_Widowed']=>0

"
0.001,0.008,0.8455212421088552,0.30905988739123014,0.8404995904995906,0.3065110565110565,0.8446105026102979,0.31958235233903165,"CRL
 ACC ,  C  ,  Rule
0.845 0.320 ['age_low && capital_gain_0']=>0
0.844 0.516 ['occupation_Blue-Collar && capital_gain_0']=>0
0.844 0.627 ['education_HS-grad && capital_gain_0']=>0
0.840 0.783 ['neg_marital_status_Married']=>0
0.821 1.000 ['neg_marital_status_Single']=>1

"
0.001,0.008,0.8443610305408633,0.5052721378604333,0.839987714987715,0.5031736281736281,0.8439963148735797,0.515712969597707,"CRL
 ACC ,  C  ,  Rule
0.845 0.320 ['age_low && capital_gain_0']=>0
0.844 0.516 ['occupation_Blue-Collar && capital_gain_0']=>0
0.844 0.627 ['education_HS-grad && capital_gain_0']=>0
0.840 0.783 ['neg_marital_status_Married']=>0
0.821 1.000 ['neg_marital_status_Single']=>1

"
0.001,0.008,0.8425865893192288,0.6157311039071831,0.8371212121212122,0.6158886158886159,0.8438939502507933,0.627290408434845,"CRL
 ACC ,  C  ,  Rule
0.845 0.320 ['age_low && capital_gain_0']=>0
0.844 0.516 ['occupation_Blue-Collar && capital_gain_0']=>0
0.844 0.627 ['education_HS-grad && capital_gain_0']=>0
0.840 0.783 ['neg_marital_status_Married']=>0
0.821 1.000 ['neg_marital_status_Single']=>1

"
0.001,0.008,0.8380822385258488,0.7771370073366319,0.8347665847665847,0.7732391482391483,0.8404135530760569,0.7832940935612652,"CRL
 ACC ,  C  ,  Rule
0.845 0.320 ['age_low && capital_gain_0']=>0
0.844 0.516 ['occupation_Blue-Collar && capital_gain_0']=>0
0.844 0.627 ['education_HS-grad && capital_gain_0']=>0
0.840 0.783 ['neg_marital_status_Married']=>0
0.821 1.000 ['neg_marital_status_Single']=>1

"
0.001,0.008,0.814059034294489,1.0,0.8132678132678133,1.0,0.8207595455010749,1.0,"CRL
 ACC ,  C  ,  Rule
0.845 0.320 ['age_low && capital_gain_0']=>0
0.844 0.516 ['occupation_Blue-Collar && capital_gain_0']=>0
0.844 0.627 ['education_HS-grad && capital_gain_0']=>0
0.840 0.783 ['neg_marital_status_Married']=>0
0.821 1.000 ['neg_marital_status_Single']=>1

"
0.001,0.009000000000000001,0.8455212421088552,0.30905988739123014,0.8404995904995906,0.3065110565110565,0.8446105026102979,0.31958235233903165,"CRL
 ACC ,  C  ,  Rule
0.845 0.320 ['age_low && capital_gain_0']=>0
0.844 0.516 ['occupation_Blue-Collar && capital_gain_0']=>0
0.844 0.627 ['education_HS-grad && capital_gain_0']=>0
0.840 0.783 ['neg_marital_status_Married']=>0
0.821 1.000 ['neg_marital_status_Separated']=>1

"
0.001,0.009000000000000001,0.8443610305408633,0.5052721378604333,0.839987714987715,0.5031736281736281,0.8439963148735797,0.515712969597707,"CRL
 ACC ,  C  ,  Rule
0.845 0.320 ['age_low && capital_gain_0']=>0
0.844 0.516 ['occupation_Blue-Collar && capital_gain_0']=>0
0.844 0.627 ['education_HS-grad && capital_gain_0']=>0
0.840 0.783 ['neg_marital_status_Married']=>0
0.821 1.000 ['neg_marital_status_Separated']=>1

"
0.001,0.009000000000000001,0.8425865893192288,0.6157311039071831,0.8371212121212122,0.6158886158886159,0.8438939502507933,0.627290408434845,"CRL
 ACC ,  C  ,  Rule
0.845 0.320 ['age_low && capital_gain_0']=>0
0.844 0.516 ['occupation_Blue-Collar && capital_gain_0']=>0
0.844 0.627 ['education_HS-grad && capital_gain_0']=>0
0.840 0.783 ['neg_marital_status_Married']=>0
0.821 1.000 ['neg_marital_status_Separated']=>1

"
0.001,0.009000000000000001,0.8380822385258488,0.7771370073366319,0.8347665847665847,0.7732391482391483,0.8404135530760569,0.7832940935612652,"CRL
 ACC ,  C  ,  Rule
0.845 0.320 ['age_low && capital_gain_0']=>0
0.844 0.516 ['occupation_Blue-Collar && capital_gain_0']=>0
0.844 0.627 ['education_HS-grad && capital_gain_0']=>0
0.840 0.783 ['neg_marital_status_Married']=>0
0.821 1.000 ['neg_marital_status_Separated']=>1

"
0.001,0.009000000000000001,0.814059034294489,1.0,0.8132678132678133,1.0,0.8207595455010749,1.0,"CRL
 ACC ,  C  ,  Rule
0.845 0.320 ['age_low && capital_gain_0']=>0
0.844 0.516 ['occupation_Blue-Collar && capital_gain_0']=>0
0.844 0.627 ['education_HS-grad && capital_gain_0']=>0
0.840 0.783 ['neg_marital_status_Married']=>0
0.821 1.000 ['neg_marital_status_Separated']=>1

"
0.001,0.01,0.8455894898481487,0.2868793721207985,0.8421375921375921,0.2868550368550369,0.8452246903470161,0.2889753301259085,"CRL
 ACC ,  C  ,  Rule
0.845 0.289 ['occupation_Blue-Collar && capital_gain_0']=>0
0.844 0.516 ['age_low && capital_gain_0']=>0
0.844 0.627 ['education_HS-grad && capital_gain_0']=>0
0.840 0.783 ['neg_marital_status_Married']=>0
0.821 1.000 ['neg_marital_status_Widowed']=>1

"
0.001,0.01,0.8443610305408633,0.5052721378604333,0.839987714987715,0.5031736281736281,0.8439963148735797,0.515712969597707,"CRL
 ACC ,  C  ,  Rule
0.845 0.289 ['occupation_Blue-Collar && capital_gain_0']=>0
0.844 0.516 ['age_low && capital_gain_0']=>0
0.844 0.627 ['education_HS-grad && capital_gain_0']=>0
0.840 0.783 ['neg_marital_status_Married']=>0
0.821 1.000 ['neg_marital_status_Widowed']=>1

"
0.001,0.01,0.8425865893192288,0.6157311039071831,0.8371212121212122,0.6158886158886159,0.8438939502507933,0.627290408434845,"CRL
 ACC ,  C  ,  Rule
0.845 0.289 ['occupation_Blue-Collar && capital_gain_0']=>0
0.844 0.516 ['age_low && capital_gain_0']=>0
0.844 0.627 ['education_HS-grad && capital_gain_0']=>0
0.840 0.783 ['neg_marital_status_Married']=>0
0.821 1.000 ['neg_marital_status_Widowed']=>1

"
0.001,0.01,0.8380822385258488,0.7771370073366319,0.8347665847665847,0.7732391482391483,0.8404135530760569,0.7832940935612652,"CRL
 ACC ,  C  ,  Rule
0.845 0.289 ['occupation_Blue-Collar && capital_gain_0']=>0
0.844 0.516 ['age_low && capital_gain_0']=>0
0.844 0.627 ['education_HS-grad && capital_gain_0']=>0
0.840 0.783 ['neg_marital_status_Married']=>0
0.821 1.000 ['neg_marital_status_Widowed']=>1

"
0.001,0.01,0.814059034294489,1.0,0.8132678132678133,1.0,0.8207595455010749,1.0,"CRL
 ACC ,  C  ,  Rule
0.845 0.289 ['occupation_Blue-Collar && capital_gain_0']=>0
0.844 0.516 ['age_low && capital_gain_0']=>0
0.844 0.627 ['education_HS-grad && capital_gain_0']=>0
0.840 0.783 ['neg_marital_status_Married']=>0
0.821 1.000 ['neg_marital_status_Widowed']=>1

"
0.0016681005372000592,0.001,0.8455212421088552,0.30905988739123014,0.8404995904995906,0.3065110565110565,0.8446105026102979,0.31958235233903165,"CRL
 ACC ,  C  ,  Rule
0.845 0.320 ['age_low && capital_gain_0']=>0
0.844 0.516 ['occupation_Blue-Collar && capital_gain_0']=>0
0.844 0.627 ['education_HS-grad && capital_gain_0']=>0
0.840 0.783 ['neg_marital_status_Married']=>0
0.821 1.000 ['marital_status_Married']=>1

"
0.0016681005372000592,0.001,0.8443610305408633,0.5052721378604333,0.839987714987715,0.5031736281736281,0.8439963148735797,0.515712969597707,"CRL
 ACC ,  C  ,  Rule
0.845 0.320 ['age_low && capital_gain_0']=>0
0.844 0.516 ['occupation_Blue-Collar && capital_gain_0']=>0
0.844 0.627 ['education_HS-grad && capital_gain_0']=>0
0.840 0.783 ['neg_marital_status_Married']=>0
0.821 1.000 ['marital_status_Married']=>1

"
0.0016681005372000592,0.001,0.8425865893192288,0.6157311039071831,0.8371212121212122,0.6158886158886159,0.8438939502507933,0.627290408434845,"CRL
 ACC ,  C  ,  Rule
0.845 0.320 ['age_low && capital_gain_0']=>0
0.844 0.516 ['occupation_Blue-Collar && capital_gain_0']=>0
0.844 0.627 ['education_HS-grad && capital_gain_0']=>0
0.840 0.783 ['neg_marital_status_Married']=>0
0.821 1.000 ['marital_status_Married']=>1

"
0.0016681005372000592,0.001,0.8380822385258488,0.7771370073366319,0.8347665847665847,0.7732391482391483,0.8404135530760569,0.7832940935612652,"CRL
 ACC ,  C  ,  Rule
0.845 0.320 ['age_low && capital_gain_0']=>0
0.844 0.516 ['occupation_Blue-Collar && capital_gain_0']=>0
0.844 0.627 ['education_HS-grad && capital_gain_0']=>0
0.840 0.783 ['neg_marital_status_Married']=>0
0.821 1.000 ['marital_status_Married']=>1

"
0.0016681005372000592,0.001,0.814059034294489,1.0,0.8132678132678133,1.0,0.8207595455010749,1.0,"CRL
 ACC ,  C  ,  Rule
0.845 0.320 ['age_low && capital_gain_0']=>0
0.844 0.516 ['occupation_Blue-Collar && capital_gain_0']=>0
0.844 0.627 ['education_HS-grad && capital_gain_0']=>0
0.840 0.783 ['neg_marital_status_Married']=>0
0.821 1.000 ['marital_status_Married']=>1

"
0.0016681005372000592,0.002,0.8455212421088552,0.30905988739123014,0.8404995904995906,0.3065110565110565,0.8446105026102979,0.31958235233903165,"CRL
 ACC ,  C  ,  Rule
0.845 0.320 ['age_low && capital_gain_0']=>0
0.844 0.516 ['occupation_Blue-Collar && capital_gain_0']=>0
0.844 0.627 ['education_HS-grad && capital_gain_0']=>0
0.840 0.783 ['neg_marital_status_Married']=>0
0.821 1.000 ['neg_marital_status_Divorced']=>1

"
0.0016681005372000592,0.002,0.8443610305408633,0.5052721378604333,0.839987714987715,0.5031736281736281,0.8439963148735797,0.515712969597707,"CRL
 ACC ,  C  ,  Rule
0.845 0.320 ['age_low && capital_gain_0']=>0
0.844 0.516 ['occupation_Blue-Collar && capital_gain_0']=>0
0.844 0.627 ['education_HS-grad && capital_gain_0']=>0
0.840 0.783 ['neg_marital_status_Married']=>0
0.821 1.000 ['neg_marital_status_Divorced']=>1

"
0.0016681005372000592,0.002,0.8425865893192288,0.6157311039071831,0.8371212121212122,0.6158886158886159,0.8438939502507933,0.627290408434845,"CRL
 ACC ,  C  ,  Rule
0.845 0.320 ['age_low && capital_gain_0']=>0
0.844 0.516 ['occupation_Blue-Collar && capital_gain_0']=>0
0.844 0.627 ['education_HS-grad && capital_gain_0']=>0
0.840 0.783 ['neg_marital_status_Married']=>0
0.821 1.000 ['neg_marital_status_Divorced']=>1

"
0.0016681005372000592,0.002,0.8380822385258488,0.7771370073366319,0.8347665847665847,0.7732391482391483,0.8404135530760569,0.7832940935612652,"CRL
 ACC ,  C  ,  Rule
0.845 0.320 ['age_low && capital_gain_0']=>0
0.844 0.516 ['occupation_Blue-Collar && capital_gain_0']=>0
0.844 0.627 ['education_HS-grad && capital_gain_0']=>0
0.840 0.783 ['neg_marital_status_Married']=>0
0.821 1.000 ['neg_marital_status_Divorced']=>1

"
0.0016681005372000592,0.002,0.814059034294489,1.0,0.8132678132678133,1.0,0.8207595455010749,1.0,"CRL
 ACC ,  C  ,  Rule
0.845 0.320 ['age_low && capital_gain_0']=>0
0.844 0.516 ['occupation_Blue-Collar && capital_gain_0']=>0
0.844 0.627 ['education_HS-grad && capital_gain_0']=>0
0.840 0.783 ['neg_marital_status_Married']=>0
0.821 1.000 ['neg_marital_status_Divorced']=>1

"
0.0016681005372000592,0.003,0.8455212421088552,0.30905988739123014,0.8404995904995906,0.3065110565110565,0.8446105026102979,0.31958235233903165,"CRL
 ACC ,  C  ,  Rule
0.845 0.320 ['age_low && capital_gain_0']=>0
0.844 0.516 ['occupation_Blue-Collar && capital_gain_0']=>0
0.844 0.627 ['education_HS-grad && capital_gain_0']=>0
0.840 0.783 ['neg_marital_status_Married']=>0
0.821 1.000 ['neg_marital_status_Divorced']=>1

"
0.0016681005372000592,0.003,0.8443610305408633,0.5052721378604333,0.839987714987715,0.5031736281736281,0.8439963148735797,0.515712969597707,"CRL
 ACC ,  C  ,  Rule
0.845 0.320 ['age_low && capital_gain_0']=>0
0.844 0.516 ['occupation_Blue-Collar && capital_gain_0']=>0
0.844 0.627 ['education_HS-grad && capital_gain_0']=>0
0.840 0.783 ['neg_marital_status_Married']=>0
0.821 1.000 ['neg_marital_status_Divorced']=>1

"
0.0016681005372000592,0.003,0.8425865893192288,0.6157311039071831,0.8371212121212122,0.6158886158886159,0.8438939502507933,0.627290408434845,"CRL
 ACC ,  C  ,  Rule
0.845 0.320 ['age_low && capital_gain_0']=>0
0.844 0.516 ['occupation_Blue-Collar && capital_gain_0']=>0
0.844 0.627 ['education_HS-grad && capital_gain_0']=>0
0.840 0.783 ['neg_marital_status_Married']=>0
0.821 1.000 ['neg_marital_status_Divorced']=>1

"
0.0016681005372000592,0.003,0.8380822385258488,0.7771370073366319,0.8347665847665847,0.7732391482391483,0.8404135530760569,0.7832940935612652,"CRL
 ACC ,  C  ,  Rule
0.845 0.320 ['age_low && capital_gain_0']=>0
0.844 0.516 ['occupation_Blue-Collar && capital_gain_0']=>0
0.844 0.627 ['education_HS-grad && capital_gain_0']=>0
0.840 0.783 ['neg_marital_status_Married']=>0
0.821 1.000 ['neg_marital_status_Divorced']=>1

"
0.0016681005372000592,0.003,0.814059034294489,1.0,0.8132678132678133,1.0,0.8207595455010749,1.0,"CRL
 ACC ,  C  ,  Rule
0.845 0.320 ['age_low && capital_gain_0']=>0
0.844 0.516 ['occupation_Blue-Collar && capital_gain_0']=>0
0.844 0.627 ['education_HS-grad && capital_gain_0']=>0
0.840 0.783 ['neg_marital_status_Married']=>0
0.821 1.000 ['neg_marital_status_Divorced']=>1

"
0.0016681005372000592,0.004,0.8455212421088552,0.30905988739123014,0.8404995904995906,0.3065110565110565,0.8446105026102979,0.31958235233903165,"CRL
 ACC ,  C  ,  Rule
0.845 0.320 ['age_low && capital_gain_0']=>0
0.844 0.516 ['occupation_Blue-Collar && capital_gain_0']=>0
0.844 0.627 ['education_HS-grad && capital_gain_0']=>0
0.840 0.783 ['neg_marital_status_Married']=>0
0.821 1.000 ['neg_marital_status_Divorced']=>1

"
0.0016681005372000592,0.004,0.8443610305408633,0.5052721378604333,0.839987714987715,0.5031736281736281,0.8439963148735797,0.515712969597707,"CRL
 ACC ,  C  ,  Rule
0.845 0.320 ['age_low && capital_gain_0']=>0
0.844 0.516 ['occupation_Blue-Collar && capital_gain_0']=>0
0.844 0.627 ['education_HS-grad && capital_gain_0']=>0
0.840 0.783 ['neg_marital_status_Married']=>0
0.821 1.000 ['neg_marital_status_Divorced']=>1

"
0.0016681005372000592,0.004,0.8425865893192288,0.6157311039071831,0.8371212121212122,0.6158886158886159,0.8438939502507933,0.627290408434845,"CRL
 ACC ,  C  ,  Rule
0.845 0.320 ['age_low && capital_gain_0']=>0
0.844 0.516 ['occupation_Blue-Collar && capital_gain_0']=>0
0.844 0.627 ['education_HS-grad && capital_gain_0']=>0
0.840 0.783 ['neg_marital_status_Married']=>0
0.821 1.000 ['neg_marital_status_Divorced']=>1

"
0.0016681005372000592,0.004,0.8380822385258488,0.7771370073366319,0.8347665847665847,0.7732391482391483,0.8404135530760569,0.7832940935612652,"CRL
 ACC ,  C  ,  Rule
0.845 0.320 ['age_low && capital_gain_0']=>0
0.844 0.516 ['occupation_Blue-Collar && capital_gain_0']=>0
0.844 0.627 ['education_HS-grad && capital_gain_0']=>0
0.840 0.783 ['neg_marital_status_Married']=>0
0.821 1.000 ['neg_marital_status_Divorced']=>1

"
0.0016681005372000592,0.004,0.814059034294489,1.0,0.8132678132678133,1.0,0.8207595455010749,1.0,"CRL
 ACC ,  C  ,  Rule
0.845 0.320 ['age_low && capital_gain_0']=>0
0.844 0.516 ['occupation_Blue-Collar && capital_gain_0']=>0
0.844 0.627 ['education_HS-grad && capital_gain_0']=>0
0.840 0.783 ['neg_marital_status_Married']=>0
0.821 1.000 ['neg_marital_status_Divorced']=>1

"
0.0016681005372000592,0.005,0.8455212421088552,0.30905988739123014,0.8404995904995906,0.3065110565110565,0.8446105026102979,0.31958235233903165,"CRL
 ACC ,  C  ,  Rule
0.845 0.320 ['age_low && capital_gain_0']=>0
0.844 0.516 ['occupation_Blue-Collar && capital_gain_0']=>0
0.844 0.627 ['education_HS-grad && capital_gain_0']=>0
0.840 0.783 ['neg_marital_status_Married']=>0
0.821 1.000 ['marital_status_Married']=>1

"
0.0016681005372000592,0.005,0.8443610305408633,0.5052721378604333,0.839987714987715,0.5031736281736281,0.8439963148735797,0.515712969597707,"CRL
 ACC ,  C  ,  Rule
0.845 0.320 ['age_low && capital_gain_0']=>0
0.844 0.516 ['occupation_Blue-Collar && capital_gain_0']=>0
0.844 0.627 ['education_HS-grad && capital_gain_0']=>0
0.840 0.783 ['neg_marital_status_Married']=>0
0.821 1.000 ['marital_status_Married']=>1

"
0.0016681005372000592,0.005,0.8425865893192288,0.6157311039071831,0.8371212121212122,0.6158886158886159,0.8438939502507933,0.627290408434845,"CRL
 ACC ,  C  ,  Rule
0.845 0.320 ['age_low && capital_gain_0']=>0
0.844 0.516 ['occupation_Blue-Collar && capital_gain_0']=>0
0.844 0.627 ['education_HS-grad && capital_gain_0']=>0
0.840 0.783 ['neg_marital_status_Married']=>0
0.821 1.000 ['marital_status_Married']=>1

"
0.0016681005372000592,0.005,0.8380822385258488,0.7771370073366319,0.8347665847665847,0.7732391482391483,0.8404135530760569,0.7832940935612652,"CRL
 ACC ,  C  ,  Rule
0.845 0.320 ['age_low && capital_gain_0']=>0
0.844 0.516 ['occupation_Blue-Collar && capital_gain_0']=>0
0.844 0.627 ['education_HS-grad && capital_gain_0']=>0
0.840 0.783 ['neg_marital_status_Married']=>0
0.821 1.000 ['marital_status_Married']=>1

"
0.0016681005372000592,0.005,0.814059034294489,1.0,0.8132678132678133,1.0,0.8207595455010749,1.0,"CRL
 ACC ,  C  ,  Rule
0.845 0.320 ['age_low && capital_gain_0']=>0
0.844 0.516 ['occupation_Blue-Collar && capital_gain_0']=>0
0.844 0.627 ['education_HS-grad && capital_gain_0']=>0
0.840 0.783 ['neg_marital_status_Married']=>0
0.821 1.000 ['marital_status_Married']=>1

"
0.0016681005372000592,0.006,0.8455212421088552,0.30905988739123014,0.8404995904995906,0.3065110565110565,0.8446105026102979,0.31958235233903165,"CRL
 ACC ,  C  ,  Rule
0.845 0.320 ['age_low && capital_gain_0']=>0
0.844 0.516 ['occupation_Blue-Collar && capital_gain_0']=>0
0.844 0.627 ['education_HS-grad && capital_gain_0']=>0
0.840 0.783 ['neg_marital_status_Married']=>0
0.821 1.000 ['marital_status_Married']=>1

"
0.0016681005372000592,0.006,0.8443610305408633,0.5052721378604333,0.839987714987715,0.5031736281736281,0.8439963148735797,0.515712969597707,"CRL
 ACC ,  C  ,  Rule
0.845 0.320 ['age_low && capital_gain_0']=>0
0.844 0.516 ['occupation_Blue-Collar && capital_gain_0']=>0
0.844 0.627 ['education_HS-grad && capital_gain_0']=>0
0.840 0.783 ['neg_marital_status_Married']=>0
0.821 1.000 ['marital_status_Married']=>1

"
0.0016681005372000592,0.006,0.8425865893192288,0.6157311039071831,0.8371212121212122,0.6158886158886159,0.8438939502507933,0.627290408434845,"CRL
 ACC ,  C  ,  Rule
0.845 0.320 ['age_low && capital_gain_0']=>0
0.844 0.516 ['occupation_Blue-Collar && capital_gain_0']=>0
0.844 0.627 ['education_HS-grad && capital_gain_0']=>0
0.840 0.783 ['neg_marital_status_Married']=>0
0.821 1.000 ['marital_status_Married']=>1

"
0.0016681005372000592,0.006,0.8380822385258488,0.7771370073366319,0.8347665847665847,0.7732391482391483,0.8404135530760569,0.7832940935612652,"CRL
 ACC ,  C  ,  Rule
0.845 0.320 ['age_low && capital_gain_0']=>0
0.844 0.516 ['occupation_Blue-Collar && capital_gain_0']=>0
0.844 0.627 ['education_HS-grad && capital_gain_0']=>0
0.840 0.783 ['neg_marital_status_Married']=>0
0.821 1.000 ['marital_status_Married']=>1

"
0.0016681005372000592,0.006,0.814059034294489,1.0,0.8132678132678133,1.0,0.8207595455010749,1.0,"CRL
 ACC ,  C  ,  Rule
0.845 0.320 ['age_low && capital_gain_0']=>0
0.844 0.516 ['occupation_Blue-Collar && capital_gain_0']=>0
0.844 0.627 ['education_HS-grad && capital_gain_0']=>0
0.840 0.783 ['neg_marital_status_Married']=>0
0.821 1.000 ['marital_status_Married']=>1

"
0.0016681005372000592,0.007,0.8455212421088552,0.30905988739123014,0.8404995904995906,0.3065110565110565,0.8446105026102979,0.31958235233903165,"CRL
 ACC ,  C  ,  Rule
0.845 0.320 ['age_low && capital_gain_0']=>0
0.844 0.516 ['occupation_Blue-Collar && capital_gain_0']=>0
0.844 0.627 ['education_HS-grad && capital_gain_0']=>0
0.840 0.783 ['neg_marital_status_Married']=>0
0.821 1.000 ['neg_marital_status_Widowed']=>1

"
0.0016681005372000592,0.007,0.8443610305408633,0.5052721378604333,0.839987714987715,0.5031736281736281,0.8439963148735797,0.515712969597707,"CRL
 ACC ,  C  ,  Rule
0.845 0.320 ['age_low && capital_gain_0']=>0
0.844 0.516 ['occupation_Blue-Collar && capital_gain_0']=>0
0.844 0.627 ['education_HS-grad && capital_gain_0']=>0
0.840 0.783 ['neg_marital_status_Married']=>0
0.821 1.000 ['neg_marital_status_Widowed']=>1

"
0.0016681005372000592,0.007,0.8425865893192288,0.6157311039071831,0.8371212121212122,0.6158886158886159,0.8438939502507933,0.627290408434845,"CRL
 ACC ,  C  ,  Rule
0.845 0.320 ['age_low && capital_gain_0']=>0
0.844 0.516 ['occupation_Blue-Collar && capital_gain_0']=>0
0.844 0.627 ['education_HS-grad && capital_gain_0']=>0
0.840 0.783 ['neg_marital_status_Married']=>0
0.821 1.000 ['neg_marital_status_Widowed']=>1

"
0.0016681005372000592,0.007,0.8380822385258488,0.7771370073366319,0.8347665847665847,0.7732391482391483,0.8404135530760569,0.7832940935612652,"CRL
 ACC ,  C  ,  Rule
0.845 0.320 ['age_low && capital_gain_0']=>0
0.844 0.516 ['occupation_Blue-Collar && capital_gain_0']=>0
0.844 0.627 ['education_HS-grad && capital_gain_0']=>0
0.840 0.783 ['neg_marital_status_Married']=>0
0.821 1.000 ['neg_marital_status_Widowed']=>1

"
0.0016681005372000592,0.007,0.814059034294489,1.0,0.8132678132678133,1.0,0.8207595455010749,1.0,"CRL
 ACC ,  C  ,  Rule
0.845 0.320 ['age_low && capital_gain_0']=>0
0.844 0.516 ['occupation_Blue-Collar && capital_gain_0']=>0
0.844 0.627 ['education_HS-grad && capital_gain_0']=>0
0.840 0.783 ['neg_marital_status_Married']=>0
0.821 1.000 ['neg_marital_status_Widowed']=>1

"
0.0016681005372000592,0.008,0.8455212421088552,0.30905988739123014,0.8404995904995906,0.3065110565110565,0.8446105026102979,0.31958235233903165,"CRL
 ACC ,  C  ,  Rule
0.845 0.320 ['age_low && capital_gain_0']=>0
0.844 0.516 ['occupation_Blue-Collar && capital_gain_0']=>0
0.844 0.627 ['education_HS-grad && capital_gain_0']=>0
0.840 0.783 ['neg_marital_status_Married']=>0
0.821 1.000 ['neg_marital_status_Widowed']=>1

"
0.0016681005372000592,0.008,0.8443610305408633,0.5052721378604333,0.839987714987715,0.5031736281736281,0.8439963148735797,0.515712969597707,"CRL
 ACC ,  C  ,  Rule
0.845 0.320 ['age_low && capital_gain_0']=>0
0.844 0.516 ['occupation_Blue-Collar && capital_gain_0']=>0
0.844 0.627 ['education_HS-grad && capital_gain_0']=>0
0.840 0.783 ['neg_marital_status_Married']=>0
0.821 1.000 ['neg_marital_status_Widowed']=>1

"
0.0016681005372000592,0.008,0.8425865893192288,0.6157311039071831,0.8371212121212122,0.6158886158886159,0.8438939502507933,0.627290408434845,"CRL
 ACC ,  C  ,  Rule
0.845 0.320 ['age_low && capital_gain_0']=>0
0.844 0.516 ['occupation_Blue-Collar && capital_gain_0']=>0
0.844 0.627 ['education_HS-grad && capital_gain_0']=>0
0.840 0.783 ['neg_marital_status_Married']=>0
0.821 1.000 ['neg_marital_status_Widowed']=>1

"
0.0016681005372000592,0.008,0.8380822385258488,0.7771370073366319,0.8347665847665847,0.7732391482391483,0.8404135530760569,0.7832940935612652,"CRL
 ACC ,  C  ,  Rule
0.845 0.320 ['age_low && capital_gain_0']=>0
0.844 0.516 ['occupation_Blue-Collar && capital_gain_0']=>0
0.844 0.627 ['education_HS-grad && capital_gain_0']=>0
0.840 0.783 ['neg_marital_status_Married']=>0
0.821 1.000 ['neg_marital_status_Widowed']=>1

"
0.0016681005372000592,0.008,0.814059034294489,1.0,0.8132678132678133,1.0,0.8207595455010749,1.0,"CRL
 ACC ,  C  ,  Rule
0.845 0.320 ['age_low && capital_gain_0']=>0
0.844 0.516 ['occupation_Blue-Collar && capital_gain_0']=>0
0.844 0.627 ['education_HS-grad && capital_gain_0']=>0
0.840 0.783 ['neg_marital_status_Married']=>0
0.821 1.000 ['neg_marital_status_Widowed']=>1

"
0.0016681005372000592,0.009000000000000001,0.8455894898481487,0.2868793721207985,0.8421375921375921,0.2868550368550369,0.8452246903470161,0.2889753301259085,"CRL
 ACC ,  C  ,  Rule
0.845 0.289 ['occupation_Blue-Collar && capital_gain_0']=>0
0.842 0.689 ['neg_marital_status_Married']=>0
0.842 0.756 ['education_HS-grad && capital_gain_0']=>0
0.810 1.000 ['neg_marital_status_Separated']=>1

"
0.0016681005372000592,0.009000000000000001,0.8410851390547688,0.6886879372120798,0.8397829647829648,0.6880630630630631,0.8417442931722796,0.6889139113522367,"CRL
 ACC ,  C  ,  Rule
0.845 0.289 ['occupation_Blue-Collar && capital_gain_0']=>0
0.842 0.689 ['neg_marital_status_Married']=>0
0.842 0.756 ['education_HS-grad && capital_gain_0']=>0
0.810 1.000 ['neg_marital_status_Separated']=>1

"
0.0016681005372000592,0.009000000000000001,0.8392765739634874,0.7499744070977649,0.8368140868140869,0.7491809991809992,0.8415395639267069,0.755758010031733,"CRL
 ACC ,  C  ,  Rule
0.845 0.289 ['occupation_Blue-Collar && capital_gain_0']=>0
0.842 0.689 ['neg_marital_status_Married']=>0
0.842 0.756 ['education_HS-grad && capital_gain_0']=>0
0.810 1.000 ['neg_marital_status_Separated']=>1

"
0.0016681005372000592,0.009000000000000001,0.8039583688790308,1.0,0.8068181818181818,1.0,0.8104207185996519,1.0,"CRL
 ACC ,  C  ,  Rule
0.845 0.289 ['occupation_Blue-Collar && capital_gain_0']=>0
0.842 0.689 ['neg_marital_status_Married']=>0
0.842 0.756 ['education_HS-grad && capital_gain_0']=>0
0.810 1.000 ['neg_marital_status_Separated']=>1

"
0.0016681005372000592,0.01,0.8455212421088552,0.30905988739123014,0.8404995904995906,0.3065110565110565,0.8446105026102979,0.31958235233903165,"CRL
 ACC ,  C  ,  Rule
0.845 0.320 ['age_low && capital_gain_0']=>0
0.844 0.516 ['occupation_Blue-Collar && capital_gain_0']=>0
0.844 0.627 ['education_HS-grad && capital_gain_0']=>0
0.840 0.783 ['neg_marital_status_Married']=>0
0.821 1.000 ['neg_marital_status_Separated']=>1

"
0.0016681005372000592,0.01,0.8443610305408633,0.5052721378604333,0.839987714987715,0.5031736281736281,0.8439963148735797,0.515712969597707,"CRL
 ACC ,  C  ,  Rule
0.845 0.320 ['age_low && capital_gain_0']=>0
0.844 0.516 ['occupation_Blue-Collar && capital_gain_0']=>0
0.844 0.627 ['education_HS-grad && capital_gain_0']=>0
0.840 0.783 ['neg_marital_status_Married']=>0
0.821 1.000 ['neg_marital_status_Separated']=>1

"
0.0016681005372000592,0.01,0.8425865893192288,0.6157311039071831,0.8371212121212122,0.6158886158886159,0.8438939502507933,0.627290408434845,"CRL
 ACC ,  C  ,  Rule
0.845 0.320 ['age_low && capital_gain_0']=>0
0.844 0.516 ['occupation_Blue-Collar && capital_gain_0']=>0
0.844 0.627 ['education_HS-grad && capital_gain_0']=>0
0.840 0.783 ['neg_marital_status_Married']=>0
0.821 1.000 ['neg_marital_status_Separated']=>1

"
0.0016681005372000592,0.01,0.8380822385258488,0.7771370073366319,0.8347665847665847,0.7732391482391483,0.8404135530760569,0.7832940935612652,"CRL
 ACC ,  C  ,  Rule
0.845 0.320 ['age_low && capital_gain_0']=>0
0.844 0.516 ['occupation_Blue-Collar && capital_gain_0']=>0
0.844 0.627 ['education_HS-grad && capital_gain_0']=>0
0.840 0.783 ['neg_marital_status_Married']=>0
0.821 1.000 ['neg_marital_status_Separated']=>1

"
0.0016681005372000592,0.01,0.814059034294489,1.0,0.8132678132678133,1.0,0.8207595455010749,1.0,"CRL
 ACC ,  C  ,  Rule
0.845 0.320 ['age_low && capital_gain_0']=>0
0.844 0.516 ['occupation_Blue-Collar && capital_gain_0']=>0
0.844 0.627 ['education_HS-grad && capital_gain_0']=>0
0.840 0.783 ['neg_marital_status_Married']=>0
0.821 1.000 ['neg_marital_status_Separated']=>1

"
0.0027825594022071257,0.001,0.8455894898481487,0.2868793721207985,0.8421375921375921,0.2868550368550369,0.8452246903470161,0.2889753301259085,"CRL
 ACC ,  C  ,  Rule
0.845 0.289 ['occupation_Blue-Collar && capital_gain_0']=>0
0.842 0.689 ['neg_marital_status_Married']=>0
0.842 0.756 ['education_HS-grad && capital_gain_0']=>0
0.810 1.000 ['neg_marital_status_Separated']=>1

"
0.0027825594022071257,0.001,0.8410851390547688,0.6886879372120798,0.8397829647829648,0.6880630630630631,0.8417442931722796,0.6889139113522367,"CRL
 ACC ,  C  ,  Rule
0.845 0.289 ['occupation_Blue-Collar && capital_gain_0']=>0
0.842 0.689 ['neg_marital_status_Married']=>0
0.842 0.756 ['education_HS-grad && capital_gain_0']=>0
0.810 1.000 ['neg_marital_status_Separated']=>1

"
0.0027825594022071257,0.001,0.8392765739634874,0.7499744070977649,0.8368140868140869,0.7491809991809992,0.8415395639267069,0.755758010031733,"CRL
 ACC ,  C  ,  Rule
0.845 0.289 ['occupation_Blue-Collar && capital_gain_0']=>0
0.842 0.689 ['neg_marital_status_Married']=>0
0.842 0.756 ['education_HS-grad && capital_gain_0']=>0
0.810 1.000 ['neg_marital_status_Separated']=>1

"
0.0027825594022071257,0.001,0.8039583688790308,1.0,0.8068181818181818,1.0,0.8104207185996519,1.0,"CRL
 ACC ,  C  ,  Rule
0.845 0.289 ['occupation_Blue-Collar && capital_gain_0']=>0
0.842 0.689 ['neg_marital_status_Married']=>0
0.842 0.756 ['education_HS-grad && capital_gain_0']=>0
0.810 1.000 ['neg_marital_status_Separated']=>1

"
0.0027825594022071257,0.002,0.8455894898481487,0.2868793721207985,0.8421375921375921,0.2868550368550369,0.8452246903470161,0.2889753301259085,"CRL
 ACC ,  C  ,  Rule
0.845 0.289 ['occupation_Blue-Collar && capital_gain_0']=>0
0.842 0.689 ['neg_marital_status_Married']=>0
0.842 0.756 ['education_HS-grad && capital_gain_0']=>0
0.810 1.000 ['neg_marital_status_Separated']=>1

"
0.0027825594022071257,0.002,0.8410851390547688,0.6886879372120798,0.8397829647829648,0.6880630630630631,0.8417442931722796,0.6889139113522367,"CRL
 ACC ,  C  ,  Rule
0.845 0.289 ['occupation_Blue-Collar && capital_gain_0']=>0
0.842 0.689 ['neg_marital_status_Married']=>0
0.842 0.756 ['education_HS-grad && capital_gain_0']=>0
0.810 1.000 ['neg_marital_status_Separated']=>1

"
0.0027825594022071257,0.002,0.8392765739634874,0.7499744070977649,0.8368140868140869,0.7491809991809992,0.8415395639267069,0.755758010031733,"CRL
 ACC ,  C  ,  Rule
0.845 0.289 ['occupation_Blue-Collar && capital_gain_0']=>0
0.842 0.689 ['neg_marital_status_Married']=>0
0.842 0.756 ['education_HS-grad && capital_gain_0']=>0
0.810 1.000 ['neg_marital_status_Separated']=>1

"
0.0027825594022071257,0.002,0.8039583688790308,1.0,0.8068181818181818,1.0,0.8104207185996519,1.0,"CRL
 ACC ,  C  ,  Rule
0.845 0.289 ['occupation_Blue-Collar && capital_gain_0']=>0
0.842 0.689 ['neg_marital_status_Married']=>0
0.842 0.756 ['education_HS-grad && capital_gain_0']=>0
0.810 1.000 ['neg_marital_status_Separated']=>1

"
0.0027825594022071257,0.003,0.8455894898481487,0.2868793721207985,0.8421375921375921,0.2868550368550369,0.8452246903470161,0.2889753301259085,"CRL
 ACC ,  C  ,  Rule
0.845 0.289 ['occupation_Blue-Collar && capital_gain_0']=>0
0.842 0.689 ['neg_marital_status_Married']=>0
0.842 0.756 ['education_HS-grad && capital_gain_0']=>0
0.810 1.000 ['neg_marital_status_Single']=>1

"
0.0027825594022071257,0.003,0.8410851390547688,0.6886879372120798,0.8397829647829648,0.6880630630630631,0.8417442931722796,0.6889139113522367,"CRL
 ACC ,  C  ,  Rule
0.845 0.289 ['occupation_Blue-Collar && capital_gain_0']=>0
0.842 0.689 ['neg_marital_status_Married']=>0
0.842 0.756 ['education_HS-grad && capital_gain_0']=>0
0.810 1.000 ['neg_marital_status_Single']=>1

"
0.0027825594022071257,0.003,0.8392765739634874,0.7499744070977649,0.8368140868140869,0.7491809991809992,0.8415395639267069,0.755758010031733,"CRL
 ACC ,  C  ,  Rule
0.845 0.289 ['occupation_Blue-Collar && capital_gain_0']=>0
0.842 0.689 ['neg_marital_status_Married']=>0
0.842 0.756 ['education_HS-grad && capital_gain_0']=>0
0.810 1.000 ['neg_marital_status_Single']=>1

"
0.0027825594022071257,0.003,0.8039583688790308,1.0,0.8068181818181818,1.0,0.8104207185996519,1.0,"CRL
 ACC ,  C  ,  Rule
0.845 0.289 ['occupation_Blue-Collar && capital_gain_0']=>0
0.842 0.689 ['neg_marital_status_Married']=>0
0.842 0.756 ['education_HS-grad && capital_gain_0']=>0
0.810 1.000 ['neg_marital_status_Single']=>1

"
0.0027825594022071257,0.004,0.8455894898481487,0.2868793721207985,0.8421375921375921,0.2868550368550369,0.8452246903470161,0.2889753301259085,"CRL
 ACC ,  C  ,  Rule
0.845 0.289 ['occupation_Blue-Collar && capital_gain_0']=>0
0.842 0.689 ['neg_marital_status_Married']=>0
0.842 0.756 ['education_HS-grad && capital_gain_0']=>0
0.810 1.000 ['neg_marital_status_Separated']=>1

"
0.0027825594022071257,0.004,0.8410851390547688,0.6886879372120798,0.8397829647829648,0.6880630630630631,0.8417442931722796,0.6889139113522367,"CRL
 ACC ,  C  ,  Rule
0.845 0.289 ['occupation_Blue-Collar && capital_gain_0']=>0
0.842 0.689 ['neg_marital_status_Married']=>0
0.842 0.756 ['education_HS-grad && capital_gain_0']=>0
0.810 1.000 ['neg_marital_status_Separated']=>1

"
0.0027825594022071257,0.004,0.8392765739634874,0.7499744070977649,0.8368140868140869,0.7491809991809992,0.8415395639267069,0.755758010031733,"CRL
 ACC ,  C  ,  Rule
0.845 0.289 ['occupation_Blue-Collar && capital_gain_0']=>0
0.842 0.689 ['neg_marital_status_Married']=>0
0.842 0.756 ['education_HS-grad && capital_gain_0']=>0
0.810 1.000 ['neg_marital_status_Separated']=>1

"
0.0027825594022071257,0.004,0.8039583688790308,1.0,0.8068181818181818,1.0,0.8104207185996519,1.0,"CRL
 ACC ,  C  ,  Rule
0.845 0.289 ['occupation_Blue-Collar && capital_gain_0']=>0
0.842 0.689 ['neg_marital_status_Married']=>0
0.842 0.756 ['education_HS-grad && capital_gain_0']=>0
0.810 1.000 ['neg_marital_status_Separated']=>1

"
0.0027825594022071257,0.005,0.8455894898481487,0.2868793721207985,0.8421375921375921,0.2868550368550369,0.8452246903470161,0.2889753301259085,"CRL
 ACC ,  C  ,  Rule
0.845 0.289 ['occupation_Blue-Collar && capital_gain_0']=>0
0.842 0.689 ['neg_marital_status_Married']=>0
0.842 0.756 ['education_HS-grad && capital_gain_0']=>0
0.810 1.000 ['neg_marital_status_Separated']=>1

"
0.0027825594022071257,0.005,0.8410851390547688,0.6886879372120798,0.8397829647829648,0.6880630630630631,0.8417442931722796,0.6889139113522367,"CRL
 ACC ,  C  ,  Rule
0.845 0.289 ['occupation_Blue-Collar && capital_gain_0']=>0
0.842 0.689 ['neg_marital_status_Married']=>0
0.842 0.756 ['education_HS-grad && capital_gain_0']=>0
0.810 1.000 ['neg_marital_status_Separated']=>1

"
0.0027825594022071257,0.005,0.8392765739634874,0.7499744070977649,0.8368140868140869,0.7491809991809992,0.8415395639267069,0.755758010031733,"CRL
 ACC ,  C  ,  Rule
0.845 0.289 ['occupation_Blue-Collar && capital_gain_0']=>0
0.842 0.689 ['neg_marital_status_Married']=>0
0.842 0.756 ['education_HS-grad && capital_gain_0']=>0
0.810 1.000 ['neg_marital_status_Separated']=>1

"
0.0027825594022071257,0.005,0.8039583688790308,1.0,0.8068181818181818,1.0,0.8104207185996519,1.0,"CRL
 ACC ,  C  ,  Rule
0.845 0.289 ['occupation_Blue-Collar && capital_gain_0']=>0
0.842 0.689 ['neg_marital_status_Married']=>0
0.842 0.756 ['education_HS-grad && capital_gain_0']=>0
0.810 1.000 ['neg_marital_status_Separated']=>1

"
0.0027825594022071257,0.006,0.8455894898481487,0.2868793721207985,0.8421375921375921,0.2868550368550369,0.8452246903470161,0.2889753301259085,"CRL
 ACC ,  C  ,  Rule
0.845 0.289 ['occupation_Blue-Collar && capital_gain_0']=>0
0.842 0.689 ['neg_marital_status_Married']=>0
0.842 0.756 ['education_HS-grad && capital_gain_0']=>0
0.810 1.000 ['neg_marital_status_Separated']=>1

"
0.0027825594022071257,0.006,0.8410851390547688,0.6886879372120798,0.8397829647829648,0.6880630630630631,0.8417442931722796,0.6889139113522367,"CRL
 ACC ,  C  ,  Rule
0.845 0.289 ['occupation_Blue-Collar && capital_gain_0']=>0
0.842 0.689 ['neg_marital_status_Married']=>0
0.842 0.756 ['education_HS-grad && capital_gain_0']=>0
0.810 1.000 ['neg_marital_status_Separated']=>1

"
0.0027825594022071257,0.006,0.8392765739634874,0.7499744070977649,0.8368140868140869,0.7491809991809992,0.8415395639267069,0.755758010031733,"CRL
 ACC ,  C  ,  Rule
0.845 0.289 ['occupation_Blue-Collar && capital_gain_0']=>0
0.842 0.689 ['neg_marital_status_Married']=>0
0.842 0.756 ['education_HS-grad && capital_gain_0']=>0
0.810 1.000 ['neg_marital_status_Separated']=>1

"
0.0027825594022071257,0.006,0.8039583688790308,1.0,0.8068181818181818,1.0,0.8104207185996519,1.0,"CRL
 ACC ,  C  ,  Rule
0.845 0.289 ['occupation_Blue-Collar && capital_gain_0']=>0
0.842 0.689 ['neg_marital_status_Married']=>0
0.842 0.756 ['education_HS-grad && capital_gain_0']=>0
0.810 1.000 ['neg_marital_status_Separated']=>1

"
0.0027825594022071257,0.007,0.8455894898481487,0.2868793721207985,0.8421375921375921,0.2868550368550369,0.8452246903470161,0.2889753301259085,"CRL
 ACC ,  C  ,  Rule
0.845 0.289 ['occupation_Blue-Collar && capital_gain_0']=>0
0.842 0.689 ['neg_marital_status_Married']=>0
0.842 0.756 ['education_HS-grad && capital_gain_0']=>0
0.810 1.000 ['neg_marital_status_Widowed']=>1

"
0.0027825594022071257,0.007,0.8410851390547688,0.6886879372120798,0.8397829647829648,0.6880630630630631,0.8417442931722796,0.6889139113522367,"CRL
 ACC ,  C  ,  Rule
0.845 0.289 ['occupation_Blue-Collar && capital_gain_0']=>0
0.842 0.689 ['neg_marital_status_Married']=>0
0.842 0.756 ['education_HS-grad && capital_gain_0']=>0
0.810 1.000 ['neg_marital_status_Widowed']=>1

"
0.0027825594022071257,0.007,0.8392765739634874,0.7499744070977649,0.8368140868140869,0.7491809991809992,0.8415395639267069,0.755758010031733,"CRL
 ACC ,  C  ,  Rule
0.845 0.289 ['occupation_Blue-Collar && capital_gain_0']=>0
0.842 0.689 ['neg_marital_status_Married']=>0
0.842 0.756 ['education_HS-grad && capital_gain_0']=>0
0.810 1.000 ['neg_marital_status_Widowed']=>1

"
0.0027825594022071257,0.007,0.8039583688790308,1.0,0.8068181818181818,1.0,0.8104207185996519,1.0,"CRL
 ACC ,  C  ,  Rule
0.845 0.289 ['occupation_Blue-Collar && capital_gain_0']=>0
0.842 0.689 ['neg_marital_status_Married']=>0
0.842 0.756 ['education_HS-grad && capital_gain_0']=>0
0.810 1.000 ['neg_marital_status_Widowed']=>1

"
0.0027825594022071257,0.008,0.8455894898481487,0.2868793721207985,0.8421375921375921,0.2868550368550369,0.8452246903470161,0.2889753301259085,"CRL
 ACC ,  C  ,  Rule
0.845 0.289 ['occupation_Blue-Collar && capital_gain_0']=>0
0.842 0.689 ['neg_marital_status_Married']=>0
0.842 0.756 ['education_HS-grad && capital_gain_0']=>0
0.810 1.000 ['neg_marital_status_Divorced']=>1

"
0.0027825594022071257,0.008,0.8410851390547688,0.6886879372120798,0.8397829647829648,0.6880630630630631,0.8417442931722796,0.6889139113522367,"CRL
 ACC ,  C  ,  Rule
0.845 0.289 ['occupation_Blue-Collar && capital_gain_0']=>0
0.842 0.689 ['neg_marital_status_Married']=>0
0.842 0.756 ['education_HS-grad && capital_gain_0']=>0
0.810 1.000 ['neg_marital_status_Divorced']=>1

"
0.0027825594022071257,0.008,0.8392765739634874,0.7499744070977649,0.8368140868140869,0.7491809991809992,0.8415395639267069,0.755758010031733,"CRL
 ACC ,  C  ,  Rule
0.845 0.289 ['occupation_Blue-Collar && capital_gain_0']=>0
0.842 0.689 ['neg_marital_status_Married']=>0
0.842 0.756 ['education_HS-grad && capital_gain_0']=>0
0.810 1.000 ['neg_marital_status_Divorced']=>1

"
0.0027825594022071257,0.008,0.8039583688790308,1.0,0.8068181818181818,1.0,0.8104207185996519,1.0,"CRL
 ACC ,  C  ,  Rule
0.845 0.289 ['occupation_Blue-Collar && capital_gain_0']=>0
0.842 0.689 ['neg_marital_status_Married']=>0
0.842 0.756 ['education_HS-grad && capital_gain_0']=>0
0.810 1.000 ['neg_marital_status_Divorced']=>1

"
0.0027825594022071257,0.009000000000000001,0.8455894898481487,0.2868793721207985,0.8421375921375921,0.2868550368550369,0.8452246903470161,0.2889753301259085,"CRL
 ACC ,  C  ,  Rule
0.845 0.289 ['occupation_Blue-Collar && capital_gain_0']=>0
0.842 0.689 ['neg_marital_status_Married']=>0
0.842 0.756 ['education_HS-grad && capital_gain_0']=>0
0.810 1.000 ['neg_marital_status_Divorced']=>1

"
0.0027825594022071257,0.009000000000000001,0.8410851390547688,0.6886879372120798,0.8397829647829648,0.6880630630630631,0.8417442931722796,0.6889139113522367,"CRL
 ACC ,  C  ,  Rule
0.845 0.289 ['occupation_Blue-Collar && capital_gain_0']=>0
0.842 0.689 ['neg_marital_status_Married']=>0
0.842 0.756 ['education_HS-grad && capital_gain_0']=>0
0.810 1.000 ['neg_marital_status_Divorced']=>1

"
0.0027825594022071257,0.009000000000000001,0.8392765739634874,0.7499744070977649,0.8368140868140869,0.7491809991809992,0.8415395639267069,0.755758010031733,"CRL
 ACC ,  C  ,  Rule
0.845 0.289 ['occupation_Blue-Collar && capital_gain_0']=>0
0.842 0.689 ['neg_marital_status_Married']=>0
0.842 0.756 ['education_HS-grad && capital_gain_0']=>0
0.810 1.000 ['neg_marital_status_Divorced']=>1

"
0.0027825594022071257,0.009000000000000001,0.8039583688790308,1.0,0.8068181818181818,1.0,0.8104207185996519,1.0,"CRL
 ACC ,  C  ,  Rule
0.845 0.289 ['occupation_Blue-Collar && capital_gain_0']=>0
0.842 0.689 ['neg_marital_status_Married']=>0
0.842 0.756 ['education_HS-grad && capital_gain_0']=>0
0.810 1.000 ['neg_marital_status_Divorced']=>1

"
0.0027825594022071257,0.01,0.8455894898481487,0.2868793721207985,0.8421375921375921,0.2868550368550369,0.8452246903470161,0.2889753301259085,"CRL
 ACC ,  C  ,  Rule
0.845 0.289 ['occupation_Blue-Collar && capital_gain_0']=>0
0.842 0.689 ['neg_marital_status_Married']=>0
0.842 0.756 ['education_HS-grad && capital_gain_0']=>0
0.810 1.000 ['neg_marital_status_Divorced']=>1

"
0.0027825594022071257,0.01,0.8410851390547688,0.6886879372120798,0.8397829647829648,0.6880630630630631,0.8417442931722796,0.6889139113522367,"CRL
 ACC ,  C  ,  Rule
0.845 0.289 ['occupation_Blue-Collar && capital_gain_0']=>0
0.842 0.689 ['neg_marital_status_Married']=>0
0.842 0.756 ['education_HS-grad && capital_gain_0']=>0
0.810 1.000 ['neg_marital_status_Divorced']=>1

"
0.0027825594022071257,0.01,0.8392765739634874,0.7499744070977649,0.8368140868140869,0.7491809991809992,0.8415395639267069,0.755758010031733,"CRL
 ACC ,  C  ,  Rule
0.845 0.289 ['occupation_Blue-Collar && capital_gain_0']=>0
0.842 0.689 ['neg_marital_status_Married']=>0
0.842 0.756 ['education_HS-grad && capital_gain_0']=>0
0.810 1.000 ['neg_marital_status_Divorced']=>1

"
0.0027825594022071257,0.01,0.8039583688790308,1.0,0.8068181818181818,1.0,0.8104207185996519,1.0,"CRL
 ACC ,  C  ,  Rule
0.845 0.289 ['occupation_Blue-Collar && capital_gain_0']=>0
0.842 0.689 ['neg_marital_status_Married']=>0
0.842 0.756 ['education_HS-grad && capital_gain_0']=>0
0.810 1.000 ['neg_marital_status_Divorced']=>1

"
0.004641588833612777,0.001,0.8455894898481487,0.2868793721207985,0.8421375921375921,0.2868550368550369,0.8452246903470161,0.2889753301259085,"CRL
 ACC ,  C  ,  Rule
0.845 0.289 ['occupation_Blue-Collar && capital_gain_0']=>0
0.842 0.689 ['neg_marital_status_Married']=>0
0.784 1.000 ['marital_status_Married']=>1

"
0.004641588833612777,0.001,0.8410851390547688,0.6886879372120798,0.8397829647829648,0.6880630630630631,0.8417442931722796,0.6889139113522367,"CRL
 ACC ,  C  ,  Rule
0.845 0.289 ['occupation_Blue-Collar && capital_gain_0']=>0
0.842 0.689 ['neg_marital_status_Married']=>0
0.784 1.000 ['marital_status_Married']=>1

"
0.004641588833612777,0.001,0.7813001194335437,1.0,0.7843980343980343,1.0,0.7841130105435562,1.0,"CRL
 ACC ,  C  ,  Rule
0.845 0.289 ['occupation_Blue-Collar && capital_gain_0']=>0
0.842 0.689 ['neg_marital_status_Married']=>0
0.784 1.000 ['marital_status_Married']=>1

"
0.004641588833612777,0.002,0.8455894898481487,0.2868793721207985,0.8421375921375921,0.2868550368550369,0.8452246903470161,0.2889753301259085,"CRL
 ACC ,  C  ,  Rule
0.845 0.289 ['occupation_Blue-Collar && capital_gain_0']=>0
0.842 0.689 ['neg_marital_status_Married']=>0
0.784 1.000 ['neg_marital_status_Separated']=>1

"
0.004641588833612777,0.002,0.8410851390547688,0.6886879372120798,0.8397829647829648,0.6880630630630631,0.8417442931722796,0.6889139113522367,"CRL
 ACC ,  C  ,  Rule
0.845 0.289 ['occupation_Blue-Collar && capital_gain_0']=>0
0.842 0.689 ['neg_marital_status_Married']=>0
0.784 1.000 ['neg_marital_status_Separated']=>1

"
0.004641588833612777,0.002,0.7813001194335437,1.0,0.7843980343980343,1.0,0.7841130105435562,1.0,"CRL
 ACC ,  C  ,  Rule
0.845 0.289 ['occupation_Blue-Collar && capital_gain_0']=>0
0.842 0.689 ['neg_marital_status_Married']=>0
0.784 1.000 ['neg_marital_status_Separated']=>1

"
0.004641588833612777,0.003,0.8455894898481487,0.2868793721207985,0.8421375921375921,0.2868550368550369,0.8452246903470161,0.2889753301259085,"CRL
 ACC ,  C  ,  Rule
0.845 0.289 ['occupation_Blue-Collar && capital_gain_0']=>0
0.842 0.689 ['neg_marital_status_Married']=>0
0.784 1.000 ['neg_marital_status_Separated']=>1

"
0.004641588833612777,0.003,0.8410851390547688,0.6886879372120798,0.8397829647829648,0.6880630630630631,0.8417442931722796,0.6889139113522367,"CRL
 ACC ,  C  ,  Rule
0.845 0.289 ['occupation_Blue-Collar && capital_gain_0']=>0
0.842 0.689 ['neg_marital_status_Married']=>0
0.784 1.000 ['neg_marital_status_Separated']=>1

"
0.004641588833612777,0.003,0.7813001194335437,1.0,0.7843980343980343,1.0,0.7841130105435562,1.0,"CRL
 ACC ,  C  ,  Rule
0.845 0.289 ['occupation_Blue-Collar && capital_gain_0']=>0
0.842 0.689 ['neg_marital_status_Married']=>0
0.784 1.000 ['neg_marital_status_Separated']=>1

"
0.004641588833612777,0.004,0.8455894898481487,0.2868793721207985,0.8421375921375921,0.2868550368550369,0.8452246903470161,0.2889753301259085,"CRL
 ACC ,  C  ,  Rule
0.845 0.289 ['occupation_Blue-Collar && capital_gain_0']=>0
0.842 0.689 ['neg_marital_status_Married']=>0
0.784 1.000 ['neg_marital_status_Separated']=>1

"
0.004641588833612777,0.004,0.8410851390547688,0.6886879372120798,0.8397829647829648,0.6880630630630631,0.8417442931722796,0.6889139113522367,"CRL
 ACC ,  C  ,  Rule
0.845 0.289 ['occupation_Blue-Collar && capital_gain_0']=>0
0.842 0.689 ['neg_marital_status_Married']=>0
0.784 1.000 ['neg_marital_status_Separated']=>1

"
0.004641588833612777,0.004,0.7813001194335437,1.0,0.7843980343980343,1.0,0.7841130105435562,1.0,"CRL
 ACC ,  C  ,  Rule
0.845 0.289 ['occupation_Blue-Collar && capital_gain_0']=>0
0.842 0.689 ['neg_marital_status_Married']=>0
0.784 1.000 ['neg_marital_status_Separated']=>1

"
0.004641588833612777,0.005,0.8455894898481487,0.2868793721207985,0.8421375921375921,0.2868550368550369,0.8452246903470161,0.2889753301259085,"CRL
 ACC ,  C  ,  Rule
0.845 0.289 ['occupation_Blue-Collar && capital_gain_0']=>0
0.842 0.689 ['neg_marital_status_Married']=>0
0.784 1.000 ['marital_status_Married']=>1

"
0.004641588833612777,0.005,0.8410851390547688,0.6886879372120798,0.8397829647829648,0.6880630630630631,0.8417442931722796,0.6889139113522367,"CRL
 ACC ,  C  ,  Rule
0.845 0.289 ['occupation_Blue-Collar && capital_gain_0']=>0
0.842 0.689 ['neg_marital_status_Married']=>0
0.784 1.000 ['marital_status_Married']=>1

"
0.004641588833612777,0.005,0.7813001194335437,1.0,0.7843980343980343,1.0,0.7841130105435562,1.0,"CRL
 ACC ,  C  ,  Rule
0.845 0.289 ['occupation_Blue-Collar && capital_gain_0']=>0
0.842 0.689 ['neg_marital_status_Married']=>0
0.784 1.000 ['marital_status_Married']=>1

"
0.004641588833612777,0.006,0.8455894898481487,0.2868793721207985,0.8421375921375921,0.2868550368550369,0.8452246903470161,0.2889753301259085,"CRL
 ACC ,  C  ,  Rule
0.845 0.289 ['occupation_Blue-Collar && capital_gain_0']=>0
0.842 0.689 ['neg_marital_status_Married']=>0
0.784 1.000 ['marital_status_Married']=>1

"
0.004641588833612777,0.006,0.8410851390547688,0.6886879372120798,0.8397829647829648,0.6880630630630631,0.8417442931722796,0.6889139113522367,"CRL
 ACC ,  C  ,  Rule
0.845 0.289 ['occupation_Blue-Collar && capital_gain_0']=>0
0.842 0.689 ['neg_marital_status_Married']=>0
0.784 1.000 ['marital_status_Married']=>1

"
0.004641588833612777,0.006,0.7813001194335437,1.0,0.7843980343980343,1.0,0.7841130105435562,1.0,"CRL
 ACC ,  C  ,  Rule
0.845 0.289 ['occupation_Blue-Collar && capital_gain_0']=>0
0.842 0.689 ['neg_marital_status_Married']=>0
0.784 1.000 ['marital_status_Married']=>1

"
0.004641588833612777,0.007,0.8455894898481487,0.2868793721207985,0.8421375921375921,0.2868550368550369,0.8452246903470161,0.2889753301259085,"CRL
 ACC ,  C  ,  Rule
0.845 0.289 ['occupation_Blue-Collar && capital_gain_0']=>0
0.842 0.689 ['neg_marital_status_Married']=>0
0.784 1.000 ['neg_marital_status_Divorced']=>1

"
0.004641588833612777,0.007,0.8410851390547688,0.6886879372120798,0.8397829647829648,0.6880630630630631,0.8417442931722796,0.6889139113522367,"CRL
 ACC ,  C  ,  Rule
0.845 0.289 ['occupation_Blue-Collar && capital_gain_0']=>0
0.842 0.689 ['neg_marital_status_Married']=>0
0.784 1.000 ['neg_marital_status_Divorced']=>1

"
0.004641588833612777,0.007,0.7813001194335437,1.0,0.7843980343980343,1.0,0.7841130105435562,1.0,"CRL
 ACC ,  C  ,  Rule
0.845 0.289 ['occupation_Blue-Collar && capital_gain_0']=>0
0.842 0.689 ['neg_marital_status_Married']=>0
0.784 1.000 ['neg_marital_status_Divorced']=>1

"
0.004641588833612777,0.008,0.8455894898481487,0.2868793721207985,0.8421375921375921,0.2868550368550369,0.8452246903470161,0.2889753301259085,"CRL
 ACC ,  C  ,  Rule
0.845 0.289 ['occupation_Blue-Collar && capital_gain_0']=>0
0.842 0.689 ['neg_marital_status_Married']=>0
0.784 1.000 ['neg_marital_status_Separated']=>1

"
0.004641588833612777,0.008,0.8410851390547688,0.6886879372120798,0.8397829647829648,0.6880630630630631,0.8417442931722796,0.6889139113522367,"CRL
 ACC ,  C  ,  Rule
0.845 0.289 ['occupation_Blue-Collar && capital_gain_0']=>0
0.842 0.689 ['neg_marital_status_Married']=>0
0.784 1.000 ['neg_marital_status_Separated']=>1

"
0.004641588833612777,0.008,0.7813001194335437,1.0,0.7843980343980343,1.0,0.7841130105435562,1.0,"CRL
 ACC ,  C  ,  Rule
0.845 0.289 ['occupation_Blue-Collar && capital_gain_0']=>0
0.842 0.689 ['neg_marital_status_Married']=>0
0.784 1.000 ['neg_marital_status_Separated']=>1

"
0.004641588833612777,0.009000000000000001,0.8455894898481487,0.2868793721207985,0.8421375921375921,0.2868550368550369,0.8452246903470161,0.2889753301259085,"CRL
 ACC ,  C  ,  Rule
0.845 0.289 ['occupation_Blue-Collar && capital_gain_0']=>0
0.842 0.689 ['neg_marital_status_Married']=>0
0.784 1.000 ['neg_marital_status_Separated']=>1

"
0.004641588833612777,0.009000000000000001,0.8410851390547688,0.6886879372120798,0.8397829647829648,0.6880630630630631,0.8417442931722796,0.6889139113522367,"CRL
 ACC ,  C  ,  Rule
0.845 0.289 ['occupation_Blue-Collar && capital_gain_0']=>0
0.842 0.689 ['neg_marital_status_Married']=>0
0.784 1.000 ['neg_marital_status_Separated']=>1

"
0.004641588833612777,0.009000000000000001,0.7813001194335437,1.0,0.7843980343980343,1.0,0.7841130105435562,1.0,"CRL
 ACC ,  C  ,  Rule
0.845 0.289 ['occupation_Blue-Collar && capital_gain_0']=>0
0.842 0.689 ['neg_marital_status_Married']=>0
0.784 1.000 ['neg_marital_status_Separated']=>1

"
0.004641588833612777,0.01,0.8455894898481487,0.2868793721207985,0.8421375921375921,0.2868550368550369,0.8452246903470161,0.2889753301259085,"CRL
 ACC ,  C  ,  Rule
0.845 0.289 ['occupation_Blue-Collar && capital_gain_0']=>0
0.842 0.689 ['neg_marital_status_Married']=>0
0.784 1.000 ['neg_marital_status_Widowed']=>1

"
0.004641588833612777,0.01,0.8410851390547688,0.6886879372120798,0.8397829647829648,0.6880630630630631,0.8417442931722796,0.6889139113522367,"CRL
 ACC ,  C  ,  Rule
0.845 0.289 ['occupation_Blue-Collar && capital_gain_0']=>0
0.842 0.689 ['neg_marital_status_Married']=>0
0.784 1.000 ['neg_marital_status_Widowed']=>1

"
0.004641588833612777,0.01,0.7813001194335437,1.0,0.7843980343980343,1.0,0.7841130105435562,1.0,"CRL
 ACC ,  C  ,  Rule
0.845 0.289 ['occupation_Blue-Collar && capital_gain_0']=>0
0.842 0.689 ['neg_marital_status_Married']=>0
0.784 1.000 ['neg_marital_status_Widowed']=>1

"
0.007742636826811269,0.001,0.8455894898481487,0.2868793721207985,0.8421375921375921,0.2868550368550369,0.8452246903470161,0.2889753301259085,"CRL
 ACC ,  C  ,  Rule
0.845 0.289 ['occupation_Blue-Collar && capital_gain_0']=>0
0.842 0.689 ['neg_marital_status_Married']=>0
0.784 1.000 ['marital_status_Married']=>1

"
0.007742636826811269,0.001,0.8410851390547688,0.6886879372120798,0.8397829647829648,0.6880630630630631,0.8417442931722796,0.6889139113522367,"CRL
 ACC ,  C  ,  Rule
0.845 0.289 ['occupation_Blue-Collar && capital_gain_0']=>0
0.842 0.689 ['neg_marital_status_Married']=>0
0.784 1.000 ['marital_status_Married']=>1

"
0.007742636826811269,0.001,0.7813001194335437,1.0,0.7843980343980343,1.0,0.7841130105435562,1.0,"CRL
 ACC ,  C  ,  Rule
0.845 0.289 ['occupation_Blue-Collar && capital_gain_0']=>0
0.842 0.689 ['neg_marital_status_Married']=>0
0.784 1.000 ['marital_status_Married']=>1

"
0.007742636826811269,0.002,0.8455894898481487,0.2868793721207985,0.8421375921375921,0.2868550368550369,0.8452246903470161,0.2889753301259085,"CRL
 ACC ,  C  ,  Rule
0.845 0.289 ['occupation_Blue-Collar && capital_gain_0']=>0
0.842 0.689 ['neg_marital_status_Married']=>0
0.784 1.000 ['neg_marital_status_Single']=>1

"
0.007742636826811269,0.002,0.8410851390547688,0.6886879372120798,0.8397829647829648,0.6880630630630631,0.8417442931722796,0.6889139113522367,"CRL
 ACC ,  C  ,  Rule
0.845 0.289 ['occupation_Blue-Collar && capital_gain_0']=>0
0.842 0.689 ['neg_marital_status_Married']=>0
0.784 1.000 ['neg_marital_status_Single']=>1

"
0.007742636826811269,0.002,0.7813001194335437,1.0,0.7843980343980343,1.0,0.7841130105435562,1.0,"CRL
 ACC ,  C  ,  Rule
0.845 0.289 ['occupation_Blue-Collar && capital_gain_0']=>0
0.842 0.689 ['neg_marital_status_Married']=>0
0.784 1.000 ['neg_marital_status_Single']=>1

"
0.007742636826811269,0.003,0.8455894898481487,0.2868793721207985,0.8421375921375921,0.2868550368550369,0.8452246903470161,0.2889753301259085,"CRL
 ACC ,  C  ,  Rule
0.845 0.289 ['occupation_Blue-Collar && capital_gain_0']=>0
0.842 0.689 ['neg_marital_status_Married']=>0
0.784 1.000 ['neg_marital_status_Widowed']=>1

"
0.007742636826811269,0.003,0.8410851390547688,0.6886879372120798,0.8397829647829648,0.6880630630630631,0.8417442931722796,0.6889139113522367,"CRL
 ACC ,  C  ,  Rule
0.845 0.289 ['occupation_Blue-Collar && capital_gain_0']=>0
0.842 0.689 ['neg_marital_status_Married']=>0
0.784 1.000 ['neg_marital_status_Widowed']=>1

"
0.007742636826811269,0.003,0.7813001194335437,1.0,0.7843980343980343,1.0,0.7841130105435562,1.0,"CRL
 ACC ,  C  ,  Rule
0.845 0.289 ['occupation_Blue-Collar && capital_gain_0']=>0
0.842 0.689 ['neg_marital_status_Married']=>0
0.784 1.000 ['neg_marital_status_Widowed']=>1

"
0.007742636826811269,0.004,0.8455894898481487,0.2868793721207985,0.8421375921375921,0.2868550368550369,0.8452246903470161,0.2889753301259085,"CRL
 ACC ,  C  ,  Rule
0.845 0.289 ['occupation_Blue-Collar && capital_gain_0']=>0
0.842 0.689 ['neg_marital_status_Married']=>0
0.784 1.000 ['neg_marital_status_Widowed']=>1

"
0.007742636826811269,0.004,0.8410851390547688,0.6886879372120798,0.8397829647829648,0.6880630630630631,0.8417442931722796,0.6889139113522367,"CRL
 ACC ,  C  ,  Rule
0.845 0.289 ['occupation_Blue-Collar && capital_gain_0']=>0
0.842 0.689 ['neg_marital_status_Married']=>0
0.784 1.000 ['neg_marital_status_Widowed']=>1

"
0.007742636826811269,0.004,0.7813001194335437,1.0,0.7843980343980343,1.0,0.7841130105435562,1.0,"CRL
 ACC ,  C  ,  Rule
0.845 0.289 ['occupation_Blue-Collar && capital_gain_0']=>0
0.842 0.689 ['neg_marital_status_Married']=>0
0.784 1.000 ['neg_marital_status_Widowed']=>1

"
0.007742636826811269,0.005,0.8455894898481487,0.2868793721207985,0.8421375921375921,0.2868550368550369,0.8452246903470161,0.2889753301259085,"CRL
 ACC ,  C  ,  Rule
0.845 0.289 ['occupation_Blue-Collar && capital_gain_0']=>0
0.842 0.689 ['neg_marital_status_Married']=>0
0.784 1.000 ['neg_marital_status_Widowed']=>1

"
0.007742636826811269,0.005,0.8410851390547688,0.6886879372120798,0.8397829647829648,0.6880630630630631,0.8417442931722796,0.6889139113522367,"CRL
 ACC ,  C  ,  Rule
0.845 0.289 ['occupation_Blue-Collar && capital_gain_0']=>0
0.842 0.689 ['neg_marital_status_Married']=>0
0.784 1.000 ['neg_marital_status_Widowed']=>1

"
0.007742636826811269,0.005,0.7813001194335437,1.0,0.7843980343980343,1.0,0.7841130105435562,1.0,"CRL
 ACC ,  C  ,  Rule
0.845 0.289 ['occupation_Blue-Collar && capital_gain_0']=>0
0.842 0.689 ['neg_marital_status_Married']=>0
0.784 1.000 ['neg_marital_status_Widowed']=>1

"
0.007742636826811269,0.006,0.8455894898481487,0.2868793721207985,0.8421375921375921,0.2868550368550369,0.8452246903470161,0.2889753301259085,"CRL
 ACC ,  C  ,  Rule
0.845 0.289 ['occupation_Blue-Collar && capital_gain_0']=>0
0.842 0.689 ['neg_marital_status_Married']=>0
0.784 1.000 ['neg_marital_status_Widowed']=>1

"
0.007742636826811269,0.006,0.8410851390547688,0.6886879372120798,0.8397829647829648,0.6880630630630631,0.8417442931722796,0.6889139113522367,"CRL
 ACC ,  C  ,  Rule
0.845 0.289 ['occupation_Blue-Collar && capital_gain_0']=>0
0.842 0.689 ['neg_marital_status_Married']=>0
0.784 1.000 ['neg_marital_status_Widowed']=>1

"
0.007742636826811269,0.006,0.7813001194335437,1.0,0.7843980343980343,1.0,0.7841130105435562,1.0,"CRL
 ACC ,  C  ,  Rule
0.845 0.289 ['occupation_Blue-Collar && capital_gain_0']=>0
0.842 0.689 ['neg_marital_status_Married']=>0
0.784 1.000 ['neg_marital_status_Widowed']=>1

"
0.007742636826811269,0.007,0.8455894898481487,0.2868793721207985,0.8421375921375921,0.2868550368550369,0.8452246903470161,0.2889753301259085,"CRL
 ACC ,  C  ,  Rule
0.845 0.289 ['occupation_Blue-Collar && capital_gain_0']=>0
0.842 0.689 ['neg_marital_status_Married']=>0
0.784 1.000 ['neg_marital_status_Widowed']=>1

"
0.007742636826811269,0.007,0.8410851390547688,0.6886879372120798,0.8397829647829648,0.6880630630630631,0.8417442931722796,0.6889139113522367,"CRL
 ACC ,  C  ,  Rule
0.845 0.289 ['occupation_Blue-Collar && capital_gain_0']=>0
0.842 0.689 ['neg_marital_status_Married']=>0
0.784 1.000 ['neg_marital_status_Widowed']=>1

"
0.007742636826811269,0.007,0.7813001194335437,1.0,0.7843980343980343,1.0,0.7841130105435562,1.0,"CRL
 ACC ,  C  ,  Rule
0.845 0.289 ['occupation_Blue-Collar && capital_gain_0']=>0
0.842 0.689 ['neg_marital_status_Married']=>0
0.784 1.000 ['neg_marital_status_Widowed']=>1

"
0.007742636826811269,0.008,0.8455894898481487,0.2868793721207985,0.8421375921375921,0.2868550368550369,0.8452246903470161,0.2889753301259085,"CRL
 ACC ,  C  ,  Rule
0.845 0.289 ['occupation_Blue-Collar && capital_gain_0']=>0
0.842 0.689 ['neg_marital_status_Married']=>0
0.784 1.000 ['neg_marital_status_Single']=>1

"
0.007742636826811269,0.008,0.8410851390547688,0.6886879372120798,0.8397829647829648,0.6880630630630631,0.8417442931722796,0.6889139113522367,"CRL
 ACC ,  C  ,  Rule
0.845 0.289 ['occupation_Blue-Collar && capital_gain_0']=>0
0.842 0.689 ['neg_marital_status_Married']=>0
0.784 1.000 ['neg_marital_status_Single']=>1

"
0.007742636826811269,0.008,0.7813001194335437,1.0,0.7843980343980343,1.0,0.7841130105435562,1.0,"CRL
 ACC ,  C  ,  Rule
0.845 0.289 ['occupation_Blue-Collar && capital_gain_0']=>0
0.842 0.689 ['neg_marital_status_Married']=>0
0.784 1.000 ['neg_marital_status_Single']=>1

"
0.007742636826811269,0.009000000000000001,0.8455894898481487,0.2868793721207985,0.8421375921375921,0.2868550368550369,0.8452246903470161,0.2889753301259085,"CRL
 ACC ,  C  ,  Rule
0.845 0.289 ['occupation_Blue-Collar && capital_gain_0']=>0
0.842 0.689 ['neg_marital_status_Married']=>0
0.784 1.000 ['neg_marital_status_Single']=>1

"
0.007742636826811269,0.009000000000000001,0.8410851390547688,0.6886879372120798,0.8397829647829648,0.6880630630630631,0.8417442931722796,0.6889139113522367,"CRL
 ACC ,  C  ,  Rule
0.845 0.289 ['occupation_Blue-Collar && capital_gain_0']=>0
0.842 0.689 ['neg_marital_status_Married']=>0
0.784 1.000 ['neg_marital_status_Single']=>1

"
0.007742636826811269,0.009000000000000001,0.7813001194335437,1.0,0.7843980343980343,1.0,0.7841130105435562,1.0,"CRL
 ACC ,  C  ,  Rule
0.845 0.289 ['occupation_Blue-Collar && capital_gain_0']=>0
0.842 0.689 ['neg_marital_status_Married']=>0
0.784 1.000 ['neg_marital_status_Single']=>1

"
0.007742636826811269,0.01,0.8455894898481487,0.2868793721207985,0.8421375921375921,0.2868550368550369,0.8452246903470161,0.2889753301259085,"CRL
 ACC ,  C  ,  Rule
0.845 0.289 ['occupation_Blue-Collar && capital_gain_0']=>0
0.842 0.689 ['neg_marital_status_Married']=>0
0.784 1.000 ['neg_marital_status_Single']=>1

"
0.007742636826811269,0.01,0.8410851390547688,0.6886879372120798,0.8397829647829648,0.6880630630630631,0.8417442931722796,0.6889139113522367,"CRL
 ACC ,  C  ,  Rule
0.845 0.289 ['occupation_Blue-Collar && capital_gain_0']=>0
0.842 0.689 ['neg_marital_status_Married']=>0
0.784 1.000 ['neg_marital_status_Single']=>1

"
0.007742636826811269,0.01,0.7813001194335437,1.0,0.7843980343980343,1.0,0.7841130105435562,1.0,"CRL
 ACC ,  C  ,  Rule
0.845 0.289 ['occupation_Blue-Collar && capital_gain_0']=>0
0.842 0.689 ['neg_marital_status_Married']=>0
0.784 1.000 ['neg_marital_status_Single']=>1

"
0.01291549665014884,0.001,0.8091110731957004,0.8688619689472786,0.8040540540540541,0.8722358722358723,0.8075545091616337,0.8745009724639164,"CRL
 ACC ,  C  ,  Rule
0.808 0.875 ['capital_gain_0 && capital_loss_0']=>0
0.781 0.999 ['neg_race_Other']=>1

"
0.01291549665014884,0.001,0.7811636239549565,0.99924927486777,0.7778460278460279,0.9990786240786241,0.7806326133688197,0.9993858122632818,"CRL
 ACC ,  C  ,  Rule
0.808 0.875 ['capital_gain_0 && capital_loss_0']=>0
0.781 0.999 ['neg_race_Other']=>1

"
0.01291549665014884,0.002,0.8091110731957004,0.8688619689472786,0.8040540540540541,0.8722358722358723,0.8075545091616337,0.8745009724639164,"CRL
 ACC ,  C  ,  Rule
0.808 0.875 ['capital_gain_0 && capital_loss_0']=>0
0.781 0.999 ['neg_race_Other']=>1

"
0.01291549665014884,0.002,0.7811636239549565,0.99924927486777,0.7778460278460279,0.9990786240786241,0.7806326133688197,0.9993858122632818,"CRL
 ACC ,  C  ,  Rule
0.808 0.875 ['capital_gain_0 && capital_loss_0']=>0
0.781 0.999 ['neg_race_Other']=>1

"
0.01291549665014884,0.003,0.8091110731957004,0.8688619689472786,0.8040540540540541,0.8722358722358723,0.8075545091616337,0.8745009724639164,"CRL
 ACC ,  C  ,  Rule
0.808 0.875 ['capital_gain_0 && capital_loss_0']=>0
0.781 0.999 ['neg_race_Other']=>1

"
0.01291549665014884,0.003,0.7811636239549565,0.99924927486777,0.7778460278460279,0.9990786240786241,0.7806326133688197,0.9993858122632818,"CRL
 ACC ,  C  ,  Rule
0.808 0.875 ['capital_gain_0 && capital_loss_0']=>0
0.781 0.999 ['neg_race_Other']=>1

"
0.01291549665014884,0.004,0.8422794744924075,0.5282375021327419,0.8402948402948403,0.5273341523341524,0.8423584809089979,0.5289180059371481,"CRL
 ACC ,  C  ,  Rule
0.842 0.529 ['neg_marital_status_Married']=>0
0.760 1.000 ['neg_marital_status_Single']=>0

"
0.01291549665014884,0.004,0.7605869305579253,1.0,0.7613636363636364,1.0,0.7604667826799059,1.0,"CRL
 ACC ,  C  ,  Rule
0.842 0.529 ['neg_marital_status_Married']=>0
0.760 1.000 ['neg_marital_status_Single']=>0

"
0.01291549665014884,0.005,0.8422794744924075,0.5282375021327419,0.8402948402948403,0.5273341523341524,0.8423584809089979,0.5289180059371481,"CRL
 ACC ,  C  ,  Rule
0.842 0.529 ['neg_marital_status_Married']=>0
0.760 1.000 ['neg_marital_status_Single']=>0

"
0.01291549665014884,0.005,0.7605869305579253,1.0,0.7613636363636364,1.0,0.7604667826799059,1.0,"CRL
 ACC ,  C  ,  Rule
0.842 0.529 ['neg_marital_status_Married']=>0
0.760 1.000 ['neg_marital_status_Single']=>0

"
0.01291549665014884,0.006,0.8422794744924075,0.5282375021327419,0.8402948402948403,0.5273341523341524,0.8423584809089979,0.5289180059371481,"CRL
 ACC ,  C  ,  Rule
0.842 0.529 ['neg_marital_status_Married']=>0
0.760 1.000 ['neg_marital_status_Separated']=>0

"
0.01291549665014884,0.006,0.7605869305579253,1.0,0.7613636363636364,1.0,0.7604667826799059,1.0,"CRL
 ACC ,  C  ,  Rule
0.842 0.529 ['neg_marital_status_Married']=>0
0.760 1.000 ['neg_marital_status_Separated']=>0

"
0.01291549665014884,0.007,0.8422794744924075,0.5282375021327419,0.8402948402948403,0.5273341523341524,0.8423584809089979,0.5289180059371481,"CRL
 ACC ,  C  ,  Rule
0.842 0.529 ['neg_marital_status_Married']=>0
0.760 1.000 ['neg_marital_status_Separated']=>0

"
0.01291549665014884,0.007,0.7605869305579253,1.0,0.7613636363636364,1.0,0.7604667826799059,1.0,"CRL
 ACC ,  C  ,  Rule
0.842 0.529 ['neg_marital_status_Married']=>0
0.760 1.000 ['neg_marital_status_Separated']=>0

"
0.01291549665014884,0.008,0.8422794744924075,0.5282375021327419,0.8402948402948403,0.5273341523341524,0.8423584809089979,0.5289180059371481,"CRL
 ACC ,  C  ,  Rule
0.842 0.529 ['neg_marital_status_Married']=>0
0.760 1.000 ['neg_marital_status_Widowed']=>0

"
0.01291549665014884,0.008,0.7605869305579253,1.0,0.7613636363636364,1.0,0.7604667826799059,1.0,"CRL
 ACC ,  C  ,  Rule
0.842 0.529 ['neg_marital_status_Married']=>0
0.760 1.000 ['neg_marital_status_Widowed']=>0

"
0.01291549665014884,0.009000000000000001,0.8422794744924075,0.5282375021327419,0.8402948402948403,0.5273341523341524,0.8423584809089979,0.5289180059371481,"CRL
 ACC ,  C  ,  Rule
0.842 0.529 ['neg_marital_status_Married']=>0
0.760 1.000 ['neg_marital_status_Widowed']=>0

"
0.01291549665014884,0.009000000000000001,0.7605869305579253,1.0,0.7613636363636364,1.0,0.7604667826799059,1.0,"CRL
 ACC ,  C  ,  Rule
0.842 0.529 ['neg_marital_status_Married']=>0
0.760 1.000 ['neg_marital_status_Widowed']=>0

"
0.01291549665014884,0.01,0.8422794744924075,0.5282375021327419,0.8402948402948403,0.5273341523341524,0.8423584809089979,0.5289180059371481,"CRL
 ACC ,  C  ,  Rule
0.842 0.529 ['neg_marital_status_Married']=>0
0.760 1.000 ['neg_marital_status_Single']=>0

"
0.01291549665014884,0.01,0.7605869305579253,1.0,0.7613636363636364,1.0,0.7604667826799059,1.0,"CRL
 ACC ,  C  ,  Rule
0.842 0.529 ['neg_marital_status_Married']=>0
0.760 1.000 ['neg_marital_status_Single']=>0

"
0.021544346900318832,0.001,0.8091110731957004,0.8688619689472786,0.8040540540540541,0.8722358722358723,0.8075545091616337,0.8745009724639164,"CRL
 ACC ,  C  ,  Rule
0.808 0.875 ['capital_gain_0 && capital_loss_0']=>0
0.781 0.999 ['neg_race_Other']=>1

"
0.021544346900318832,0.001,0.7811636239549565,0.99924927486777,0.7778460278460279,0.9990786240786241,0.7806326133688197,0.9993858122632818,"CRL
 ACC ,  C  ,  Rule
0.808 0.875 ['capital_gain_0 && capital_loss_0']=>0
0.781 0.999 ['neg_race_Other']=>1

"
0.021544346900318832,0.002,0.8091110731957004,0.8688619689472786,0.8040540540540541,0.8722358722358723,0.8075545091616337,0.8745009724639164,"CRL
 ACC ,  C  ,  Rule
0.808 0.875 ['capital_gain_0 && capital_loss_0']=>0
0.781 0.999 ['neg_race_Other']=>1

"
0.021544346900318832,0.002,0.7811636239549565,0.99924927486777,0.7778460278460279,0.9990786240786241,0.7806326133688197,0.9993858122632818,"CRL
 ACC ,  C  ,  Rule
0.808 0.875 ['capital_gain_0 && capital_loss_0']=>0
0.781 0.999 ['neg_race_Other']=>1

"
0.021544346900318832,0.003,0.8422794744924075,0.5282375021327419,0.8402948402948403,0.5273341523341524,0.8423584809089979,0.5289180059371481,"CRL
 ACC ,  C  ,  Rule
0.842 0.529 ['neg_marital_status_Married']=>0
0.760 1.000 ['neg_marital_status_Separated']=>0

"
0.021544346900318832,0.003,0.7605869305579253,1.0,0.7613636363636364,1.0,0.7604667826799059,1.0,"CRL
 ACC ,  C  ,  Rule
0.842 0.529 ['neg_marital_status_Married']=>0
0.760 1.000 ['neg_marital_status_Separated']=>0

"
0.021544346900318832,0.004,0.8422794744924075,0.5282375021327419,0.8402948402948403,0.5273341523341524,0.8423584809089979,0.5289180059371481,"CRL
 ACC ,  C  ,  Rule
0.842 0.529 ['neg_marital_status_Married']=>0
0.760 1.000 ['neg_marital_status_Single']=>0

"
0.021544346900318832,0.004,0.7605869305579253,1.0,0.7613636363636364,1.0,0.7604667826799059,1.0,"CRL
 ACC ,  C  ,  Rule
0.842 0.529 ['neg_marital_status_Married']=>0
0.760 1.000 ['neg_marital_status_Single']=>0

"
0.021544346900318832,0.005,0.8422794744924075,0.5282375021327419,0.8402948402948403,0.5273341523341524,0.8423584809089979,0.5289180059371481,"CRL
 ACC ,  C  ,  Rule
0.842 0.529 ['neg_marital_status_Married']=>0
0.760 1.000 ['neg_marital_status_Single']=>0

"
0.021544346900318832,0.005,0.7605869305579253,1.0,0.7613636363636364,1.0,0.7604667826799059,1.0,"CRL
 ACC ,  C  ,  Rule
0.842 0.529 ['neg_marital_status_Married']=>0
0.760 1.000 ['neg_marital_status_Single']=>0

"
0.021544346900318832,0.006,0.8422794744924075,0.5282375021327419,0.8402948402948403,0.5273341523341524,0.8423584809089979,0.5289180059371481,"CRL
 ACC ,  C  ,  Rule
0.842 0.529 ['neg_marital_status_Married']=>0
0.760 1.000 ['neg_marital_status_Separated']=>0

"
0.021544346900318832,0.006,0.7605869305579253,1.0,0.7613636363636364,1.0,0.7604667826799059,1.0,"CRL
 ACC ,  C  ,  Rule
0.842 0.529 ['neg_marital_status_Married']=>0
0.760 1.000 ['neg_marital_status_Separated']=>0

"
0.021544346900318832,0.007,0.8422794744924075,0.5282375021327419,0.8402948402948403,0.5273341523341524,0.8423584809089979,0.5289180059371481,"CRL
 ACC ,  C  ,  Rule
0.842 0.529 ['neg_marital_status_Married']=>0
0.760 1.000 ['neg_marital_status_Separated']=>0

"
0.021544346900318832,0.007,0.7605869305579253,1.0,0.7613636363636364,1.0,0.7604667826799059,1.0,"CRL
 ACC ,  C  ,  Rule
0.842 0.529 ['neg_marital_status_Married']=>0
0.760 1.000 ['neg_marital_status_Separated']=>0

"
0.021544346900318832,0.008,0.8422794744924075,0.5282375021327419,0.8402948402948403,0.5273341523341524,0.8423584809089979,0.5289180059371481,"CRL
 ACC ,  C  ,  Rule
0.842 0.529 ['neg_marital_status_Married']=>0
0.760 1.000 ['neg_marital_status_Widowed']=>0

"
0.021544346900318832,0.008,0.7605869305579253,1.0,0.7613636363636364,1.0,0.7604667826799059,1.0,"CRL
 ACC ,  C  ,  Rule
0.842 0.529 ['neg_marital_status_Married']=>0
0.760 1.000 ['neg_marital_status_Widowed']=>0

"
0.021544346900318832,0.009000000000000001,0.8422794744924075,0.5282375021327419,0.8402948402948403,0.5273341523341524,0.8423584809089979,0.5289180059371481,"CRL
 ACC ,  C  ,  Rule
0.842 0.529 ['neg_marital_status_Married']=>0
0.760 1.000 ['neg_marital_status_Widowed']=>0

"
0.021544346900318832,0.009000000000000001,0.7605869305579253,1.0,0.7613636363636364,1.0,0.7604667826799059,1.0,"CRL
 ACC ,  C  ,  Rule
0.842 0.529 ['neg_marital_status_Married']=>0
0.760 1.000 ['neg_marital_status_Widowed']=>0

"
0.021544346900318832,0.01,0.8422794744924075,0.5282375021327419,0.8402948402948403,0.5273341523341524,0.8423584809089979,0.5289180059371481,"CRL
 ACC ,  C  ,  Rule
0.842 0.529 ['neg_marital_status_Married']=>0
0.760 1.000 ['neg_marital_status_Widowed']=>0

"
0.021544346900318832,0.01,0.7605869305579253,1.0,0.7613636363636364,1.0,0.7604667826799059,1.0,"CRL
 ACC ,  C  ,  Rule
0.842 0.529 ['neg_marital_status_Married']=>0
0.760 1.000 ['neg_marital_status_Widowed']=>0

"
0.03593813663804626,0.001,0.760825797645453,0.9924245009384064,0.7614660114660114,0.9903767403767404,0.7603644180571194,0.9907871839492272,"CRL
 ACC ,  C  ,  Rule
0.760 0.991 ['neg_race_Other']=>0

"
0.03593813663804626,0.002,0.760825797645453,0.9924245009384064,0.7614660114660114,0.9903767403767404,0.7603644180571194,0.9907871839492272,"CRL
 ACC ,  C  ,  Rule
0.760 0.991 ['neg_race_Other']=>0

"
0.03593813663804626,0.003,0.760825797645453,0.9924245009384064,0.7614660114660114,0.9903767403767404,0.7603644180571194,0.9907871839492272,"CRL
 ACC ,  C  ,  Rule
0.760 0.991 ['neg_race_Other']=>0

"
0.03593813663804626,0.004,0.760825797645453,0.9924245009384064,0.7614660114660114,0.9903767403767404,0.7603644180571194,0.9907871839492272,"CRL
 ACC ,  C  ,  Rule
0.760 0.991 ['neg_race_Other']=>0

"
0.03593813663804626,0.005,0.760825797645453,0.9924245009384064,0.7614660114660114,0.9903767403767404,0.7603644180571194,0.9907871839492272,"CRL
 ACC ,  C  ,  Rule
0.760 0.991 ['neg_race_Other']=>0

"
0.03593813663804626,0.006,0.760825797645453,0.9924245009384064,0.7614660114660114,0.9903767403767404,0.7603644180571194,0.9907871839492272,"CRL
 ACC ,  C  ,  Rule
0.760 0.991 ['neg_race_Other']=>0

"
0.03593813663804626,0.007,0.760825797645453,0.9924245009384064,0.7614660114660114,0.9903767403767404,0.7603644180571194,0.9907871839492272,"CRL
 ACC ,  C  ,  Rule
0.760 0.991 ['neg_race_Other']=>0

"
0.03593813663804626,0.008,0.760825797645453,0.9924245009384064,0.7614660114660114,0.9903767403767404,0.7603644180571194,0.9907871839492272,"CRL
 ACC ,  C  ,  Rule
0.760 0.991 ['neg_race_Other']=>0

"
0.03593813663804626,0.009000000000000001,0.760825797645453,0.9924245009384064,0.7614660114660114,0.9903767403767404,0.7603644180571194,0.9907871839492272,"CRL
 ACC ,  C  ,  Rule
0.760 0.991 ['neg_race_Other']=>0

"
0.03593813663804626,0.01,0.760825797645453,0.9924245009384064,0.7614660114660114,0.9903767403767404,0.7603644180571194,0.9907871839492272,"CRL
 ACC ,  C  ,  Rule
0.760 0.991 ['neg_race_Other']=>0

"
0.05994842503189409,0.001,0.760825797645453,0.9924245009384064,0.7614660114660114,0.9903767403767404,0.7603644180571194,0.9907871839492272,"CRL
 ACC ,  C  ,  Rule
0.760 0.991 ['neg_race_Other']=>0

"
0.05994842503189409,0.002,0.760825797645453,0.9924245009384064,0.7614660114660114,0.9903767403767404,0.7603644180571194,0.9907871839492272,"CRL
 ACC ,  C  ,  Rule
0.760 0.991 ['neg_race_Other']=>0

"
0.05994842503189409,0.003,0.760825797645453,0.9924245009384064,0.7614660114660114,0.9903767403767404,0.7603644180571194,0.9907871839492272,"CRL
 ACC ,  C  ,  Rule
0.760 0.991 ['neg_race_Other']=>0

"
0.05994842503189409,0.004,0.760825797645453,0.9924245009384064,0.7614660114660114,0.9903767403767404,0.7603644180571194,0.9907871839492272,"CRL
 ACC ,  C  ,  Rule
0.760 0.991 ['neg_race_Other']=>0

"
0.05994842503189409,0.005,0.760825797645453,0.9924245009384064,0.7614660114660114,0.9903767403767404,0.7603644180571194,0.9907871839492272,"CRL
 ACC ,  C  ,  Rule
0.760 0.991 ['neg_race_Other']=>0

"
0.05994842503189409,0.006,0.760825797645453,0.9924245009384064,0.7614660114660114,0.9903767403767404,0.7603644180571194,0.9907871839492272,"CRL
 ACC ,  C  ,  Rule
0.760 0.991 ['neg_race_Other']=>0

"
0.05994842503189409,0.007,0.760825797645453,0.9924245009384064,0.7614660114660114,0.9903767403767404,0.7603644180571194,0.9907871839492272,"CRL
 ACC ,  C  ,  Rule
0.760 0.991 ['neg_race_Other']=>0

"
0.05994842503189409,0.008,0.760825797645453,0.9924245009384064,0.7614660114660114,0.9903767403767404,0.7603644180571194,0.9907871839492272,"CRL
 ACC ,  C  ,  Rule
0.760 0.991 ['neg_race_Other']=>0

"
0.05994842503189409,0.009000000000000001,0.760825797645453,0.9924245009384064,0.7614660114660114,0.9903767403767404,0.7603644180571194,0.9907871839492272,"CRL
 ACC ,  C  ,  Rule
0.760 0.991 ['neg_race_Other']=>0

"
0.05994842503189409,0.01,0.760825797645453,0.9924245009384064,0.7614660114660114,0.9903767403767404,0.7603644180571194,0.9907871839492272,"CRL
 ACC ,  C  ,  Rule
0.760 0.991 ['neg_race_Other']=>0

"
0.1,0.001,0.760825797645453,0.9924245009384064,0.7614660114660114,0.9903767403767404,0.7603644180571194,0.9907871839492272,"CRL
 ACC ,  C  ,  Rule
0.760 0.991 ['neg_race_Other']=>0

"
0.1,0.002,0.760825797645453,0.9924245009384064,0.7614660114660114,0.9903767403767404,0.7603644180571194,0.9907871839492272,"CRL
 ACC ,  C  ,  Rule
0.760 0.991 ['neg_race_Other']=>0

"
0.1,0.003,0.760825797645453,0.9924245009384064,0.7614660114660114,0.9903767403767404,0.7603644180571194,0.9907871839492272,"CRL
 ACC ,  C  ,  Rule
0.760 0.991 ['neg_race_Other']=>0

"
0.1,0.004,0.760825797645453,0.9924245009384064,0.7614660114660114,0.9903767403767404,0.7603644180571194,0.9907871839492272,"CRL
 ACC ,  C  ,  Rule
0.760 0.991 ['neg_race_Other']=>0

"
0.1,0.005,0.760825797645453,0.9924245009384064,0.7614660114660114,0.9903767403767404,0.7603644180571194,0.9907871839492272,"CRL
 ACC ,  C  ,  Rule
0.760 0.991 ['neg_race_Other']=>0

"
0.1,0.006,0.760825797645453,0.9924245009384064,0.7614660114660114,0.9903767403767404,0.7603644180571194,0.9907871839492272,"CRL
 ACC ,  C  ,  Rule
0.760 0.991 ['neg_race_Other']=>0

"
0.1,0.007,0.760825797645453,0.9924245009384064,0.7614660114660114,0.9903767403767404,0.7603644180571194,0.9907871839492272,"CRL
 ACC ,  C  ,  Rule
0.760 0.991 ['neg_race_Other']=>0

"
0.1,0.008,0.760825797645453,0.9924245009384064,0.7614660114660114,0.9903767403767404,0.7603644180571194,0.9907871839492272,"CRL
 ACC ,  C  ,  Rule
0.760 0.991 ['neg_race_Other']=>0

"
0.1,0.009000000000000001,0.760825797645453,0.9924245009384064,0.7614660114660114,0.9903767403767404,0.7603644180571194,0.9907871839492272,"CRL
 ACC ,  C  ,  Rule
0.760 0.991 ['neg_race_Other']=>0

"
0.1,0.01,0.760825797645453,0.9924245009384064,0.7614660114660114,0.9903767403767404,0.7603644180571194,0.9907871839492272,"CRL
 ACC ,  C  ,  Rule
0.760 0.991 ['neg_race_Other']=>0

"
