Seed,Black Box,Beta,Alpha,Policy,Min support,Lambda,Search status,Training accuracy,Validation accuracy,Test accuracy,Training accuracy (prefix),Validation accuracy (prefix),Test accuracy (prefix),Training accuracy (BB),Validation accuracy (BB),Test accuracy (BB),Training transparency,Validation transparency,Test transparency,Model,Prefix length,Val acc UB
0,fixed_rf,1.7061934823408974e-05,0,objective,0.01,0.01,opt,0.8332366490360007,0.8325143325143325,0.8326338417442932,0.9925472451424009,0.9951456310679612,0.9927652733118971,0.8098089870048536,0.8089545241443976,0.809266862170088,0.12820337826309502,0.12653562653562653,0.1273415907462381,"HybridCORELSPreClassifier
if [relationship_Own-child && age_low]:
  income = False(support 3757, accuracy 0.99255)
else 
    default: RandomForestClassifier(max_depth=5, min_samples_split=10, random_state=42)(support 25548, accuracy 0.80981 (majority pred 0.729))",1,0.9056101556101557
1,fixed_rf,1.7061934823408974e-05,0,objective,0.01,0.01,opt,0.8313939600750725,0.8316953316953317,0.8375473436380387,0.9927788178657395,0.9950940310711366,0.9921568627450981,0.8077915982163811,0.8083089526038619,0.8143395337885566,0.1275891486094523,0.1252047502047502,0.1305148940526154,"HybridCORELSPreClassifier
if [relationship_Own-child && age_low]:
  income = False(support 3739, accuracy 0.99278)
else 
    default: RandomForestClassifier(max_depth=5, min_samples_split=10, random_state=42)(support 25566, accuracy 0.80779 (majority pred 0.727))",1,0.9044840294840295
2,fixed_rf,1.7061934823408974e-05,0,objective,0.01,0.01,opt,0.8358983108684525,0.8264742014742015,0.8353976865595251,0.9930961232076474,0.9934479934479934,0.9928,0.8127178041426837,0.8026208026208026,0.8123019133701138,0.12851049308991638,0.125,0.12795577848295628,"HybridCORELSPreClassifier
if [relationship_Own-child && age_low]:
  income = False(support 3766, accuracy 0.99310)
else 
    default: RandomForestClassifier(max_depth=5, min_samples_split=10, random_state=42)(support 25539, accuracy 0.81272 (majority pred 0.730))",1,0.8992628992628993
3,fixed_rf,1.7061934823408974e-05,0,objective,0.01,0.01,opt,0.8330319058181198,0.838963963963964,0.8309960077797113,0.9916823182184062,0.9942857142857143,0.9961089494163424,0.8099147705059035,0.8166920285613953,0.805987741631306,0.1271796621736905,0.1254095004095004,0.13153854028047907,"HybridCORELSPreClassifier
if [relationship_Own-child && age_low]:
  income = False(support 3727, accuracy 0.99168)
else 
    default: RandomForestClassifier(max_depth=5, min_samples_split=10, random_state=42)(support 25578, accuracy 0.80991 (majority pred 0.727))",1,0.9087837837837838
4,fixed_rf,1.7061934823408974e-05,0,objective,0.01,0.01,opt,0.8351817096058693,0.832002457002457,0.826696693622684,0.9933844932521831,0.9911147011308562,0.9942622950819672,0.8117605578625715,0.8089097303634232,0.8027839513393379,0.12895410339532504,0.12674037674037675,0.12488483979936534,"HybridCORELSPreClassifier
if [relationship_Own-child && age_low]:
  income = False(support 3779, accuracy 0.99338)
else 
    default: RandomForestClassifier(max_depth=5, min_samples_split=10, random_state=42)(support 25526, accuracy 0.81176 (majority pred 0.726))",1,0.9108312858312859
0,fixed_rf,1.7061934823408974e-05,0,objective,0.05,0.01,opt,0.8332366490360007,0.8325143325143325,0.8326338417442932,0.9925472451424009,0.9951456310679612,0.9927652733118971,0.8098089870048536,0.8089545241443976,0.809266862170088,0.12820337826309502,0.12653562653562653,0.1273415907462381,"HybridCORELSPreClassifier
if [relationship_Own-child && age_low]:
  income = False(support 3757, accuracy 0.99255)
else 
    default: RandomForestClassifier(max_depth=5, min_samples_split=10, random_state=42)(support 25548, accuracy 0.80981 (majority pred 0.729))",1,0.9056101556101557
1,fixed_rf,1.7061934823408974e-05,0,objective,0.05,0.01,opt,0.8313939600750725,0.8316953316953317,0.8375473436380387,0.9927788178657395,0.9950940310711366,0.9921568627450981,0.8077915982163811,0.8083089526038619,0.8143395337885566,0.1275891486094523,0.1252047502047502,0.1305148940526154,"HybridCORELSPreClassifier
if [relationship_Own-child && age_low]:
  income = False(support 3739, accuracy 0.99278)
else 
    default: RandomForestClassifier(max_depth=5, min_samples_split=10, random_state=42)(support 25566, accuracy 0.80779 (majority pred 0.727))",1,0.9044840294840295
2,fixed_rf,1.7061934823408974e-05,0,objective,0.05,0.01,opt,0.8358983108684525,0.8264742014742015,0.8353976865595251,0.9930961232076474,0.9934479934479934,0.9928,0.8127178041426837,0.8026208026208026,0.8123019133701138,0.12851049308991638,0.125,0.12795577848295628,"HybridCORELSPreClassifier
if [relationship_Own-child && age_low]:
  income = False(support 3766, accuracy 0.99310)
else 
    default: RandomForestClassifier(max_depth=5, min_samples_split=10, random_state=42)(support 25539, accuracy 0.81272 (majority pred 0.730))",1,0.8992628992628993
3,fixed_rf,1.7061934823408974e-05,0,objective,0.05,0.01,opt,0.8330319058181198,0.838963963963964,0.8309960077797113,0.9916823182184062,0.9942857142857143,0.9961089494163424,0.8099147705059035,0.8166920285613953,0.805987741631306,0.1271796621736905,0.1254095004095004,0.13153854028047907,"HybridCORELSPreClassifier
if [relationship_Own-child && age_low]:
  income = False(support 3727, accuracy 0.99168)
else 
    default: RandomForestClassifier(max_depth=5, min_samples_split=10, random_state=42)(support 25578, accuracy 0.80991 (majority pred 0.727))",1,0.9087837837837838
4,fixed_rf,1.7061934823408974e-05,0,objective,0.05,0.01,opt,0.8351817096058693,0.832002457002457,0.826696693622684,0.9933844932521831,0.9911147011308562,0.9942622950819672,0.8117605578625715,0.8089097303634232,0.8027839513393379,0.12895410339532504,0.12674037674037675,0.12488483979936534,"HybridCORELSPreClassifier
if [relationship_Own-child && age_low]:
  income = False(support 3779, accuracy 0.99338)
else 
    default: RandomForestClassifier(max_depth=5, min_samples_split=10, random_state=42)(support 25526, accuracy 0.81176 (majority pred 0.726))",1,0.9108312858312859
0,fixed_rf,1.7061934823408974e-05,0,objective,0.1,0.01,opt,0.8332366490360007,0.8325143325143325,0.8326338417442932,0.9925472451424009,0.9951456310679612,0.9927652733118971,0.8098089870048536,0.8089545241443976,0.809266862170088,0.12820337826309502,0.12653562653562653,0.1273415907462381,"HybridCORELSPreClassifier
if [relationship_Own-child && age_low]:
  income = False(support 3757, accuracy 0.99255)
else 
    default: RandomForestClassifier(max_depth=5, min_samples_split=10, random_state=42)(support 25548, accuracy 0.80981 (majority pred 0.729))",1,0.9056101556101557
1,fixed_rf,1.7061934823408974e-05,0,objective,0.1,0.01,opt,0.8313939600750725,0.8316953316953317,0.8375473436380387,0.9927788178657395,0.9950940310711366,0.9921568627450981,0.8077915982163811,0.8083089526038619,0.8143395337885566,0.1275891486094523,0.1252047502047502,0.1305148940526154,"HybridCORELSPreClassifier
if [relationship_Own-child && age_low]:
  income = False(support 3739, accuracy 0.99278)
else 
    default: RandomForestClassifier(max_depth=5, min_samples_split=10, random_state=42)(support 25566, accuracy 0.80779 (majority pred 0.727))",1,0.9044840294840295
2,fixed_rf,1.7061934823408974e-05,0,objective,0.1,0.01,opt,0.8358983108684525,0.8264742014742015,0.8353976865595251,0.9930961232076474,0.9934479934479934,0.9928,0.8127178041426837,0.8026208026208026,0.8123019133701138,0.12851049308991638,0.125,0.12795577848295628,"HybridCORELSPreClassifier
if [relationship_Own-child && age_low]:
  income = False(support 3766, accuracy 0.99310)
else 
    default: RandomForestClassifier(max_depth=5, min_samples_split=10, random_state=42)(support 25539, accuracy 0.81272 (majority pred 0.730))",1,0.8992628992628993
3,fixed_rf,1.7061934823408974e-05,0,objective,0.1,0.01,opt,0.8330319058181198,0.838963963963964,0.8309960077797113,0.9916823182184062,0.9942857142857143,0.9961089494163424,0.8099147705059035,0.8166920285613953,0.805987741631306,0.1271796621736905,0.1254095004095004,0.13153854028047907,"HybridCORELSPreClassifier
if [relationship_Own-child && age_low]:
  income = False(support 3727, accuracy 0.99168)
else 
    default: RandomForestClassifier(max_depth=5, min_samples_split=10, random_state=42)(support 25578, accuracy 0.80991 (majority pred 0.727))",1,0.9087837837837838
4,fixed_rf,1.7061934823408974e-05,0,objective,0.1,0.01,opt,0.8351817096058693,0.832002457002457,0.826696693622684,0.9933844932521831,0.9911147011308562,0.9942622950819672,0.8117605578625715,0.8089097303634232,0.8027839513393379,0.12895410339532504,0.12674037674037675,0.12488483979936534,"HybridCORELSPreClassifier
if [relationship_Own-child && age_low]:
  income = False(support 3779, accuracy 0.99338)
else 
    default: RandomForestClassifier(max_depth=5, min_samples_split=10, random_state=42)(support 25526, accuracy 0.81176 (majority pred 0.726))",1,0.9108312858312859
0,fixed_rf,1.7061934823408974e-05,0,objective,0.01,0.001,opt,0.8332366490360007,0.8325143325143325,0.8326338417442932,0.9925472451424009,0.9951456310679612,0.9927652733118971,0.8098089870048536,0.8089545241443976,0.809266862170088,0.12820337826309502,0.12653562653562653,0.1273415907462381,"HybridCORELSPreClassifier
if [relationship_Own-child && age_low]:
  income = False(support 3757, accuracy 0.99255)
else 
    default: RandomForestClassifier(max_depth=5, min_samples_split=10, random_state=42)(support 25548, accuracy 0.80981 (majority pred 0.729))",1,0.9056101556101557
1,fixed_rf,1.7061934823408974e-05,0,objective,0.01,0.001,opt,0.8313939600750725,0.8316953316953317,0.8375473436380387,0.9927788178657395,0.9950940310711366,0.9921568627450981,0.8077915982163811,0.8083089526038619,0.8143395337885566,0.1275891486094523,0.1252047502047502,0.1305148940526154,"HybridCORELSPreClassifier
if [relationship_Own-child && age_low]:
  income = False(support 3739, accuracy 0.99278)
else 
    default: RandomForestClassifier(max_depth=5, min_samples_split=10, random_state=42)(support 25566, accuracy 0.80779 (majority pred 0.727))",1,0.9044840294840295
2,fixed_rf,1.7061934823408974e-05,0,objective,0.01,0.001,opt,0.8358983108684525,0.8264742014742015,0.8353976865595251,0.9930961232076474,0.9934479934479934,0.9928,0.8127178041426837,0.8026208026208026,0.8123019133701138,0.12851049308991638,0.125,0.12795577848295628,"HybridCORELSPreClassifier
if [relationship_Own-child && age_low]:
  income = False(support 3766, accuracy 0.99310)
else 
    default: RandomForestClassifier(max_depth=5, min_samples_split=10, random_state=42)(support 25539, accuracy 0.81272 (majority pred 0.730))",1,0.8992628992628993
3,fixed_rf,1.7061934823408974e-05,0,objective,0.01,0.001,opt,0.8330319058181198,0.838963963963964,0.8309960077797113,0.9916823182184062,0.9942857142857143,0.9961089494163424,0.8099147705059035,0.8166920285613953,0.805987741631306,0.1271796621736905,0.1254095004095004,0.13153854028047907,"HybridCORELSPreClassifier
if [relationship_Own-child && age_low]:
  income = False(support 3727, accuracy 0.99168)
else 
    default: RandomForestClassifier(max_depth=5, min_samples_split=10, random_state=42)(support 25578, accuracy 0.80991 (majority pred 0.727))",1,0.9087837837837838
4,fixed_rf,1.7061934823408974e-05,0,objective,0.01,0.001,opt,0.8351817096058693,0.832002457002457,0.826696693622684,0.9933844932521831,0.9911147011308562,0.9942622950819672,0.8117605578625715,0.8089097303634232,0.8027839513393379,0.12895410339532504,0.12674037674037675,0.12488483979936534,"HybridCORELSPreClassifier
if [relationship_Own-child && age_low]:
  income = False(support 3779, accuracy 0.99338)
else 
    default: RandomForestClassifier(max_depth=5, min_samples_split=10, random_state=42)(support 25526, accuracy 0.81176 (majority pred 0.726))",1,0.9108312858312859
0,fixed_rf,1.7061934823408974e-05,0,objective,0.05,0.001,opt,0.8332366490360007,0.8325143325143325,0.8326338417442932,0.9925472451424009,0.9951456310679612,0.9927652733118971,0.8098089870048536,0.8089545241443976,0.809266862170088,0.12820337826309502,0.12653562653562653,0.1273415907462381,"HybridCORELSPreClassifier
if [relationship_Own-child && age_low]:
  income = False(support 3757, accuracy 0.99255)
else 
    default: RandomForestClassifier(max_depth=5, min_samples_split=10, random_state=42)(support 25548, accuracy 0.80981 (majority pred 0.729))",1,0.9056101556101557
1,fixed_rf,1.7061934823408974e-05,0,objective,0.05,0.001,opt,0.8313939600750725,0.8316953316953317,0.8375473436380387,0.9927788178657395,0.9950940310711366,0.9921568627450981,0.8077915982163811,0.8083089526038619,0.8143395337885566,0.1275891486094523,0.1252047502047502,0.1305148940526154,"HybridCORELSPreClassifier
if [relationship_Own-child && age_low]:
  income = False(support 3739, accuracy 0.99278)
else 
    default: RandomForestClassifier(max_depth=5, min_samples_split=10, random_state=42)(support 25566, accuracy 0.80779 (majority pred 0.727))",1,0.9044840294840295
2,fixed_rf,1.7061934823408974e-05,0,objective,0.05,0.001,opt,0.8358983108684525,0.8264742014742015,0.8353976865595251,0.9930961232076474,0.9934479934479934,0.9928,0.8127178041426837,0.8026208026208026,0.8123019133701138,0.12851049308991638,0.125,0.12795577848295628,"HybridCORELSPreClassifier
if [relationship_Own-child && age_low]:
  income = False(support 3766, accuracy 0.99310)
else 
    default: RandomForestClassifier(max_depth=5, min_samples_split=10, random_state=42)(support 25539, accuracy 0.81272 (majority pred 0.730))",1,0.8992628992628993
3,fixed_rf,1.7061934823408974e-05,0,objective,0.05,0.001,opt,0.8330319058181198,0.838963963963964,0.8309960077797113,0.9916823182184062,0.9942857142857143,0.9961089494163424,0.8099147705059035,0.8166920285613953,0.805987741631306,0.1271796621736905,0.1254095004095004,0.13153854028047907,"HybridCORELSPreClassifier
if [relationship_Own-child && age_low]:
  income = False(support 3727, accuracy 0.99168)
else 
    default: RandomForestClassifier(max_depth=5, min_samples_split=10, random_state=42)(support 25578, accuracy 0.80991 (majority pred 0.727))",1,0.9087837837837838
4,fixed_rf,1.7061934823408974e-05,0,objective,0.05,0.001,opt,0.8351817096058693,0.832002457002457,0.826696693622684,0.9933844932521831,0.9911147011308562,0.9942622950819672,0.8117605578625715,0.8089097303634232,0.8027839513393379,0.12895410339532504,0.12674037674037675,0.12488483979936534,"HybridCORELSPreClassifier
if [relationship_Own-child && age_low]:
  income = False(support 3779, accuracy 0.99338)
else 
    default: RandomForestClassifier(max_depth=5, min_samples_split=10, random_state=42)(support 25526, accuracy 0.81176 (majority pred 0.726))",1,0.9108312858312859
0,fixed_rf,1.7061934823408974e-05,0,objective,0.1,0.001,opt,0.8332366490360007,0.8325143325143325,0.8326338417442932,0.9925472451424009,0.9951456310679612,0.9927652733118971,0.8098089870048536,0.8089545241443976,0.809266862170088,0.12820337826309502,0.12653562653562653,0.1273415907462381,"HybridCORELSPreClassifier
if [relationship_Own-child && age_low]:
  income = False(support 3757, accuracy 0.99255)
else 
    default: RandomForestClassifier(max_depth=5, min_samples_split=10, random_state=42)(support 25548, accuracy 0.80981 (majority pred 0.729))",1,0.9056101556101557
1,fixed_rf,1.7061934823408974e-05,0,objective,0.1,0.001,opt,0.8313939600750725,0.8316953316953317,0.8375473436380387,0.9927788178657395,0.9950940310711366,0.9921568627450981,0.8077915982163811,0.8083089526038619,0.8143395337885566,0.1275891486094523,0.1252047502047502,0.1305148940526154,"HybridCORELSPreClassifier
if [relationship_Own-child && age_low]:
  income = False(support 3739, accuracy 0.99278)
else 
    default: RandomForestClassifier(max_depth=5, min_samples_split=10, random_state=42)(support 25566, accuracy 0.80779 (majority pred 0.727))",1,0.9044840294840295
2,fixed_rf,1.7061934823408974e-05,0,objective,0.1,0.001,opt,0.8358983108684525,0.8264742014742015,0.8353976865595251,0.9930961232076474,0.9934479934479934,0.9928,0.8127178041426837,0.8026208026208026,0.8123019133701138,0.12851049308991638,0.125,0.12795577848295628,"HybridCORELSPreClassifier
if [relationship_Own-child && age_low]:
  income = False(support 3766, accuracy 0.99310)
else 
    default: RandomForestClassifier(max_depth=5, min_samples_split=10, random_state=42)(support 25539, accuracy 0.81272 (majority pred 0.730))",1,0.8992628992628993
3,fixed_rf,1.7061934823408974e-05,0,objective,0.1,0.001,opt,0.8330319058181198,0.838963963963964,0.8309960077797113,0.9916823182184062,0.9942857142857143,0.9961089494163424,0.8099147705059035,0.8166920285613953,0.805987741631306,0.1271796621736905,0.1254095004095004,0.13153854028047907,"HybridCORELSPreClassifier
if [relationship_Own-child && age_low]:
  income = False(support 3727, accuracy 0.99168)
else 
    default: RandomForestClassifier(max_depth=5, min_samples_split=10, random_state=42)(support 25578, accuracy 0.80991 (majority pred 0.727))",1,0.9087837837837838
4,fixed_rf,1.7061934823408974e-05,0,objective,0.1,0.001,opt,0.8351817096058693,0.832002457002457,0.826696693622684,0.9933844932521831,0.9911147011308562,0.9942622950819672,0.8117605578625715,0.8089097303634232,0.8027839513393379,0.12895410339532504,0.12674037674037675,0.12488483979936534,"HybridCORELSPreClassifier
if [relationship_Own-child && age_low]:
  income = False(support 3779, accuracy 0.99338)
else 
    default: RandomForestClassifier(max_depth=5, min_samples_split=10, random_state=42)(support 25526, accuracy 0.81176 (majority pred 0.726))",1,0.9108312858312859
0,fixed_rf,1.7061934823408974e-05,0,objective,0.01,0.0001,opt,0.8332366490360007,0.8325143325143325,0.8326338417442932,0.9925472451424009,0.9951456310679612,0.9927652733118971,0.8098089870048536,0.8089545241443976,0.809266862170088,0.12820337826309502,0.12653562653562653,0.1273415907462381,"HybridCORELSPreClassifier
if [relationship_Own-child && age_low]:
  income = False(support 3757, accuracy 0.99255)
else 
    default: RandomForestClassifier(max_depth=5, min_samples_split=10, random_state=42)(support 25548, accuracy 0.80981 (majority pred 0.729))",1,0.9056101556101557
1,fixed_rf,1.7061934823408974e-05,0,objective,0.01,0.0001,opt,0.8313939600750725,0.8316953316953317,0.8375473436380387,0.9927788178657395,0.9950940310711366,0.9921568627450981,0.8077915982163811,0.8083089526038619,0.8143395337885566,0.1275891486094523,0.1252047502047502,0.1305148940526154,"HybridCORELSPreClassifier
if [relationship_Own-child && age_low]:
  income = False(support 3739, accuracy 0.99278)
else 
    default: RandomForestClassifier(max_depth=5, min_samples_split=10, random_state=42)(support 25566, accuracy 0.80779 (majority pred 0.727))",1,0.9044840294840295
2,fixed_rf,1.7061934823408974e-05,0,objective,0.01,0.0001,opt,0.8358983108684525,0.8264742014742015,0.8353976865595251,0.9930961232076474,0.9934479934479934,0.9928,0.8127178041426837,0.8026208026208026,0.8123019133701138,0.12851049308991638,0.125,0.12795577848295628,"HybridCORELSPreClassifier
if [relationship_Own-child && age_low]:
  income = False(support 3766, accuracy 0.99310)
else 
    default: RandomForestClassifier(max_depth=5, min_samples_split=10, random_state=42)(support 25539, accuracy 0.81272 (majority pred 0.730))",1,0.8992628992628993
3,fixed_rf,1.7061934823408974e-05,0,objective,0.01,0.0001,opt,0.8330319058181198,0.838963963963964,0.8309960077797113,0.9916823182184062,0.9942857142857143,0.9961089494163424,0.8099147705059035,0.8166920285613953,0.805987741631306,0.1271796621736905,0.1254095004095004,0.13153854028047907,"HybridCORELSPreClassifier
if [relationship_Own-child && age_low]:
  income = False(support 3727, accuracy 0.99168)
else 
    default: RandomForestClassifier(max_depth=5, min_samples_split=10, random_state=42)(support 25578, accuracy 0.80991 (majority pred 0.727))",1,0.9087837837837838
4,fixed_rf,1.7061934823408974e-05,0,objective,0.01,0.0001,opt,0.8351817096058693,0.832002457002457,0.826696693622684,0.9933844932521831,0.9911147011308562,0.9942622950819672,0.8117605578625715,0.8089097303634232,0.8027839513393379,0.12895410339532504,0.12674037674037675,0.12488483979936534,"HybridCORELSPreClassifier
if [relationship_Own-child && age_low]:
  income = False(support 3779, accuracy 0.99338)
else 
    default: RandomForestClassifier(max_depth=5, min_samples_split=10, random_state=42)(support 25526, accuracy 0.81176 (majority pred 0.726))",1,0.9108312858312859
0,fixed_rf,1.7061934823408974e-05,0,objective,0.05,0.0001,opt,0.8332366490360007,0.8325143325143325,0.8326338417442932,0.9925472451424009,0.9951456310679612,0.9927652733118971,0.8098089870048536,0.8089545241443976,0.809266862170088,0.12820337826309502,0.12653562653562653,0.1273415907462381,"HybridCORELSPreClassifier
if [relationship_Own-child && age_low]:
  income = False(support 3757, accuracy 0.99255)
else 
    default: RandomForestClassifier(max_depth=5, min_samples_split=10, random_state=42)(support 25548, accuracy 0.80981 (majority pred 0.729))",1,0.9056101556101557
1,fixed_rf,1.7061934823408974e-05,0,objective,0.05,0.0001,opt,0.8313939600750725,0.8316953316953317,0.8375473436380387,0.9927788178657395,0.9950940310711366,0.9921568627450981,0.8077915982163811,0.8083089526038619,0.8143395337885566,0.1275891486094523,0.1252047502047502,0.1305148940526154,"HybridCORELSPreClassifier
if [relationship_Own-child && age_low]:
  income = False(support 3739, accuracy 0.99278)
else 
    default: RandomForestClassifier(max_depth=5, min_samples_split=10, random_state=42)(support 25566, accuracy 0.80779 (majority pred 0.727))",1,0.9044840294840295
2,fixed_rf,1.7061934823408974e-05,0,objective,0.05,0.0001,opt,0.8358983108684525,0.8264742014742015,0.8353976865595251,0.9930961232076474,0.9934479934479934,0.9928,0.8127178041426837,0.8026208026208026,0.8123019133701138,0.12851049308991638,0.125,0.12795577848295628,"HybridCORELSPreClassifier
if [relationship_Own-child && age_low]:
  income = False(support 3766, accuracy 0.99310)
else 
    default: RandomForestClassifier(max_depth=5, min_samples_split=10, random_state=42)(support 25539, accuracy 0.81272 (majority pred 0.730))",1,0.8992628992628993
3,fixed_rf,1.7061934823408974e-05,0,objective,0.05,0.0001,opt,0.8330319058181198,0.838963963963964,0.8309960077797113,0.9916823182184062,0.9942857142857143,0.9961089494163424,0.8099147705059035,0.8166920285613953,0.805987741631306,0.1271796621736905,0.1254095004095004,0.13153854028047907,"HybridCORELSPreClassifier
if [relationship_Own-child && age_low]:
  income = False(support 3727, accuracy 0.99168)
else 
    default: RandomForestClassifier(max_depth=5, min_samples_split=10, random_state=42)(support 25578, accuracy 0.80991 (majority pred 0.727))",1,0.9087837837837838
4,fixed_rf,1.7061934823408974e-05,0,objective,0.05,0.0001,opt,0.8351817096058693,0.832002457002457,0.826696693622684,0.9933844932521831,0.9911147011308562,0.9942622950819672,0.8117605578625715,0.8089097303634232,0.8027839513393379,0.12895410339532504,0.12674037674037675,0.12488483979936534,"HybridCORELSPreClassifier
if [relationship_Own-child && age_low]:
  income = False(support 3779, accuracy 0.99338)
else 
    default: RandomForestClassifier(max_depth=5, min_samples_split=10, random_state=42)(support 25526, accuracy 0.81176 (majority pred 0.726))",1,0.9108312858312859
0,fixed_rf,1.7061934823408974e-05,0,objective,0.1,0.0001,opt,0.8332366490360007,0.8325143325143325,0.8326338417442932,0.9925472451424009,0.9951456310679612,0.9927652733118971,0.8098089870048536,0.8089545241443976,0.809266862170088,0.12820337826309502,0.12653562653562653,0.1273415907462381,"HybridCORELSPreClassifier
if [relationship_Own-child && age_low]:
  income = False(support 3757, accuracy 0.99255)
else 
    default: RandomForestClassifier(max_depth=5, min_samples_split=10, random_state=42)(support 25548, accuracy 0.80981 (majority pred 0.729))",1,0.9056101556101557
1,fixed_rf,1.7061934823408974e-05,0,objective,0.1,0.0001,opt,0.8313939600750725,0.8316953316953317,0.8375473436380387,0.9927788178657395,0.9950940310711366,0.9921568627450981,0.8077915982163811,0.8083089526038619,0.8143395337885566,0.1275891486094523,0.1252047502047502,0.1305148940526154,"HybridCORELSPreClassifier
if [relationship_Own-child && age_low]:
  income = False(support 3739, accuracy 0.99278)
else 
    default: RandomForestClassifier(max_depth=5, min_samples_split=10, random_state=42)(support 25566, accuracy 0.80779 (majority pred 0.727))",1,0.9044840294840295
2,fixed_rf,1.7061934823408974e-05,0,objective,0.1,0.0001,opt,0.8358983108684525,0.8264742014742015,0.8353976865595251,0.9930961232076474,0.9934479934479934,0.9928,0.8127178041426837,0.8026208026208026,0.8123019133701138,0.12851049308991638,0.125,0.12795577848295628,"HybridCORELSPreClassifier
if [relationship_Own-child && age_low]:
  income = False(support 3766, accuracy 0.99310)
else 
    default: RandomForestClassifier(max_depth=5, min_samples_split=10, random_state=42)(support 25539, accuracy 0.81272 (majority pred 0.730))",1,0.8992628992628993
3,fixed_rf,1.7061934823408974e-05,0,objective,0.1,0.0001,opt,0.8330319058181198,0.838963963963964,0.8309960077797113,0.9916823182184062,0.9942857142857143,0.9961089494163424,0.8099147705059035,0.8166920285613953,0.805987741631306,0.1271796621736905,0.1254095004095004,0.13153854028047907,"HybridCORELSPreClassifier
if [relationship_Own-child && age_low]:
  income = False(support 3727, accuracy 0.99168)
else 
    default: RandomForestClassifier(max_depth=5, min_samples_split=10, random_state=42)(support 25578, accuracy 0.80991 (majority pred 0.727))",1,0.9087837837837838
4,fixed_rf,1.7061934823408974e-05,0,objective,0.1,0.0001,opt,0.8351817096058693,0.832002457002457,0.826696693622684,0.9933844932521831,0.9911147011308562,0.9942622950819672,0.8117605578625715,0.8089097303634232,0.8027839513393379,0.12895410339532504,0.12674037674037675,0.12488483979936534,"HybridCORELSPreClassifier
if [relationship_Own-child && age_low]:
  income = False(support 3779, accuracy 0.99338)
else 
    default: RandomForestClassifier(max_depth=5, min_samples_split=10, random_state=42)(support 25526, accuracy 0.81176 (majority pred 0.726))",1,0.9108312858312859
0,fixed_rf,1.7061934823408974e-05,0,lower_bound,0.01,0.01,opt,0.8332366490360007,0.8325143325143325,0.8326338417442932,0.9925472451424009,0.9951456310679612,0.9927652733118971,0.8098089870048536,0.8089545241443976,0.809266862170088,0.12820337826309502,0.12653562653562653,0.1273415907462381,"HybridCORELSPreClassifier
if [relationship_Own-child && age_low]:
  income = False(support 3757, accuracy 0.99255)
else 
    default: RandomForestClassifier(max_depth=5, min_samples_split=10, random_state=42)(support 25548, accuracy 0.80981 (majority pred 0.729))",1,0.9056101556101557
1,fixed_rf,1.7061934823408974e-05,0,lower_bound,0.01,0.01,opt,0.8313939600750725,0.8316953316953317,0.8375473436380387,0.9927788178657395,0.9950940310711366,0.9921568627450981,0.8077915982163811,0.8083089526038619,0.8143395337885566,0.1275891486094523,0.1252047502047502,0.1305148940526154,"HybridCORELSPreClassifier
if [relationship_Own-child && age_low]:
  income = False(support 3739, accuracy 0.99278)
else 
    default: RandomForestClassifier(max_depth=5, min_samples_split=10, random_state=42)(support 25566, accuracy 0.80779 (majority pred 0.727))",1,0.9044840294840295
2,fixed_rf,1.7061934823408974e-05,0,lower_bound,0.01,0.01,opt,0.8358983108684525,0.8264742014742015,0.8353976865595251,0.9930961232076474,0.9934479934479934,0.9928,0.8127178041426837,0.8026208026208026,0.8123019133701138,0.12851049308991638,0.125,0.12795577848295628,"HybridCORELSPreClassifier
if [relationship_Own-child && age_low]:
  income = False(support 3766, accuracy 0.99310)
else 
    default: RandomForestClassifier(max_depth=5, min_samples_split=10, random_state=42)(support 25539, accuracy 0.81272 (majority pred 0.730))",1,0.8992628992628993
3,fixed_rf,1.7061934823408974e-05,0,lower_bound,0.01,0.01,opt,0.8330319058181198,0.838963963963964,0.8309960077797113,0.9916823182184062,0.9942857142857143,0.9961089494163424,0.8099147705059035,0.8166920285613953,0.805987741631306,0.1271796621736905,0.1254095004095004,0.13153854028047907,"HybridCORELSPreClassifier
if [relationship_Own-child && age_low]:
  income = False(support 3727, accuracy 0.99168)
else 
    default: RandomForestClassifier(max_depth=5, min_samples_split=10, random_state=42)(support 25578, accuracy 0.80991 (majority pred 0.727))",1,0.9087837837837838
4,fixed_rf,1.7061934823408974e-05,0,lower_bound,0.01,0.01,opt,0.8351817096058693,0.832002457002457,0.826696693622684,0.9933844932521831,0.9911147011308562,0.9942622950819672,0.8117605578625715,0.8089097303634232,0.8027839513393379,0.12895410339532504,0.12674037674037675,0.12488483979936534,"HybridCORELSPreClassifier
if [relationship_Own-child && age_low]:
  income = False(support 3779, accuracy 0.99338)
else 
    default: RandomForestClassifier(max_depth=5, min_samples_split=10, random_state=42)(support 25526, accuracy 0.81176 (majority pred 0.726))",1,0.9108312858312859
0,fixed_rf,1.7061934823408974e-05,0,lower_bound,0.05,0.01,opt,0.8332366490360007,0.8325143325143325,0.8326338417442932,0.9925472451424009,0.9951456310679612,0.9927652733118971,0.8098089870048536,0.8089545241443976,0.809266862170088,0.12820337826309502,0.12653562653562653,0.1273415907462381,"HybridCORELSPreClassifier
if [relationship_Own-child && age_low]:
  income = False(support 3757, accuracy 0.99255)
else 
    default: RandomForestClassifier(max_depth=5, min_samples_split=10, random_state=42)(support 25548, accuracy 0.80981 (majority pred 0.729))",1,0.9056101556101557
1,fixed_rf,1.7061934823408974e-05,0,lower_bound,0.05,0.01,opt,0.8313939600750725,0.8316953316953317,0.8375473436380387,0.9927788178657395,0.9950940310711366,0.9921568627450981,0.8077915982163811,0.8083089526038619,0.8143395337885566,0.1275891486094523,0.1252047502047502,0.1305148940526154,"HybridCORELSPreClassifier
if [relationship_Own-child && age_low]:
  income = False(support 3739, accuracy 0.99278)
else 
    default: RandomForestClassifier(max_depth=5, min_samples_split=10, random_state=42)(support 25566, accuracy 0.80779 (majority pred 0.727))",1,0.9044840294840295
2,fixed_rf,1.7061934823408974e-05,0,lower_bound,0.05,0.01,opt,0.8358983108684525,0.8264742014742015,0.8353976865595251,0.9930961232076474,0.9934479934479934,0.9928,0.8127178041426837,0.8026208026208026,0.8123019133701138,0.12851049308991638,0.125,0.12795577848295628,"HybridCORELSPreClassifier
if [relationship_Own-child && age_low]:
  income = False(support 3766, accuracy 0.99310)
else 
    default: RandomForestClassifier(max_depth=5, min_samples_split=10, random_state=42)(support 25539, accuracy 0.81272 (majority pred 0.730))",1,0.8992628992628993
3,fixed_rf,1.7061934823408974e-05,0,lower_bound,0.05,0.01,opt,0.8330319058181198,0.838963963963964,0.8309960077797113,0.9916823182184062,0.9942857142857143,0.9961089494163424,0.8099147705059035,0.8166920285613953,0.805987741631306,0.1271796621736905,0.1254095004095004,0.13153854028047907,"HybridCORELSPreClassifier
if [relationship_Own-child && age_low]:
  income = False(support 3727, accuracy 0.99168)
else 
    default: RandomForestClassifier(max_depth=5, min_samples_split=10, random_state=42)(support 25578, accuracy 0.80991 (majority pred 0.727))",1,0.9087837837837838
4,fixed_rf,1.7061934823408974e-05,0,lower_bound,0.05,0.01,opt,0.8351817096058693,0.832002457002457,0.826696693622684,0.9933844932521831,0.9911147011308562,0.9942622950819672,0.8117605578625715,0.8089097303634232,0.8027839513393379,0.12895410339532504,0.12674037674037675,0.12488483979936534,"HybridCORELSPreClassifier
if [relationship_Own-child && age_low]:
  income = False(support 3779, accuracy 0.99338)
else 
    default: RandomForestClassifier(max_depth=5, min_samples_split=10, random_state=42)(support 25526, accuracy 0.81176 (majority pred 0.726))",1,0.9108312858312859
0,fixed_rf,1.7061934823408974e-05,0,lower_bound,0.1,0.01,opt,0.8332366490360007,0.8325143325143325,0.8326338417442932,0.9925472451424009,0.9951456310679612,0.9927652733118971,0.8098089870048536,0.8089545241443976,0.809266862170088,0.12820337826309502,0.12653562653562653,0.1273415907462381,"HybridCORELSPreClassifier
if [relationship_Own-child && age_low]:
  income = False(support 3757, accuracy 0.99255)
else 
    default: RandomForestClassifier(max_depth=5, min_samples_split=10, random_state=42)(support 25548, accuracy 0.80981 (majority pred 0.729))",1,0.9056101556101557
1,fixed_rf,1.7061934823408974e-05,0,lower_bound,0.1,0.01,opt,0.8313939600750725,0.8316953316953317,0.8375473436380387,0.9927788178657395,0.9950940310711366,0.9921568627450981,0.8077915982163811,0.8083089526038619,0.8143395337885566,0.1275891486094523,0.1252047502047502,0.1305148940526154,"HybridCORELSPreClassifier
if [relationship_Own-child && age_low]:
  income = False(support 3739, accuracy 0.99278)
else 
    default: RandomForestClassifier(max_depth=5, min_samples_split=10, random_state=42)(support 25566, accuracy 0.80779 (majority pred 0.727))",1,0.9044840294840295
2,fixed_rf,1.7061934823408974e-05,0,lower_bound,0.1,0.01,opt,0.8358983108684525,0.8264742014742015,0.8353976865595251,0.9930961232076474,0.9934479934479934,0.9928,0.8127178041426837,0.8026208026208026,0.8123019133701138,0.12851049308991638,0.125,0.12795577848295628,"HybridCORELSPreClassifier
if [relationship_Own-child && age_low]:
  income = False(support 3766, accuracy 0.99310)
else 
    default: RandomForestClassifier(max_depth=5, min_samples_split=10, random_state=42)(support 25539, accuracy 0.81272 (majority pred 0.730))",1,0.8992628992628993
3,fixed_rf,1.7061934823408974e-05,0,lower_bound,0.1,0.01,opt,0.8330319058181198,0.838963963963964,0.8309960077797113,0.9916823182184062,0.9942857142857143,0.9961089494163424,0.8099147705059035,0.8166920285613953,0.805987741631306,0.1271796621736905,0.1254095004095004,0.13153854028047907,"HybridCORELSPreClassifier
if [relationship_Own-child && age_low]:
  income = False(support 3727, accuracy 0.99168)
else 
    default: RandomForestClassifier(max_depth=5, min_samples_split=10, random_state=42)(support 25578, accuracy 0.80991 (majority pred 0.727))",1,0.9087837837837838
4,fixed_rf,1.7061934823408974e-05,0,lower_bound,0.1,0.01,opt,0.8351817096058693,0.832002457002457,0.826696693622684,0.9933844932521831,0.9911147011308562,0.9942622950819672,0.8117605578625715,0.8089097303634232,0.8027839513393379,0.12895410339532504,0.12674037674037675,0.12488483979936534,"HybridCORELSPreClassifier
if [relationship_Own-child && age_low]:
  income = False(support 3779, accuracy 0.99338)
else 
    default: RandomForestClassifier(max_depth=5, min_samples_split=10, random_state=42)(support 25526, accuracy 0.81176 (majority pred 0.726))",1,0.9108312858312859
0,fixed_rf,1.7061934823408974e-05,0,lower_bound,0.01,0.001,opt,0.8332366490360007,0.8325143325143325,0.8326338417442932,0.9925472451424009,0.9951456310679612,0.9927652733118971,0.8098089870048536,0.8089545241443976,0.809266862170088,0.12820337826309502,0.12653562653562653,0.1273415907462381,"HybridCORELSPreClassifier
if [relationship_Own-child && age_low]:
  income = False(support 3757, accuracy 0.99255)
else 
    default: RandomForestClassifier(max_depth=5, min_samples_split=10, random_state=42)(support 25548, accuracy 0.80981 (majority pred 0.729))",1,0.9056101556101557
1,fixed_rf,1.7061934823408974e-05,0,lower_bound,0.01,0.001,opt,0.8313939600750725,0.8316953316953317,0.8375473436380387,0.9927788178657395,0.9950940310711366,0.9921568627450981,0.8077915982163811,0.8083089526038619,0.8143395337885566,0.1275891486094523,0.1252047502047502,0.1305148940526154,"HybridCORELSPreClassifier
if [relationship_Own-child && age_low]:
  income = False(support 3739, accuracy 0.99278)
else 
    default: RandomForestClassifier(max_depth=5, min_samples_split=10, random_state=42)(support 25566, accuracy 0.80779 (majority pred 0.727))",1,0.9044840294840295
2,fixed_rf,1.7061934823408974e-05,0,lower_bound,0.01,0.001,opt,0.8358983108684525,0.8264742014742015,0.8353976865595251,0.9930961232076474,0.9934479934479934,0.9928,0.8127178041426837,0.8026208026208026,0.8123019133701138,0.12851049308991638,0.125,0.12795577848295628,"HybridCORELSPreClassifier
if [relationship_Own-child && age_low]:
  income = False(support 3766, accuracy 0.99310)
else 
    default: RandomForestClassifier(max_depth=5, min_samples_split=10, random_state=42)(support 25539, accuracy 0.81272 (majority pred 0.730))",1,0.8992628992628993
3,fixed_rf,1.7061934823408974e-05,0,lower_bound,0.01,0.001,opt,0.8330319058181198,0.838963963963964,0.8309960077797113,0.9916823182184062,0.9942857142857143,0.9961089494163424,0.8099147705059035,0.8166920285613953,0.805987741631306,0.1271796621736905,0.1254095004095004,0.13153854028047907,"HybridCORELSPreClassifier
if [relationship_Own-child && age_low]:
  income = False(support 3727, accuracy 0.99168)
else 
    default: RandomForestClassifier(max_depth=5, min_samples_split=10, random_state=42)(support 25578, accuracy 0.80991 (majority pred 0.727))",1,0.9087837837837838
4,fixed_rf,1.7061934823408974e-05,0,lower_bound,0.01,0.001,opt,0.8351817096058693,0.832002457002457,0.826696693622684,0.9933844932521831,0.9911147011308562,0.9942622950819672,0.8117605578625715,0.8089097303634232,0.8027839513393379,0.12895410339532504,0.12674037674037675,0.12488483979936534,"HybridCORELSPreClassifier
if [relationship_Own-child && age_low]:
  income = False(support 3779, accuracy 0.99338)
else 
    default: RandomForestClassifier(max_depth=5, min_samples_split=10, random_state=42)(support 25526, accuracy 0.81176 (majority pred 0.726))",1,0.9108312858312859
0,fixed_rf,1.7061934823408974e-05,0,lower_bound,0.05,0.001,opt,0.8332366490360007,0.8325143325143325,0.8326338417442932,0.9925472451424009,0.9951456310679612,0.9927652733118971,0.8098089870048536,0.8089545241443976,0.809266862170088,0.12820337826309502,0.12653562653562653,0.1273415907462381,"HybridCORELSPreClassifier
if [relationship_Own-child && age_low]:
  income = False(support 3757, accuracy 0.99255)
else 
    default: RandomForestClassifier(max_depth=5, min_samples_split=10, random_state=42)(support 25548, accuracy 0.80981 (majority pred 0.729))",1,0.9056101556101557
1,fixed_rf,1.7061934823408974e-05,0,lower_bound,0.05,0.001,opt,0.8313939600750725,0.8316953316953317,0.8375473436380387,0.9927788178657395,0.9950940310711366,0.9921568627450981,0.8077915982163811,0.8083089526038619,0.8143395337885566,0.1275891486094523,0.1252047502047502,0.1305148940526154,"HybridCORELSPreClassifier
if [relationship_Own-child && age_low]:
  income = False(support 3739, accuracy 0.99278)
else 
    default: RandomForestClassifier(max_depth=5, min_samples_split=10, random_state=42)(support 25566, accuracy 0.80779 (majority pred 0.727))",1,0.9044840294840295
2,fixed_rf,1.7061934823408974e-05,0,lower_bound,0.05,0.001,opt,0.8358983108684525,0.8264742014742015,0.8353976865595251,0.9930961232076474,0.9934479934479934,0.9928,0.8127178041426837,0.8026208026208026,0.8123019133701138,0.12851049308991638,0.125,0.12795577848295628,"HybridCORELSPreClassifier
if [relationship_Own-child && age_low]:
  income = False(support 3766, accuracy 0.99310)
else 
    default: RandomForestClassifier(max_depth=5, min_samples_split=10, random_state=42)(support 25539, accuracy 0.81272 (majority pred 0.730))",1,0.8992628992628993
3,fixed_rf,1.7061934823408974e-05,0,lower_bound,0.05,0.001,opt,0.8330319058181198,0.838963963963964,0.8309960077797113,0.9916823182184062,0.9942857142857143,0.9961089494163424,0.8099147705059035,0.8166920285613953,0.805987741631306,0.1271796621736905,0.1254095004095004,0.13153854028047907,"HybridCORELSPreClassifier
if [relationship_Own-child && age_low]:
  income = False(support 3727, accuracy 0.99168)
else 
    default: RandomForestClassifier(max_depth=5, min_samples_split=10, random_state=42)(support 25578, accuracy 0.80991 (majority pred 0.727))",1,0.9087837837837838
4,fixed_rf,1.7061934823408974e-05,0,lower_bound,0.05,0.001,opt,0.8351817096058693,0.832002457002457,0.826696693622684,0.9933844932521831,0.9911147011308562,0.9942622950819672,0.8117605578625715,0.8089097303634232,0.8027839513393379,0.12895410339532504,0.12674037674037675,0.12488483979936534,"HybridCORELSPreClassifier
if [relationship_Own-child && age_low]:
  income = False(support 3779, accuracy 0.99338)
else 
    default: RandomForestClassifier(max_depth=5, min_samples_split=10, random_state=42)(support 25526, accuracy 0.81176 (majority pred 0.726))",1,0.9108312858312859
0,fixed_rf,1.7061934823408974e-05,0,lower_bound,0.1,0.001,opt,0.8332366490360007,0.8325143325143325,0.8326338417442932,0.9925472451424009,0.9951456310679612,0.9927652733118971,0.8098089870048536,0.8089545241443976,0.809266862170088,0.12820337826309502,0.12653562653562653,0.1273415907462381,"HybridCORELSPreClassifier
if [relationship_Own-child && age_low]:
  income = False(support 3757, accuracy 0.99255)
else 
    default: RandomForestClassifier(max_depth=5, min_samples_split=10, random_state=42)(support 25548, accuracy 0.80981 (majority pred 0.729))",1,0.9056101556101557
1,fixed_rf,1.7061934823408974e-05,0,lower_bound,0.1,0.001,opt,0.8313939600750725,0.8316953316953317,0.8375473436380387,0.9927788178657395,0.9950940310711366,0.9921568627450981,0.8077915982163811,0.8083089526038619,0.8143395337885566,0.1275891486094523,0.1252047502047502,0.1305148940526154,"HybridCORELSPreClassifier
if [relationship_Own-child && age_low]:
  income = False(support 3739, accuracy 0.99278)
else 
    default: RandomForestClassifier(max_depth=5, min_samples_split=10, random_state=42)(support 25566, accuracy 0.80779 (majority pred 0.727))",1,0.9044840294840295
2,fixed_rf,1.7061934823408974e-05,0,lower_bound,0.1,0.001,opt,0.8358983108684525,0.8264742014742015,0.8353976865595251,0.9930961232076474,0.9934479934479934,0.9928,0.8127178041426837,0.8026208026208026,0.8123019133701138,0.12851049308991638,0.125,0.12795577848295628,"HybridCORELSPreClassifier
if [relationship_Own-child && age_low]:
  income = False(support 3766, accuracy 0.99310)
else 
    default: RandomForestClassifier(max_depth=5, min_samples_split=10, random_state=42)(support 25539, accuracy 0.81272 (majority pred 0.730))",1,0.8992628992628993
3,fixed_rf,1.7061934823408974e-05,0,lower_bound,0.1,0.001,opt,0.8330319058181198,0.838963963963964,0.8309960077797113,0.9916823182184062,0.9942857142857143,0.9961089494163424,0.8099147705059035,0.8166920285613953,0.805987741631306,0.1271796621736905,0.1254095004095004,0.13153854028047907,"HybridCORELSPreClassifier
if [relationship_Own-child && age_low]:
  income = False(support 3727, accuracy 0.99168)
else 
    default: RandomForestClassifier(max_depth=5, min_samples_split=10, random_state=42)(support 25578, accuracy 0.80991 (majority pred 0.727))",1,0.9087837837837838
4,fixed_rf,1.7061934823408974e-05,0,lower_bound,0.1,0.001,opt,0.8351817096058693,0.832002457002457,0.826696693622684,0.9933844932521831,0.9911147011308562,0.9942622950819672,0.8117605578625715,0.8089097303634232,0.8027839513393379,0.12895410339532504,0.12674037674037675,0.12488483979936534,"HybridCORELSPreClassifier
if [relationship_Own-child && age_low]:
  income = False(support 3779, accuracy 0.99338)
else 
    default: RandomForestClassifier(max_depth=5, min_samples_split=10, random_state=42)(support 25526, accuracy 0.81176 (majority pred 0.726))",1,0.9108312858312859
0,fixed_rf,1.7061934823408974e-05,0,lower_bound,0.01,0.0001,opt,0.8332366490360007,0.8325143325143325,0.8326338417442932,0.9925472451424009,0.9951456310679612,0.9927652733118971,0.8098089870048536,0.8089545241443976,0.809266862170088,0.12820337826309502,0.12653562653562653,0.1273415907462381,"HybridCORELSPreClassifier
if [relationship_Own-child && age_low]:
  income = False(support 3757, accuracy 0.99255)
else 
    default: RandomForestClassifier(max_depth=5, min_samples_split=10, random_state=42)(support 25548, accuracy 0.80981 (majority pred 0.729))",1,0.9056101556101557
1,fixed_rf,1.7061934823408974e-05,0,lower_bound,0.01,0.0001,opt,0.8313939600750725,0.8316953316953317,0.8375473436380387,0.9927788178657395,0.9950940310711366,0.9921568627450981,0.8077915982163811,0.8083089526038619,0.8143395337885566,0.1275891486094523,0.1252047502047502,0.1305148940526154,"HybridCORELSPreClassifier
if [relationship_Own-child && age_low]:
  income = False(support 3739, accuracy 0.99278)
else 
    default: RandomForestClassifier(max_depth=5, min_samples_split=10, random_state=42)(support 25566, accuracy 0.80779 (majority pred 0.727))",1,0.9044840294840295
2,fixed_rf,1.7061934823408974e-05,0,lower_bound,0.01,0.0001,opt,0.8358983108684525,0.8264742014742015,0.8353976865595251,0.9930961232076474,0.9934479934479934,0.9928,0.8127178041426837,0.8026208026208026,0.8123019133701138,0.12851049308991638,0.125,0.12795577848295628,"HybridCORELSPreClassifier
if [relationship_Own-child && age_low]:
  income = False(support 3766, accuracy 0.99310)
else 
    default: RandomForestClassifier(max_depth=5, min_samples_split=10, random_state=42)(support 25539, accuracy 0.81272 (majority pred 0.730))",1,0.8992628992628993
3,fixed_rf,1.7061934823408974e-05,0,lower_bound,0.01,0.0001,opt,0.8330319058181198,0.838963963963964,0.8309960077797113,0.9916823182184062,0.9942857142857143,0.9961089494163424,0.8099147705059035,0.8166920285613953,0.805987741631306,0.1271796621736905,0.1254095004095004,0.13153854028047907,"HybridCORELSPreClassifier
if [relationship_Own-child && age_low]:
  income = False(support 3727, accuracy 0.99168)
else 
    default: RandomForestClassifier(max_depth=5, min_samples_split=10, random_state=42)(support 25578, accuracy 0.80991 (majority pred 0.727))",1,0.9087837837837838
4,fixed_rf,1.7061934823408974e-05,0,lower_bound,0.01,0.0001,opt,0.8351817096058693,0.832002457002457,0.826696693622684,0.9933844932521831,0.9911147011308562,0.9942622950819672,0.8117605578625715,0.8089097303634232,0.8027839513393379,0.12895410339532504,0.12674037674037675,0.12488483979936534,"HybridCORELSPreClassifier
if [relationship_Own-child && age_low]:
  income = False(support 3779, accuracy 0.99338)
else 
    default: RandomForestClassifier(max_depth=5, min_samples_split=10, random_state=42)(support 25526, accuracy 0.81176 (majority pred 0.726))",1,0.9108312858312859
0,fixed_rf,1.7061934823408974e-05,0,lower_bound,0.05,0.0001,opt,0.8332366490360007,0.8325143325143325,0.8326338417442932,0.9925472451424009,0.9951456310679612,0.9927652733118971,0.8098089870048536,0.8089545241443976,0.809266862170088,0.12820337826309502,0.12653562653562653,0.1273415907462381,"HybridCORELSPreClassifier
if [relationship_Own-child && age_low]:
  income = False(support 3757, accuracy 0.99255)
else 
    default: RandomForestClassifier(max_depth=5, min_samples_split=10, random_state=42)(support 25548, accuracy 0.80981 (majority pred 0.729))",1,0.9056101556101557
1,fixed_rf,1.7061934823408974e-05,0,lower_bound,0.05,0.0001,opt,0.8313939600750725,0.8316953316953317,0.8375473436380387,0.9927788178657395,0.9950940310711366,0.9921568627450981,0.8077915982163811,0.8083089526038619,0.8143395337885566,0.1275891486094523,0.1252047502047502,0.1305148940526154,"HybridCORELSPreClassifier
if [relationship_Own-child && age_low]:
  income = False(support 3739, accuracy 0.99278)
else 
    default: RandomForestClassifier(max_depth=5, min_samples_split=10, random_state=42)(support 25566, accuracy 0.80779 (majority pred 0.727))",1,0.9044840294840295
2,fixed_rf,1.7061934823408974e-05,0,lower_bound,0.05,0.0001,opt,0.8358983108684525,0.8264742014742015,0.8353976865595251,0.9930961232076474,0.9934479934479934,0.9928,0.8127178041426837,0.8026208026208026,0.8123019133701138,0.12851049308991638,0.125,0.12795577848295628,"HybridCORELSPreClassifier
if [relationship_Own-child && age_low]:
  income = False(support 3766, accuracy 0.99310)
else 
    default: RandomForestClassifier(max_depth=5, min_samples_split=10, random_state=42)(support 25539, accuracy 0.81272 (majority pred 0.730))",1,0.8992628992628993
3,fixed_rf,1.7061934823408974e-05,0,lower_bound,0.05,0.0001,opt,0.8330319058181198,0.838963963963964,0.8309960077797113,0.9916823182184062,0.9942857142857143,0.9961089494163424,0.8099147705059035,0.8166920285613953,0.805987741631306,0.1271796621736905,0.1254095004095004,0.13153854028047907,"HybridCORELSPreClassifier
if [relationship_Own-child && age_low]:
  income = False(support 3727, accuracy 0.99168)
else 
    default: RandomForestClassifier(max_depth=5, min_samples_split=10, random_state=42)(support 25578, accuracy 0.80991 (majority pred 0.727))",1,0.9087837837837838
4,fixed_rf,1.7061934823408974e-05,0,lower_bound,0.05,0.0001,opt,0.8351817096058693,0.832002457002457,0.826696693622684,0.9933844932521831,0.9911147011308562,0.9942622950819672,0.8117605578625715,0.8089097303634232,0.8027839513393379,0.12895410339532504,0.12674037674037675,0.12488483979936534,"HybridCORELSPreClassifier
if [relationship_Own-child && age_low]:
  income = False(support 3779, accuracy 0.99338)
else 
    default: RandomForestClassifier(max_depth=5, min_samples_split=10, random_state=42)(support 25526, accuracy 0.81176 (majority pred 0.726))",1,0.9108312858312859
0,fixed_rf,1.7061934823408974e-05,0,lower_bound,0.1,0.0001,opt,0.8332366490360007,0.8325143325143325,0.8326338417442932,0.9925472451424009,0.9951456310679612,0.9927652733118971,0.8098089870048536,0.8089545241443976,0.809266862170088,0.12820337826309502,0.12653562653562653,0.1273415907462381,"HybridCORELSPreClassifier
if [relationship_Own-child && age_low]:
  income = False(support 3757, accuracy 0.99255)
else 
    default: RandomForestClassifier(max_depth=5, min_samples_split=10, random_state=42)(support 25548, accuracy 0.80981 (majority pred 0.729))",1,0.9056101556101557
1,fixed_rf,1.7061934823408974e-05,0,lower_bound,0.1,0.0001,opt,0.8313939600750725,0.8316953316953317,0.8375473436380387,0.9927788178657395,0.9950940310711366,0.9921568627450981,0.8077915982163811,0.8083089526038619,0.8143395337885566,0.1275891486094523,0.1252047502047502,0.1305148940526154,"HybridCORELSPreClassifier
if [relationship_Own-child && age_low]:
  income = False(support 3739, accuracy 0.99278)
else 
    default: RandomForestClassifier(max_depth=5, min_samples_split=10, random_state=42)(support 25566, accuracy 0.80779 (majority pred 0.727))",1,0.9044840294840295
2,fixed_rf,1.7061934823408974e-05,0,lower_bound,0.1,0.0001,opt,0.8358983108684525,0.8264742014742015,0.8353976865595251,0.9930961232076474,0.9934479934479934,0.9928,0.8127178041426837,0.8026208026208026,0.8123019133701138,0.12851049308991638,0.125,0.12795577848295628,"HybridCORELSPreClassifier
if [relationship_Own-child && age_low]:
  income = False(support 3766, accuracy 0.99310)
else 
    default: RandomForestClassifier(max_depth=5, min_samples_split=10, random_state=42)(support 25539, accuracy 0.81272 (majority pred 0.730))",1,0.8992628992628993
3,fixed_rf,1.7061934823408974e-05,0,lower_bound,0.1,0.0001,opt,0.8330319058181198,0.838963963963964,0.8309960077797113,0.9916823182184062,0.9942857142857143,0.9961089494163424,0.8099147705059035,0.8166920285613953,0.805987741631306,0.1271796621736905,0.1254095004095004,0.13153854028047907,"HybridCORELSPreClassifier
if [relationship_Own-child && age_low]:
  income = False(support 3727, accuracy 0.99168)
else 
    default: RandomForestClassifier(max_depth=5, min_samples_split=10, random_state=42)(support 25578, accuracy 0.80991 (majority pred 0.727))",1,0.9087837837837838
4,fixed_rf,1.7061934823408974e-05,0,lower_bound,0.1,0.0001,opt,0.8351817096058693,0.832002457002457,0.826696693622684,0.9933844932521831,0.9911147011308562,0.9942622950819672,0.8117605578625715,0.8089097303634232,0.8027839513393379,0.12895410339532504,0.12674037674037675,0.12488483979936534,"HybridCORELSPreClassifier
if [relationship_Own-child && age_low]:
  income = False(support 3779, accuracy 0.99338)
else 
    default: RandomForestClassifier(max_depth=5, min_samples_split=10, random_state=42)(support 25526, accuracy 0.81176 (majority pred 0.726))",1,0.9108312858312859
0,fixed_rf,1.7061934823408974e-05,0,bfs,0.01,0.01,opt,0.8332366490360007,0.8325143325143325,0.8326338417442932,0.9925472451424009,0.9951456310679612,0.9927652733118971,0.8098089870048536,0.8089545241443976,0.809266862170088,0.12820337826309502,0.12653562653562653,0.1273415907462381,"HybridCORELSPreClassifier
if [relationship_Own-child && age_low]:
  income = False(support 3757, accuracy 0.99255)
else 
    default: RandomForestClassifier(max_depth=5, min_samples_split=10, random_state=42)(support 25548, accuracy 0.80981 (majority pred 0.729))",1,0.9056101556101557
1,fixed_rf,1.7061934823408974e-05,0,bfs,0.01,0.01,opt,0.8313939600750725,0.8316953316953317,0.8375473436380387,0.9927788178657395,0.9950940310711366,0.9921568627450981,0.8077915982163811,0.8083089526038619,0.8143395337885566,0.1275891486094523,0.1252047502047502,0.1305148940526154,"HybridCORELSPreClassifier
if [relationship_Own-child && age_low]:
  income = False(support 3739, accuracy 0.99278)
else 
    default: RandomForestClassifier(max_depth=5, min_samples_split=10, random_state=42)(support 25566, accuracy 0.80779 (majority pred 0.727))",1,0.9044840294840295
2,fixed_rf,1.7061934823408974e-05,0,bfs,0.01,0.01,opt,0.8358983108684525,0.8264742014742015,0.8353976865595251,0.9930961232076474,0.9934479934479934,0.9928,0.8127178041426837,0.8026208026208026,0.8123019133701138,0.12851049308991638,0.125,0.12795577848295628,"HybridCORELSPreClassifier
if [relationship_Own-child && age_low]:
  income = False(support 3766, accuracy 0.99310)
else 
    default: RandomForestClassifier(max_depth=5, min_samples_split=10, random_state=42)(support 25539, accuracy 0.81272 (majority pred 0.730))",1,0.8992628992628993
3,fixed_rf,1.7061934823408974e-05,0,bfs,0.01,0.01,opt,0.8330319058181198,0.838963963963964,0.8309960077797113,0.9916823182184062,0.9942857142857143,0.9961089494163424,0.8099147705059035,0.8166920285613953,0.805987741631306,0.1271796621736905,0.1254095004095004,0.13153854028047907,"HybridCORELSPreClassifier
if [relationship_Own-child && age_low]:
  income = False(support 3727, accuracy 0.99168)
else 
    default: RandomForestClassifier(max_depth=5, min_samples_split=10, random_state=42)(support 25578, accuracy 0.80991 (majority pred 0.727))",1,0.9087837837837838
4,fixed_rf,1.7061934823408974e-05,0,bfs,0.01,0.01,opt,0.8351817096058693,0.832002457002457,0.826696693622684,0.9933844932521831,0.9911147011308562,0.9942622950819672,0.8117605578625715,0.8089097303634232,0.8027839513393379,0.12895410339532504,0.12674037674037675,0.12488483979936534,"HybridCORELSPreClassifier
if [relationship_Own-child && age_low]:
  income = False(support 3779, accuracy 0.99338)
else 
    default: RandomForestClassifier(max_depth=5, min_samples_split=10, random_state=42)(support 25526, accuracy 0.81176 (majority pred 0.726))",1,0.9108312858312859
0,fixed_rf,1.7061934823408974e-05,0,bfs,0.05,0.01,opt,0.8332366490360007,0.8325143325143325,0.8326338417442932,0.9925472451424009,0.9951456310679612,0.9927652733118971,0.8098089870048536,0.8089545241443976,0.809266862170088,0.12820337826309502,0.12653562653562653,0.1273415907462381,"HybridCORELSPreClassifier
if [relationship_Own-child && age_low]:
  income = False(support 3757, accuracy 0.99255)
else 
    default: RandomForestClassifier(max_depth=5, min_samples_split=10, random_state=42)(support 25548, accuracy 0.80981 (majority pred 0.729))",1,0.9056101556101557
1,fixed_rf,1.7061934823408974e-05,0,bfs,0.05,0.01,opt,0.8313939600750725,0.8316953316953317,0.8375473436380387,0.9927788178657395,0.9950940310711366,0.9921568627450981,0.8077915982163811,0.8083089526038619,0.8143395337885566,0.1275891486094523,0.1252047502047502,0.1305148940526154,"HybridCORELSPreClassifier
if [relationship_Own-child && age_low]:
  income = False(support 3739, accuracy 0.99278)
else 
    default: RandomForestClassifier(max_depth=5, min_samples_split=10, random_state=42)(support 25566, accuracy 0.80779 (majority pred 0.727))",1,0.9044840294840295
2,fixed_rf,1.7061934823408974e-05,0,bfs,0.05,0.01,opt,0.8358983108684525,0.8264742014742015,0.8353976865595251,0.9930961232076474,0.9934479934479934,0.9928,0.8127178041426837,0.8026208026208026,0.8123019133701138,0.12851049308991638,0.125,0.12795577848295628,"HybridCORELSPreClassifier
if [relationship_Own-child && age_low]:
  income = False(support 3766, accuracy 0.99310)
else 
    default: RandomForestClassifier(max_depth=5, min_samples_split=10, random_state=42)(support 25539, accuracy 0.81272 (majority pred 0.730))",1,0.8992628992628993
3,fixed_rf,1.7061934823408974e-05,0,bfs,0.05,0.01,opt,0.8330319058181198,0.838963963963964,0.8309960077797113,0.9916823182184062,0.9942857142857143,0.9961089494163424,0.8099147705059035,0.8166920285613953,0.805987741631306,0.1271796621736905,0.1254095004095004,0.13153854028047907,"HybridCORELSPreClassifier
if [relationship_Own-child && age_low]:
  income = False(support 3727, accuracy 0.99168)
else 
    default: RandomForestClassifier(max_depth=5, min_samples_split=10, random_state=42)(support 25578, accuracy 0.80991 (majority pred 0.727))",1,0.9087837837837838
4,fixed_rf,1.7061934823408974e-05,0,bfs,0.05,0.01,opt,0.8351817096058693,0.832002457002457,0.826696693622684,0.9933844932521831,0.9911147011308562,0.9942622950819672,0.8117605578625715,0.8089097303634232,0.8027839513393379,0.12895410339532504,0.12674037674037675,0.12488483979936534,"HybridCORELSPreClassifier
if [relationship_Own-child && age_low]:
  income = False(support 3779, accuracy 0.99338)
else 
    default: RandomForestClassifier(max_depth=5, min_samples_split=10, random_state=42)(support 25526, accuracy 0.81176 (majority pred 0.726))",1,0.9108312858312859
0,fixed_rf,1.7061934823408974e-05,0,bfs,0.1,0.01,opt,0.8332366490360007,0.8325143325143325,0.8326338417442932,0.9925472451424009,0.9951456310679612,0.9927652733118971,0.8098089870048536,0.8089545241443976,0.809266862170088,0.12820337826309502,0.12653562653562653,0.1273415907462381,"HybridCORELSPreClassifier
if [relationship_Own-child && age_low]:
  income = False(support 3757, accuracy 0.99255)
else 
    default: RandomForestClassifier(max_depth=5, min_samples_split=10, random_state=42)(support 25548, accuracy 0.80981 (majority pred 0.729))",1,0.9056101556101557
1,fixed_rf,1.7061934823408974e-05,0,bfs,0.1,0.01,opt,0.8313939600750725,0.8316953316953317,0.8375473436380387,0.9927788178657395,0.9950940310711366,0.9921568627450981,0.8077915982163811,0.8083089526038619,0.8143395337885566,0.1275891486094523,0.1252047502047502,0.1305148940526154,"HybridCORELSPreClassifier
if [relationship_Own-child && age_low]:
  income = False(support 3739, accuracy 0.99278)
else 
    default: RandomForestClassifier(max_depth=5, min_samples_split=10, random_state=42)(support 25566, accuracy 0.80779 (majority pred 0.727))",1,0.9044840294840295
2,fixed_rf,1.7061934823408974e-05,0,bfs,0.1,0.01,opt,0.8358983108684525,0.8264742014742015,0.8353976865595251,0.9930961232076474,0.9934479934479934,0.9928,0.8127178041426837,0.8026208026208026,0.8123019133701138,0.12851049308991638,0.125,0.12795577848295628,"HybridCORELSPreClassifier
if [relationship_Own-child && age_low]:
  income = False(support 3766, accuracy 0.99310)
else 
    default: RandomForestClassifier(max_depth=5, min_samples_split=10, random_state=42)(support 25539, accuracy 0.81272 (majority pred 0.730))",1,0.8992628992628993
3,fixed_rf,1.7061934823408974e-05,0,bfs,0.1,0.01,opt,0.8330319058181198,0.838963963963964,0.8309960077797113,0.9916823182184062,0.9942857142857143,0.9961089494163424,0.8099147705059035,0.8166920285613953,0.805987741631306,0.1271796621736905,0.1254095004095004,0.13153854028047907,"HybridCORELSPreClassifier
if [relationship_Own-child && age_low]:
  income = False(support 3727, accuracy 0.99168)
else 
    default: RandomForestClassifier(max_depth=5, min_samples_split=10, random_state=42)(support 25578, accuracy 0.80991 (majority pred 0.727))",1,0.9087837837837838
4,fixed_rf,1.7061934823408974e-05,0,bfs,0.1,0.01,opt,0.8351817096058693,0.832002457002457,0.826696693622684,0.9933844932521831,0.9911147011308562,0.9942622950819672,0.8117605578625715,0.8089097303634232,0.8027839513393379,0.12895410339532504,0.12674037674037675,0.12488483979936534,"HybridCORELSPreClassifier
if [relationship_Own-child && age_low]:
  income = False(support 3779, accuracy 0.99338)
else 
    default: RandomForestClassifier(max_depth=5, min_samples_split=10, random_state=42)(support 25526, accuracy 0.81176 (majority pred 0.726))",1,0.9108312858312859
0,fixed_rf,1.7061934823408974e-05,0,bfs,0.01,0.001,opt,0.8332366490360007,0.8325143325143325,0.8326338417442932,0.9925472451424009,0.9951456310679612,0.9927652733118971,0.8098089870048536,0.8089545241443976,0.809266862170088,0.12820337826309502,0.12653562653562653,0.1273415907462381,"HybridCORELSPreClassifier
if [relationship_Own-child && age_low]:
  income = False(support 3757, accuracy 0.99255)
else 
    default: RandomForestClassifier(max_depth=5, min_samples_split=10, random_state=42)(support 25548, accuracy 0.80981 (majority pred 0.729))",1,0.9056101556101557
1,fixed_rf,1.7061934823408974e-05,0,bfs,0.01,0.001,opt,0.8313939600750725,0.8316953316953317,0.8375473436380387,0.9927788178657395,0.9950940310711366,0.9921568627450981,0.8077915982163811,0.8083089526038619,0.8143395337885566,0.1275891486094523,0.1252047502047502,0.1305148940526154,"HybridCORELSPreClassifier
if [relationship_Own-child && age_low]:
  income = False(support 3739, accuracy 0.99278)
else 
    default: RandomForestClassifier(max_depth=5, min_samples_split=10, random_state=42)(support 25566, accuracy 0.80779 (majority pred 0.727))",1,0.9044840294840295
2,fixed_rf,1.7061934823408974e-05,0,bfs,0.01,0.001,opt,0.8358983108684525,0.8264742014742015,0.8353976865595251,0.9930961232076474,0.9934479934479934,0.9928,0.8127178041426837,0.8026208026208026,0.8123019133701138,0.12851049308991638,0.125,0.12795577848295628,"HybridCORELSPreClassifier
if [relationship_Own-child && age_low]:
  income = False(support 3766, accuracy 0.99310)
else 
    default: RandomForestClassifier(max_depth=5, min_samples_split=10, random_state=42)(support 25539, accuracy 0.81272 (majority pred 0.730))",1,0.8992628992628993
3,fixed_rf,1.7061934823408974e-05,0,bfs,0.01,0.001,opt,0.8330319058181198,0.838963963963964,0.8309960077797113,0.9916823182184062,0.9942857142857143,0.9961089494163424,0.8099147705059035,0.8166920285613953,0.805987741631306,0.1271796621736905,0.1254095004095004,0.13153854028047907,"HybridCORELSPreClassifier
if [relationship_Own-child && age_low]:
  income = False(support 3727, accuracy 0.99168)
else 
    default: RandomForestClassifier(max_depth=5, min_samples_split=10, random_state=42)(support 25578, accuracy 0.80991 (majority pred 0.727))",1,0.9087837837837838
4,fixed_rf,1.7061934823408974e-05,0,bfs,0.01,0.001,opt,0.8351817096058693,0.832002457002457,0.826696693622684,0.9933844932521831,0.9911147011308562,0.9942622950819672,0.8117605578625715,0.8089097303634232,0.8027839513393379,0.12895410339532504,0.12674037674037675,0.12488483979936534,"HybridCORELSPreClassifier
if [relationship_Own-child && age_low]:
  income = False(support 3779, accuracy 0.99338)
else 
    default: RandomForestClassifier(max_depth=5, min_samples_split=10, random_state=42)(support 25526, accuracy 0.81176 (majority pred 0.726))",1,0.9108312858312859
0,fixed_rf,1.7061934823408974e-05,0,bfs,0.05,0.001,opt,0.8332366490360007,0.8325143325143325,0.8326338417442932,0.9925472451424009,0.9951456310679612,0.9927652733118971,0.8098089870048536,0.8089545241443976,0.809266862170088,0.12820337826309502,0.12653562653562653,0.1273415907462381,"HybridCORELSPreClassifier
if [relationship_Own-child && age_low]:
  income = False(support 3757, accuracy 0.99255)
else 
    default: RandomForestClassifier(max_depth=5, min_samples_split=10, random_state=42)(support 25548, accuracy 0.80981 (majority pred 0.729))",1,0.9056101556101557
1,fixed_rf,1.7061934823408974e-05,0,bfs,0.05,0.001,opt,0.8313939600750725,0.8316953316953317,0.8375473436380387,0.9927788178657395,0.9950940310711366,0.9921568627450981,0.8077915982163811,0.8083089526038619,0.8143395337885566,0.1275891486094523,0.1252047502047502,0.1305148940526154,"HybridCORELSPreClassifier
if [relationship_Own-child && age_low]:
  income = False(support 3739, accuracy 0.99278)
else 
    default: RandomForestClassifier(max_depth=5, min_samples_split=10, random_state=42)(support 25566, accuracy 0.80779 (majority pred 0.727))",1,0.9044840294840295
2,fixed_rf,1.7061934823408974e-05,0,bfs,0.05,0.001,opt,0.8358983108684525,0.8264742014742015,0.8353976865595251,0.9930961232076474,0.9934479934479934,0.9928,0.8127178041426837,0.8026208026208026,0.8123019133701138,0.12851049308991638,0.125,0.12795577848295628,"HybridCORELSPreClassifier
if [relationship_Own-child && age_low]:
  income = False(support 3766, accuracy 0.99310)
else 
    default: RandomForestClassifier(max_depth=5, min_samples_split=10, random_state=42)(support 25539, accuracy 0.81272 (majority pred 0.730))",1,0.8992628992628993
3,fixed_rf,1.7061934823408974e-05,0,bfs,0.05,0.001,opt,0.8330319058181198,0.838963963963964,0.8309960077797113,0.9916823182184062,0.9942857142857143,0.9961089494163424,0.8099147705059035,0.8166920285613953,0.805987741631306,0.1271796621736905,0.1254095004095004,0.13153854028047907,"HybridCORELSPreClassifier
if [relationship_Own-child && age_low]:
  income = False(support 3727, accuracy 0.99168)
else 
    default: RandomForestClassifier(max_depth=5, min_samples_split=10, random_state=42)(support 25578, accuracy 0.80991 (majority pred 0.727))",1,0.9087837837837838
4,fixed_rf,1.7061934823408974e-05,0,bfs,0.05,0.001,opt,0.8351817096058693,0.832002457002457,0.826696693622684,0.9933844932521831,0.9911147011308562,0.9942622950819672,0.8117605578625715,0.8089097303634232,0.8027839513393379,0.12895410339532504,0.12674037674037675,0.12488483979936534,"HybridCORELSPreClassifier
if [relationship_Own-child && age_low]:
  income = False(support 3779, accuracy 0.99338)
else 
    default: RandomForestClassifier(max_depth=5, min_samples_split=10, random_state=42)(support 25526, accuracy 0.81176 (majority pred 0.726))",1,0.9108312858312859
0,fixed_rf,1.7061934823408974e-05,0,bfs,0.1,0.001,opt,0.8332366490360007,0.8325143325143325,0.8326338417442932,0.9925472451424009,0.9951456310679612,0.9927652733118971,0.8098089870048536,0.8089545241443976,0.809266862170088,0.12820337826309502,0.12653562653562653,0.1273415907462381,"HybridCORELSPreClassifier
if [relationship_Own-child && age_low]:
  income = False(support 3757, accuracy 0.99255)
else 
    default: RandomForestClassifier(max_depth=5, min_samples_split=10, random_state=42)(support 25548, accuracy 0.80981 (majority pred 0.729))",1,0.9056101556101557
1,fixed_rf,1.7061934823408974e-05,0,bfs,0.1,0.001,opt,0.8313939600750725,0.8316953316953317,0.8375473436380387,0.9927788178657395,0.9950940310711366,0.9921568627450981,0.8077915982163811,0.8083089526038619,0.8143395337885566,0.1275891486094523,0.1252047502047502,0.1305148940526154,"HybridCORELSPreClassifier
if [relationship_Own-child && age_low]:
  income = False(support 3739, accuracy 0.99278)
else 
    default: RandomForestClassifier(max_depth=5, min_samples_split=10, random_state=42)(support 25566, accuracy 0.80779 (majority pred 0.727))",1,0.9044840294840295
2,fixed_rf,1.7061934823408974e-05,0,bfs,0.1,0.001,opt,0.8358983108684525,0.8264742014742015,0.8353976865595251,0.9930961232076474,0.9934479934479934,0.9928,0.8127178041426837,0.8026208026208026,0.8123019133701138,0.12851049308991638,0.125,0.12795577848295628,"HybridCORELSPreClassifier
if [relationship_Own-child && age_low]:
  income = False(support 3766, accuracy 0.99310)
else 
    default: RandomForestClassifier(max_depth=5, min_samples_split=10, random_state=42)(support 25539, accuracy 0.81272 (majority pred 0.730))",1,0.8992628992628993
3,fixed_rf,1.7061934823408974e-05,0,bfs,0.1,0.001,opt,0.8330319058181198,0.838963963963964,0.8309960077797113,0.9916823182184062,0.9942857142857143,0.9961089494163424,0.8099147705059035,0.8166920285613953,0.805987741631306,0.1271796621736905,0.1254095004095004,0.13153854028047907,"HybridCORELSPreClassifier
if [relationship_Own-child && age_low]:
  income = False(support 3727, accuracy 0.99168)
else 
    default: RandomForestClassifier(max_depth=5, min_samples_split=10, random_state=42)(support 25578, accuracy 0.80991 (majority pred 0.727))",1,0.9087837837837838
4,fixed_rf,1.7061934823408974e-05,0,bfs,0.1,0.001,opt,0.8351817096058693,0.832002457002457,0.826696693622684,0.9933844932521831,0.9911147011308562,0.9942622950819672,0.8117605578625715,0.8089097303634232,0.8027839513393379,0.12895410339532504,0.12674037674037675,0.12488483979936534,"HybridCORELSPreClassifier
if [relationship_Own-child && age_low]:
  income = False(support 3779, accuracy 0.99338)
else 
    default: RandomForestClassifier(max_depth=5, min_samples_split=10, random_state=42)(support 25526, accuracy 0.81176 (majority pred 0.726))",1,0.9108312858312859
0,fixed_rf,1.7061934823408974e-05,0,bfs,0.01,0.0001,opt,0.8332366490360007,0.8325143325143325,0.8326338417442932,0.9925472451424009,0.9951456310679612,0.9927652733118971,0.8098089870048536,0.8089545241443976,0.809266862170088,0.12820337826309502,0.12653562653562653,0.1273415907462381,"HybridCORELSPreClassifier
if [relationship_Own-child && age_low]:
  income = False(support 3757, accuracy 0.99255)
else 
    default: RandomForestClassifier(max_depth=5, min_samples_split=10, random_state=42)(support 25548, accuracy 0.80981 (majority pred 0.729))",1,0.9056101556101557
1,fixed_rf,1.7061934823408974e-05,0,bfs,0.01,0.0001,opt,0.8313939600750725,0.8316953316953317,0.8375473436380387,0.9927788178657395,0.9950940310711366,0.9921568627450981,0.8077915982163811,0.8083089526038619,0.8143395337885566,0.1275891486094523,0.1252047502047502,0.1305148940526154,"HybridCORELSPreClassifier
if [relationship_Own-child && age_low]:
  income = False(support 3739, accuracy 0.99278)
else 
    default: RandomForestClassifier(max_depth=5, min_samples_split=10, random_state=42)(support 25566, accuracy 0.80779 (majority pred 0.727))",1,0.9044840294840295
2,fixed_rf,1.7061934823408974e-05,0,bfs,0.01,0.0001,opt,0.8358983108684525,0.8264742014742015,0.8353976865595251,0.9930961232076474,0.9934479934479934,0.9928,0.8127178041426837,0.8026208026208026,0.8123019133701138,0.12851049308991638,0.125,0.12795577848295628,"HybridCORELSPreClassifier
if [relationship_Own-child && age_low]:
  income = False(support 3766, accuracy 0.99310)
else 
    default: RandomForestClassifier(max_depth=5, min_samples_split=10, random_state=42)(support 25539, accuracy 0.81272 (majority pred 0.730))",1,0.8992628992628993
3,fixed_rf,1.7061934823408974e-05,0,bfs,0.01,0.0001,opt,0.8330319058181198,0.838963963963964,0.8309960077797113,0.9916823182184062,0.9942857142857143,0.9961089494163424,0.8099147705059035,0.8166920285613953,0.805987741631306,0.1271796621736905,0.1254095004095004,0.13153854028047907,"HybridCORELSPreClassifier
if [relationship_Own-child && age_low]:
  income = False(support 3727, accuracy 0.99168)
else 
    default: RandomForestClassifier(max_depth=5, min_samples_split=10, random_state=42)(support 25578, accuracy 0.80991 (majority pred 0.727))",1,0.9087837837837838
4,fixed_rf,1.7061934823408974e-05,0,bfs,0.01,0.0001,opt,0.8351817096058693,0.832002457002457,0.826696693622684,0.9933844932521831,0.9911147011308562,0.9942622950819672,0.8117605578625715,0.8089097303634232,0.8027839513393379,0.12895410339532504,0.12674037674037675,0.12488483979936534,"HybridCORELSPreClassifier
if [relationship_Own-child && age_low]:
  income = False(support 3779, accuracy 0.99338)
else 
    default: RandomForestClassifier(max_depth=5, min_samples_split=10, random_state=42)(support 25526, accuracy 0.81176 (majority pred 0.726))",1,0.9108312858312859
0,fixed_rf,1.7061934823408974e-05,0,bfs,0.05,0.0001,opt,0.8332366490360007,0.8325143325143325,0.8326338417442932,0.9925472451424009,0.9951456310679612,0.9927652733118971,0.8098089870048536,0.8089545241443976,0.809266862170088,0.12820337826309502,0.12653562653562653,0.1273415907462381,"HybridCORELSPreClassifier
if [relationship_Own-child && age_low]:
  income = False(support 3757, accuracy 0.99255)
else 
    default: RandomForestClassifier(max_depth=5, min_samples_split=10, random_state=42)(support 25548, accuracy 0.80981 (majority pred 0.729))",1,0.9056101556101557
1,fixed_rf,1.7061934823408974e-05,0,bfs,0.05,0.0001,opt,0.8313939600750725,0.8316953316953317,0.8375473436380387,0.9927788178657395,0.9950940310711366,0.9921568627450981,0.8077915982163811,0.8083089526038619,0.8143395337885566,0.1275891486094523,0.1252047502047502,0.1305148940526154,"HybridCORELSPreClassifier
if [relationship_Own-child && age_low]:
  income = False(support 3739, accuracy 0.99278)
else 
    default: RandomForestClassifier(max_depth=5, min_samples_split=10, random_state=42)(support 25566, accuracy 0.80779 (majority pred 0.727))",1,0.9044840294840295
2,fixed_rf,1.7061934823408974e-05,0,bfs,0.05,0.0001,opt,0.8358983108684525,0.8264742014742015,0.8353976865595251,0.9930961232076474,0.9934479934479934,0.9928,0.8127178041426837,0.8026208026208026,0.8123019133701138,0.12851049308991638,0.125,0.12795577848295628,"HybridCORELSPreClassifier
if [relationship_Own-child && age_low]:
  income = False(support 3766, accuracy 0.99310)
else 
    default: RandomForestClassifier(max_depth=5, min_samples_split=10, random_state=42)(support 25539, accuracy 0.81272 (majority pred 0.730))",1,0.8992628992628993
3,fixed_rf,1.7061934823408974e-05,0,bfs,0.05,0.0001,opt,0.8330319058181198,0.838963963963964,0.8309960077797113,0.9916823182184062,0.9942857142857143,0.9961089494163424,0.8099147705059035,0.8166920285613953,0.805987741631306,0.1271796621736905,0.1254095004095004,0.13153854028047907,"HybridCORELSPreClassifier
if [relationship_Own-child && age_low]:
  income = False(support 3727, accuracy 0.99168)
else 
    default: RandomForestClassifier(max_depth=5, min_samples_split=10, random_state=42)(support 25578, accuracy 0.80991 (majority pred 0.727))",1,0.9087837837837838
4,fixed_rf,1.7061934823408974e-05,0,bfs,0.05,0.0001,opt,0.8351817096058693,0.832002457002457,0.826696693622684,0.9933844932521831,0.9911147011308562,0.9942622950819672,0.8117605578625715,0.8089097303634232,0.8027839513393379,0.12895410339532504,0.12674037674037675,0.12488483979936534,"HybridCORELSPreClassifier
if [relationship_Own-child && age_low]:
  income = False(support 3779, accuracy 0.99338)
else 
    default: RandomForestClassifier(max_depth=5, min_samples_split=10, random_state=42)(support 25526, accuracy 0.81176 (majority pred 0.726))",1,0.9108312858312859
0,fixed_rf,1.7061934823408974e-05,0,bfs,0.1,0.0001,opt,0.8332366490360007,0.8325143325143325,0.8326338417442932,0.9925472451424009,0.9951456310679612,0.9927652733118971,0.8098089870048536,0.8089545241443976,0.809266862170088,0.12820337826309502,0.12653562653562653,0.1273415907462381,"HybridCORELSPreClassifier
if [relationship_Own-child && age_low]:
  income = False(support 3757, accuracy 0.99255)
else 
    default: RandomForestClassifier(max_depth=5, min_samples_split=10, random_state=42)(support 25548, accuracy 0.80981 (majority pred 0.729))",1,0.9056101556101557
1,fixed_rf,1.7061934823408974e-05,0,bfs,0.1,0.0001,opt,0.8313939600750725,0.8316953316953317,0.8375473436380387,0.9927788178657395,0.9950940310711366,0.9921568627450981,0.8077915982163811,0.8083089526038619,0.8143395337885566,0.1275891486094523,0.1252047502047502,0.1305148940526154,"HybridCORELSPreClassifier
if [relationship_Own-child && age_low]:
  income = False(support 3739, accuracy 0.99278)
else 
    default: RandomForestClassifier(max_depth=5, min_samples_split=10, random_state=42)(support 25566, accuracy 0.80779 (majority pred 0.727))",1,0.9044840294840295
2,fixed_rf,1.7061934823408974e-05,0,bfs,0.1,0.0001,opt,0.8358983108684525,0.8264742014742015,0.8353976865595251,0.9930961232076474,0.9934479934479934,0.9928,0.8127178041426837,0.8026208026208026,0.8123019133701138,0.12851049308991638,0.125,0.12795577848295628,"HybridCORELSPreClassifier
if [relationship_Own-child && age_low]:
  income = False(support 3766, accuracy 0.99310)
else 
    default: RandomForestClassifier(max_depth=5, min_samples_split=10, random_state=42)(support 25539, accuracy 0.81272 (majority pred 0.730))",1,0.8992628992628993
3,fixed_rf,1.7061934823408974e-05,0,bfs,0.1,0.0001,opt,0.8330319058181198,0.838963963963964,0.8309960077797113,0.9916823182184062,0.9942857142857143,0.9961089494163424,0.8099147705059035,0.8166920285613953,0.805987741631306,0.1271796621736905,0.1254095004095004,0.13153854028047907,"HybridCORELSPreClassifier
if [relationship_Own-child && age_low]:
  income = False(support 3727, accuracy 0.99168)
else 
    default: RandomForestClassifier(max_depth=5, min_samples_split=10, random_state=42)(support 25578, accuracy 0.80991 (majority pred 0.727))",1,0.9087837837837838
4,fixed_rf,1.7061934823408974e-05,0,bfs,0.1,0.0001,opt,0.8351817096058693,0.832002457002457,0.826696693622684,0.9933844932521831,0.9911147011308562,0.9942622950819672,0.8117605578625715,0.8089097303634232,0.8027839513393379,0.12895410339532504,0.12674037674037675,0.12488483979936534,"HybridCORELSPreClassifier
if [relationship_Own-child && age_low]:
  income = False(support 3779, accuracy 0.99338)
else 
    default: RandomForestClassifier(max_depth=5, min_samples_split=10, random_state=42)(support 25526, accuracy 0.81176 (majority pred 0.726))",1,0.9108312858312859
