alpha,beta,accuracy_train,transparency_train,accuracy_valid,transparency_valid,accuracy_test,transparency_test,model
na,na,0.6725970425138632,0,0.695079695079695,0,0.6860706860706861,0,"RandomForestClassifier(class_weight='balanced_subsample', max_features='log2',
                       min_samples_leaf=37, n_estimators=42, random_state=2)"
0.001,0.001,0.6737523105360443,0.20425138632162662,0.6943866943866944,0.218988218988219,0.683991683991684,0.19750519750519752,"HyRS
Positive rules : 
 []
Negative rules : 
 ['Prior-Crimes=1-3 && Age>=30']
HyRS Accuracy : 0.684
Coverage of RuleSet : 0.198
"
0.001,0.0021544346900318843,0.6751386321626618,0.547365988909427,0.6936936936936937,0.5682605682605683,0.6853776853776854,0.5585585585585585,"HyRS
Positive rules : 
 ['Age=18-22 && Gender=Male']
Negative rules : 
 ['Prior-Crimes=1-3 && Age>=30', 'Prior-Crimes=0 && Juvenile-Crimes=0']
HyRS Accuracy : 0.685
Coverage of RuleSet : 0.559
"
0.001,0.004641588833612777,0.6751386321626618,0.547365988909427,0.6936936936936937,0.5682605682605683,0.6853776853776854,0.5585585585585585,"HyRS
Positive rules : 
 ['Age=18-22 && Gender=Male']
Negative rules : 
 ['Prior-Crimes=0 && Juvenile-Crimes=0', 'Prior-Crimes=1-3 && Age>=30']
HyRS Accuracy : 0.685
Coverage of RuleSet : 0.559
"
0.001,0.01,0.6751386321626618,0.69362292051756,0.6936936936936937,0.7033957033957033,0.6853776853776854,0.702009702009702,"HyRS
Positive rules : 
 ['Prior-Crimes>5 && Race=African-American', 'Age=18-22 && Gender=Male']
Negative rules : 
 ['Prior-Crimes=0 && Juvenile-Crimes=0', 'Prior-Crimes=1-3 && Age>=30']
HyRS Accuracy : 0.685
Coverage of RuleSet : 0.702
"
0.001,0.021544346900318832,0.6719038817005545,0.9071164510166358,0.6784476784476784,0.9175329175329175,0.681912681912682,0.9126819126819127,"HyRS
Positive rules : 
 ['Age=18-20 && Age=18-25', 'Prior-Crimes>5', 'Juvenile-Crimes=1-3 && Race=African-American', 'Age=18-22 && Gender=Male']
Negative rules : 
 ['neg_Prior-Crimes>3', 'Prior-Crimes=0 && Age=24-40']
HyRS Accuracy : 0.682
Coverage of RuleSet : 0.913
"
0.001,0.046415888336127774,0.6654343807763401,1.0,0.674982674982675,1.0,0.6708246708246708,1.0,"HyRS
Positive rules : 
 ['Prior-Crimes>3', 'Juvenile-Crimes=1-3 && Race=African-American', 'Age=18-22 && Gender=Male']
Negative rules : 
 ['neg_Prior-Crimes>3']
HyRS Accuracy : 0.671
Coverage of RuleSet : 1.000
"
0.001,0.1,0.664279112754159,1.0,0.674982674982675,1.0,0.6722106722106722,1.0,"HyRS
Positive rules : 
 ['Juvenile-Crimes=1-3 && Gender=Male', 'Prior-Crimes>3', 'Age=18-22 && Gender=Male']
Negative rules : 
 ['neg_Prior-Crimes>3']
HyRS Accuracy : 0.672
Coverage of RuleSet : 1.000
"
0.001,0.21544346900318823,0.6591959334565619,1.0,0.6687456687456688,1.0,0.6687456687456688,1.0,"HyRS
Positive rules : 
 ['Prior-Crimes>3', 'Age=18-22 && Gender=Male']
Negative rules : 
 ['neg_Prior-Crimes>5']
HyRS Accuracy : 0.669
Coverage of RuleSet : 1.000
"
0.001,0.46415888336127775,0.6494916820702403,1.0,0.6701316701316701,1.0,0.656964656964657,1.0,"HyRS
Positive rules : 
 ['Prior-Crimes>3', 'Age=18-22 && Prior-Crimes=1-3']
Negative rules : 
 ['Age=18-22 && Juvenile-Felonies=0', 'neg_Prior-Crimes>3']
HyRS Accuracy : 0.657
Coverage of RuleSet : 1.000
"
0.001,1.0,0.6591959334565619,1.0,0.6687456687456688,1.0,0.6687456687456688,1.0,"HyRS
Positive rules : 
 ['Prior-Crimes>3', 'Age=18-22 && Gender=Male']
Negative rules : 
 ['neg_Juvenile-Felonies>3']
HyRS Accuracy : 0.669
Coverage of RuleSet : 1.000
"
0.001291549665014884,0.001,0.6737523105360443,0.20425138632162662,0.6943866943866944,0.218988218988219,0.683991683991684,0.19750519750519752,"HyRS
Positive rules : 
 []
Negative rules : 
 ['Prior-Crimes=1-3 && Age>=30']
HyRS Accuracy : 0.684
Coverage of RuleSet : 0.198
"
0.001291549665014884,0.0021544346900318843,0.6737523105360443,0.20425138632162662,0.6943866943866944,0.218988218988219,0.683991683991684,0.19750519750519752,"HyRS
Positive rules : 
 []
Negative rules : 
 ['Prior-Crimes=1-3 && Age>=30']
HyRS Accuracy : 0.684
Coverage of RuleSet : 0.198
"
0.001291549665014884,0.004641588833612777,0.6751386321626618,0.547365988909427,0.6936936936936937,0.5682605682605683,0.6853776853776854,0.5585585585585585,"HyRS
Positive rules : 
 ['Age=18-22 && Gender=Male']
Negative rules : 
 ['Prior-Crimes=1-3 && Age>=30', 'Prior-Crimes=0 && Juvenile-Crimes=0']
HyRS Accuracy : 0.685
Coverage of RuleSet : 0.559
"
0.001291549665014884,0.01,0.6751386321626618,0.547365988909427,0.6936936936936937,0.5682605682605683,0.6853776853776854,0.5585585585585585,"HyRS
Positive rules : 
 ['Age=18-22 && Gender=Male']
Negative rules : 
 ['Prior-Crimes=1-3 && Age>=30', 'Prior-Crimes=0 && Juvenile-Crimes=0']
HyRS Accuracy : 0.685
Coverage of RuleSet : 0.559
"
0.001291549665014884,0.021544346900318832,0.6709796672828097,0.9068853974121996,0.6784476784476784,0.9175329175329175,0.6798336798336798,0.9126819126819127,"HyRS
Positive rules : 
 ['Prior-Crimes>5', 'Age=18-22 && Gender=Male', 'Juvenile-Crimes=1-3 && Race=African-American']
Negative rules : 
 ['neg_Prior-Crimes>3']
HyRS Accuracy : 0.680
Coverage of RuleSet : 0.913
"
0.001291549665014884,0.046415888336127774,0.669362292051756,0.9658040665434381,0.6777546777546778,0.9646569646569647,0.683991683991684,0.966042966042966,"HyRS
Positive rules : 
 ['Prior-Crimes>5 && Juvenile-Felonies=0', 'Juvenile-Crimes=1-3 && Prior-Crimes=1-3', 'Prior-Crimes>3 && Age=24-40', 'Age=18-22 && Gender=Male']
Negative rules : 
 ['neg_Prior-Crimes>3']
HyRS Accuracy : 0.684
Coverage of RuleSet : 0.966
"
0.001291549665014884,0.1,0.6654343807763401,1.0,0.674982674982675,1.0,0.6708246708246708,1.0,"HyRS
Positive rules : 
 ['Age=18-22 && Gender=Male', 'Prior-Crimes>3', 'Juvenile-Crimes=1-3 && Race=African-American']
Negative rules : 
 ['Juvenile-Crimes=1-3 && Race=African-American', 'neg_Prior-Crimes>3']
HyRS Accuracy : 0.671
Coverage of RuleSet : 1.000
"
0.001291549665014884,0.21544346900318823,0.6608133086876156,1.0,0.6729036729036729,1.0,0.6666666666666666,1.0,"HyRS
Positive rules : 
 ['Age=18-22 && Gender=Male', 'Age=18-25 && Race=African-American', 'Prior-Crimes>3']
Negative rules : 
 ['neg_Prior-Crimes>5']
HyRS Accuracy : 0.667
Coverage of RuleSet : 1.000
"
0.001291549665014884,0.46415888336127775,0.661275415896488,0.9960720887245841,0.6694386694386695,0.9951489951489951,0.6715176715176715,0.9930699930699931,"HyRS
Positive rules : 
 ['Prior-Crimes>3', 'Age=18-22 && Gender=Male']
Negative rules : 
 ['Race=Other && Age>=30', 'Race=Hispanic && Age=18-25', 'Juvenile-Felonies=0', 'neg_Juvenile-Felonies=1-3', 'Current-Charge-Degree=Misdemeanor && Juvenile-Felonies=0', 'Juvenile-Crimes=0', 'Age>=30 && Juvenile-Crimes=0', 'Juvenile-Crimes=0 && Juvenile-Felonies=0']
HyRS Accuracy : 0.672
Coverage of RuleSet : 0.993
"
0.001291549665014884,1.0,0.6591959334565619,1.0,0.6687456687456688,1.0,0.6687456687456688,1.0,"HyRS
Positive rules : 
 ['Prior-Crimes>3', 'Age=18-22 && Gender=Male']
Negative rules : 
 ['neg_Juvenile-Felonies>3']
HyRS Accuracy : 0.669
Coverage of RuleSet : 1.000
"
0.0016681005372000592,0.001,0.6725970425138632,0.0,0.695079695079695,0.0,0.6860706860706861,0.0,"HyRS
Positive rules : 
 []
Negative rules : 
 []
HyRS Accuracy : 0.686
Coverage of RuleSet : 0.000
"
0.0016681005372000592,0.0021544346900318843,0.6725970425138632,0.0,0.695079695079695,0.0,0.6860706860706861,0.0,"HyRS
Positive rules : 
 []
Negative rules : 
 []
HyRS Accuracy : 0.686
Coverage of RuleSet : 0.000
"
0.0016681005372000592,0.004641588833612777,0.6737523105360443,0.20425138632162662,0.6943866943866944,0.218988218988219,0.683991683991684,0.19750519750519752,"HyRS
Positive rules : 
 []
Negative rules : 
 ['Prior-Crimes=1-3 && Age>=30']
HyRS Accuracy : 0.684
Coverage of RuleSet : 0.198
"
0.0016681005372000592,0.01,0.6751386321626618,0.547365988909427,0.6936936936936937,0.5682605682605683,0.6853776853776854,0.5585585585585585,"HyRS
Positive rules : 
 ['Age=18-22 && Gender=Male']
Negative rules : 
 ['Prior-Crimes=1-3 && Age>=30', 'Prior-Crimes=0 && Juvenile-Crimes=0']
HyRS Accuracy : 0.685
Coverage of RuleSet : 0.559
"
0.0016681005372000592,0.021544346900318832,0.6709796672828097,0.8814695009242144,0.6784476784476784,0.8995148995148995,0.6798336798336798,0.8981288981288982,"HyRS
Positive rules : 
 ['Age=18-22 && Gender=Male', 'Prior-Crimes>5 && Juvenile-Crimes=0', 'Juvenile-Crimes=1-3 && Race=African-American']
Negative rules : 
 ['neg_Prior-Crimes>3']
HyRS Accuracy : 0.680
Coverage of RuleSet : 0.898
"
0.0016681005372000592,0.046415888336127774,0.6654343807763401,1.0,0.674982674982675,1.0,0.6708246708246708,1.0,"HyRS
Positive rules : 
 ['Prior-Crimes>3', 'Juvenile-Crimes=1-3 && Race=African-American', 'Age=18-22 && Gender=Male']
Negative rules : 
 ['neg_Prior-Crimes>3']
HyRS Accuracy : 0.671
Coverage of RuleSet : 1.000
"
0.0016681005372000592,0.1,0.6684380776340111,0.9741219963031423,0.6791406791406791,0.9708939708939709,0.681912681912682,0.975051975051975,"HyRS
Positive rules : 
 ['Prior-Crimes>3 && Age=24-40', 'Age=18-22 && Gender=Male', 'Prior-Crimes>5 && Prior-Crimes>3', 'neg_Juvenile-Crimes=0']
Negative rules : 
 ['neg_Prior-Crimes>3']
HyRS Accuracy : 0.682
Coverage of RuleSet : 0.975
"
0.0016681005372000592,0.21544346900318823,0.6628927911275416,1.0,0.6756756756756757,1.0,0.6729036729036729,1.0,"HyRS
Positive rules : 
 ['Age=18-22 && Gender=Male', 'Prior-Crimes>3 && Juvenile-Crimes=0', 'neg_Juvenile-Crimes=0']
Negative rules : 
 ['neg_Prior-Crimes>5']
HyRS Accuracy : 0.673
Coverage of RuleSet : 1.000
"
0.0016681005372000592,0.46415888336127775,0.6580406654343808,0.9826709796672828,0.6888426888426888,0.9805959805959806,0.6735966735966736,0.9674289674289674,"HyRS
Positive rules : 
 ['Prior-Crimes>3', 'Age=18-25 && Prior-Crimes=1-3']
Negative rules : 
 ['Juvenile-Crimes=0']
HyRS Accuracy : 0.674
Coverage of RuleSet : 0.967
"
0.0016681005372000592,1.0,0.6591959334565619,1.0,0.6687456687456688,1.0,0.6687456687456688,1.0,"HyRS
Positive rules : 
 ['Age=18-22 && Gender=Male', 'Prior-Crimes>3']
Negative rules : 
 ['neg_Juvenile-Felonies>3']
HyRS Accuracy : 0.669
Coverage of RuleSet : 1.000
"
0.0021544346900318843,0.001,0.6725970425138632,0.0,0.695079695079695,0.0,0.6860706860706861,0.0,"HyRS
Positive rules : 
 []
Negative rules : 
 []
HyRS Accuracy : 0.686
Coverage of RuleSet : 0.000
"
0.0021544346900318843,0.0021544346900318843,0.6725970425138632,0.0,0.695079695079695,0.0,0.6860706860706861,0.0,"HyRS
Positive rules : 
 []
Negative rules : 
 []
HyRS Accuracy : 0.686
Coverage of RuleSet : 0.000
"
0.0021544346900318843,0.004641588833612777,0.6725970425138632,0.0,0.695079695079695,0.0,0.6860706860706861,0.0,"HyRS
Positive rules : 
 []
Negative rules : 
 []
HyRS Accuracy : 0.686
Coverage of RuleSet : 0.000
"
0.0021544346900318843,0.01,0.6751386321626618,0.547365988909427,0.6936936936936937,0.5682605682605683,0.6853776853776854,0.5585585585585585,"HyRS
Positive rules : 
 ['Age=18-22 && Gender=Male']
Negative rules : 
 ['Prior-Crimes=1-3 && Age>=30', 'Prior-Crimes=0 && Juvenile-Crimes=0']
HyRS Accuracy : 0.685
Coverage of RuleSet : 0.559
"
0.0021544346900318843,0.021544346900318832,0.675369685767098,0.8391866913123844,0.6936936936936937,0.8371448371448371,0.6846846846846847,0.8322938322938322,"HyRS
Positive rules : 
 ['Prior-Crimes>5', 'Age=18-22 && Gender=Male', 'Prior-Crimes>3 && Age=24-40']
Negative rules : 
 ['Prior-Crimes=0 && Juvenile-Crimes=0', 'Race=Other && Prior-Crimes=1-3', 'Prior-Crimes=1-3 && Age>=30']
HyRS Accuracy : 0.685
Coverage of RuleSet : 0.832
"
0.0021544346900318843,0.046415888336127774,0.6654343807763401,1.0,0.674982674982675,1.0,0.6708246708246708,1.0,"HyRS
Positive rules : 
 ['Prior-Crimes>3', 'Juvenile-Crimes=1-3 && Race=African-American', 'Age=18-22 && Gender=Male']
Negative rules : 
 ['neg_Prior-Crimes>3']
HyRS Accuracy : 0.671
Coverage of RuleSet : 1.000
"
0.0021544346900318843,0.1,0.6638170055452866,1.0,0.6742896742896742,1.0,0.674982674982675,1.0,"HyRS
Positive rules : 
 ['Juvenile-Crimes=1-3 && Prior-Crimes=1-3', 'Prior-Crimes>3', 'Age=18-22 && Gender=Male']
Negative rules : 
 ['neg_Prior-Crimes>3']
HyRS Accuracy : 0.675
Coverage of RuleSet : 1.000
"
0.0021544346900318843,0.21544346900318823,0.6591959334565619,1.0,0.6687456687456688,1.0,0.6687456687456688,1.0,"HyRS
Positive rules : 
 ['Age=18-22 && Gender=Male', 'Prior-Crimes>3']
Negative rules : 
 ['neg_Prior-Crimes>5']
HyRS Accuracy : 0.669
Coverage of RuleSet : 1.000
"
0.0021544346900318843,0.46415888336127775,0.6487985212569316,0.9877541589648798,0.6597366597366597,0.9868329868329868,0.6562716562716563,0.9847539847539848,"HyRS
Positive rules : 
 ['Prior-Crimes>3', 'Age=18-22 && Juvenile-Crimes=0', 'Juvenile-Felonies=1-3 && Prior-Crimes=1-3']
Negative rules : 
 ['Juvenile-Crimes=0', 'neg_Age=24-30']
HyRS Accuracy : 0.656
Coverage of RuleSet : 0.985
"
0.0021544346900318843,1.0,0.6591959334565619,1.0,0.6687456687456688,1.0,0.6687456687456688,1.0,"HyRS
Positive rules : 
 ['Age=18-22 && Gender=Male', 'Prior-Crimes>3']
Negative rules : 
 ['neg_Juvenile-Felonies>3']
HyRS Accuracy : 0.669
Coverage of RuleSet : 1.000
"
0.0027825594022071257,0.001,0.6725970425138632,0.0,0.695079695079695,0.0,0.6860706860706861,0.0,"HyRS
Positive rules : 
 []
Negative rules : 
 []
HyRS Accuracy : 0.686
Coverage of RuleSet : 0.000
"
0.0027825594022071257,0.0021544346900318843,0.6725970425138632,0.0,0.695079695079695,0.0,0.6860706860706861,0.0,"HyRS
Positive rules : 
 []
Negative rules : 
 []
HyRS Accuracy : 0.686
Coverage of RuleSet : 0.000
"
0.0027825594022071257,0.004641588833612777,0.6725970425138632,0.0,0.695079695079695,0.0,0.6860706860706861,0.0,"HyRS
Positive rules : 
 []
Negative rules : 
 []
HyRS Accuracy : 0.686
Coverage of RuleSet : 0.000
"
0.0027825594022071257,0.01,0.6737523105360443,0.20425138632162662,0.6943866943866944,0.218988218988219,0.683991683991684,0.19750519750519752,"HyRS
Positive rules : 
 []
Negative rules : 
 ['Prior-Crimes=1-3 && Age>=30']
HyRS Accuracy : 0.684
Coverage of RuleSet : 0.198
"
0.0027825594022071257,0.021544346900318832,0.6709796672828097,0.7301293900184843,0.6784476784476784,0.7505197505197505,0.6798336798336798,0.7498267498267498,"HyRS
Positive rules : 
 ['Age=18-22 && Gender=Male', 'Juvenile-Crimes=1-3 && Race=African-American']
Negative rules : 
 ['neg_Prior-Crimes>3']
HyRS Accuracy : 0.680
Coverage of RuleSet : 0.750
"
0.0027825594022071257,0.046415888336127774,0.664279112754159,0.9718114602587801,0.6763686763686764,0.9722799722799723,0.6729036729036729,0.9611919611919612,"HyRS
Positive rules : 
 ['Age=18-22 && Gender=Male', 'Prior-Crimes>3']
Negative rules : 
 ['Juvenile-Crimes=0']
HyRS Accuracy : 0.673
Coverage of RuleSet : 0.961
"
0.0027825594022071257,0.1,0.664279112754159,0.9718114602587801,0.6763686763686764,0.9722799722799723,0.6729036729036729,0.9611919611919612,"HyRS
Positive rules : 
 ['Age=18-22 && Gender=Male', 'Prior-Crimes>3']
Negative rules : 
 ['Juvenile-Crimes=0']
HyRS Accuracy : 0.673
Coverage of RuleSet : 0.961
"
0.0027825594022071257,0.21544346900318823,0.6608133086876156,1.0,0.6729036729036729,1.0,0.6666666666666666,1.0,"HyRS
Positive rules : 
 ['Age=18-22 && Gender=Male', 'Age=18-25 && Race=African-American', 'Prior-Crimes>3']
Negative rules : 
 ['neg_Prior-Crimes>5']
HyRS Accuracy : 0.667
Coverage of RuleSet : 1.000
"
0.0027825594022071257,0.46415888336127775,0.6538817005545287,0.9898336414048059,0.668052668052668,0.9854469854469855,0.6652806652806653,0.9833679833679834,"HyRS
Positive rules : 
 ['Age=18-25 && Race=African-American', 'Prior-Crimes>3']
Negative rules : 
 ['Juvenile-Crimes=0', 'Age<=45 && Gender=Male', 'Race=Caucasian']
HyRS Accuracy : 0.665
Coverage of RuleSet : 0.983
"
0.0027825594022071257,1.0,0.6559611829944547,0.9986136783733827,0.6694386694386695,0.9986139986139986,0.6694386694386695,1.0,"HyRS
Positive rules : 
 ['Juvenile-Felonies=1-3 && Juvenile-Crimes=1-3', 'Race=Hispanic && Prior-Crimes>5', 'Prior-Crimes>3 && Juvenile-Felonies=0', 'Age=18-22 && Gender=Male']
Negative rules : 
 ['neg_Race=Asian', 'neg_Prior-Crimes=1-3']
HyRS Accuracy : 0.669
Coverage of RuleSet : 1.000
"
0.003593813663804626,0.001,0.6725970425138632,0.0,0.695079695079695,0.0,0.6860706860706861,0.0,"HyRS
Positive rules : 
 []
Negative rules : 
 []
HyRS Accuracy : 0.686
Coverage of RuleSet : 0.000
"
0.003593813663804626,0.0021544346900318843,0.6725970425138632,0.0,0.695079695079695,0.0,0.6860706860706861,0.0,"HyRS
Positive rules : 
 []
Negative rules : 
 []
HyRS Accuracy : 0.686
Coverage of RuleSet : 0.000
"
0.003593813663804626,0.004641588833612777,0.6725970425138632,0.0,0.695079695079695,0.0,0.6860706860706861,0.0,"HyRS
Positive rules : 
 []
Negative rules : 
 []
HyRS Accuracy : 0.686
Coverage of RuleSet : 0.000
"
0.003593813663804626,0.01,0.6725970425138632,0.0,0.695079695079695,0.0,0.6860706860706861,0.0,"HyRS
Positive rules : 
 []
Negative rules : 
 []
HyRS Accuracy : 0.686
Coverage of RuleSet : 0.000
"
0.003593813663804626,0.021544346900318832,0.6751386321626618,0.547365988909427,0.6936936936936937,0.5682605682605683,0.6853776853776854,0.5585585585585585,"HyRS
Positive rules : 
 ['Age=18-22 && Gender=Male']
Negative rules : 
 ['Prior-Crimes=0 && Juvenile-Crimes=0', 'Prior-Crimes=1-3 && Age>=30']
HyRS Accuracy : 0.685
Coverage of RuleSet : 0.559
"
0.003593813663804626,0.046415888336127774,0.6654343807763401,1.0,0.674982674982675,1.0,0.6708246708246708,1.0,"HyRS
Positive rules : 
 ['Juvenile-Crimes=1-3 && Race=African-American', 'Prior-Crimes>3', 'Age=18-22 && Gender=Male']
Negative rules : 
 ['neg_Prior-Crimes>3']
HyRS Accuracy : 0.671
Coverage of RuleSet : 1.000
"
0.003593813663804626,0.1,0.664279112754159,0.9718114602587801,0.6763686763686764,0.9722799722799723,0.6729036729036729,0.9611919611919612,"HyRS
Positive rules : 
 ['Age=18-22 && Gender=Male', 'Prior-Crimes>3']
Negative rules : 
 ['Juvenile-Crimes=0']
HyRS Accuracy : 0.673
Coverage of RuleSet : 0.961
"
0.003593813663804626,0.21544346900318823,0.663354898336414,1.0,0.6826056826056826,1.0,0.6805266805266805,1.0,"HyRS
Positive rules : 
 ['Age=18-22 && Gender=Male', 'Prior-Crimes>3', 'Age=18-25 && Prior-Crimes=1-3']
Negative rules : 
 ['neg_Prior-Crimes>5']
HyRS Accuracy : 0.681
Coverage of RuleSet : 1.000
"
0.003593813663804626,0.46415888336127775,0.6628927911275416,0.9856746765249538,0.6735966735966736,0.9840609840609841,0.6701316701316701,0.9826749826749827,"HyRS
Positive rules : 
 ['Prior-Crimes>3', 'Age=18-22 && Gender=Male']
Negative rules : 
 ['Juvenile-Crimes=0 && Juvenile-Felonies=0', 'neg_Age=24-30']
HyRS Accuracy : 0.670
Coverage of RuleSet : 0.983
"
0.003593813663804626,1.0,0.6575785582255084,1.0,0.6708246708246708,1.0,0.6618156618156619,1.0,"HyRS
Positive rules : 
 ['Age=18-25 && Gender=Male', 'Prior-Crimes>3']
Negative rules : 
 ['neg_Juvenile-Felonies>3']
HyRS Accuracy : 0.662
Coverage of RuleSet : 1.000
"
0.004641588833612777,0.001,0.6725970425138632,0.0,0.695079695079695,0.0,0.6860706860706861,0.0,"HyRS
Positive rules : 
 []
Negative rules : 
 []
HyRS Accuracy : 0.686
Coverage of RuleSet : 0.000
"
0.004641588833612777,0.0021544346900318843,0.6725970425138632,0.0,0.695079695079695,0.0,0.6860706860706861,0.0,"HyRS
Positive rules : 
 []
Negative rules : 
 []
HyRS Accuracy : 0.686
Coverage of RuleSet : 0.000
"
0.004641588833612777,0.004641588833612777,0.6725970425138632,0.0,0.695079695079695,0.0,0.6860706860706861,0.0,"HyRS
Positive rules : 
 []
Negative rules : 
 []
HyRS Accuracy : 0.686
Coverage of RuleSet : 0.000
"
0.004641588833612777,0.01,0.6725970425138632,0.0,0.695079695079695,0.0,0.6860706860706861,0.0,"HyRS
Positive rules : 
 []
Negative rules : 
 []
HyRS Accuracy : 0.686
Coverage of RuleSet : 0.000
"
0.004641588833612777,0.021544346900318832,0.6737523105360443,0.20425138632162662,0.6943866943866944,0.218988218988219,0.683991683991684,0.19750519750519752,"HyRS
Positive rules : 
 []
Negative rules : 
 ['Prior-Crimes=1-3 && Age>=30']
HyRS Accuracy : 0.684
Coverage of RuleSet : 0.198
"
0.004641588833612777,0.046415888336127774,0.6654343807763401,1.0,0.674982674982675,1.0,0.6708246708246708,1.0,"HyRS
Positive rules : 
 ['Age=18-22 && Gender=Male', 'Juvenile-Crimes=1-3 && Race=African-American', 'Prior-Crimes>3']
Negative rules : 
 ['neg_Prior-Crimes>3']
HyRS Accuracy : 0.671
Coverage of RuleSet : 1.000
"
0.004641588833612777,0.1,0.664279112754159,0.9718114602587801,0.6763686763686764,0.9722799722799723,0.6729036729036729,0.9611919611919612,"HyRS
Positive rules : 
 ['Age=18-22 && Gender=Male', 'Prior-Crimes>3']
Negative rules : 
 ['Juvenile-Crimes=0 && Juvenile-Felonies=0']
HyRS Accuracy : 0.673
Coverage of RuleSet : 0.961
"
0.004641588833612777,0.21544346900318823,0.6575785582255084,1.0,0.6708246708246708,1.0,0.6618156618156619,1.0,"HyRS
Positive rules : 
 ['Prior-Crimes>3', 'Age=18-25 && Gender=Male']
Negative rules : 
 ['neg_Prior-Crimes>3']
HyRS Accuracy : 0.662
Coverage of RuleSet : 1.000
"
0.004641588833612777,0.46415888336127775,0.6568853974121996,0.9685767097966729,0.6784476784476784,0.9702009702009702,0.6652806652806653,0.9501039501039501,"HyRS
Positive rules : 
 ['Age=18-22 && Prior-Crimes=1-3', 'Prior-Crimes>3']
Negative rules : 
 ['Juvenile-Crimes=0 && Juvenile-Felonies=0']
HyRS Accuracy : 0.665
Coverage of RuleSet : 0.950
"
0.004641588833612777,1.0,0.6557301293900185,1.0,0.6708246708246708,1.0,0.6666666666666666,1.0,"HyRS
Positive rules : 
 ['Prior-Crimes>3', 'Age=18-22 && Age=18-25']
Negative rules : 
 ['neg_Juvenile-Felonies>3']
HyRS Accuracy : 0.667
Coverage of RuleSet : 1.000
"
0.005994842503189409,0.001,0.6725970425138632,0.0,0.695079695079695,0.0,0.6860706860706861,0.0,"HyRS
Positive rules : 
 []
Negative rules : 
 []
HyRS Accuracy : 0.686
Coverage of RuleSet : 0.000
"
0.005994842503189409,0.0021544346900318843,0.6725970425138632,0.0,0.695079695079695,0.0,0.6860706860706861,0.0,"HyRS
Positive rules : 
 []
Negative rules : 
 []
HyRS Accuracy : 0.686
Coverage of RuleSet : 0.000
"
0.005994842503189409,0.004641588833612777,0.6725970425138632,0.0,0.695079695079695,0.0,0.6860706860706861,0.0,"HyRS
Positive rules : 
 []
Negative rules : 
 []
HyRS Accuracy : 0.686
Coverage of RuleSet : 0.000
"
0.005994842503189409,0.01,0.6725970425138632,0.0,0.695079695079695,0.0,0.6860706860706861,0.0,"HyRS
Positive rules : 
 []
Negative rules : 
 []
HyRS Accuracy : 0.686
Coverage of RuleSet : 0.000
"
0.005994842503189409,0.021544346900318832,0.6725970425138632,0.0,0.695079695079695,0.0,0.6860706860706861,0.0,"HyRS
Positive rules : 
 []
Negative rules : 
 []
HyRS Accuracy : 0.686
Coverage of RuleSet : 0.000
"
0.005994842503189409,0.046415888336127774,0.6647412199630314,0.7800369685767098,0.683991683991684,0.7803187803187803,0.6763686763686764,0.7837837837837838,"HyRS
Positive rules : 
 ['Prior-Crimes>3']
Negative rules : 
 ['neg_Age=18-25']
HyRS Accuracy : 0.676
Coverage of RuleSet : 0.784
"
0.005994842503189409,0.1,0.664279112754159,0.9718114602587801,0.6763686763686764,0.9722799722799723,0.6729036729036729,0.9611919611919612,"HyRS
Positive rules : 
 ['Age=18-22 && Gender=Male', 'Prior-Crimes>3']
Negative rules : 
 ['Juvenile-Crimes=0']
HyRS Accuracy : 0.673
Coverage of RuleSet : 0.961
"
0.005994842503189409,0.21544346900318823,0.6587338262476895,0.9979205175600739,0.6729036729036729,0.9965349965349966,0.6632016632016632,0.9958419958419958,"HyRS
Positive rules : 
 ['Age=18-25 && Gender=Male', 'Prior-Crimes>3']
Negative rules : 
 ['neg_Juvenile-Felonies=1-3']
HyRS Accuracy : 0.663
Coverage of RuleSet : 0.996
"
0.005994842503189409,0.46415888336127775,0.664279112754159,0.9718114602587801,0.6763686763686764,0.9722799722799723,0.6729036729036729,0.9611919611919612,"HyRS
Positive rules : 
 ['Prior-Crimes>3', 'Age=18-22 && Gender=Male']
Negative rules : 
 ['Age=18-25 && Prior-Crimes>3', 'Juvenile-Crimes=0 && Juvenile-Felonies=0']
HyRS Accuracy : 0.673
Coverage of RuleSet : 0.961
"
0.005994842503189409,1.0,0.6554990757855823,0.9993068391866913,0.6777546777546778,0.9993069993069993,0.6652806652806653,0.997920997920998,"HyRS
Positive rules : 
 ['neg_Juvenile-Crimes=0', 'Age=18-22 && Prior-Crimes=1-3', 'Prior-Crimes>3 && Juvenile-Felonies=0']
Negative rules : 
 ['neg_Race=Native-American']
HyRS Accuracy : 0.665
Coverage of RuleSet : 0.998
"
0.007742636826811269,0.001,0.6725970425138632,0.0,0.695079695079695,0.0,0.6860706860706861,0.0,"HyRS
Positive rules : 
 []
Negative rules : 
 []
HyRS Accuracy : 0.686
Coverage of RuleSet : 0.000
"
0.007742636826811269,0.0021544346900318843,0.6725970425138632,0.0,0.695079695079695,0.0,0.6860706860706861,0.0,"HyRS
Positive rules : 
 []
Negative rules : 
 []
HyRS Accuracy : 0.686
Coverage of RuleSet : 0.000
"
0.007742636826811269,0.004641588833612777,0.6725970425138632,0.0,0.695079695079695,0.0,0.6860706860706861,0.0,"HyRS
Positive rules : 
 []
Negative rules : 
 []
HyRS Accuracy : 0.686
Coverage of RuleSet : 0.000
"
0.007742636826811269,0.01,0.6725970425138632,0.0,0.695079695079695,0.0,0.6860706860706861,0.0,"HyRS
Positive rules : 
 []
Negative rules : 
 []
HyRS Accuracy : 0.686
Coverage of RuleSet : 0.000
"
0.007742636826811269,0.021544346900318832,0.6725970425138632,0.0,0.695079695079695,0.0,0.6860706860706861,0.0,"HyRS
Positive rules : 
 []
Negative rules : 
 []
HyRS Accuracy : 0.686
Coverage of RuleSet : 0.000
"
0.007742636826811269,0.046415888336127774,0.664279112754159,0.9718114602587801,0.6763686763686764,0.9722799722799723,0.6729036729036729,0.9611919611919612,"HyRS
Positive rules : 
 ['Prior-Crimes>3', 'Age=18-22 && Gender=Male']
Negative rules : 
 ['Juvenile-Crimes=0']
HyRS Accuracy : 0.673
Coverage of RuleSet : 0.961
"
0.007742636826811269,0.1,0.664279112754159,0.9718114602587801,0.6763686763686764,0.9722799722799723,0.6729036729036729,0.9611919611919612,"HyRS
Positive rules : 
 ['Age=18-22 && Gender=Male', 'Prior-Crimes>3']
Negative rules : 
 ['Juvenile-Crimes=0']
HyRS Accuracy : 0.673
Coverage of RuleSet : 0.961
"
0.007742636826811269,0.21544346900318823,0.6591959334565619,1.0,0.6687456687456688,1.0,0.6687456687456688,1.0,"HyRS
Positive rules : 
 ['Prior-Crimes>3', 'Age=18-22 && Gender=Male']
Negative rules : 
 ['neg_Prior-Crimes>5']
HyRS Accuracy : 0.669
Coverage of RuleSet : 1.000
"
0.007742636826811269,0.46415888336127775,0.6580406654343808,0.9549445471349353,0.6888426888426888,0.9584199584199584,0.6735966735966736,0.9369369369369369,"HyRS
Positive rules : 
 ['Age=18-25 && Prior-Crimes=1-3', 'Prior-Crimes>3 && Juvenile-Felonies=0']
Negative rules : 
 ['Juvenile-Crimes=0 && Juvenile-Felonies=0']
HyRS Accuracy : 0.674
Coverage of RuleSet : 0.937
"
0.007742636826811269,1.0,0.6457948243992606,1.0,0.6645876645876646,1.0,0.6528066528066528,1.0,"HyRS
Positive rules : 
 ['Juvenile-Crimes=1-3 && Age=18-25', 'Prior-Crimes>3']
Negative rules : 
 ['neg_Juvenile-Felonies>3']
HyRS Accuracy : 0.653
Coverage of RuleSet : 1.000
"
0.01,0.001,0.6725970425138632,0.0,0.695079695079695,0.0,0.6860706860706861,0.0,"HyRS
Positive rules : 
 []
Negative rules : 
 []
HyRS Accuracy : 0.686
Coverage of RuleSet : 0.000
"
0.01,0.0021544346900318843,0.6725970425138632,0.0,0.695079695079695,0.0,0.6860706860706861,0.0,"HyRS
Positive rules : 
 []
Negative rules : 
 []
HyRS Accuracy : 0.686
Coverage of RuleSet : 0.000
"
0.01,0.004641588833612777,0.6725970425138632,0.0,0.695079695079695,0.0,0.6860706860706861,0.0,"HyRS
Positive rules : 
 []
Negative rules : 
 []
HyRS Accuracy : 0.686
Coverage of RuleSet : 0.000
"
0.01,0.01,0.6725970425138632,0.0,0.695079695079695,0.0,0.6860706860706861,0.0,"HyRS
Positive rules : 
 []
Negative rules : 
 []
HyRS Accuracy : 0.686
Coverage of RuleSet : 0.000
"
0.01,0.021544346900318832,0.6725970425138632,0.0,0.695079695079695,0.0,0.6860706860706861,0.0,"HyRS
Positive rules : 
 []
Negative rules : 
 []
HyRS Accuracy : 0.686
Coverage of RuleSet : 0.000
"
0.01,0.046415888336127774,0.6647412199630314,0.7800369685767098,0.683991683991684,0.7803187803187803,0.6763686763686764,0.7837837837837838,"HyRS
Positive rules : 
 ['Prior-Crimes>3']
Negative rules : 
 ['neg_Age=18-25']
HyRS Accuracy : 0.676
Coverage of RuleSet : 0.784
"
0.01,0.1,0.664279112754159,0.9718114602587801,0.6763686763686764,0.9722799722799723,0.6729036729036729,0.9611919611919612,"HyRS
Positive rules : 
 ['Prior-Crimes>3', 'Age=18-22 && Gender=Male']
Negative rules : 
 ['Juvenile-Crimes=0']
HyRS Accuracy : 0.673
Coverage of RuleSet : 0.961
"
0.01,0.21544346900318823,0.6575785582255084,1.0,0.6708246708246708,1.0,0.6618156618156619,1.0,"HyRS
Positive rules : 
 ['Age=18-25 && Gender=Male', 'Prior-Crimes>3']
Negative rules : 
 ['neg_Prior-Crimes>5']
HyRS Accuracy : 0.662
Coverage of RuleSet : 1.000
"
0.01,0.46415888336127775,0.6333179297597042,0.9893715341959335,0.65003465003465,0.9875259875259875,0.6437976437976438,0.9847539847539848,"HyRS
Positive rules : 
 ['Prior-Crimes>3']
Negative rules : 
 ['Juvenile-Felonies=0']
HyRS Accuracy : 0.644
Coverage of RuleSet : 0.985
"
0.01,1.0,0.6557301293900185,1.0,0.6708246708246708,1.0,0.6666666666666666,1.0,"HyRS
Positive rules : 
 ['Age=18-22 && Age=18-25', 'Prior-Crimes>3']
Negative rules : 
 ['neg_Juvenile-Felonies>3', 'neg_Juvenile-Crimes>5']
HyRS Accuracy : 0.667
Coverage of RuleSet : 1.000
"
