Seed,Black Box,Beta,Alpha,Policy,Min support,Lambda,Search status,Training accuracy,Validation accuracy,Test accuracy,Training accuracy (prefix),Validation accuracy (prefix),Test accuracy (prefix),Training accuracy (BB),Validation accuracy (BB),Test accuracy (BB),Training transparency,Validation transparency,Test transparency,Model,Prefix length,Val acc UB
0,fixed_rf,1.7061934823408974e-05,0,objective,0.01,0.01,opt,0.8333048967752943,0.8325143325143325,0.8326338417442932,0.9819436288901938,0.9866310160427807,0.9852017937219731,0.788289690125817,0.7865497076023392,0.7875049741345006,0.23245180003412386,0.22972972972972974,0.22827310881359403,"HybridCORELSPreClassifier
if [age_low && marital_status_Single]:
  income = False(support 6812, accuracy 0.98194)
else 
    default: RandomForestClassifier(max_depth=5, min_samples_split=10, random_state=42)(support 22493, accuracy 0.78829 (majority pred 0.696))",1,0.9039721539721539
1,fixed_rf,1.7061934823408974e-05,0,objective,0.01,0.01,opt,0.8314280839447193,0.8316953316953317,0.8375473436380387,0.9808898178560764,0.9897595725734639,0.9850555081127241,0.787145574379617,0.7844988035097049,0.7910327184596742,0.2285616788943866,0.22993447993447994,0.2397379465656669,"HybridCORELSPreClassifier
if [age_low && marital_status_Single]:
  income = False(support 6698, accuracy 0.98089)
else 
    default: RandomForestClassifier(max_depth=5, min_samples_split=10, random_state=42)(support 22607, accuracy 0.78715 (majority pred 0.695))",1,0.9032555282555284
2,fixed_rf,1.7061934823408974e-05,0,objective,0.01,0.01,opt,0.8359665586077462,0.8264742014742015,0.8353976865595251,0.9833921222810111,0.9829366861248316,0.9844789356984479,0.7913870494644683,0.7802678689828935,0.7906574394463668,0.23217880907694932,0.227989352989353,0.23083222438325315,"HybridCORELSPreClassifier
if [age_low && marital_status_Single]:
  income = False(support 6804, accuracy 0.98339)
else 
    default: RandomForestClassifier(max_depth=5, min_samples_split=10, random_state=42)(support 22501, accuracy 0.79139 (majority pred 0.698))",1,0.8975225225225225
3,fixed_rf,1.7061934823408974e-05,0,objective,0.01,0.01,opt,0.8330660296877666,0.838963963963964,0.8310983724024977,0.9819366301450992,0.9841059602649007,0.9876488751654169,0.7884794465877345,0.7951486072237771,0.7837909890695814,0.23047261559460844,0.23187960687960688,0.23206059985668953,"HybridCORELSPreClassifier
if [age_low && marital_status_Single]:
  income = False(support 6754, accuracy 0.98194)
else 
    default: RandomForestClassifier(max_depth=5, min_samples_split=10, random_state=42)(support 22551, accuracy 0.78848 (majority pred 0.694))",1,0.9071457821457822
4,fixed_rf,1.7061934823408974e-05,0,objective,0.01,0.01,opt,0.8352499573451629,0.832002457002457,0.8265943289998976,0.9829160530191458,0.9840142095914742,0.9848484848484849,0.790717299578059,0.7864555614688664,0.7794019933554818,0.23170107490189387,0.23054873054873054,0.22970621353260312,"HybridCORELSPreClassifier
if [age_low && marital_status_Single]:
  income = False(support 6790, accuracy 0.98292)
else 
    default: RandomForestClassifier(max_depth=5, min_samples_split=10, random_state=42)(support 22515, accuracy 0.79072 (majority pred 0.694))",1,0.9092956592956594
0,fixed_rf,1.7061934823408974e-05,0,objective,0.05,0.01,opt,0.8333048967752943,0.8325143325143325,0.8326338417442932,0.9819436288901938,0.9866310160427807,0.9852017937219731,0.788289690125817,0.7865497076023392,0.7875049741345006,0.23245180003412386,0.22972972972972974,0.22827310881359403,"HybridCORELSPreClassifier
if [age_low && marital_status_Single]:
  income = False(support 6812, accuracy 0.98194)
else 
    default: RandomForestClassifier(max_depth=5, min_samples_split=10, random_state=42)(support 22493, accuracy 0.78829 (majority pred 0.696))",1,0.9039721539721539
1,fixed_rf,1.7061934823408974e-05,0,objective,0.05,0.01,opt,0.8314280839447193,0.8316953316953317,0.8375473436380387,0.9808898178560764,0.9897595725734639,0.9850555081127241,0.787145574379617,0.7844988035097049,0.7910327184596742,0.2285616788943866,0.22993447993447994,0.2397379465656669,"HybridCORELSPreClassifier
if [age_low && marital_status_Single]:
  income = False(support 6698, accuracy 0.98089)
else 
    default: RandomForestClassifier(max_depth=5, min_samples_split=10, random_state=42)(support 22607, accuracy 0.78715 (majority pred 0.695))",1,0.9032555282555284
2,fixed_rf,1.7061934823408974e-05,0,objective,0.05,0.01,opt,0.8359665586077462,0.8264742014742015,0.8353976865595251,0.9833921222810111,0.9829366861248316,0.9844789356984479,0.7913870494644683,0.7802678689828935,0.7906574394463668,0.23217880907694932,0.227989352989353,0.23083222438325315,"HybridCORELSPreClassifier
if [age_low && marital_status_Single]:
  income = False(support 6804, accuracy 0.98339)
else 
    default: RandomForestClassifier(max_depth=5, min_samples_split=10, random_state=42)(support 22501, accuracy 0.79139 (majority pred 0.698))",1,0.8975225225225225
3,fixed_rf,1.7061934823408974e-05,0,objective,0.05,0.01,opt,0.8330660296877666,0.838963963963964,0.8310983724024977,0.9819366301450992,0.9841059602649007,0.9876488751654169,0.7884794465877345,0.7951486072237771,0.7837909890695814,0.23047261559460844,0.23187960687960688,0.23206059985668953,"HybridCORELSPreClassifier
if [age_low && marital_status_Single]:
  income = False(support 6754, accuracy 0.98194)
else 
    default: RandomForestClassifier(max_depth=5, min_samples_split=10, random_state=42)(support 22551, accuracy 0.78848 (majority pred 0.694))",1,0.9071457821457822
4,fixed_rf,1.7061934823408974e-05,0,objective,0.05,0.01,opt,0.8352499573451629,0.832002457002457,0.8265943289998976,0.9829160530191458,0.9840142095914742,0.9848484848484849,0.790717299578059,0.7864555614688664,0.7794019933554818,0.23170107490189387,0.23054873054873054,0.22970621353260312,"HybridCORELSPreClassifier
if [age_low && marital_status_Single]:
  income = False(support 6790, accuracy 0.98292)
else 
    default: RandomForestClassifier(max_depth=5, min_samples_split=10, random_state=42)(support 22515, accuracy 0.79072 (majority pred 0.694))",1,0.9092956592956594
0,fixed_rf,1.7061934823408974e-05,0,objective,0.1,0.01,opt,0.8333048967752943,0.8325143325143325,0.8326338417442932,0.9819436288901938,0.9866310160427807,0.9852017937219731,0.788289690125817,0.7865497076023392,0.7875049741345006,0.23245180003412386,0.22972972972972974,0.22827310881359403,"HybridCORELSPreClassifier
if [age_low && marital_status_Single]:
  income = False(support 6812, accuracy 0.98194)
else 
    default: RandomForestClassifier(max_depth=5, min_samples_split=10, random_state=42)(support 22493, accuracy 0.78829 (majority pred 0.696))",1,0.9039721539721539
1,fixed_rf,1.7061934823408974e-05,0,objective,0.1,0.01,opt,0.8314280839447193,0.8316953316953317,0.8375473436380387,0.9808898178560764,0.9897595725734639,0.9850555081127241,0.787145574379617,0.7844988035097049,0.7910327184596742,0.2285616788943866,0.22993447993447994,0.2397379465656669,"HybridCORELSPreClassifier
if [age_low && marital_status_Single]:
  income = False(support 6698, accuracy 0.98089)
else 
    default: RandomForestClassifier(max_depth=5, min_samples_split=10, random_state=42)(support 22607, accuracy 0.78715 (majority pred 0.695))",1,0.9032555282555284
2,fixed_rf,1.7061934823408974e-05,0,objective,0.1,0.01,opt,0.8359665586077462,0.8264742014742015,0.8353976865595251,0.9833921222810111,0.9829366861248316,0.9844789356984479,0.7913870494644683,0.7802678689828935,0.7906574394463668,0.23217880907694932,0.227989352989353,0.23083222438325315,"HybridCORELSPreClassifier
if [age_low && marital_status_Single]:
  income = False(support 6804, accuracy 0.98339)
else 
    default: RandomForestClassifier(max_depth=5, min_samples_split=10, random_state=42)(support 22501, accuracy 0.79139 (majority pred 0.698))",1,0.8975225225225225
3,fixed_rf,1.7061934823408974e-05,0,objective,0.1,0.01,opt,0.8330660296877666,0.838963963963964,0.8310983724024977,0.9819366301450992,0.9841059602649007,0.9876488751654169,0.7884794465877345,0.7951486072237771,0.7837909890695814,0.23047261559460844,0.23187960687960688,0.23206059985668953,"HybridCORELSPreClassifier
if [age_low && marital_status_Single]:
  income = False(support 6754, accuracy 0.98194)
else 
    default: RandomForestClassifier(max_depth=5, min_samples_split=10, random_state=42)(support 22551, accuracy 0.78848 (majority pred 0.694))",1,0.9071457821457822
4,fixed_rf,1.7061934823408974e-05,0,objective,0.1,0.01,opt,0.8352499573451629,0.832002457002457,0.8265943289998976,0.9829160530191458,0.9840142095914742,0.9848484848484849,0.790717299578059,0.7864555614688664,0.7794019933554818,0.23170107490189387,0.23054873054873054,0.22970621353260312,"HybridCORELSPreClassifier
if [age_low && marital_status_Single]:
  income = False(support 6790, accuracy 0.98292)
else 
    default: RandomForestClassifier(max_depth=5, min_samples_split=10, random_state=42)(support 22515, accuracy 0.79072 (majority pred 0.694))",1,0.9092956592956594
0,fixed_rf,1.7061934823408974e-05,0,objective,0.01,0.001,opt,0.8333048967752943,0.8325143325143325,0.8326338417442932,0.9819436288901938,0.9866310160427807,0.9852017937219731,0.788289690125817,0.7865497076023392,0.7875049741345006,0.23245180003412386,0.22972972972972974,0.22827310881359403,"HybridCORELSPreClassifier
if [age_low && marital_status_Single]:
  income = False(support 6812, accuracy 0.98194)
else 
    default: RandomForestClassifier(max_depth=5, min_samples_split=10, random_state=42)(support 22493, accuracy 0.78829 (majority pred 0.696))",1,0.9039721539721539
1,fixed_rf,1.7061934823408974e-05,0,objective,0.01,0.001,opt,0.8314280839447193,0.8316953316953317,0.8375473436380387,0.9808898178560764,0.9897595725734639,0.9850555081127241,0.787145574379617,0.7844988035097049,0.7910327184596742,0.2285616788943866,0.22993447993447994,0.2397379465656669,"HybridCORELSPreClassifier
if [age_low && marital_status_Single]:
  income = False(support 6698, accuracy 0.98089)
else 
    default: RandomForestClassifier(max_depth=5, min_samples_split=10, random_state=42)(support 22607, accuracy 0.78715 (majority pred 0.695))",1,0.9032555282555284
2,fixed_rf,1.7061934823408974e-05,0,objective,0.01,0.001,opt,0.8359665586077462,0.8264742014742015,0.8353976865595251,0.9833921222810111,0.9829366861248316,0.9844789356984479,0.7913870494644683,0.7802678689828935,0.7906574394463668,0.23217880907694932,0.227989352989353,0.23083222438325315,"HybridCORELSPreClassifier
if [age_low && marital_status_Single]:
  income = False(support 6804, accuracy 0.98339)
else 
    default: RandomForestClassifier(max_depth=5, min_samples_split=10, random_state=42)(support 22501, accuracy 0.79139 (majority pred 0.698))",1,0.8975225225225225
3,fixed_rf,1.7061934823408974e-05,0,objective,0.01,0.001,opt,0.8330660296877666,0.838963963963964,0.8310983724024977,0.9819366301450992,0.9841059602649007,0.9876488751654169,0.7884794465877345,0.7951486072237771,0.7837909890695814,0.23047261559460844,0.23187960687960688,0.23206059985668953,"HybridCORELSPreClassifier
if [age_low && marital_status_Single]:
  income = False(support 6754, accuracy 0.98194)
else 
    default: RandomForestClassifier(max_depth=5, min_samples_split=10, random_state=42)(support 22551, accuracy 0.78848 (majority pred 0.694))",1,0.9071457821457822
4,fixed_rf,1.7061934823408974e-05,0,objective,0.01,0.001,opt,0.8352499573451629,0.832002457002457,0.8265943289998976,0.9829160530191458,0.9840142095914742,0.9848484848484849,0.790717299578059,0.7864555614688664,0.7794019933554818,0.23170107490189387,0.23054873054873054,0.22970621353260312,"HybridCORELSPreClassifier
if [age_low && marital_status_Single]:
  income = False(support 6790, accuracy 0.98292)
else 
    default: RandomForestClassifier(max_depth=5, min_samples_split=10, random_state=42)(support 22515, accuracy 0.79072 (majority pred 0.694))",1,0.9092956592956594
0,fixed_rf,1.7061934823408974e-05,0,objective,0.05,0.001,opt,0.8333048967752943,0.8325143325143325,0.8326338417442932,0.9819436288901938,0.9866310160427807,0.9852017937219731,0.788289690125817,0.7865497076023392,0.7875049741345006,0.23245180003412386,0.22972972972972974,0.22827310881359403,"HybridCORELSPreClassifier
if [age_low && marital_status_Single]:
  income = False(support 6812, accuracy 0.98194)
else 
    default: RandomForestClassifier(max_depth=5, min_samples_split=10, random_state=42)(support 22493, accuracy 0.78829 (majority pred 0.696))",1,0.9039721539721539
1,fixed_rf,1.7061934823408974e-05,0,objective,0.05,0.001,opt,0.8314280839447193,0.8316953316953317,0.8375473436380387,0.9808898178560764,0.9897595725734639,0.9850555081127241,0.787145574379617,0.7844988035097049,0.7910327184596742,0.2285616788943866,0.22993447993447994,0.2397379465656669,"HybridCORELSPreClassifier
if [age_low && marital_status_Single]:
  income = False(support 6698, accuracy 0.98089)
else 
    default: RandomForestClassifier(max_depth=5, min_samples_split=10, random_state=42)(support 22607, accuracy 0.78715 (majority pred 0.695))",1,0.9032555282555284
2,fixed_rf,1.7061934823408974e-05,0,objective,0.05,0.001,opt,0.8359665586077462,0.8264742014742015,0.8353976865595251,0.9833921222810111,0.9829366861248316,0.9844789356984479,0.7913870494644683,0.7802678689828935,0.7906574394463668,0.23217880907694932,0.227989352989353,0.23083222438325315,"HybridCORELSPreClassifier
if [age_low && marital_status_Single]:
  income = False(support 6804, accuracy 0.98339)
else 
    default: RandomForestClassifier(max_depth=5, min_samples_split=10, random_state=42)(support 22501, accuracy 0.79139 (majority pred 0.698))",1,0.8975225225225225
3,fixed_rf,1.7061934823408974e-05,0,objective,0.05,0.001,opt,0.8330660296877666,0.838963963963964,0.8310983724024977,0.9819366301450992,0.9841059602649007,0.9876488751654169,0.7884794465877345,0.7951486072237771,0.7837909890695814,0.23047261559460844,0.23187960687960688,0.23206059985668953,"HybridCORELSPreClassifier
if [age_low && marital_status_Single]:
  income = False(support 6754, accuracy 0.98194)
else 
    default: RandomForestClassifier(max_depth=5, min_samples_split=10, random_state=42)(support 22551, accuracy 0.78848 (majority pred 0.694))",1,0.9071457821457822
4,fixed_rf,1.7061934823408974e-05,0,objective,0.05,0.001,opt,0.8352499573451629,0.832002457002457,0.8265943289998976,0.9829160530191458,0.9840142095914742,0.9848484848484849,0.790717299578059,0.7864555614688664,0.7794019933554818,0.23170107490189387,0.23054873054873054,0.22970621353260312,"HybridCORELSPreClassifier
if [age_low && marital_status_Single]:
  income = False(support 6790, accuracy 0.98292)
else 
    default: RandomForestClassifier(max_depth=5, min_samples_split=10, random_state=42)(support 22515, accuracy 0.79072 (majority pred 0.694))",1,0.9092956592956594
0,fixed_rf,1.7061934823408974e-05,0,objective,0.1,0.001,opt,0.8333048967752943,0.8325143325143325,0.8326338417442932,0.9819436288901938,0.9866310160427807,0.9852017937219731,0.788289690125817,0.7865497076023392,0.7875049741345006,0.23245180003412386,0.22972972972972974,0.22827310881359403,"HybridCORELSPreClassifier
if [age_low && marital_status_Single]:
  income = False(support 6812, accuracy 0.98194)
else 
    default: RandomForestClassifier(max_depth=5, min_samples_split=10, random_state=42)(support 22493, accuracy 0.78829 (majority pred 0.696))",1,0.9039721539721539
1,fixed_rf,1.7061934823408974e-05,0,objective,0.1,0.001,opt,0.8314280839447193,0.8316953316953317,0.8375473436380387,0.9808898178560764,0.9897595725734639,0.9850555081127241,0.787145574379617,0.7844988035097049,0.7910327184596742,0.2285616788943866,0.22993447993447994,0.2397379465656669,"HybridCORELSPreClassifier
if [age_low && marital_status_Single]:
  income = False(support 6698, accuracy 0.98089)
else 
    default: RandomForestClassifier(max_depth=5, min_samples_split=10, random_state=42)(support 22607, accuracy 0.78715 (majority pred 0.695))",1,0.9032555282555284
2,fixed_rf,1.7061934823408974e-05,0,objective,0.1,0.001,opt,0.8359665586077462,0.8264742014742015,0.8353976865595251,0.9833921222810111,0.9829366861248316,0.9844789356984479,0.7913870494644683,0.7802678689828935,0.7906574394463668,0.23217880907694932,0.227989352989353,0.23083222438325315,"HybridCORELSPreClassifier
if [age_low && marital_status_Single]:
  income = False(support 6804, accuracy 0.98339)
else 
    default: RandomForestClassifier(max_depth=5, min_samples_split=10, random_state=42)(support 22501, accuracy 0.79139 (majority pred 0.698))",1,0.8975225225225225
3,fixed_rf,1.7061934823408974e-05,0,objective,0.1,0.001,opt,0.8330660296877666,0.838963963963964,0.8310983724024977,0.9819366301450992,0.9841059602649007,0.9876488751654169,0.7884794465877345,0.7951486072237771,0.7837909890695814,0.23047261559460844,0.23187960687960688,0.23206059985668953,"HybridCORELSPreClassifier
if [age_low && marital_status_Single]:
  income = False(support 6754, accuracy 0.98194)
else 
    default: RandomForestClassifier(max_depth=5, min_samples_split=10, random_state=42)(support 22551, accuracy 0.78848 (majority pred 0.694))",1,0.9071457821457822
4,fixed_rf,1.7061934823408974e-05,0,objective,0.1,0.001,opt,0.8352499573451629,0.832002457002457,0.8265943289998976,0.9829160530191458,0.9840142095914742,0.9848484848484849,0.790717299578059,0.7864555614688664,0.7794019933554818,0.23170107490189387,0.23054873054873054,0.22970621353260312,"HybridCORELSPreClassifier
if [age_low && marital_status_Single]:
  income = False(support 6790, accuracy 0.98292)
else 
    default: RandomForestClassifier(max_depth=5, min_samples_split=10, random_state=42)(support 22515, accuracy 0.79072 (majority pred 0.694))",1,0.9092956592956594
0,fixed_rf,1.7061934823408974e-05,0,objective,0.01,0.0001,opt,0.8333048967752943,0.8325143325143325,0.8326338417442932,0.9866115702479339,0.9872860635696822,0.9834227206240859,0.7934207697269404,0.7915317881652207,0.7925628401140192,0.2064494113632486,0.20935708435708436,0.20994984133483469,"HybridCORELSPreClassifier
if [education_HS-grad && marital_status_Single]:
  income = False(support 2718, accuracy 0.98749)
else if [relationship_Own-child && capital_gain_0]:
  income = False(support 3332, accuracy 0.98589)
else 
    default: RandomForestClassifier(max_depth=5, min_samples_split=10, random_state=42)(support 23255, accuracy 0.79342 (majority pred 0.704))",2,0.9038697788697789
1,fixed_rf,1.7061934823408974e-05,0,objective,0.01,0.0001,opt,0.8314280839447193,0.8316953316953317,0.8375473436380387,0.9871942209817763,0.9835739173718268,0.9853372434017595,0.7905574222451969,0.792370150792628,0.798394406318788,0.20784849001876812,0.20567158067158067,0.20943801822090286,"HybridCORELSPreClassifier
if [relationship_Own-child && capital_gain_0]:
  income = False(support 4424, accuracy 0.99141)
else if [education_HS-grad && marital_status_Single]:
  income = False(support 1667, accuracy 0.97600)
else 
    default: RandomForestClassifier(max_depth=5, min_samples_split=10, random_state=42)(support 23214, accuracy 0.79056 (majority pred 0.701))",2,0.9023341523341524
2,fixed_rf,1.7061934823408974e-05,0,objective,0.01,0.0001,opt,0.8358983108684525,0.8264742014742015,0.8353976865595251,0.9867053008351798,0.9857519788918205,0.986096807415036,0.7981483061694684,0.7881366696303823,0.7980068991950939,0.2002047432178809,0.194000819000819,0.1987920974511209,"HybridCORELSPreClassifier
if [relationship_Own-child && hours_per_week_low]:
  income = False(support 2208, accuracy 0.99547)
else if [relationship_Own-child && marital_status_Single]:
  income = False(support 1984, accuracy 0.98488)
else if [education_HS-grad && marital_status_Single]:
  income = False(support 1675, accuracy 0.97731)
else 
    default: RandomForestClassifier(max_depth=5, min_samples_split=10, random_state=42)(support 23438, accuracy 0.79815 (majority pred 0.709))",3,0.8977272727272727
3,fixed_rf,1.7061934823408974e-05,0,objective,0.01,0.0001,opt,0.8330660296877666,0.838963963963964,0.8310983724024977,0.9819366301450992,0.9841059602649007,0.9876488751654169,0.7884794465877345,0.7951486072237771,0.7837909890695814,0.23047261559460844,0.23187960687960688,0.23206059985668953,"HybridCORELSPreClassifier
if [age_low && marital_status_Single]:
  income = False(support 6754, accuracy 0.98194)
else 
    default: RandomForestClassifier(max_depth=5, min_samples_split=10, random_state=42)(support 22551, accuracy 0.78848 (majority pred 0.694))",1,0.9071457821457822
4,fixed_rf,1.7061934823408974e-05,0,objective,0.01,0.0001,opt,0.8352499573451629,0.832002457002457,0.8265943289998976,0.987812804679883,0.9812160158180919,0.9857795835449467,0.794695693490562,0.7930277598450614,0.7864102564102564,0.20999829380651766,0.2071048321048321,0.20155594226635276,"HybridCORELSPreClassifier
if [relationship_Own-child && capital_gain_0]:
  income = False(support 4472, accuracy 0.99128)
else if [education_HS-grad && marital_status_Single]:
  income = False(support 1682, accuracy 0.97860)
else 
    default: RandomForestClassifier(max_depth=5, min_samples_split=10, random_state=42)(support 23151, accuracy 0.79470 (majority pred 0.700))",2,0.9090909090909091
0,fixed_rf,1.7061934823408974e-05,0,objective,0.05,0.0001,opt,0.8333048967752943,0.8325143325143325,0.8326338417442932,0.9866115702479339,0.9872860635696822,0.9834227206240859,0.7934207697269404,0.7915317881652207,0.7925628401140192,0.2064494113632486,0.20935708435708436,0.20994984133483469,"HybridCORELSPreClassifier
if [education_HS-grad && marital_status_Single]:
  income = False(support 2718, accuracy 0.98749)
else if [relationship_Own-child && capital_gain_0]:
  income = False(support 3332, accuracy 0.98589)
else 
    default: RandomForestClassifier(max_depth=5, min_samples_split=10, random_state=42)(support 23255, accuracy 0.79342 (majority pred 0.704))",2,0.9038697788697789
1,fixed_rf,1.7061934823408974e-05,0,objective,0.05,0.0001,opt,0.8314280839447193,0.8316953316953317,0.8375473436380387,0.9871942209817763,0.9835739173718268,0.9853372434017595,0.7905574222451969,0.792370150792628,0.798394406318788,0.20784849001876812,0.20567158067158067,0.20943801822090286,"HybridCORELSPreClassifier
if [relationship_Own-child && capital_gain_0]:
  income = False(support 4424, accuracy 0.99141)
else if [education_HS-grad && marital_status_Single]:
  income = False(support 1667, accuracy 0.97600)
else 
    default: RandomForestClassifier(max_depth=5, min_samples_split=10, random_state=42)(support 23214, accuracy 0.79056 (majority pred 0.701))",2,0.9023341523341524
2,fixed_rf,1.7061934823408974e-05,0,objective,0.05,0.0001,opt,0.8358983108684525,0.8264742014742015,0.8353976865595251,0.9867053008351798,0.9857519788918205,0.986096807415036,0.7981483061694684,0.7881366696303823,0.7980068991950939,0.2002047432178809,0.194000819000819,0.1987920974511209,"HybridCORELSPreClassifier
if [relationship_Own-child && hours_per_week_low]:
  income = False(support 2208, accuracy 0.99547)
else if [relationship_Own-child && marital_status_Single]:
  income = False(support 1984, accuracy 0.98488)
else if [education_HS-grad && marital_status_Single]:
  income = False(support 1675, accuracy 0.97731)
else 
    default: RandomForestClassifier(max_depth=5, min_samples_split=10, random_state=42)(support 23438, accuracy 0.79815 (majority pred 0.709))",3,0.8977272727272727
3,fixed_rf,1.7061934823408974e-05,0,objective,0.05,0.0001,opt,0.8330660296877666,0.838963963963964,0.8310983724024977,0.9819366301450992,0.9841059602649007,0.9876488751654169,0.7884794465877345,0.7951486072237771,0.7837909890695814,0.23047261559460844,0.23187960687960688,0.23206059985668953,"HybridCORELSPreClassifier
if [age_low && marital_status_Single]:
  income = False(support 6754, accuracy 0.98194)
else 
    default: RandomForestClassifier(max_depth=5, min_samples_split=10, random_state=42)(support 22551, accuracy 0.78848 (majority pred 0.694))",1,0.9071457821457822
4,fixed_rf,1.7061934823408974e-05,0,objective,0.05,0.0001,opt,0.8352499573451629,0.832002457002457,0.8265943289998976,0.987812804679883,0.9812160158180919,0.9857795835449467,0.794695693490562,0.7930277598450614,0.7864102564102564,0.20999829380651766,0.2071048321048321,0.20155594226635276,"HybridCORELSPreClassifier
if [relationship_Own-child && capital_gain_0]:
  income = False(support 4472, accuracy 0.99128)
else if [education_HS-grad && marital_status_Single]:
  income = False(support 1682, accuracy 0.97860)
else 
    default: RandomForestClassifier(max_depth=5, min_samples_split=10, random_state=42)(support 23151, accuracy 0.79470 (majority pred 0.700))",2,0.9090909090909091
0,fixed_rf,1.7061934823408974e-05,0,objective,0.1,0.0001,opt,0.8333048967752943,0.8325143325143325,0.8326338417442932,0.9819436288901938,0.9866310160427807,0.9852017937219731,0.788289690125817,0.7865497076023392,0.7875049741345006,0.23245180003412386,0.22972972972972974,0.22827310881359403,"HybridCORELSPreClassifier
if [age_low && marital_status_Single]:
  income = False(support 6812, accuracy 0.98194)
else 
    default: RandomForestClassifier(max_depth=5, min_samples_split=10, random_state=42)(support 22493, accuracy 0.78829 (majority pred 0.696))",1,0.9039721539721539
1,fixed_rf,1.7061934823408974e-05,0,objective,0.1,0.0001,opt,0.8315645794233066,0.8317977067977068,0.8373426143924659,0.9743347504330027,0.9728419010669254,0.9748016798880075,0.792062385640847,0.7940565792888659,0.7987149226330973,0.21672069612694078,0.2110974610974611,0.21936738663118027,"HybridCORELSPreClassifier
if [relationship_Own-child && capital_gain_0]:
  income = False(support 4424, accuracy 0.99141)
else if [education_HS-grad && age_low]:
  income = False(support 1927, accuracy 0.93513)
else 
    default: RandomForestClassifier(max_depth=5, min_samples_split=10, random_state=42)(support 22954, accuracy 0.79206 (majority pred 0.701))",2,0.9023341523341523
2,fixed_rf,1.7061934823408974e-05,0,objective,0.1,0.0001,opt,0.8359665586077462,0.8264742014742015,0.8353976865595251,0.9869114397416284,0.984919396775871,0.9873160832064941,0.7980531124583725,0.7876354365838113,0.7969992305719416,0.20075072513223,0.19686732186732187,0.20176067151192548,"HybridCORELSPreClassifier
if [hours_per_week_low && marital_status_Single]:
  income = False(support 3467, accuracy 0.98990)
else if [relationship_Own-child && capital_gain_0]:
  income = False(support 2416, accuracy 0.98262)
else 
    default: RandomForestClassifier(max_depth=5, min_samples_split=10, random_state=42)(support 23422, accuracy 0.79805 (majority pred 0.708))",2,0.8973177723177724
3,fixed_rf,1.7061934823408974e-05,0,objective,0.1,0.0001,opt,0.8330660296877666,0.838963963963964,0.8310983724024977,0.9819366301450992,0.9841059602649007,0.9876488751654169,0.7884794465877345,0.7951486072237771,0.7837909890695814,0.23047261559460844,0.23187960687960688,0.23206059985668953,"HybridCORELSPreClassifier
if [age_low && marital_status_Single]:
  income = False(support 6754, accuracy 0.98194)
else 
    default: RandomForestClassifier(max_depth=5, min_samples_split=10, random_state=42)(support 22551, accuracy 0.78848 (majority pred 0.694))",1,0.9071457821457822
4,fixed_rf,1.7061934823408974e-05,0,objective,0.1,0.0001,opt,0.8352499573451629,0.832002457002457,0.8265943289998976,0.9879538513742789,0.982635342185904,0.9864935064935065,0.7968049207637435,0.7942381562099872,0.787353391126976,0.201126087698345,0.20045045045045046,0.19705189886375268,"HybridCORELSPreClassifier
if [relationship_Own-child && capital_gain_0]:
  income = False(support 4472, accuracy 0.99128)
else if [hours_per_week_low && marital_status_Single]:
  income = False(support 1422, accuracy 0.97750)
else 
    default: RandomForestClassifier(max_depth=5, min_samples_split=10, random_state=42)(support 23411, accuracy 0.79680 (majority pred 0.704))",2,0.908988533988534
0,fixed_rf,1.7061934823408974e-05,0,lower_bound,0.01,0.01,opt,0.8333048967752943,0.8325143325143325,0.8326338417442932,0.9819436288901938,0.9866310160427807,0.9852017937219731,0.788289690125817,0.7865497076023392,0.7875049741345006,0.23245180003412386,0.22972972972972974,0.22827310881359403,"HybridCORELSPreClassifier
if [age_low && marital_status_Single]:
  income = False(support 6812, accuracy 0.98194)
else 
    default: RandomForestClassifier(max_depth=5, min_samples_split=10, random_state=42)(support 22493, accuracy 0.78829 (majority pred 0.696))",1,0.9039721539721539
1,fixed_rf,1.7061934823408974e-05,0,lower_bound,0.01,0.01,opt,0.8314280839447193,0.8316953316953317,0.8375473436380387,0.9808898178560764,0.9897595725734639,0.9850555081127241,0.787145574379617,0.7844988035097049,0.7910327184596742,0.2285616788943866,0.22993447993447994,0.2397379465656669,"HybridCORELSPreClassifier
if [age_low && marital_status_Single]:
  income = False(support 6698, accuracy 0.98089)
else 
    default: RandomForestClassifier(max_depth=5, min_samples_split=10, random_state=42)(support 22607, accuracy 0.78715 (majority pred 0.695))",1,0.9032555282555284
2,fixed_rf,1.7061934823408974e-05,0,lower_bound,0.01,0.01,opt,0.8359665586077462,0.8264742014742015,0.8353976865595251,0.9833921222810111,0.9829366861248316,0.9844789356984479,0.7913870494644683,0.7802678689828935,0.7906574394463668,0.23217880907694932,0.227989352989353,0.23083222438325315,"HybridCORELSPreClassifier
if [age_low && marital_status_Single]:
  income = False(support 6804, accuracy 0.98339)
else 
    default: RandomForestClassifier(max_depth=5, min_samples_split=10, random_state=42)(support 22501, accuracy 0.79139 (majority pred 0.698))",1,0.8975225225225225
3,fixed_rf,1.7061934823408974e-05,0,lower_bound,0.01,0.01,opt,0.8330660296877666,0.838963963963964,0.8310983724024977,0.9819366301450992,0.9841059602649007,0.9876488751654169,0.7884794465877345,0.7951486072237771,0.7837909890695814,0.23047261559460844,0.23187960687960688,0.23206059985668953,"HybridCORELSPreClassifier
if [age_low && marital_status_Single]:
  income = False(support 6754, accuracy 0.98194)
else 
    default: RandomForestClassifier(max_depth=5, min_samples_split=10, random_state=42)(support 22551, accuracy 0.78848 (majority pred 0.694))",1,0.9071457821457822
4,fixed_rf,1.7061934823408974e-05,0,lower_bound,0.01,0.01,opt,0.8352499573451629,0.832002457002457,0.8265943289998976,0.9829160530191458,0.9840142095914742,0.9848484848484849,0.790717299578059,0.7864555614688664,0.7794019933554818,0.23170107490189387,0.23054873054873054,0.22970621353260312,"HybridCORELSPreClassifier
if [age_low && marital_status_Single]:
  income = False(support 6790, accuracy 0.98292)
else 
    default: RandomForestClassifier(max_depth=5, min_samples_split=10, random_state=42)(support 22515, accuracy 0.79072 (majority pred 0.694))",1,0.9092956592956594
0,fixed_rf,1.7061934823408974e-05,0,lower_bound,0.05,0.01,opt,0.8333048967752943,0.8325143325143325,0.8326338417442932,0.9819436288901938,0.9866310160427807,0.9852017937219731,0.788289690125817,0.7865497076023392,0.7875049741345006,0.23245180003412386,0.22972972972972974,0.22827310881359403,"HybridCORELSPreClassifier
if [age_low && marital_status_Single]:
  income = False(support 6812, accuracy 0.98194)
else 
    default: RandomForestClassifier(max_depth=5, min_samples_split=10, random_state=42)(support 22493, accuracy 0.78829 (majority pred 0.696))",1,0.9039721539721539
1,fixed_rf,1.7061934823408974e-05,0,lower_bound,0.05,0.01,opt,0.8314280839447193,0.8316953316953317,0.8375473436380387,0.9808898178560764,0.9897595725734639,0.9850555081127241,0.787145574379617,0.7844988035097049,0.7910327184596742,0.2285616788943866,0.22993447993447994,0.2397379465656669,"HybridCORELSPreClassifier
if [age_low && marital_status_Single]:
  income = False(support 6698, accuracy 0.98089)
else 
    default: RandomForestClassifier(max_depth=5, min_samples_split=10, random_state=42)(support 22607, accuracy 0.78715 (majority pred 0.695))",1,0.9032555282555284
2,fixed_rf,1.7061934823408974e-05,0,lower_bound,0.05,0.01,opt,0.8359665586077462,0.8264742014742015,0.8353976865595251,0.9833921222810111,0.9829366861248316,0.9844789356984479,0.7913870494644683,0.7802678689828935,0.7906574394463668,0.23217880907694932,0.227989352989353,0.23083222438325315,"HybridCORELSPreClassifier
if [age_low && marital_status_Single]:
  income = False(support 6804, accuracy 0.98339)
else 
    default: RandomForestClassifier(max_depth=5, min_samples_split=10, random_state=42)(support 22501, accuracy 0.79139 (majority pred 0.698))",1,0.8975225225225225
3,fixed_rf,1.7061934823408974e-05,0,lower_bound,0.05,0.01,opt,0.8330660296877666,0.838963963963964,0.8310983724024977,0.9819366301450992,0.9841059602649007,0.9876488751654169,0.7884794465877345,0.7951486072237771,0.7837909890695814,0.23047261559460844,0.23187960687960688,0.23206059985668953,"HybridCORELSPreClassifier
if [age_low && marital_status_Single]:
  income = False(support 6754, accuracy 0.98194)
else 
    default: RandomForestClassifier(max_depth=5, min_samples_split=10, random_state=42)(support 22551, accuracy 0.78848 (majority pred 0.694))",1,0.9071457821457822
4,fixed_rf,1.7061934823408974e-05,0,lower_bound,0.05,0.01,opt,0.8352499573451629,0.832002457002457,0.8265943289998976,0.9829160530191458,0.9840142095914742,0.9848484848484849,0.790717299578059,0.7864555614688664,0.7794019933554818,0.23170107490189387,0.23054873054873054,0.22970621353260312,"HybridCORELSPreClassifier
if [age_low && marital_status_Single]:
  income = False(support 6790, accuracy 0.98292)
else 
    default: RandomForestClassifier(max_depth=5, min_samples_split=10, random_state=42)(support 22515, accuracy 0.79072 (majority pred 0.694))",1,0.9092956592956594
0,fixed_rf,1.7061934823408974e-05,0,lower_bound,0.1,0.01,opt,0.8333048967752943,0.8325143325143325,0.8326338417442932,0.9819436288901938,0.9866310160427807,0.9852017937219731,0.788289690125817,0.7865497076023392,0.7875049741345006,0.23245180003412386,0.22972972972972974,0.22827310881359403,"HybridCORELSPreClassifier
if [age_low && marital_status_Single]:
  income = False(support 6812, accuracy 0.98194)
else 
    default: RandomForestClassifier(max_depth=5, min_samples_split=10, random_state=42)(support 22493, accuracy 0.78829 (majority pred 0.696))",1,0.9039721539721539
1,fixed_rf,1.7061934823408974e-05,0,lower_bound,0.1,0.01,opt,0.8314280839447193,0.8316953316953317,0.8375473436380387,0.9808898178560764,0.9897595725734639,0.9850555081127241,0.787145574379617,0.7844988035097049,0.7910327184596742,0.2285616788943866,0.22993447993447994,0.2397379465656669,"HybridCORELSPreClassifier
if [age_low && marital_status_Single]:
  income = False(support 6698, accuracy 0.98089)
else 
    default: RandomForestClassifier(max_depth=5, min_samples_split=10, random_state=42)(support 22607, accuracy 0.78715 (majority pred 0.695))",1,0.9032555282555284
2,fixed_rf,1.7061934823408974e-05,0,lower_bound,0.1,0.01,opt,0.8359665586077462,0.8264742014742015,0.8353976865595251,0.9833921222810111,0.9829366861248316,0.9844789356984479,0.7913870494644683,0.7802678689828935,0.7906574394463668,0.23217880907694932,0.227989352989353,0.23083222438325315,"HybridCORELSPreClassifier
if [age_low && marital_status_Single]:
  income = False(support 6804, accuracy 0.98339)
else 
    default: RandomForestClassifier(max_depth=5, min_samples_split=10, random_state=42)(support 22501, accuracy 0.79139 (majority pred 0.698))",1,0.8975225225225225
3,fixed_rf,1.7061934823408974e-05,0,lower_bound,0.1,0.01,opt,0.8330660296877666,0.838963963963964,0.8310983724024977,0.9819366301450992,0.9841059602649007,0.9876488751654169,0.7884794465877345,0.7951486072237771,0.7837909890695814,0.23047261559460844,0.23187960687960688,0.23206059985668953,"HybridCORELSPreClassifier
if [age_low && marital_status_Single]:
  income = False(support 6754, accuracy 0.98194)
else 
    default: RandomForestClassifier(max_depth=5, min_samples_split=10, random_state=42)(support 22551, accuracy 0.78848 (majority pred 0.694))",1,0.9071457821457822
4,fixed_rf,1.7061934823408974e-05,0,lower_bound,0.1,0.01,opt,0.8352499573451629,0.832002457002457,0.8265943289998976,0.9829160530191458,0.9840142095914742,0.9848484848484849,0.790717299578059,0.7864555614688664,0.7794019933554818,0.23170107490189387,0.23054873054873054,0.22970621353260312,"HybridCORELSPreClassifier
if [age_low && marital_status_Single]:
  income = False(support 6790, accuracy 0.98292)
else 
    default: RandomForestClassifier(max_depth=5, min_samples_split=10, random_state=42)(support 22515, accuracy 0.79072 (majority pred 0.694))",1,0.9092956592956594
0,fixed_rf,1.7061934823408974e-05,0,lower_bound,0.01,0.001,opt,0.8333048967752943,0.8325143325143325,0.8326338417442932,0.9819436288901938,0.9866310160427807,0.9852017937219731,0.788289690125817,0.7865497076023392,0.7875049741345006,0.23245180003412386,0.22972972972972974,0.22827310881359403,"HybridCORELSPreClassifier
if [age_low && marital_status_Single]:
  income = False(support 6812, accuracy 0.98194)
else 
    default: RandomForestClassifier(max_depth=5, min_samples_split=10, random_state=42)(support 22493, accuracy 0.78829 (majority pred 0.696))",1,0.9039721539721539
1,fixed_rf,1.7061934823408974e-05,0,lower_bound,0.01,0.001,opt,0.8314280839447193,0.8316953316953317,0.8375473436380387,0.9808898178560764,0.9897595725734639,0.9850555081127241,0.787145574379617,0.7844988035097049,0.7910327184596742,0.2285616788943866,0.22993447993447994,0.2397379465656669,"HybridCORELSPreClassifier
if [age_low && marital_status_Single]:
  income = False(support 6698, accuracy 0.98089)
else 
    default: RandomForestClassifier(max_depth=5, min_samples_split=10, random_state=42)(support 22607, accuracy 0.78715 (majority pred 0.695))",1,0.9032555282555284
2,fixed_rf,1.7061934823408974e-05,0,lower_bound,0.01,0.001,opt,0.8359665586077462,0.8264742014742015,0.8353976865595251,0.9833921222810111,0.9829366861248316,0.9844789356984479,0.7913870494644683,0.7802678689828935,0.7906574394463668,0.23217880907694932,0.227989352989353,0.23083222438325315,"HybridCORELSPreClassifier
if [age_low && marital_status_Single]:
  income = False(support 6804, accuracy 0.98339)
else 
    default: RandomForestClassifier(max_depth=5, min_samples_split=10, random_state=42)(support 22501, accuracy 0.79139 (majority pred 0.698))",1,0.8975225225225225
3,fixed_rf,1.7061934823408974e-05,0,lower_bound,0.01,0.001,opt,0.8330660296877666,0.838963963963964,0.8310983724024977,0.9819366301450992,0.9841059602649007,0.9876488751654169,0.7884794465877345,0.7951486072237771,0.7837909890695814,0.23047261559460844,0.23187960687960688,0.23206059985668953,"HybridCORELSPreClassifier
if [age_low && marital_status_Single]:
  income = False(support 6754, accuracy 0.98194)
else 
    default: RandomForestClassifier(max_depth=5, min_samples_split=10, random_state=42)(support 22551, accuracy 0.78848 (majority pred 0.694))",1,0.9071457821457822
4,fixed_rf,1.7061934823408974e-05,0,lower_bound,0.01,0.001,opt,0.8352499573451629,0.832002457002457,0.8265943289998976,0.9829160530191458,0.9840142095914742,0.9848484848484849,0.790717299578059,0.7864555614688664,0.7794019933554818,0.23170107490189387,0.23054873054873054,0.22970621353260312,"HybridCORELSPreClassifier
if [age_low && marital_status_Single]:
  income = False(support 6790, accuracy 0.98292)
else 
    default: RandomForestClassifier(max_depth=5, min_samples_split=10, random_state=42)(support 22515, accuracy 0.79072 (majority pred 0.694))",1,0.9092956592956594
0,fixed_rf,1.7061934823408974e-05,0,lower_bound,0.05,0.001,opt,0.8333048967752943,0.8325143325143325,0.8326338417442932,0.9819436288901938,0.9866310160427807,0.9852017937219731,0.788289690125817,0.7865497076023392,0.7875049741345006,0.23245180003412386,0.22972972972972974,0.22827310881359403,"HybridCORELSPreClassifier
if [age_low && marital_status_Single]:
  income = False(support 6812, accuracy 0.98194)
else 
    default: RandomForestClassifier(max_depth=5, min_samples_split=10, random_state=42)(support 22493, accuracy 0.78829 (majority pred 0.696))",1,0.9039721539721539
1,fixed_rf,1.7061934823408974e-05,0,lower_bound,0.05,0.001,opt,0.8314280839447193,0.8316953316953317,0.8375473436380387,0.9808898178560764,0.9897595725734639,0.9850555081127241,0.787145574379617,0.7844988035097049,0.7910327184596742,0.2285616788943866,0.22993447993447994,0.2397379465656669,"HybridCORELSPreClassifier
if [age_low && marital_status_Single]:
  income = False(support 6698, accuracy 0.98089)
else 
    default: RandomForestClassifier(max_depth=5, min_samples_split=10, random_state=42)(support 22607, accuracy 0.78715 (majority pred 0.695))",1,0.9032555282555284
2,fixed_rf,1.7061934823408974e-05,0,lower_bound,0.05,0.001,opt,0.8359665586077462,0.8264742014742015,0.8353976865595251,0.9833921222810111,0.9829366861248316,0.9844789356984479,0.7913870494644683,0.7802678689828935,0.7906574394463668,0.23217880907694932,0.227989352989353,0.23083222438325315,"HybridCORELSPreClassifier
if [age_low && marital_status_Single]:
  income = False(support 6804, accuracy 0.98339)
else 
    default: RandomForestClassifier(max_depth=5, min_samples_split=10, random_state=42)(support 22501, accuracy 0.79139 (majority pred 0.698))",1,0.8975225225225225
3,fixed_rf,1.7061934823408974e-05,0,lower_bound,0.05,0.001,opt,0.8330660296877666,0.838963963963964,0.8310983724024977,0.9819366301450992,0.9841059602649007,0.9876488751654169,0.7884794465877345,0.7951486072237771,0.7837909890695814,0.23047261559460844,0.23187960687960688,0.23206059985668953,"HybridCORELSPreClassifier
if [age_low && marital_status_Single]:
  income = False(support 6754, accuracy 0.98194)
else 
    default: RandomForestClassifier(max_depth=5, min_samples_split=10, random_state=42)(support 22551, accuracy 0.78848 (majority pred 0.694))",1,0.9071457821457822
4,fixed_rf,1.7061934823408974e-05,0,lower_bound,0.05,0.001,opt,0.8352499573451629,0.832002457002457,0.8265943289998976,0.9829160530191458,0.9840142095914742,0.9848484848484849,0.790717299578059,0.7864555614688664,0.7794019933554818,0.23170107490189387,0.23054873054873054,0.22970621353260312,"HybridCORELSPreClassifier
if [age_low && marital_status_Single]:
  income = False(support 6790, accuracy 0.98292)
else 
    default: RandomForestClassifier(max_depth=5, min_samples_split=10, random_state=42)(support 22515, accuracy 0.79072 (majority pred 0.694))",1,0.9092956592956594
0,fixed_rf,1.7061934823408974e-05,0,lower_bound,0.1,0.001,opt,0.8333048967752943,0.8325143325143325,0.8326338417442932,0.9819436288901938,0.9866310160427807,0.9852017937219731,0.788289690125817,0.7865497076023392,0.7875049741345006,0.23245180003412386,0.22972972972972974,0.22827310881359403,"HybridCORELSPreClassifier
if [age_low && marital_status_Single]:
  income = False(support 6812, accuracy 0.98194)
else 
    default: RandomForestClassifier(max_depth=5, min_samples_split=10, random_state=42)(support 22493, accuracy 0.78829 (majority pred 0.696))",1,0.9039721539721539
1,fixed_rf,1.7061934823408974e-05,0,lower_bound,0.1,0.001,opt,0.8314280839447193,0.8316953316953317,0.8375473436380387,0.9808898178560764,0.9897595725734639,0.9850555081127241,0.787145574379617,0.7844988035097049,0.7910327184596742,0.2285616788943866,0.22993447993447994,0.2397379465656669,"HybridCORELSPreClassifier
if [age_low && marital_status_Single]:
  income = False(support 6698, accuracy 0.98089)
else 
    default: RandomForestClassifier(max_depth=5, min_samples_split=10, random_state=42)(support 22607, accuracy 0.78715 (majority pred 0.695))",1,0.9032555282555284
2,fixed_rf,1.7061934823408974e-05,0,lower_bound,0.1,0.001,opt,0.8359665586077462,0.8264742014742015,0.8353976865595251,0.9833921222810111,0.9829366861248316,0.9844789356984479,0.7913870494644683,0.7802678689828935,0.7906574394463668,0.23217880907694932,0.227989352989353,0.23083222438325315,"HybridCORELSPreClassifier
if [age_low && marital_status_Single]:
  income = False(support 6804, accuracy 0.98339)
else 
    default: RandomForestClassifier(max_depth=5, min_samples_split=10, random_state=42)(support 22501, accuracy 0.79139 (majority pred 0.698))",1,0.8975225225225225
3,fixed_rf,1.7061934823408974e-05,0,lower_bound,0.1,0.001,opt,0.8330660296877666,0.838963963963964,0.8310983724024977,0.9819366301450992,0.9841059602649007,0.9876488751654169,0.7884794465877345,0.7951486072237771,0.7837909890695814,0.23047261559460844,0.23187960687960688,0.23206059985668953,"HybridCORELSPreClassifier
if [age_low && marital_status_Single]:
  income = False(support 6754, accuracy 0.98194)
else 
    default: RandomForestClassifier(max_depth=5, min_samples_split=10, random_state=42)(support 22551, accuracy 0.78848 (majority pred 0.694))",1,0.9071457821457822
4,fixed_rf,1.7061934823408974e-05,0,lower_bound,0.1,0.001,opt,0.8352499573451629,0.832002457002457,0.8265943289998976,0.9829160530191458,0.9840142095914742,0.9848484848484849,0.790717299578059,0.7864555614688664,0.7794019933554818,0.23170107490189387,0.23054873054873054,0.22970621353260312,"HybridCORELSPreClassifier
if [age_low && marital_status_Single]:
  income = False(support 6790, accuracy 0.98292)
else 
    default: RandomForestClassifier(max_depth=5, min_samples_split=10, random_state=42)(support 22515, accuracy 0.79072 (majority pred 0.694))",1,0.9092956592956594
0,fixed_rf,1.7061934823408974e-05,0,lower_bound,0.01,0.0001,opt,0.8333048967752943,0.8325143325143325,0.8326338417442932,0.9866115702479339,0.9872860635696822,0.9834227206240859,0.7934207697269404,0.7915317881652207,0.7925628401140192,0.2064494113632486,0.20935708435708436,0.20994984133483469,"HybridCORELSPreClassifier
if [education_HS-grad && marital_status_Single]:
  income = False(support 2718, accuracy 0.98749)
else if [relationship_Own-child && capital_gain_0]:
  income = False(support 3332, accuracy 0.98589)
else 
    default: RandomForestClassifier(max_depth=5, min_samples_split=10, random_state=42)(support 23255, accuracy 0.79342 (majority pred 0.704))",2,0.9038697788697789
1,fixed_rf,1.7061934823408974e-05,0,lower_bound,0.01,0.0001,opt,0.8314280839447193,0.8316953316953317,0.8375473436380387,0.9871942209817763,0.9835739173718268,0.9853372434017595,0.7905574222451969,0.792370150792628,0.798394406318788,0.20784849001876812,0.20567158067158067,0.20943801822090286,"HybridCORELSPreClassifier
if [relationship_Own-child && capital_gain_0]:
  income = False(support 4424, accuracy 0.99141)
else if [education_HS-grad && marital_status_Single]:
  income = False(support 1667, accuracy 0.97600)
else 
    default: RandomForestClassifier(max_depth=5, min_samples_split=10, random_state=42)(support 23214, accuracy 0.79056 (majority pred 0.701))",2,0.9023341523341524
2,fixed_rf,1.7061934823408974e-05,0,lower_bound,0.01,0.0001,opt,0.8358983108684525,0.8264742014742015,0.8353976865595251,0.9867053008351798,0.9857519788918205,0.986096807415036,0.7981483061694684,0.7881366696303823,0.7980068991950939,0.2002047432178809,0.194000819000819,0.1987920974511209,"HybridCORELSPreClassifier
if [relationship_Own-child && hours_per_week_low]:
  income = False(support 2208, accuracy 0.99547)
else if [relationship_Own-child && marital_status_Single]:
  income = False(support 1984, accuracy 0.98488)
else if [education_HS-grad && marital_status_Single]:
  income = False(support 1675, accuracy 0.97731)
else 
    default: RandomForestClassifier(max_depth=5, min_samples_split=10, random_state=42)(support 23438, accuracy 0.79815 (majority pred 0.709))",3,0.8977272727272727
3,fixed_rf,1.7061934823408974e-05,0,lower_bound,0.01,0.0001,opt,0.8330660296877666,0.838963963963964,0.8310983724024977,0.9819366301450992,0.9841059602649007,0.9876488751654169,0.7884794465877345,0.7951486072237771,0.7837909890695814,0.23047261559460844,0.23187960687960688,0.23206059985668953,"HybridCORELSPreClassifier
if [age_low && marital_status_Single]:
  income = False(support 6754, accuracy 0.98194)
else 
    default: RandomForestClassifier(max_depth=5, min_samples_split=10, random_state=42)(support 22551, accuracy 0.78848 (majority pred 0.694))",1,0.9071457821457822
4,fixed_rf,1.7061934823408974e-05,0,lower_bound,0.01,0.0001,opt,0.8352499573451629,0.832002457002457,0.8265943289998976,0.987812804679883,0.9812160158180919,0.9857795835449467,0.794695693490562,0.7930277598450614,0.7864102564102564,0.20999829380651766,0.2071048321048321,0.20155594226635276,"HybridCORELSPreClassifier
if [education_HS-grad && marital_status_Single]:
  income = False(support 2822, accuracy 0.98653)
else if [relationship_Own-child && capital_gain_0]:
  income = False(support 3332, accuracy 0.98890)
else 
    default: RandomForestClassifier(max_depth=5, min_samples_split=10, random_state=42)(support 23151, accuracy 0.79470 (majority pred 0.700))",2,0.9090909090909091
0,fixed_rf,1.7061934823408974e-05,0,lower_bound,0.05,0.0001,opt,0.8333048967752943,0.8325143325143325,0.8326338417442932,0.9866115702479339,0.9872860635696822,0.9834227206240859,0.7934207697269404,0.7915317881652207,0.7925628401140192,0.2064494113632486,0.20935708435708436,0.20994984133483469,"HybridCORELSPreClassifier
if [education_HS-grad && marital_status_Single]:
  income = False(support 2718, accuracy 0.98749)
else if [relationship_Own-child && capital_gain_0]:
  income = False(support 3332, accuracy 0.98589)
else 
    default: RandomForestClassifier(max_depth=5, min_samples_split=10, random_state=42)(support 23255, accuracy 0.79342 (majority pred 0.704))",2,0.9038697788697789
1,fixed_rf,1.7061934823408974e-05,0,lower_bound,0.05,0.0001,opt,0.8314280839447193,0.8316953316953317,0.8375473436380387,0.9871942209817763,0.9835739173718268,0.9853372434017595,0.7905574222451969,0.792370150792628,0.798394406318788,0.20784849001876812,0.20567158067158067,0.20943801822090286,"HybridCORELSPreClassifier
if [relationship_Own-child && capital_gain_0]:
  income = False(support 4424, accuracy 0.99141)
else if [education_HS-grad && marital_status_Single]:
  income = False(support 1667, accuracy 0.97600)
else 
    default: RandomForestClassifier(max_depth=5, min_samples_split=10, random_state=42)(support 23214, accuracy 0.79056 (majority pred 0.701))",2,0.9023341523341524
2,fixed_rf,1.7061934823408974e-05,0,lower_bound,0.05,0.0001,opt,0.8358983108684525,0.8264742014742015,0.8353976865595251,0.9867053008351798,0.9857519788918205,0.986096807415036,0.7981483061694684,0.7881366696303823,0.7980068991950939,0.2002047432178809,0.194000819000819,0.1987920974511209,"HybridCORELSPreClassifier
if [relationship_Own-child && hours_per_week_low]:
  income = False(support 2208, accuracy 0.99547)
else if [relationship_Own-child && marital_status_Single]:
  income = False(support 1984, accuracy 0.98488)
else if [education_HS-grad && marital_status_Single]:
  income = False(support 1675, accuracy 0.97731)
else 
    default: RandomForestClassifier(max_depth=5, min_samples_split=10, random_state=42)(support 23438, accuracy 0.79815 (majority pred 0.709))",3,0.8977272727272727
3,fixed_rf,1.7061934823408974e-05,0,lower_bound,0.05,0.0001,opt,0.8330660296877666,0.838963963963964,0.8310983724024977,0.9819366301450992,0.9841059602649007,0.9876488751654169,0.7884794465877345,0.7951486072237771,0.7837909890695814,0.23047261559460844,0.23187960687960688,0.23206059985668953,"HybridCORELSPreClassifier
if [age_low && marital_status_Single]:
  income = False(support 6754, accuracy 0.98194)
else 
    default: RandomForestClassifier(max_depth=5, min_samples_split=10, random_state=42)(support 22551, accuracy 0.78848 (majority pred 0.694))",1,0.9071457821457822
4,fixed_rf,1.7061934823408974e-05,0,lower_bound,0.05,0.0001,opt,0.8352499573451629,0.832002457002457,0.8265943289998976,0.987812804679883,0.9812160158180919,0.9857795835449467,0.794695693490562,0.7930277598450614,0.7864102564102564,0.20999829380651766,0.2071048321048321,0.20155594226635276,"HybridCORELSPreClassifier
if [education_HS-grad && marital_status_Single]:
  income = False(support 2822, accuracy 0.98653)
else if [relationship_Own-child && capital_gain_0]:
  income = False(support 3332, accuracy 0.98890)
else 
    default: RandomForestClassifier(max_depth=5, min_samples_split=10, random_state=42)(support 23151, accuracy 0.79470 (majority pred 0.700))",2,0.9090909090909091
0,fixed_rf,1.7061934823408974e-05,0,lower_bound,0.1,0.0001,opt,0.8333048967752943,0.8325143325143325,0.8326338417442932,0.9819436288901938,0.9866310160427807,0.9852017937219731,0.788289690125817,0.7865497076023392,0.7875049741345006,0.23245180003412386,0.22972972972972974,0.22827310881359403,"HybridCORELSPreClassifier
if [age_low && marital_status_Single]:
  income = False(support 6812, accuracy 0.98194)
else 
    default: RandomForestClassifier(max_depth=5, min_samples_split=10, random_state=42)(support 22493, accuracy 0.78829 (majority pred 0.696))",1,0.9039721539721539
1,fixed_rf,1.7061934823408974e-05,0,lower_bound,0.1,0.0001,opt,0.8315645794233066,0.8317977067977068,0.8373426143924659,0.9743347504330027,0.9728419010669254,0.9748016798880075,0.792062385640847,0.7940565792888659,0.7987149226330973,0.21672069612694078,0.2110974610974611,0.21936738663118027,"HybridCORELSPreClassifier
if [relationship_Own-child && capital_gain_0]:
  income = False(support 4424, accuracy 0.99141)
else if [education_HS-grad && age_low]:
  income = False(support 1927, accuracy 0.93513)
else 
    default: RandomForestClassifier(max_depth=5, min_samples_split=10, random_state=42)(support 22954, accuracy 0.79206 (majority pred 0.701))",2,0.9023341523341523
2,fixed_rf,1.7061934823408974e-05,0,lower_bound,0.1,0.0001,opt,0.8359665586077462,0.8264742014742015,0.8353976865595251,0.9869114397416284,0.984919396775871,0.9873160832064941,0.7980531124583725,0.7876354365838113,0.7969992305719416,0.20075072513223,0.19686732186732187,0.20176067151192548,"HybridCORELSPreClassifier
if [hours_per_week_low && marital_status_Single]:
  income = False(support 3467, accuracy 0.98990)
else if [relationship_Own-child && capital_gain_0]:
  income = False(support 2416, accuracy 0.98262)
else 
    default: RandomForestClassifier(max_depth=5, min_samples_split=10, random_state=42)(support 23422, accuracy 0.79805 (majority pred 0.708))",2,0.8973177723177724
3,fixed_rf,1.7061934823408974e-05,0,lower_bound,0.1,0.0001,opt,0.8330660296877666,0.838963963963964,0.8310983724024977,0.9819366301450992,0.9841059602649007,0.9876488751654169,0.7884794465877345,0.7951486072237771,0.7837909890695814,0.23047261559460844,0.23187960687960688,0.23206059985668953,"HybridCORELSPreClassifier
if [age_low && marital_status_Single]:
  income = False(support 6754, accuracy 0.98194)
else 
    default: RandomForestClassifier(max_depth=5, min_samples_split=10, random_state=42)(support 22551, accuracy 0.78848 (majority pred 0.694))",1,0.9071457821457822
4,fixed_rf,1.7061934823408974e-05,0,lower_bound,0.1,0.0001,opt,0.8352499573451629,0.832002457002457,0.8265943289998976,0.9879538513742789,0.982635342185904,0.9864935064935065,0.7968049207637435,0.7942381562099872,0.787353391126976,0.201126087698345,0.20045045045045046,0.19705189886375268,"HybridCORELSPreClassifier
if [hours_per_week_low && marital_status_Single]:
  income = False(support 3464, accuracy 0.99018)
else if [relationship_Own-child && capital_gain_0]:
  income = False(support 2430, accuracy 0.98477)
else 
    default: RandomForestClassifier(max_depth=5, min_samples_split=10, random_state=42)(support 23411, accuracy 0.79680 (majority pred 0.704))",2,0.908988533988534
0,fixed_rf,1.7061934823408974e-05,0,bfs,0.01,0.01,opt,0.8333048967752943,0.8325143325143325,0.8326338417442932,0.9819436288901938,0.9866310160427807,0.9852017937219731,0.788289690125817,0.7865497076023392,0.7875049741345006,0.23245180003412386,0.22972972972972974,0.22827310881359403,"HybridCORELSPreClassifier
if [age_low && marital_status_Single]:
  income = False(support 6812, accuracy 0.98194)
else 
    default: RandomForestClassifier(max_depth=5, min_samples_split=10, random_state=42)(support 22493, accuracy 0.78829 (majority pred 0.696))",1,0.9039721539721539
1,fixed_rf,1.7061934823408974e-05,0,bfs,0.01,0.01,opt,0.8314280839447193,0.8316953316953317,0.8375473436380387,0.9808898178560764,0.9897595725734639,0.9850555081127241,0.787145574379617,0.7844988035097049,0.7910327184596742,0.2285616788943866,0.22993447993447994,0.2397379465656669,"HybridCORELSPreClassifier
if [age_low && marital_status_Single]:
  income = False(support 6698, accuracy 0.98089)
else 
    default: RandomForestClassifier(max_depth=5, min_samples_split=10, random_state=42)(support 22607, accuracy 0.78715 (majority pred 0.695))",1,0.9032555282555284
2,fixed_rf,1.7061934823408974e-05,0,bfs,0.01,0.01,opt,0.8359665586077462,0.8264742014742015,0.8353976865595251,0.9833921222810111,0.9829366861248316,0.9844789356984479,0.7913870494644683,0.7802678689828935,0.7906574394463668,0.23217880907694932,0.227989352989353,0.23083222438325315,"HybridCORELSPreClassifier
if [age_low && marital_status_Single]:
  income = False(support 6804, accuracy 0.98339)
else 
    default: RandomForestClassifier(max_depth=5, min_samples_split=10, random_state=42)(support 22501, accuracy 0.79139 (majority pred 0.698))",1,0.8975225225225225
3,fixed_rf,1.7061934823408974e-05,0,bfs,0.01,0.01,opt,0.8330660296877666,0.838963963963964,0.8310983724024977,0.9819366301450992,0.9841059602649007,0.9876488751654169,0.7884794465877345,0.7951486072237771,0.7837909890695814,0.23047261559460844,0.23187960687960688,0.23206059985668953,"HybridCORELSPreClassifier
if [age_low && marital_status_Single]:
  income = False(support 6754, accuracy 0.98194)
else 
    default: RandomForestClassifier(max_depth=5, min_samples_split=10, random_state=42)(support 22551, accuracy 0.78848 (majority pred 0.694))",1,0.9071457821457822
4,fixed_rf,1.7061934823408974e-05,0,bfs,0.01,0.01,opt,0.8352499573451629,0.832002457002457,0.8265943289998976,0.9829160530191458,0.9840142095914742,0.9848484848484849,0.790717299578059,0.7864555614688664,0.7794019933554818,0.23170107490189387,0.23054873054873054,0.22970621353260312,"HybridCORELSPreClassifier
if [age_low && marital_status_Single]:
  income = False(support 6790, accuracy 0.98292)
else 
    default: RandomForestClassifier(max_depth=5, min_samples_split=10, random_state=42)(support 22515, accuracy 0.79072 (majority pred 0.694))",1,0.9092956592956594
0,fixed_rf,1.7061934823408974e-05,0,bfs,0.05,0.01,opt,0.8333048967752943,0.8325143325143325,0.8326338417442932,0.9819436288901938,0.9866310160427807,0.9852017937219731,0.788289690125817,0.7865497076023392,0.7875049741345006,0.23245180003412386,0.22972972972972974,0.22827310881359403,"HybridCORELSPreClassifier
if [age_low && marital_status_Single]:
  income = False(support 6812, accuracy 0.98194)
else 
    default: RandomForestClassifier(max_depth=5, min_samples_split=10, random_state=42)(support 22493, accuracy 0.78829 (majority pred 0.696))",1,0.9039721539721539
1,fixed_rf,1.7061934823408974e-05,0,bfs,0.05,0.01,opt,0.8314280839447193,0.8316953316953317,0.8375473436380387,0.9808898178560764,0.9897595725734639,0.9850555081127241,0.787145574379617,0.7844988035097049,0.7910327184596742,0.2285616788943866,0.22993447993447994,0.2397379465656669,"HybridCORELSPreClassifier
if [age_low && marital_status_Single]:
  income = False(support 6698, accuracy 0.98089)
else 
    default: RandomForestClassifier(max_depth=5, min_samples_split=10, random_state=42)(support 22607, accuracy 0.78715 (majority pred 0.695))",1,0.9032555282555284
2,fixed_rf,1.7061934823408974e-05,0,bfs,0.05,0.01,opt,0.8359665586077462,0.8264742014742015,0.8353976865595251,0.9833921222810111,0.9829366861248316,0.9844789356984479,0.7913870494644683,0.7802678689828935,0.7906574394463668,0.23217880907694932,0.227989352989353,0.23083222438325315,"HybridCORELSPreClassifier
if [age_low && marital_status_Single]:
  income = False(support 6804, accuracy 0.98339)
else 
    default: RandomForestClassifier(max_depth=5, min_samples_split=10, random_state=42)(support 22501, accuracy 0.79139 (majority pred 0.698))",1,0.8975225225225225
3,fixed_rf,1.7061934823408974e-05,0,bfs,0.05,0.01,opt,0.8330660296877666,0.838963963963964,0.8310983724024977,0.9819366301450992,0.9841059602649007,0.9876488751654169,0.7884794465877345,0.7951486072237771,0.7837909890695814,0.23047261559460844,0.23187960687960688,0.23206059985668953,"HybridCORELSPreClassifier
if [age_low && marital_status_Single]:
  income = False(support 6754, accuracy 0.98194)
else 
    default: RandomForestClassifier(max_depth=5, min_samples_split=10, random_state=42)(support 22551, accuracy 0.78848 (majority pred 0.694))",1,0.9071457821457822
4,fixed_rf,1.7061934823408974e-05,0,bfs,0.05,0.01,opt,0.8352499573451629,0.832002457002457,0.8265943289998976,0.9829160530191458,0.9840142095914742,0.9848484848484849,0.790717299578059,0.7864555614688664,0.7794019933554818,0.23170107490189387,0.23054873054873054,0.22970621353260312,"HybridCORELSPreClassifier
if [age_low && marital_status_Single]:
  income = False(support 6790, accuracy 0.98292)
else 
    default: RandomForestClassifier(max_depth=5, min_samples_split=10, random_state=42)(support 22515, accuracy 0.79072 (majority pred 0.694))",1,0.9092956592956594
0,fixed_rf,1.7061934823408974e-05,0,bfs,0.1,0.01,opt,0.8333048967752943,0.8325143325143325,0.8326338417442932,0.9819436288901938,0.9866310160427807,0.9852017937219731,0.788289690125817,0.7865497076023392,0.7875049741345006,0.23245180003412386,0.22972972972972974,0.22827310881359403,"HybridCORELSPreClassifier
if [age_low && marital_status_Single]:
  income = False(support 6812, accuracy 0.98194)
else 
    default: RandomForestClassifier(max_depth=5, min_samples_split=10, random_state=42)(support 22493, accuracy 0.78829 (majority pred 0.696))",1,0.9039721539721539
1,fixed_rf,1.7061934823408974e-05,0,bfs,0.1,0.01,opt,0.8314280839447193,0.8316953316953317,0.8375473436380387,0.9808898178560764,0.9897595725734639,0.9850555081127241,0.787145574379617,0.7844988035097049,0.7910327184596742,0.2285616788943866,0.22993447993447994,0.2397379465656669,"HybridCORELSPreClassifier
if [age_low && marital_status_Single]:
  income = False(support 6698, accuracy 0.98089)
else 
    default: RandomForestClassifier(max_depth=5, min_samples_split=10, random_state=42)(support 22607, accuracy 0.78715 (majority pred 0.695))",1,0.9032555282555284
2,fixed_rf,1.7061934823408974e-05,0,bfs,0.1,0.01,opt,0.8359665586077462,0.8264742014742015,0.8353976865595251,0.9833921222810111,0.9829366861248316,0.9844789356984479,0.7913870494644683,0.7802678689828935,0.7906574394463668,0.23217880907694932,0.227989352989353,0.23083222438325315,"HybridCORELSPreClassifier
if [age_low && marital_status_Single]:
  income = False(support 6804, accuracy 0.98339)
else 
    default: RandomForestClassifier(max_depth=5, min_samples_split=10, random_state=42)(support 22501, accuracy 0.79139 (majority pred 0.698))",1,0.8975225225225225
3,fixed_rf,1.7061934823408974e-05,0,bfs,0.1,0.01,opt,0.8330660296877666,0.838963963963964,0.8310983724024977,0.9819366301450992,0.9841059602649007,0.9876488751654169,0.7884794465877345,0.7951486072237771,0.7837909890695814,0.23047261559460844,0.23187960687960688,0.23206059985668953,"HybridCORELSPreClassifier
if [age_low && marital_status_Single]:
  income = False(support 6754, accuracy 0.98194)
else 
    default: RandomForestClassifier(max_depth=5, min_samples_split=10, random_state=42)(support 22551, accuracy 0.78848 (majority pred 0.694))",1,0.9071457821457822
4,fixed_rf,1.7061934823408974e-05,0,bfs,0.1,0.01,opt,0.8352499573451629,0.832002457002457,0.8265943289998976,0.9829160530191458,0.9840142095914742,0.9848484848484849,0.790717299578059,0.7864555614688664,0.7794019933554818,0.23170107490189387,0.23054873054873054,0.22970621353260312,"HybridCORELSPreClassifier
if [age_low && marital_status_Single]:
  income = False(support 6790, accuracy 0.98292)
else 
    default: RandomForestClassifier(max_depth=5, min_samples_split=10, random_state=42)(support 22515, accuracy 0.79072 (majority pred 0.694))",1,0.9092956592956594
0,fixed_rf,1.7061934823408974e-05,0,bfs,0.01,0.001,opt,0.8333048967752943,0.8325143325143325,0.8326338417442932,0.9819436288901938,0.9866310160427807,0.9852017937219731,0.788289690125817,0.7865497076023392,0.7875049741345006,0.23245180003412386,0.22972972972972974,0.22827310881359403,"HybridCORELSPreClassifier
if [age_low && marital_status_Single]:
  income = False(support 6812, accuracy 0.98194)
else 
    default: RandomForestClassifier(max_depth=5, min_samples_split=10, random_state=42)(support 22493, accuracy 0.78829 (majority pred 0.696))",1,0.9039721539721539
1,fixed_rf,1.7061934823408974e-05,0,bfs,0.01,0.001,opt,0.8314280839447193,0.8316953316953317,0.8375473436380387,0.9808898178560764,0.9897595725734639,0.9850555081127241,0.787145574379617,0.7844988035097049,0.7910327184596742,0.2285616788943866,0.22993447993447994,0.2397379465656669,"HybridCORELSPreClassifier
if [age_low && marital_status_Single]:
  income = False(support 6698, accuracy 0.98089)
else 
    default: RandomForestClassifier(max_depth=5, min_samples_split=10, random_state=42)(support 22607, accuracy 0.78715 (majority pred 0.695))",1,0.9032555282555284
2,fixed_rf,1.7061934823408974e-05,0,bfs,0.01,0.001,opt,0.8359665586077462,0.8264742014742015,0.8353976865595251,0.9833921222810111,0.9829366861248316,0.9844789356984479,0.7913870494644683,0.7802678689828935,0.7906574394463668,0.23217880907694932,0.227989352989353,0.23083222438325315,"HybridCORELSPreClassifier
if [age_low && marital_status_Single]:
  income = False(support 6804, accuracy 0.98339)
else 
    default: RandomForestClassifier(max_depth=5, min_samples_split=10, random_state=42)(support 22501, accuracy 0.79139 (majority pred 0.698))",1,0.8975225225225225
3,fixed_rf,1.7061934823408974e-05,0,bfs,0.01,0.001,opt,0.8330660296877666,0.838963963963964,0.8310983724024977,0.9819366301450992,0.9841059602649007,0.9876488751654169,0.7884794465877345,0.7951486072237771,0.7837909890695814,0.23047261559460844,0.23187960687960688,0.23206059985668953,"HybridCORELSPreClassifier
if [age_low && marital_status_Single]:
  income = False(support 6754, accuracy 0.98194)
else 
    default: RandomForestClassifier(max_depth=5, min_samples_split=10, random_state=42)(support 22551, accuracy 0.78848 (majority pred 0.694))",1,0.9071457821457822
4,fixed_rf,1.7061934823408974e-05,0,bfs,0.01,0.001,opt,0.8352499573451629,0.832002457002457,0.8265943289998976,0.9829160530191458,0.9840142095914742,0.9848484848484849,0.790717299578059,0.7864555614688664,0.7794019933554818,0.23170107490189387,0.23054873054873054,0.22970621353260312,"HybridCORELSPreClassifier
if [age_low && marital_status_Single]:
  income = False(support 6790, accuracy 0.98292)
else 
    default: RandomForestClassifier(max_depth=5, min_samples_split=10, random_state=42)(support 22515, accuracy 0.79072 (majority pred 0.694))",1,0.9092956592956594
0,fixed_rf,1.7061934823408974e-05,0,bfs,0.05,0.001,opt,0.8333048967752943,0.8325143325143325,0.8326338417442932,0.9819436288901938,0.9866310160427807,0.9852017937219731,0.788289690125817,0.7865497076023392,0.7875049741345006,0.23245180003412386,0.22972972972972974,0.22827310881359403,"HybridCORELSPreClassifier
if [age_low && marital_status_Single]:
  income = False(support 6812, accuracy 0.98194)
else 
    default: RandomForestClassifier(max_depth=5, min_samples_split=10, random_state=42)(support 22493, accuracy 0.78829 (majority pred 0.696))",1,0.9039721539721539
1,fixed_rf,1.7061934823408974e-05,0,bfs,0.05,0.001,opt,0.8314280839447193,0.8316953316953317,0.8375473436380387,0.9808898178560764,0.9897595725734639,0.9850555081127241,0.787145574379617,0.7844988035097049,0.7910327184596742,0.2285616788943866,0.22993447993447994,0.2397379465656669,"HybridCORELSPreClassifier
if [age_low && marital_status_Single]:
  income = False(support 6698, accuracy 0.98089)
else 
    default: RandomForestClassifier(max_depth=5, min_samples_split=10, random_state=42)(support 22607, accuracy 0.78715 (majority pred 0.695))",1,0.9032555282555284
2,fixed_rf,1.7061934823408974e-05,0,bfs,0.05,0.001,opt,0.8359665586077462,0.8264742014742015,0.8353976865595251,0.9833921222810111,0.9829366861248316,0.9844789356984479,0.7913870494644683,0.7802678689828935,0.7906574394463668,0.23217880907694932,0.227989352989353,0.23083222438325315,"HybridCORELSPreClassifier
if [age_low && marital_status_Single]:
  income = False(support 6804, accuracy 0.98339)
else 
    default: RandomForestClassifier(max_depth=5, min_samples_split=10, random_state=42)(support 22501, accuracy 0.79139 (majority pred 0.698))",1,0.8975225225225225
3,fixed_rf,1.7061934823408974e-05,0,bfs,0.05,0.001,opt,0.8330660296877666,0.838963963963964,0.8310983724024977,0.9819366301450992,0.9841059602649007,0.9876488751654169,0.7884794465877345,0.7951486072237771,0.7837909890695814,0.23047261559460844,0.23187960687960688,0.23206059985668953,"HybridCORELSPreClassifier
if [age_low && marital_status_Single]:
  income = False(support 6754, accuracy 0.98194)
else 
    default: RandomForestClassifier(max_depth=5, min_samples_split=10, random_state=42)(support 22551, accuracy 0.78848 (majority pred 0.694))",1,0.9071457821457822
4,fixed_rf,1.7061934823408974e-05,0,bfs,0.05,0.001,opt,0.8352499573451629,0.832002457002457,0.8265943289998976,0.9829160530191458,0.9840142095914742,0.9848484848484849,0.790717299578059,0.7864555614688664,0.7794019933554818,0.23170107490189387,0.23054873054873054,0.22970621353260312,"HybridCORELSPreClassifier
if [age_low && marital_status_Single]:
  income = False(support 6790, accuracy 0.98292)
else 
    default: RandomForestClassifier(max_depth=5, min_samples_split=10, random_state=42)(support 22515, accuracy 0.79072 (majority pred 0.694))",1,0.9092956592956594
0,fixed_rf,1.7061934823408974e-05,0,bfs,0.1,0.001,opt,0.8333048967752943,0.8325143325143325,0.8326338417442932,0.9819436288901938,0.9866310160427807,0.9852017937219731,0.788289690125817,0.7865497076023392,0.7875049741345006,0.23245180003412386,0.22972972972972974,0.22827310881359403,"HybridCORELSPreClassifier
if [age_low && marital_status_Single]:
  income = False(support 6812, accuracy 0.98194)
else 
    default: RandomForestClassifier(max_depth=5, min_samples_split=10, random_state=42)(support 22493, accuracy 0.78829 (majority pred 0.696))",1,0.9039721539721539
1,fixed_rf,1.7061934823408974e-05,0,bfs,0.1,0.001,opt,0.8314280839447193,0.8316953316953317,0.8375473436380387,0.9808898178560764,0.9897595725734639,0.9850555081127241,0.787145574379617,0.7844988035097049,0.7910327184596742,0.2285616788943866,0.22993447993447994,0.2397379465656669,"HybridCORELSPreClassifier
if [age_low && marital_status_Single]:
  income = False(support 6698, accuracy 0.98089)
else 
    default: RandomForestClassifier(max_depth=5, min_samples_split=10, random_state=42)(support 22607, accuracy 0.78715 (majority pred 0.695))",1,0.9032555282555284
2,fixed_rf,1.7061934823408974e-05,0,bfs,0.1,0.001,opt,0.8359665586077462,0.8264742014742015,0.8353976865595251,0.9833921222810111,0.9829366861248316,0.9844789356984479,0.7913870494644683,0.7802678689828935,0.7906574394463668,0.23217880907694932,0.227989352989353,0.23083222438325315,"HybridCORELSPreClassifier
if [age_low && marital_status_Single]:
  income = False(support 6804, accuracy 0.98339)
else 
    default: RandomForestClassifier(max_depth=5, min_samples_split=10, random_state=42)(support 22501, accuracy 0.79139 (majority pred 0.698))",1,0.8975225225225225
3,fixed_rf,1.7061934823408974e-05,0,bfs,0.1,0.001,opt,0.8330660296877666,0.838963963963964,0.8310983724024977,0.9819366301450992,0.9841059602649007,0.9876488751654169,0.7884794465877345,0.7951486072237771,0.7837909890695814,0.23047261559460844,0.23187960687960688,0.23206059985668953,"HybridCORELSPreClassifier
if [age_low && marital_status_Single]:
  income = False(support 6754, accuracy 0.98194)
else 
    default: RandomForestClassifier(max_depth=5, min_samples_split=10, random_state=42)(support 22551, accuracy 0.78848 (majority pred 0.694))",1,0.9071457821457822
4,fixed_rf,1.7061934823408974e-05,0,bfs,0.1,0.001,opt,0.8352499573451629,0.832002457002457,0.8265943289998976,0.9829160530191458,0.9840142095914742,0.9848484848484849,0.790717299578059,0.7864555614688664,0.7794019933554818,0.23170107490189387,0.23054873054873054,0.22970621353260312,"HybridCORELSPreClassifier
if [age_low && marital_status_Single]:
  income = False(support 6790, accuracy 0.98292)
else 
    default: RandomForestClassifier(max_depth=5, min_samples_split=10, random_state=42)(support 22515, accuracy 0.79072 (majority pred 0.694))",1,0.9092956592956594
0,fixed_rf,1.7061934823408974e-05,0,bfs,0.01,0.0001,opt,0.8333048967752943,0.8325143325143325,0.8326338417442932,0.9866115702479339,0.9872860635696822,0.9834227206240859,0.7934207697269404,0.7915317881652207,0.7925628401140192,0.2064494113632486,0.20935708435708436,0.20994984133483469,"HybridCORELSPreClassifier
if [relationship_Own-child && capital_gain_0]:
  income = False(support 4440, accuracy 0.98896)
else if [education_HS-grad && marital_status_Single]:
  income = False(support 1610, accuracy 0.98012)
else 
    default: RandomForestClassifier(max_depth=5, min_samples_split=10, random_state=42)(support 23255, accuracy 0.79342 (majority pred 0.704))",2,0.9038697788697789
1,fixed_rf,1.7061934823408974e-05,0,bfs,0.01,0.0001,opt,0.8314280839447193,0.8316953316953317,0.8375473436380387,0.9871942209817763,0.9835739173718268,0.9853372434017595,0.7905574222451969,0.792370150792628,0.798394406318788,0.20784849001876812,0.20567158067158067,0.20943801822090286,"HybridCORELSPreClassifier
if [relationship_Own-child && capital_gain_0]:
  income = False(support 4424, accuracy 0.99141)
else if [education_HS-grad && marital_status_Single]:
  income = False(support 1667, accuracy 0.97600)
else 
    default: RandomForestClassifier(max_depth=5, min_samples_split=10, random_state=42)(support 23214, accuracy 0.79056 (majority pred 0.701))",2,0.9023341523341524
2,fixed_rf,1.7061934823408974e-05,0,bfs,0.01,0.0001,opt,0.8358983108684525,0.8264742014742015,0.8353976865595251,0.9867053008351798,0.9857519788918205,0.986096807415036,0.7981483061694684,0.7881366696303823,0.7980068991950939,0.2002047432178809,0.194000819000819,0.1987920974511209,"HybridCORELSPreClassifier
if [relationship_Own-child && marital_status_Single]:
  income = False(support 4061, accuracy 0.99114)
else if [education_HS-grad && marital_status_Single]:
  income = False(support 1675, accuracy 0.97731)
else if [relationship_Own-child && hours_per_week_low]:
  income = False(support 131, accuracy 0.96947)
else 
    default: RandomForestClassifier(max_depth=5, min_samples_split=10, random_state=42)(support 23438, accuracy 0.79815 (majority pred 0.709))",3,0.8977272727272727
3,fixed_rf,1.7061934823408974e-05,0,bfs,0.01,0.0001,opt,0.8330660296877666,0.838963963963964,0.8310983724024977,0.9819366301450992,0.9841059602649007,0.9876488751654169,0.7884794465877345,0.7951486072237771,0.7837909890695814,0.23047261559460844,0.23187960687960688,0.23206059985668953,"HybridCORELSPreClassifier
if [age_low && marital_status_Single]:
  income = False(support 6754, accuracy 0.98194)
else 
    default: RandomForestClassifier(max_depth=5, min_samples_split=10, random_state=42)(support 22551, accuracy 0.78848 (majority pred 0.694))",1,0.9071457821457822
4,fixed_rf,1.7061934823408974e-05,0,bfs,0.01,0.0001,opt,0.8352499573451629,0.832002457002457,0.8265943289998976,0.987812804679883,0.9812160158180919,0.9857795835449467,0.794695693490562,0.7930277598450614,0.7864102564102564,0.20999829380651766,0.2071048321048321,0.20155594226635276,"HybridCORELSPreClassifier
if [relationship_Own-child && capital_gain_0]:
  income = False(support 4472, accuracy 0.99128)
else if [education_HS-grad && marital_status_Single]:
  income = False(support 1682, accuracy 0.97860)
else 
    default: RandomForestClassifier(max_depth=5, min_samples_split=10, random_state=42)(support 23151, accuracy 0.79470 (majority pred 0.700))",2,0.9090909090909091
0,fixed_rf,1.7061934823408974e-05,0,bfs,0.05,0.0001,opt,0.8333048967752943,0.8325143325143325,0.8326338417442932,0.9866115702479339,0.9872860635696822,0.9834227206240859,0.7934207697269404,0.7915317881652207,0.7925628401140192,0.2064494113632486,0.20935708435708436,0.20994984133483469,"HybridCORELSPreClassifier
if [relationship_Own-child && capital_gain_0]:
  income = False(support 4440, accuracy 0.98896)
else if [education_HS-grad && marital_status_Single]:
  income = False(support 1610, accuracy 0.98012)
else 
    default: RandomForestClassifier(max_depth=5, min_samples_split=10, random_state=42)(support 23255, accuracy 0.79342 (majority pred 0.704))",2,0.9038697788697789
1,fixed_rf,1.7061934823408974e-05,0,bfs,0.05,0.0001,opt,0.8314280839447193,0.8316953316953317,0.8375473436380387,0.9871942209817763,0.9835739173718268,0.9853372434017595,0.7905574222451969,0.792370150792628,0.798394406318788,0.20784849001876812,0.20567158067158067,0.20943801822090286,"HybridCORELSPreClassifier
if [relationship_Own-child && capital_gain_0]:
  income = False(support 4424, accuracy 0.99141)
else if [education_HS-grad && marital_status_Single]:
  income = False(support 1667, accuracy 0.97600)
else 
    default: RandomForestClassifier(max_depth=5, min_samples_split=10, random_state=42)(support 23214, accuracy 0.79056 (majority pred 0.701))",2,0.9023341523341524
2,fixed_rf,1.7061934823408974e-05,0,bfs,0.05,0.0001,opt,0.8358983108684525,0.8264742014742015,0.8353976865595251,0.9867053008351798,0.9857519788918205,0.986096807415036,0.7981483061694684,0.7881366696303823,0.7980068991950939,0.2002047432178809,0.194000819000819,0.1987920974511209,"HybridCORELSPreClassifier
if [relationship_Own-child && marital_status_Single]:
  income = False(support 4061, accuracy 0.99114)
else if [education_HS-grad && marital_status_Single]:
  income = False(support 1675, accuracy 0.97731)
else if [relationship_Own-child && hours_per_week_low]:
  income = False(support 131, accuracy 0.96947)
else 
    default: RandomForestClassifier(max_depth=5, min_samples_split=10, random_state=42)(support 23438, accuracy 0.79815 (majority pred 0.709))",3,0.8977272727272727
3,fixed_rf,1.7061934823408974e-05,0,bfs,0.05,0.0001,opt,0.8330660296877666,0.838963963963964,0.8310983724024977,0.9819366301450992,0.9841059602649007,0.9876488751654169,0.7884794465877345,0.7951486072237771,0.7837909890695814,0.23047261559460844,0.23187960687960688,0.23206059985668953,"HybridCORELSPreClassifier
if [age_low && marital_status_Single]:
  income = False(support 6754, accuracy 0.98194)
else 
    default: RandomForestClassifier(max_depth=5, min_samples_split=10, random_state=42)(support 22551, accuracy 0.78848 (majority pred 0.694))",1,0.9071457821457822
4,fixed_rf,1.7061934823408974e-05,0,bfs,0.05,0.0001,opt,0.8352499573451629,0.832002457002457,0.8265943289998976,0.987812804679883,0.9812160158180919,0.9857795835449467,0.794695693490562,0.7930277598450614,0.7864102564102564,0.20999829380651766,0.2071048321048321,0.20155594226635276,"HybridCORELSPreClassifier
if [relationship_Own-child && capital_gain_0]:
  income = False(support 4472, accuracy 0.99128)
else if [education_HS-grad && marital_status_Single]:
  income = False(support 1682, accuracy 0.97860)
else 
    default: RandomForestClassifier(max_depth=5, min_samples_split=10, random_state=42)(support 23151, accuracy 0.79470 (majority pred 0.700))",2,0.9090909090909091
0,fixed_rf,1.7061934823408974e-05,0,bfs,0.1,0.0001,opt,0.8333048967752943,0.8325143325143325,0.8326338417442932,0.9819436288901938,0.9866310160427807,0.9852017937219731,0.788289690125817,0.7865497076023392,0.7875049741345006,0.23245180003412386,0.22972972972972974,0.22827310881359403,"HybridCORELSPreClassifier
if [age_low && marital_status_Single]:
  income = False(support 6812, accuracy 0.98194)
else 
    default: RandomForestClassifier(max_depth=5, min_samples_split=10, random_state=42)(support 22493, accuracy 0.78829 (majority pred 0.696))",1,0.9039721539721539
1,fixed_rf,1.7061934823408974e-05,0,bfs,0.1,0.0001,opt,0.8315645794233066,0.8317977067977068,0.8373426143924659,0.9743347504330027,0.9728419010669254,0.9748016798880075,0.792062385640847,0.7940565792888659,0.7987149226330973,0.21672069612694078,0.2110974610974611,0.21936738663118027,"HybridCORELSPreClassifier
if [education_HS-grad && age_low]:
  income = False(support 2935, accuracy 0.95639)
else if [relationship_Own-child && capital_gain_0]:
  income = False(support 3416, accuracy 0.98975)
else 
    default: RandomForestClassifier(max_depth=5, min_samples_split=10, random_state=42)(support 22954, accuracy 0.79206 (majority pred 0.701))",2,0.9023341523341523
2,fixed_rf,1.7061934823408974e-05,0,bfs,0.1,0.0001,opt,0.8359665586077462,0.8264742014742015,0.8353976865595251,0.9869114397416284,0.984919396775871,0.9873160832064941,0.7980531124583725,0.7876354365838113,0.7969992305719416,0.20075072513223,0.19686732186732187,0.20176067151192548,"HybridCORELSPreClassifier
if [relationship_Own-child && capital_gain_0]:
  income = False(support 4438, accuracy 0.98986)
else if [hours_per_week_low && marital_status_Single]:
  income = False(support 1445, accuracy 0.97785)
else 
    default: RandomForestClassifier(max_depth=5, min_samples_split=10, random_state=42)(support 23422, accuracy 0.79805 (majority pred 0.708))",2,0.8973177723177724
3,fixed_rf,1.7061934823408974e-05,0,bfs,0.1,0.0001,opt,0.8330660296877666,0.838963963963964,0.8310983724024977,0.9819366301450992,0.9841059602649007,0.9876488751654169,0.7884794465877345,0.7951486072237771,0.7837909890695814,0.23047261559460844,0.23187960687960688,0.23206059985668953,"HybridCORELSPreClassifier
if [age_low && marital_status_Single]:
  income = False(support 6754, accuracy 0.98194)
else 
    default: RandomForestClassifier(max_depth=5, min_samples_split=10, random_state=42)(support 22551, accuracy 0.78848 (majority pred 0.694))",1,0.9071457821457822
4,fixed_rf,1.7061934823408974e-05,0,bfs,0.1,0.0001,opt,0.8352499573451629,0.832002457002457,0.8265943289998976,0.9879538513742789,0.982635342185904,0.9864935064935065,0.7968049207637435,0.7942381562099872,0.787353391126976,0.201126087698345,0.20045045045045046,0.19705189886375268,"HybridCORELSPreClassifier
if [relationship_Own-child && capital_gain_0]:
  income = False(support 4472, accuracy 0.99128)
else if [hours_per_week_low && marital_status_Single]:
  income = False(support 1422, accuracy 0.97750)
else 
    default: RandomForestClassifier(max_depth=5, min_samples_split=10, random_state=42)(support 23411, accuracy 0.79680 (majority pred 0.704))",2,0.908988533988534
