alpha,beta,accuracy_train,transparency_train,accuracy_valid,transparency_valid,accuracy_test,transparency_test,model
na,na,0.7580910937974947,0,0.744936648109042,0,0.7468324054521022,0,"GradientBoostingClassifier(criterion='squared_error',
                           learning_rate=0.1189857856770416, loss='exponential',
                           max_depth=4, max_features='sqrt', min_samples_leaf=4,
                           n_estimators=747, random_state=1)"
0.001,0.001,0.7580910937974947,0.0,0.744936648109042,0.0,0.7468324054521022,0.0,"HyRS
Positive rules : 
 []
Negative rules : 
 []
HyRS Accuracy : 0.747
Coverage of RuleSet : 0.000
"
0.001,0.0021544346900318843,0.7580910937974947,0.0,0.744936648109042,0.0,0.7468324054521022,0.0,"HyRS
Positive rules : 
 []
Negative rules : 
 []
HyRS Accuracy : 0.747
Coverage of RuleSet : 0.000
"
0.001,0.004641588833612777,0.7580910937974947,0.0,0.744936648109042,0.0,0.7468324054521022,0.0,"HyRS
Positive rules : 
 []
Negative rules : 
 []
HyRS Accuracy : 0.747
Coverage of RuleSet : 0.000
"
0.001,0.01,0.7580910937974947,0.0,0.744936648109042,0.0,0.7468324054521022,0.0,"HyRS
Positive rules : 
 []
Negative rules : 
 []
HyRS Accuracy : 0.747
Coverage of RuleSet : 0.000
"
0.001,0.021544346900318832,0.7569392228070456,0.11131553266034204,0.7439527740449222,0.11048185832213477,0.7460165098867345,0.1126175849491265,"HyRS
Positive rules : 
 ['age_low && Reference person']
Negative rules : 
 []
HyRS Accuracy : 0.746
Coverage of RuleSet : 0.113
"
0.001,0.046415888336127774,0.7396451597421089,0.6195706080918937,0.7314983682088693,0.6202486081781532,0.7326502207717412,0.6201766173929737,"HyRS
Positive rules : 
 ['age_medium && No disability']
Negative rules : 
 ['age_high && N/A (not own child of householder, and not child in subfamily)']
HyRS Accuracy : 0.733
Coverage of RuleSet : 0.620
"
0.001,0.1,0.7329179131937223,0.7601228662389813,0.7260030716068343,0.75955077750048,0.7272269149548858,0.7623824150508735,"HyRS
Positive rules : 
 ['age_low && Reference person', 'age_medium && No Cognitive difficulty']
Negative rules : 
 [""Bachelor's degree && age_high"", 'age_high', 'Disability && No Cognitive difficulty']
HyRS Accuracy : 0.727
Coverage of RuleSet : 0.762
"
0.001,0.21544346900318823,0.6880509382949109,1.0,0.6814167786523325,1.0,0.6840564407755807,1.0,"HyRS
Positive rules : 
 ['neg_age_high']
Negative rules : 
 ['age_high']
HyRS Accuracy : 0.684
Coverage of RuleSet : 1.000
"
0.001,0.46415888336127775,0.6880509382949109,1.0,0.6814167786523325,1.0,0.6840564407755807,1.0,"HyRS
Positive rules : 
 ['neg_age_high']
Negative rules : 
 ['neg_age_medium']
HyRS Accuracy : 0.684
Coverage of RuleSet : 1.000
"
0.001,1.0,0.6880509382949109,0.9999920008958997,0.6814167786523325,0.9999520061432137,0.6840564407755807,0.9999760030716068,"HyRS
Positive rules : 
 ['neg_age_high']
Negative rules : 
 ['neg_Alaska Native alone']
HyRS Accuracy : 0.684
Coverage of RuleSet : 1.000
"
0.001291549665014884,0.001,0.7580910937974947,0.0,0.744936648109042,0.0,0.7468324054521022,0.0,"HyRS
Positive rules : 
 []
Negative rules : 
 []
HyRS Accuracy : 0.747
Coverage of RuleSet : 0.000
"
0.001291549665014884,0.0021544346900318843,0.7580910937974947,0.0,0.744936648109042,0.0,0.7468324054521022,0.0,"HyRS
Positive rules : 
 []
Negative rules : 
 []
HyRS Accuracy : 0.747
Coverage of RuleSet : 0.000
"
0.001291549665014884,0.004641588833612777,0.7580910937974947,0.0,0.744936648109042,0.0,0.7468324054521022,0.0,"HyRS
Positive rules : 
 []
Negative rules : 
 []
HyRS Accuracy : 0.747
Coverage of RuleSet : 0.000
"
0.001291549665014884,0.01,0.7580910937974947,0.0,0.744936648109042,0.0,0.7468324054521022,0.0,"HyRS
Positive rules : 
 []
Negative rules : 
 []
HyRS Accuracy : 0.747
Coverage of RuleSet : 0.000
"
0.001291549665014884,0.021544346900318832,0.7580910937974947,0.0,0.744936648109042,0.0,0.7468324054521022,0.0,"HyRS
Positive rules : 
 []
Negative rules : 
 []
HyRS Accuracy : 0.747
Coverage of RuleSet : 0.000
"
0.001291549665014884,0.046415888336127774,0.7396451597421089,0.6195706080918937,0.7314983682088693,0.6202486081781532,0.7326502207717412,0.6201766173929737,"HyRS
Positive rules : 
 ['age_medium && No disability']
Negative rules : 
 ['age_high && N/A (not own child of householder, and not child in subfamily)']
HyRS Accuracy : 0.733
Coverage of RuleSet : 0.620
"
0.001291549665014884,0.1,0.7392212072247908,0.6278576799398468,0.7309944327126128,0.629631407179881,0.7317143405644078,0.6290794778268382,"HyRS
Positive rules : 
 ['age_medium && No disability']
Negative rules : 
 ['Regular high school diploma && age_medium', 'Disability && age_high', 'age_high']
HyRS Accuracy : 0.732
Coverage of RuleSet : 0.629
"
0.001291549665014884,0.21544346900318823,0.6880509382949109,1.0,0.6814167786523325,1.0,0.6840564407755807,1.0,"HyRS
Positive rules : 
 ['neg_age_high']
Negative rules : 
 ['age_high']
HyRS Accuracy : 0.684
Coverage of RuleSet : 1.000
"
0.001291549665014884,0.46415888336127775,0.6880509382949109,1.0,0.6814167786523325,1.0,0.6840564407755807,1.0,"HyRS
Positive rules : 
 ['neg_age_high']
Negative rules : 
 ['neg_age_medium']
HyRS Accuracy : 0.684
Coverage of RuleSet : 1.000
"
0.001291549665014884,1.0,0.6880509382949109,0.9999920008958997,0.6814167786523325,0.9999520061432137,0.6840564407755807,0.9999760030716068,"HyRS
Positive rules : 
 ['neg_age_high']
Negative rules : 
 ['neg_Alaska Native alone']
HyRS Accuracy : 0.684
Coverage of RuleSet : 1.000
"
0.0016681005372000592,0.001,0.7580910937974947,0.0,0.744936648109042,0.0,0.7468324054521022,0.0,"HyRS
Positive rules : 
 []
Negative rules : 
 []
HyRS Accuracy : 0.747
Coverage of RuleSet : 0.000
"
0.0016681005372000592,0.0021544346900318843,0.7580910937974947,0.0,0.744936648109042,0.0,0.7468324054521022,0.0,"HyRS
Positive rules : 
 []
Negative rules : 
 []
HyRS Accuracy : 0.747
Coverage of RuleSet : 0.000
"
0.0016681005372000592,0.004641588833612777,0.7580910937974947,0.0,0.744936648109042,0.0,0.7468324054521022,0.0,"HyRS
Positive rules : 
 []
Negative rules : 
 []
HyRS Accuracy : 0.747
Coverage of RuleSet : 0.000
"
0.0016681005372000592,0.01,0.7580910937974947,0.0,0.744936648109042,0.0,0.7468324054521022,0.0,"HyRS
Positive rules : 
 []
Negative rules : 
 []
HyRS Accuracy : 0.747
Coverage of RuleSet : 0.000
"
0.0016681005372000592,0.021544346900318832,0.7580910937974947,0.0,0.744936648109042,0.0,0.7468324054521022,0.0,"HyRS
Positive rules : 
 []
Negative rules : 
 []
HyRS Accuracy : 0.747
Coverage of RuleSet : 0.000
"
0.0016681005372000592,0.046415888336127774,0.7396451597421089,0.6195706080918937,0.7314983682088693,0.6202486081781532,0.7326502207717412,0.6201766173929737,"HyRS
Positive rules : 
 ['age_medium && No disability']
Negative rules : 
 ['age_high && N/A (not own child of householder, and not child in subfamily)']
HyRS Accuracy : 0.733
Coverage of RuleSet : 0.620
"
0.0016681005372000592,0.1,0.7392212072247908,0.6278576799398468,0.7309944327126128,0.629631407179881,0.7317143405644078,0.6290794778268382,"HyRS
Positive rules : 
 ['age_medium && No disability']
Negative rules : 
 ['Regular high school diploma && age_medium', 'Disability && age_high', 'age_high']
HyRS Accuracy : 0.732
Coverage of RuleSet : 0.629
"
0.0016681005372000592,0.21544346900318823,0.6880509382949109,1.0,0.6814167786523325,1.0,0.6840564407755807,1.0,"HyRS
Positive rules : 
 ['neg_age_high']
Negative rules : 
 ['age_high']
HyRS Accuracy : 0.684
Coverage of RuleSet : 1.000
"
0.0016681005372000592,0.46415888336127775,0.6880509382949109,1.0,0.6814167786523325,1.0,0.6840564407755807,1.0,"HyRS
Positive rules : 
 ['neg_age_high']
Negative rules : 
 ['neg_age_medium']
HyRS Accuracy : 0.684
Coverage of RuleSet : 1.000
"
0.0016681005372000592,1.0,0.6880509382949109,0.9999920008958997,0.6814167786523325,0.9999520061432137,0.6840564407755807,0.9999760030716068,"HyRS
Positive rules : 
 ['neg_age_high']
Negative rules : 
 ['neg_Alaska Native alone']
HyRS Accuracy : 0.684
Coverage of RuleSet : 1.000
"
0.0021544346900318843,0.001,0.7580910937974947,0.0,0.744936648109042,0.0,0.7468324054521022,0.0,"HyRS
Positive rules : 
 []
Negative rules : 
 []
HyRS Accuracy : 0.747
Coverage of RuleSet : 0.000
"
0.0021544346900318843,0.0021544346900318843,0.7580910937974947,0.0,0.744936648109042,0.0,0.7468324054521022,0.0,"HyRS
Positive rules : 
 []
Negative rules : 
 []
HyRS Accuracy : 0.747
Coverage of RuleSet : 0.000
"
0.0021544346900318843,0.004641588833612777,0.7580910937974947,0.0,0.744936648109042,0.0,0.7468324054521022,0.0,"HyRS
Positive rules : 
 []
Negative rules : 
 []
HyRS Accuracy : 0.747
Coverage of RuleSet : 0.000
"
0.0021544346900318843,0.01,0.7580910937974947,0.0,0.744936648109042,0.0,0.7468324054521022,0.0,"HyRS
Positive rules : 
 []
Negative rules : 
 []
HyRS Accuracy : 0.747
Coverage of RuleSet : 0.000
"
0.0021544346900318843,0.021544346900318832,0.7580910937974947,0.0,0.744936648109042,0.0,0.7468324054521022,0.0,"HyRS
Positive rules : 
 []
Negative rules : 
 []
HyRS Accuracy : 0.747
Coverage of RuleSet : 0.000
"
0.0021544346900318843,0.046415888336127774,0.7396451597421089,0.6195706080918937,0.7314983682088693,0.6202486081781532,0.7326502207717412,0.6201766173929737,"HyRS
Positive rules : 
 ['age_medium && No disability']
Negative rules : 
 ['age_high']
HyRS Accuracy : 0.733
Coverage of RuleSet : 0.620
"
0.0021544346900318843,0.1,0.7044251043883085,0.9695314124818021,0.6981186408139758,0.9689479746592436,0.7011422537915147,0.9710837012862353,"HyRS
Positive rules : 
 ['age_medium && No Cognitive difficulty', 'age_low && N/A (not own child of householder, and not child in subfamily)']
Negative rules : 
 ['age_high']
HyRS Accuracy : 0.701
Coverage of RuleSet : 0.971
"
0.0021544346900318843,0.21544346900318823,0.6880509382949109,1.0,0.6814167786523325,1.0,0.6840564407755807,1.0,"HyRS
Positive rules : 
 ['neg_age_high']
Negative rules : 
 ['age_high']
HyRS Accuracy : 0.684
Coverage of RuleSet : 1.000
"
0.0021544346900318843,0.46415888336127775,0.6880509382949109,1.0,0.6814167786523325,1.0,0.6840564407755807,1.0,"HyRS
Positive rules : 
 ['neg_age_high']
Negative rules : 
 ['neg_age_medium']
HyRS Accuracy : 0.684
Coverage of RuleSet : 1.000
"
0.0021544346900318843,1.0,0.6880509382949109,0.9999920008958997,0.6814167786523325,0.9999520061432137,0.6840564407755807,0.9999760030716068,"HyRS
Positive rules : 
 ['neg_age_high']
Negative rules : 
 ['neg_Alaska Native alone']
HyRS Accuracy : 0.684
Coverage of RuleSet : 1.000
"
0.0027825594022071257,0.001,0.7580910937974947,0.0,0.744936648109042,0.0,0.7468324054521022,0.0,"HyRS
Positive rules : 
 []
Negative rules : 
 []
HyRS Accuracy : 0.747
Coverage of RuleSet : 0.000
"
0.0027825594022071257,0.0021544346900318843,0.7580910937974947,0.0,0.744936648109042,0.0,0.7468324054521022,0.0,"HyRS
Positive rules : 
 []
Negative rules : 
 []
HyRS Accuracy : 0.747
Coverage of RuleSet : 0.000
"
0.0027825594022071257,0.004641588833612777,0.7580910937974947,0.0,0.744936648109042,0.0,0.7468324054521022,0.0,"HyRS
Positive rules : 
 []
Negative rules : 
 []
HyRS Accuracy : 0.747
Coverage of RuleSet : 0.000
"
0.0027825594022071257,0.01,0.7580910937974947,0.0,0.744936648109042,0.0,0.7468324054521022,0.0,"HyRS
Positive rules : 
 []
Negative rules : 
 []
HyRS Accuracy : 0.747
Coverage of RuleSet : 0.000
"
0.0027825594022071257,0.021544346900318832,0.7580910937974947,0.0,0.744936648109042,0.0,0.7468324054521022,0.0,"HyRS
Positive rules : 
 []
Negative rules : 
 []
HyRS Accuracy : 0.747
Coverage of RuleSet : 0.000
"
0.0027825594022071257,0.046415888336127774,0.7396451597421089,0.6195706080918937,0.7314983682088693,0.6202486081781532,0.7326502207717412,0.6201766173929737,"HyRS
Positive rules : 
 ['age_medium && No disability']
Negative rules : 
 ['age_high']
HyRS Accuracy : 0.733
Coverage of RuleSet : 0.620
"
0.0027825594022071257,0.1,0.7348456972819044,0.6422960628409619,0.7269869456709541,0.6434776348627376,0.7287387214436553,0.6434776348627376,"HyRS
Positive rules : 
 ['age_medium && No Cognitive difficulty']
Negative rules : 
 ['age_high && N/A (not own child of householder, and not child in subfamily)']
HyRS Accuracy : 0.729
Coverage of RuleSet : 0.643
"
0.0027825594022071257,0.21544346900318823,0.6880509382949109,1.0,0.6814167786523325,1.0,0.6840564407755807,1.0,"HyRS
Positive rules : 
 ['neg_age_high']
Negative rules : 
 ['age_high && N/A (not own child of householder, and not child in subfamily)']
HyRS Accuracy : 0.684
Coverage of RuleSet : 1.000
"
0.0027825594022071257,0.46415888336127775,0.6880509382949109,1.0,0.6814167786523325,1.0,0.6840564407755807,1.0,"HyRS
Positive rules : 
 ['neg_age_high']
Negative rules : 
 ['neg_age_medium']
HyRS Accuracy : 0.684
Coverage of RuleSet : 1.000
"
0.0027825594022071257,1.0,0.6721647175516342,0.9999920008958997,0.6683864465348436,1.0,0.6731378383566904,0.9999760030716068,"HyRS
Positive rules : 
 ['No disability && N/A (not own child of householder, and not child in subfamily)']
Negative rules : 
 ['neg_Foster child']
HyRS Accuracy : 0.673
Coverage of RuleSet : 1.000
"
0.003593813663804626,0.001,0.7580910937974947,0.0,0.744936648109042,0.0,0.7468324054521022,0.0,"HyRS
Positive rules : 
 []
Negative rules : 
 []
HyRS Accuracy : 0.747
Coverage of RuleSet : 0.000
"
0.003593813663804626,0.0021544346900318843,0.7580910937974947,0.0,0.744936648109042,0.0,0.7468324054521022,0.0,"HyRS
Positive rules : 
 []
Negative rules : 
 []
HyRS Accuracy : 0.747
Coverage of RuleSet : 0.000
"
0.003593813663804626,0.004641588833612777,0.7580910937974947,0.0,0.744936648109042,0.0,0.7468324054521022,0.0,"HyRS
Positive rules : 
 []
Negative rules : 
 []
HyRS Accuracy : 0.747
Coverage of RuleSet : 0.000
"
0.003593813663804626,0.01,0.7580910937974947,0.0,0.744936648109042,0.0,0.7468324054521022,0.0,"HyRS
Positive rules : 
 []
Negative rules : 
 []
HyRS Accuracy : 0.747
Coverage of RuleSet : 0.000
"
0.003593813663804626,0.021544346900318832,0.7580910937974947,0.0,0.744936648109042,0.0,0.7468324054521022,0.0,"HyRS
Positive rules : 
 []
Negative rules : 
 []
HyRS Accuracy : 0.747
Coverage of RuleSet : 0.000
"
0.003593813663804626,0.046415888336127774,0.7396451597421089,0.6195706080918937,0.7314983682088693,0.6202486081781532,0.7326502207717412,0.6201766173929737,"HyRS
Positive rules : 
 ['age_medium && No disability']
Negative rules : 
 ['age_high']
HyRS Accuracy : 0.733
Coverage of RuleSet : 0.620
"
0.003593813663804626,0.1,0.7348456972819044,0.6422960628409619,0.7269869456709541,0.6434776348627376,0.7287387214436553,0.6434776348627376,"HyRS
Positive rules : 
 ['age_medium && No Cognitive difficulty']
Negative rules : 
 ['age_high']
HyRS Accuracy : 0.729
Coverage of RuleSet : 0.643
"
0.003593813663804626,0.21544346900318823,0.6880509382949109,1.0,0.6814167786523325,1.0,0.6840564407755807,1.0,"HyRS
Positive rules : 
 ['neg_age_high']
Negative rules : 
 ['age_high && N/A (not own child of householder, and not child in subfamily)']
HyRS Accuracy : 0.684
Coverage of RuleSet : 1.000
"
0.003593813663804626,0.46415888336127775,0.6723326987377414,0.997792247268306,0.6686744096755616,0.9978162795162219,0.6733538107122289,0.9979362641581877,"HyRS
Positive rules : 
 ['No disability && N/A (not own child of householder, and not child in subfamily)']
Negative rules : 
 ['neg_Unmarried partner']
HyRS Accuracy : 0.673
Coverage of RuleSet : 0.998
"
0.003593813663804626,1.0,0.6880509382949109,1.0,0.6814167786523325,1.0,0.6840564407755807,1.0,"HyRS
Positive rules : 
 ['neg_age_high']
Negative rules : 
 ['neg_Living with two parent : both employed', 'White alone', 'N/A (not own child of householder, and not child in subfamily)']
HyRS Accuracy : 0.684
Coverage of RuleSet : 1.000
"
0.004641588833612777,0.001,0.7580910937974947,0.0,0.744936648109042,0.0,0.7468324054521022,0.0,"HyRS
Positive rules : 
 []
Negative rules : 
 []
HyRS Accuracy : 0.747
Coverage of RuleSet : 0.000
"
0.004641588833612777,0.0021544346900318843,0.7580910937974947,0.0,0.744936648109042,0.0,0.7468324054521022,0.0,"HyRS
Positive rules : 
 []
Negative rules : 
 []
HyRS Accuracy : 0.747
Coverage of RuleSet : 0.000
"
0.004641588833612777,0.004641588833612777,0.7580910937974947,0.0,0.744936648109042,0.0,0.7468324054521022,0.0,"HyRS
Positive rules : 
 []
Negative rules : 
 []
HyRS Accuracy : 0.747
Coverage of RuleSet : 0.000
"
0.004641588833612777,0.01,0.7580910937974947,0.0,0.744936648109042,0.0,0.7468324054521022,0.0,"HyRS
Positive rules : 
 []
Negative rules : 
 []
HyRS Accuracy : 0.747
Coverage of RuleSet : 0.000
"
0.004641588833612777,0.021544346900318832,0.7580910937974947,0.0,0.744936648109042,0.0,0.7468324054521022,0.0,"HyRS
Positive rules : 
 []
Negative rules : 
 []
HyRS Accuracy : 0.747
Coverage of RuleSet : 0.000
"
0.004641588833612777,0.046415888336127774,0.7514198409778104,0.2822563872846241,0.7403532347859474,0.2877711652908428,0.7425849491265119,0.28227586868880783,"HyRS
Positive rules : 
 []
Negative rules : 
 ['age_high && Native']
HyRS Accuracy : 0.743
Coverage of RuleSet : 0.282
"
0.004641588833612777,0.1,0.7429967843601517,0.6116274977202554,0.7340660395469379,0.612833557304665,0.7368736801689384,0.6121616433096564,"HyRS
Positive rules : 
 ['age_low && Reference person', 'age_medium && Reference person']
Negative rules : 
 ['age_high']
HyRS Accuracy : 0.737
Coverage of RuleSet : 0.612
"
0.004641588833612777,0.21544346900318823,0.6880509382949109,1.0,0.6814167786523325,1.0,0.6840564407755807,1.0,"HyRS
Positive rules : 
 ['neg_age_high']
Negative rules : 
 ['age_high && N/A (not own child of householder, and not child in subfamily)']
HyRS Accuracy : 0.684
Coverage of RuleSet : 1.000
"
0.004641588833612777,0.46415888336127775,0.6880509382949109,1.0,0.6814167786523325,1.0,0.6840564407755807,1.0,"HyRS
Positive rules : 
 ['neg_age_high']
Negative rules : 
 ['neg_age_medium']
HyRS Accuracy : 0.684
Coverage of RuleSet : 1.000
"
0.004641588833612777,1.0,0.6721647175516342,1.0,0.6683864465348436,1.0,0.6731378383566904,1.0,"HyRS
Positive rules : 
 ['No disability && N/A (not own child of householder, and not child in subfamily)']
Negative rules : 
 ['neg_Foster child', 'neg_Kindergarten']
HyRS Accuracy : 0.673
Coverage of RuleSet : 1.000
"
0.005994842503189409,0.001,0.7580910937974947,0.0,0.744936648109042,0.0,0.7468324054521022,0.0,"HyRS
Positive rules : 
 []
Negative rules : 
 []
HyRS Accuracy : 0.747
Coverage of RuleSet : 0.000
"
0.005994842503189409,0.0021544346900318843,0.7580910937974947,0.0,0.744936648109042,0.0,0.7468324054521022,0.0,"HyRS
Positive rules : 
 []
Negative rules : 
 []
HyRS Accuracy : 0.747
Coverage of RuleSet : 0.000
"
0.005994842503189409,0.004641588833612777,0.7580910937974947,0.0,0.744936648109042,0.0,0.7468324054521022,0.0,"HyRS
Positive rules : 
 []
Negative rules : 
 []
HyRS Accuracy : 0.747
Coverage of RuleSet : 0.000
"
0.005994842503189409,0.01,0.7580910937974947,0.0,0.744936648109042,0.0,0.7468324054521022,0.0,"HyRS
Positive rules : 
 []
Negative rules : 
 []
HyRS Accuracy : 0.747
Coverage of RuleSet : 0.000
"
0.005994842503189409,0.021544346900318832,0.7580910937974947,0.0,0.744936648109042,0.0,0.7468324054521022,0.0,"HyRS
Positive rules : 
 []
Negative rules : 
 []
HyRS Accuracy : 0.747
Coverage of RuleSet : 0.000
"
0.005994842503189409,0.046415888336127774,0.7580910937974947,0.0,0.744936648109042,0.0,0.7468324054521022,0.0,"HyRS
Positive rules : 
 []
Negative rules : 
 []
HyRS Accuracy : 0.747
Coverage of RuleSet : 0.000
"
0.005994842503189409,0.1,0.7348456972819044,0.6422960628409619,0.7269869456709541,0.6434776348627376,0.7287387214436553,0.6434776348627376,"HyRS
Positive rules : 
 ['age_medium && No Cognitive difficulty']
Negative rules : 
 ['age_high']
HyRS Accuracy : 0.729
Coverage of RuleSet : 0.643
"
0.005994842503189409,0.21544346900318823,0.6880509382949109,1.0,0.6814167786523325,1.0,0.6840564407755807,1.0,"HyRS
Positive rules : 
 ['neg_age_high']
Negative rules : 
 ['age_high && N/A (not own child of householder, and not child in subfamily)']
HyRS Accuracy : 0.684
Coverage of RuleSet : 1.000
"
0.005994842503189409,0.46415888336127775,0.6880509382949109,1.0,0.6814167786523325,1.0,0.6840564407755807,1.0,"HyRS
Positive rules : 
 ['neg_age_high']
Negative rules : 
 ['neg_age_medium']
HyRS Accuracy : 0.684
Coverage of RuleSet : 1.000
"
0.005994842503189409,1.0,0.6721647175516342,1.0,0.6683864465348436,1.0,0.6731378383566904,1.0,"HyRS
Positive rules : 
 ['No disability && N/A (not own child of householder, and not child in subfamily)']
Negative rules : 
 ['neg_Foster child', 'neg_Kindergarten']
HyRS Accuracy : 0.673
Coverage of RuleSet : 1.000
"
0.007742636826811269,0.001,0.7580910937974947,0.0,0.744936648109042,0.0,0.7468324054521022,0.0,"HyRS
Positive rules : 
 []
Negative rules : 
 []
HyRS Accuracy : 0.747
Coverage of RuleSet : 0.000
"
0.007742636826811269,0.0021544346900318843,0.7580910937974947,0.0,0.744936648109042,0.0,0.7468324054521022,0.0,"HyRS
Positive rules : 
 []
Negative rules : 
 []
HyRS Accuracy : 0.747
Coverage of RuleSet : 0.000
"
0.007742636826811269,0.004641588833612777,0.7580910937974947,0.0,0.744936648109042,0.0,0.7468324054521022,0.0,"HyRS
Positive rules : 
 []
Negative rules : 
 []
HyRS Accuracy : 0.747
Coverage of RuleSet : 0.000
"
0.007742636826811269,0.01,0.7580910937974947,0.0,0.744936648109042,0.0,0.7468324054521022,0.0,"HyRS
Positive rules : 
 []
Negative rules : 
 []
HyRS Accuracy : 0.747
Coverage of RuleSet : 0.000
"
0.007742636826811269,0.021544346900318832,0.7580910937974947,0.0,0.744936648109042,0.0,0.7468324054521022,0.0,"HyRS
Positive rules : 
 []
Negative rules : 
 []
HyRS Accuracy : 0.747
Coverage of RuleSet : 0.000
"
0.007742636826811269,0.046415888336127774,0.7580910937974947,0.0,0.744936648109042,0.0,0.7468324054521022,0.0,"HyRS
Positive rules : 
 []
Negative rules : 
 []
HyRS Accuracy : 0.747
Coverage of RuleSet : 0.000
"
0.007742636826811269,0.1,0.7348456972819044,0.6422960628409619,0.7269869456709541,0.6434776348627376,0.7287387214436553,0.6434776348627376,"HyRS
Positive rules : 
 ['age_medium && No Cognitive difficulty']
Negative rules : 
 ['age_high']
HyRS Accuracy : 0.729
Coverage of RuleSet : 0.643
"
0.007742636826811269,0.21544346900318823,0.6880509382949109,1.0,0.6814167786523325,1.0,0.6840564407755807,1.0,"HyRS
Positive rules : 
 ['neg_age_high']
Negative rules : 
 ['age_high && N/A (not own child of householder, and not child in subfamily)']
HyRS Accuracy : 0.684
Coverage of RuleSet : 1.000
"
0.007742636826811269,0.46415888336127775,0.6723326987377414,0.997792247268306,0.6686744096755616,0.9978162795162219,0.6733538107122289,0.9979362641581877,"HyRS
Positive rules : 
 ['No disability && N/A (not own child of householder, and not child in subfamily)']
Negative rules : 
 ['neg_Unmarried partner']
HyRS Accuracy : 0.673
Coverage of RuleSet : 0.998
"
0.007742636826811269,1.0,0.6880509382949109,0.9999920008958997,0.6814167786523325,0.9999520061432137,0.6840564407755807,0.9999760030716068,"HyRS
Positive rules : 
 ['neg_age_high', 'age_low']
Negative rules : 
 ['neg_Alaska Native alone']
HyRS Accuracy : 0.684
Coverage of RuleSet : 1.000
"
0.01,0.001,0.7580910937974947,0.0,0.744936648109042,0.0,0.7468324054521022,0.0,"HyRS
Positive rules : 
 []
Negative rules : 
 []
HyRS Accuracy : 0.747
Coverage of RuleSet : 0.000
"
0.01,0.0021544346900318843,0.7580910937974947,0.0,0.744936648109042,0.0,0.7468324054521022,0.0,"HyRS
Positive rules : 
 []
Negative rules : 
 []
HyRS Accuracy : 0.747
Coverage of RuleSet : 0.000
"
0.01,0.004641588833612777,0.7580910937974947,0.0,0.744936648109042,0.0,0.7468324054521022,0.0,"HyRS
Positive rules : 
 []
Negative rules : 
 []
HyRS Accuracy : 0.747
Coverage of RuleSet : 0.000
"
0.01,0.01,0.7580910937974947,0.0,0.744936648109042,0.0,0.7468324054521022,0.0,"HyRS
Positive rules : 
 []
Negative rules : 
 []
HyRS Accuracy : 0.747
Coverage of RuleSet : 0.000
"
0.01,0.021544346900318832,0.7580910937974947,0.0,0.744936648109042,0.0,0.7468324054521022,0.0,"HyRS
Positive rules : 
 []
Negative rules : 
 []
HyRS Accuracy : 0.747
Coverage of RuleSet : 0.000
"
0.01,0.046415888336127774,0.7580910937974947,0.0,0.744936648109042,0.0,0.7468324054521022,0.0,"HyRS
Positive rules : 
 []
Negative rules : 
 []
HyRS Accuracy : 0.747
Coverage of RuleSet : 0.000
"
0.01,0.1,0.7044251043883085,0.9695314124818021,0.6981186408139758,0.9689479746592436,0.7011422537915147,0.9710837012862353,"HyRS
Positive rules : 
 ['age_low && N/A (not own child of householder, and not child in subfamily)', 'age_medium && No Cognitive difficulty']
Negative rules : 
 ['age_high']
HyRS Accuracy : 0.701
Coverage of RuleSet : 0.971
"
0.01,0.21544346900318823,0.6880509382949109,1.0,0.6814167786523325,1.0,0.6840564407755807,1.0,"HyRS
Positive rules : 
 ['neg_age_high']
Negative rules : 
 ['age_high && N/A (not own child of householder, and not child in subfamily)']
HyRS Accuracy : 0.684
Coverage of RuleSet : 1.000
"
0.01,0.46415888336127775,0.6880509382949109,1.0,0.6814167786523325,1.0,0.6840564407755807,1.0,"HyRS
Positive rules : 
 ['neg_age_high', 'neg_age_high']
Negative rules : 
 ['neg_age_medium']
HyRS Accuracy : 0.684
Coverage of RuleSet : 1.000
"
0.01,1.0,0.6880509382949109,1.0,0.6814167786523325,1.0,0.6840564407755807,1.0,"HyRS
Positive rules : 
 ['neg_age_high']
Negative rules : 
 ['neg_Foster child']
HyRS Accuracy : 0.684
Coverage of RuleSet : 1.000
"
