alpha,temperature,accuracy_train,transparency_train,accuracy_valid,transparency_valid,accuracy_test,transparency_test,model
na,na,0.8429619518853438,0,0.8503276003276004,0,0.8425632101545706,0,"GradientBoostingClassifier(learning_rate=0.16984167728472457,
                           loss='exponential', max_depth=4,
                           max_features=0.6972084835183139, n_estimators=30,
                           random_state=3)"
0.001,0.001,0.8428595802764034,0.15031564579423307,0.8497133497133497,0.15028665028665034,0.8409253761899887,0.14934998464530658,"CRL
 ACC ,  C  ,  Rule
0.841 0.149 ['age_low && hours_per_week_middle']=>0
0.840 0.395 ['education_HS-grad && capital_gain_0']=>0
0.839 0.520 ['occupation_Blue-Collar && capital_gain_0']=>0
0.837 0.767 ['neg_marital_status_Married']=>0
0.824 0.961 ['neg_hours_per_week_low']=>1
0.819 1.000 ['neg_marital_status_Single']=>0

"
0.001,0.001,0.8418699880566456,0.40163794574304723,0.847051597051597,0.39905814905814907,0.8402088238304842,0.39471798546422354,"CRL
 ACC ,  C  ,  Rule
0.841 0.149 ['age_low && hours_per_week_middle']=>0
0.840 0.395 ['education_HS-grad && capital_gain_0']=>0
0.839 0.520 ['occupation_Blue-Collar && capital_gain_0']=>0
0.837 0.767 ['neg_marital_status_Married']=>0
0.824 0.961 ['neg_hours_per_week_low']=>1
0.819 1.000 ['neg_marital_status_Single']=>0

"
0.001,0.001,0.8411875106637092,0.5259512028664051,0.8465397215397216,0.5235462735462735,0.8391851776026206,0.5200122837547343,"CRL
 ACC ,  C  ,  Rule
0.841 0.149 ['age_low && hours_per_week_middle']=>0
0.840 0.395 ['education_HS-grad && capital_gain_0']=>0
0.839 0.520 ['occupation_Blue-Collar && capital_gain_0']=>0
0.837 0.767 ['neg_marital_status_Married']=>0
0.824 0.961 ['neg_hours_per_week_low']=>1
0.819 1.000 ['neg_marital_status_Single']=>0

"
0.001,0.001,0.8378433714383211,0.7671045896604675,0.8415233415233415,0.76504914004914,0.8365236974101751,0.7672228477838059,"CRL
 ACC ,  C  ,  Rule
0.841 0.149 ['age_low && hours_per_week_middle']=>0
0.840 0.395 ['education_HS-grad && capital_gain_0']=>0
0.839 0.520 ['occupation_Blue-Collar && capital_gain_0']=>0
0.837 0.767 ['neg_marital_status_Married']=>0
0.824 0.961 ['neg_hours_per_week_low']=>1
0.819 1.000 ['neg_marital_status_Single']=>0

"
0.001,0.001,0.8242961951885344,0.9594949667292271,0.8287264537264537,0.9586404586404587,0.8243423072985976,0.9605896202272495,"CRL
 ACC ,  C  ,  Rule
0.841 0.149 ['age_low && hours_per_week_middle']=>0
0.840 0.395 ['education_HS-grad && capital_gain_0']=>0
0.839 0.520 ['occupation_Blue-Collar && capital_gain_0']=>0
0.837 0.767 ['neg_marital_status_Married']=>0
0.824 0.961 ['neg_hours_per_week_low']=>1
0.819 1.000 ['neg_marital_status_Single']=>0

"
0.001,0.001,0.8193823579593926,1.0,0.824017199017199,1.0,0.8185075237997748,1.0,"CRL
 ACC ,  C  ,  Rule
0.841 0.149 ['age_low && hours_per_week_middle']=>0
0.840 0.395 ['education_HS-grad && capital_gain_0']=>0
0.839 0.520 ['occupation_Blue-Collar && capital_gain_0']=>0
0.837 0.767 ['neg_marital_status_Married']=>0
0.824 0.961 ['neg_hours_per_week_low']=>1
0.819 1.000 ['neg_marital_status_Single']=>0

"
0.001,0.002,0.8428595802764034,0.15031564579423307,0.8497133497133497,0.15028665028665034,0.8409253761899887,0.14934998464530658,"CRL
 ACC ,  C  ,  Rule
0.841 0.149 ['age_low && hours_per_week_middle']=>0
0.840 0.395 ['education_HS-grad && capital_gain_0']=>0
0.839 0.520 ['occupation_Blue-Collar && capital_gain_0']=>0
0.837 0.767 ['neg_marital_status_Married']=>0
0.824 0.961 ['neg_hours_per_week_low']=>1
0.819 1.000 ['neg_hours_per_week_high']=>0

"
0.001,0.002,0.8418699880566456,0.40163794574304723,0.847051597051597,0.39905814905814907,0.8402088238304842,0.39471798546422354,"CRL
 ACC ,  C  ,  Rule
0.841 0.149 ['age_low && hours_per_week_middle']=>0
0.840 0.395 ['education_HS-grad && capital_gain_0']=>0
0.839 0.520 ['occupation_Blue-Collar && capital_gain_0']=>0
0.837 0.767 ['neg_marital_status_Married']=>0
0.824 0.961 ['neg_hours_per_week_low']=>1
0.819 1.000 ['neg_hours_per_week_high']=>0

"
0.001,0.002,0.8411875106637092,0.5259512028664051,0.8465397215397216,0.5235462735462735,0.8391851776026206,0.5200122837547343,"CRL
 ACC ,  C  ,  Rule
0.841 0.149 ['age_low && hours_per_week_middle']=>0
0.840 0.395 ['education_HS-grad && capital_gain_0']=>0
0.839 0.520 ['occupation_Blue-Collar && capital_gain_0']=>0
0.837 0.767 ['neg_marital_status_Married']=>0
0.824 0.961 ['neg_hours_per_week_low']=>1
0.819 1.000 ['neg_hours_per_week_high']=>0

"
0.001,0.002,0.8378433714383211,0.7671045896604675,0.8415233415233415,0.76504914004914,0.8365236974101751,0.7672228477838059,"CRL
 ACC ,  C  ,  Rule
0.841 0.149 ['age_low && hours_per_week_middle']=>0
0.840 0.395 ['education_HS-grad && capital_gain_0']=>0
0.839 0.520 ['occupation_Blue-Collar && capital_gain_0']=>0
0.837 0.767 ['neg_marital_status_Married']=>0
0.824 0.961 ['neg_hours_per_week_low']=>1
0.819 1.000 ['neg_hours_per_week_high']=>0

"
0.001,0.002,0.8242961951885344,0.9594949667292271,0.8287264537264537,0.9586404586404587,0.8243423072985976,0.9605896202272495,"CRL
 ACC ,  C  ,  Rule
0.841 0.149 ['age_low && hours_per_week_middle']=>0
0.840 0.395 ['education_HS-grad && capital_gain_0']=>0
0.839 0.520 ['occupation_Blue-Collar && capital_gain_0']=>0
0.837 0.767 ['neg_marital_status_Married']=>0
0.824 0.961 ['neg_hours_per_week_low']=>1
0.819 1.000 ['neg_hours_per_week_high']=>0

"
0.001,0.002,0.8193823579593926,1.0,0.824017199017199,1.0,0.8185075237997748,1.0,"CRL
 ACC ,  C  ,  Rule
0.841 0.149 ['age_low && hours_per_week_middle']=>0
0.840 0.395 ['education_HS-grad && capital_gain_0']=>0
0.839 0.520 ['occupation_Blue-Collar && capital_gain_0']=>0
0.837 0.767 ['neg_marital_status_Married']=>0
0.824 0.961 ['neg_hours_per_week_low']=>1
0.819 1.000 ['neg_hours_per_week_high']=>0

"
0.001,0.003,0.8428595802764034,0.15031564579423307,0.8497133497133497,0.15028665028665034,0.8409253761899887,0.14934998464530658,"CRL
 ACC ,  C  ,  Rule
0.841 0.149 ['age_low && hours_per_week_middle']=>0
0.840 0.395 ['education_HS-grad && capital_gain_0']=>0
0.839 0.520 ['occupation_Blue-Collar && capital_gain_0']=>0
0.837 0.767 ['neg_marital_status_Married']=>0
0.824 0.961 ['neg_hours_per_week_low']=>1
0.819 1.000 ['marital_status_Married']=>0

"
0.001,0.003,0.8418699880566456,0.40163794574304723,0.847051597051597,0.39905814905814907,0.8402088238304842,0.39471798546422354,"CRL
 ACC ,  C  ,  Rule
0.841 0.149 ['age_low && hours_per_week_middle']=>0
0.840 0.395 ['education_HS-grad && capital_gain_0']=>0
0.839 0.520 ['occupation_Blue-Collar && capital_gain_0']=>0
0.837 0.767 ['neg_marital_status_Married']=>0
0.824 0.961 ['neg_hours_per_week_low']=>1
0.819 1.000 ['marital_status_Married']=>0

"
0.001,0.003,0.8411875106637092,0.5259512028664051,0.8465397215397216,0.5235462735462735,0.8391851776026206,0.5200122837547343,"CRL
 ACC ,  C  ,  Rule
0.841 0.149 ['age_low && hours_per_week_middle']=>0
0.840 0.395 ['education_HS-grad && capital_gain_0']=>0
0.839 0.520 ['occupation_Blue-Collar && capital_gain_0']=>0
0.837 0.767 ['neg_marital_status_Married']=>0
0.824 0.961 ['neg_hours_per_week_low']=>1
0.819 1.000 ['marital_status_Married']=>0

"
0.001,0.003,0.8378433714383211,0.7671045896604675,0.8415233415233415,0.76504914004914,0.8365236974101751,0.7672228477838059,"CRL
 ACC ,  C  ,  Rule
0.841 0.149 ['age_low && hours_per_week_middle']=>0
0.840 0.395 ['education_HS-grad && capital_gain_0']=>0
0.839 0.520 ['occupation_Blue-Collar && capital_gain_0']=>0
0.837 0.767 ['neg_marital_status_Married']=>0
0.824 0.961 ['neg_hours_per_week_low']=>1
0.819 1.000 ['marital_status_Married']=>0

"
0.001,0.003,0.8242961951885344,0.9594949667292271,0.8287264537264537,0.9586404586404587,0.8243423072985976,0.9605896202272495,"CRL
 ACC ,  C  ,  Rule
0.841 0.149 ['age_low && hours_per_week_middle']=>0
0.840 0.395 ['education_HS-grad && capital_gain_0']=>0
0.839 0.520 ['occupation_Blue-Collar && capital_gain_0']=>0
0.837 0.767 ['neg_marital_status_Married']=>0
0.824 0.961 ['neg_hours_per_week_low']=>1
0.819 1.000 ['marital_status_Married']=>0

"
0.001,0.003,0.8193823579593926,1.0,0.824017199017199,1.0,0.8185075237997748,1.0,"CRL
 ACC ,  C  ,  Rule
0.841 0.149 ['age_low && hours_per_week_middle']=>0
0.840 0.395 ['education_HS-grad && capital_gain_0']=>0
0.839 0.520 ['occupation_Blue-Collar && capital_gain_0']=>0
0.837 0.767 ['neg_marital_status_Married']=>0
0.824 0.961 ['neg_hours_per_week_low']=>1
0.819 1.000 ['marital_status_Married']=>0

"
0.001,0.004,0.841972359665586,0.30438491724961614,0.8478705978705978,0.2985257985257985,0.8417442931722796,0.2988023339133995,"CRL
 ACC ,  C  ,  Rule
0.842 0.299 ['education_HS-grad && capital_gain_0']=>0
0.841 0.452 ['occupation_Blue-Collar && capital_gain_0']=>0
0.838 0.751 ['neg_marital_status_Married']=>0
0.820 0.961 ['neg_hours_per_week_low']=>1
0.814 1.000 ['neg_marital_status_Widowed']=>0

"
0.001,0.004,0.8412898822726497,0.45439344821702776,0.8473587223587223,0.4474815724815725,0.8407206469444161,0.45183744497901523,"CRL
 ACC ,  C  ,  Rule
0.842 0.299 ['education_HS-grad && capital_gain_0']=>0
0.841 0.452 ['occupation_Blue-Collar && capital_gain_0']=>0
0.838 0.751 ['neg_marital_status_Married']=>0
0.820 0.961 ['neg_hours_per_week_low']=>1
0.814 1.000 ['neg_marital_status_Widowed']=>0

"
0.001,0.004,0.8379457430472615,0.7516464767104589,0.8424447174447175,0.7484643734643734,0.8380591667519706,0.7514586958747057,"CRL
 ACC ,  C  ,  Rule
0.842 0.299 ['education_HS-grad && capital_gain_0']=>0
0.841 0.452 ['occupation_Blue-Collar && capital_gain_0']=>0
0.838 0.751 ['neg_marital_status_Married']=>0
0.820 0.961 ['neg_hours_per_week_low']=>1
0.814 1.000 ['neg_marital_status_Widowed']=>0

"
0.001,0.004,0.8191434908718649,0.9594949667292271,0.8217649467649467,0.9586404586404587,0.8200429931415703,0.9605896202272495,"CRL
 ACC ,  C  ,  Rule
0.842 0.299 ['education_HS-grad && capital_gain_0']=>0
0.841 0.452 ['occupation_Blue-Collar && capital_gain_0']=>0
0.838 0.751 ['neg_marital_status_Married']=>0
0.820 0.961 ['neg_hours_per_week_low']=>1
0.814 1.000 ['neg_marital_status_Widowed']=>0

"
0.001,0.004,0.814229653642723,1.0,0.8170556920556921,1.0,0.8142082096427474,1.0,"CRL
 ACC ,  C  ,  Rule
0.842 0.299 ['education_HS-grad && capital_gain_0']=>0
0.841 0.452 ['occupation_Blue-Collar && capital_gain_0']=>0
0.838 0.751 ['neg_marital_status_Married']=>0
0.820 0.961 ['neg_hours_per_week_low']=>1
0.814 1.000 ['neg_marital_status_Widowed']=>0

"
0.001,0.005,0.841972359665586,0.30438491724961614,0.8478705978705978,0.2985257985257985,0.8417442931722796,0.2988023339133995,"CRL
 ACC ,  C  ,  Rule
0.842 0.299 ['education_HS-grad && capital_gain_0']=>0
0.841 0.452 ['occupation_Blue-Collar && capital_gain_0']=>0
0.838 0.751 ['neg_marital_status_Married']=>0
0.820 0.961 ['neg_hours_per_week_low']=>1
0.814 1.000 ['marital_status_Married']=>0

"
0.001,0.005,0.8412898822726497,0.45439344821702776,0.8473587223587223,0.4474815724815725,0.8407206469444161,0.45183744497901523,"CRL
 ACC ,  C  ,  Rule
0.842 0.299 ['education_HS-grad && capital_gain_0']=>0
0.841 0.452 ['occupation_Blue-Collar && capital_gain_0']=>0
0.838 0.751 ['neg_marital_status_Married']=>0
0.820 0.961 ['neg_hours_per_week_low']=>1
0.814 1.000 ['marital_status_Married']=>0

"
0.001,0.005,0.8379457430472615,0.7516464767104589,0.8424447174447175,0.7484643734643734,0.8380591667519706,0.7514586958747057,"CRL
 ACC ,  C  ,  Rule
0.842 0.299 ['education_HS-grad && capital_gain_0']=>0
0.841 0.452 ['occupation_Blue-Collar && capital_gain_0']=>0
0.838 0.751 ['neg_marital_status_Married']=>0
0.820 0.961 ['neg_hours_per_week_low']=>1
0.814 1.000 ['marital_status_Married']=>0

"
0.001,0.005,0.8191434908718649,0.9594949667292271,0.8217649467649467,0.9586404586404587,0.8200429931415703,0.9605896202272495,"CRL
 ACC ,  C  ,  Rule
0.842 0.299 ['education_HS-grad && capital_gain_0']=>0
0.841 0.452 ['occupation_Blue-Collar && capital_gain_0']=>0
0.838 0.751 ['neg_marital_status_Married']=>0
0.820 0.961 ['neg_hours_per_week_low']=>1
0.814 1.000 ['marital_status_Married']=>0

"
0.001,0.005,0.814229653642723,1.0,0.8170556920556921,1.0,0.8142082096427474,1.0,"CRL
 ACC ,  C  ,  Rule
0.842 0.299 ['education_HS-grad && capital_gain_0']=>0
0.841 0.452 ['occupation_Blue-Collar && capital_gain_0']=>0
0.838 0.751 ['neg_marital_status_Married']=>0
0.820 0.961 ['neg_hours_per_week_low']=>1
0.814 1.000 ['marital_status_Married']=>0

"
0.001,0.006,0.841972359665586,0.30438491724961614,0.8478705978705978,0.2985257985257985,0.8417442931722796,0.2988023339133995,"CRL
 ACC ,  C  ,  Rule
0.842 0.299 ['education_HS-grad && capital_gain_0']=>0
0.841 0.452 ['occupation_Blue-Collar && capital_gain_0']=>0
0.838 0.751 ['neg_marital_status_Married']=>0
0.820 0.961 ['neg_hours_per_week_low']=>1
0.814 1.000 ['neg_marital_status_Widowed']=>0

"
0.001,0.006,0.8412898822726497,0.45439344821702776,0.8473587223587223,0.4474815724815725,0.8407206469444161,0.45183744497901523,"CRL
 ACC ,  C  ,  Rule
0.842 0.299 ['education_HS-grad && capital_gain_0']=>0
0.841 0.452 ['occupation_Blue-Collar && capital_gain_0']=>0
0.838 0.751 ['neg_marital_status_Married']=>0
0.820 0.961 ['neg_hours_per_week_low']=>1
0.814 1.000 ['neg_marital_status_Widowed']=>0

"
0.001,0.006,0.8379457430472615,0.7516464767104589,0.8424447174447175,0.7484643734643734,0.8380591667519706,0.7514586958747057,"CRL
 ACC ,  C  ,  Rule
0.842 0.299 ['education_HS-grad && capital_gain_0']=>0
0.841 0.452 ['occupation_Blue-Collar && capital_gain_0']=>0
0.838 0.751 ['neg_marital_status_Married']=>0
0.820 0.961 ['neg_hours_per_week_low']=>1
0.814 1.000 ['neg_marital_status_Widowed']=>0

"
0.001,0.006,0.8191434908718649,0.9594949667292271,0.8217649467649467,0.9586404586404587,0.8200429931415703,0.9605896202272495,"CRL
 ACC ,  C  ,  Rule
0.842 0.299 ['education_HS-grad && capital_gain_0']=>0
0.841 0.452 ['occupation_Blue-Collar && capital_gain_0']=>0
0.838 0.751 ['neg_marital_status_Married']=>0
0.820 0.961 ['neg_hours_per_week_low']=>1
0.814 1.000 ['neg_marital_status_Widowed']=>0

"
0.001,0.006,0.814229653642723,1.0,0.8170556920556921,1.0,0.8142082096427474,1.0,"CRL
 ACC ,  C  ,  Rule
0.842 0.299 ['education_HS-grad && capital_gain_0']=>0
0.841 0.452 ['occupation_Blue-Collar && capital_gain_0']=>0
0.838 0.751 ['neg_marital_status_Married']=>0
0.820 0.961 ['neg_hours_per_week_low']=>1
0.814 1.000 ['neg_marital_status_Widowed']=>0

"
0.001,0.007,0.841972359665586,0.30438491724961614,0.8478705978705978,0.2985257985257985,0.8417442931722796,0.2988023339133995,"CRL
 ACC ,  C  ,  Rule
0.842 0.299 ['education_HS-grad && capital_gain_0']=>0
0.841 0.452 ['occupation_Blue-Collar && capital_gain_0']=>0
0.838 0.751 ['neg_marital_status_Married']=>0
0.820 0.961 ['neg_hours_per_week_low']=>1
0.814 1.000 ['marital_status_Married']=>0

"
0.001,0.007,0.8412898822726497,0.45439344821702776,0.8473587223587223,0.4474815724815725,0.8407206469444161,0.45183744497901523,"CRL
 ACC ,  C  ,  Rule
0.842 0.299 ['education_HS-grad && capital_gain_0']=>0
0.841 0.452 ['occupation_Blue-Collar && capital_gain_0']=>0
0.838 0.751 ['neg_marital_status_Married']=>0
0.820 0.961 ['neg_hours_per_week_low']=>1
0.814 1.000 ['marital_status_Married']=>0

"
0.001,0.007,0.8379457430472615,0.7516464767104589,0.8424447174447175,0.7484643734643734,0.8380591667519706,0.7514586958747057,"CRL
 ACC ,  C  ,  Rule
0.842 0.299 ['education_HS-grad && capital_gain_0']=>0
0.841 0.452 ['occupation_Blue-Collar && capital_gain_0']=>0
0.838 0.751 ['neg_marital_status_Married']=>0
0.820 0.961 ['neg_hours_per_week_low']=>1
0.814 1.000 ['marital_status_Married']=>0

"
0.001,0.007,0.8191434908718649,0.9594949667292271,0.8217649467649467,0.9586404586404587,0.8200429931415703,0.9605896202272495,"CRL
 ACC ,  C  ,  Rule
0.842 0.299 ['education_HS-grad && capital_gain_0']=>0
0.841 0.452 ['occupation_Blue-Collar && capital_gain_0']=>0
0.838 0.751 ['neg_marital_status_Married']=>0
0.820 0.961 ['neg_hours_per_week_low']=>1
0.814 1.000 ['marital_status_Married']=>0

"
0.001,0.007,0.814229653642723,1.0,0.8170556920556921,1.0,0.8142082096427474,1.0,"CRL
 ACC ,  C  ,  Rule
0.842 0.299 ['education_HS-grad && capital_gain_0']=>0
0.841 0.452 ['occupation_Blue-Collar && capital_gain_0']=>0
0.838 0.751 ['neg_marital_status_Married']=>0
0.820 0.961 ['neg_hours_per_week_low']=>1
0.814 1.000 ['marital_status_Married']=>0

"
0.001,0.008,0.841972359665586,0.30438491724961614,0.8478705978705978,0.2985257985257985,0.8417442931722796,0.2988023339133995,"CRL
 ACC ,  C  ,  Rule
0.842 0.299 ['education_HS-grad && capital_gain_0']=>0
0.841 0.452 ['occupation_Blue-Collar && capital_gain_0']=>0
0.838 0.751 ['neg_marital_status_Married']=>0
0.820 0.961 ['neg_hours_per_week_low']=>1
0.814 1.000 ['marital_status_Married']=>0

"
0.001,0.008,0.8412898822726497,0.45439344821702776,0.8473587223587223,0.4474815724815725,0.8407206469444161,0.45183744497901523,"CRL
 ACC ,  C  ,  Rule
0.842 0.299 ['education_HS-grad && capital_gain_0']=>0
0.841 0.452 ['occupation_Blue-Collar && capital_gain_0']=>0
0.838 0.751 ['neg_marital_status_Married']=>0
0.820 0.961 ['neg_hours_per_week_low']=>1
0.814 1.000 ['marital_status_Married']=>0

"
0.001,0.008,0.8379457430472615,0.7516464767104589,0.8424447174447175,0.7484643734643734,0.8380591667519706,0.7514586958747057,"CRL
 ACC ,  C  ,  Rule
0.842 0.299 ['education_HS-grad && capital_gain_0']=>0
0.841 0.452 ['occupation_Blue-Collar && capital_gain_0']=>0
0.838 0.751 ['neg_marital_status_Married']=>0
0.820 0.961 ['neg_hours_per_week_low']=>1
0.814 1.000 ['marital_status_Married']=>0

"
0.001,0.008,0.8191434908718649,0.9594949667292271,0.8217649467649467,0.9586404586404587,0.8200429931415703,0.9605896202272495,"CRL
 ACC ,  C  ,  Rule
0.842 0.299 ['education_HS-grad && capital_gain_0']=>0
0.841 0.452 ['occupation_Blue-Collar && capital_gain_0']=>0
0.838 0.751 ['neg_marital_status_Married']=>0
0.820 0.961 ['neg_hours_per_week_low']=>1
0.814 1.000 ['marital_status_Married']=>0

"
0.001,0.008,0.814229653642723,1.0,0.8170556920556921,1.0,0.8142082096427474,1.0,"CRL
 ACC ,  C  ,  Rule
0.842 0.299 ['education_HS-grad && capital_gain_0']=>0
0.841 0.452 ['occupation_Blue-Collar && capital_gain_0']=>0
0.838 0.751 ['neg_marital_status_Married']=>0
0.820 0.961 ['neg_hours_per_week_low']=>1
0.814 1.000 ['marital_status_Married']=>0

"
0.001,0.009000000000000001,0.841972359665586,0.30438491724961614,0.8478705978705978,0.2985257985257985,0.8417442931722796,0.2988023339133995,"CRL
 ACC ,  C  ,  Rule
0.842 0.299 ['education_HS-grad && capital_gain_0']=>0
0.841 0.452 ['occupation_Blue-Collar && capital_gain_0']=>0
0.838 0.751 ['neg_marital_status_Married']=>0
0.820 0.961 ['neg_hours_per_week_low']=>1
0.814 1.000 ['neg_marital_status_Separated']=>0

"
0.001,0.009000000000000001,0.8412898822726497,0.45439344821702776,0.8473587223587223,0.4474815724815725,0.8407206469444161,0.45183744497901523,"CRL
 ACC ,  C  ,  Rule
0.842 0.299 ['education_HS-grad && capital_gain_0']=>0
0.841 0.452 ['occupation_Blue-Collar && capital_gain_0']=>0
0.838 0.751 ['neg_marital_status_Married']=>0
0.820 0.961 ['neg_hours_per_week_low']=>1
0.814 1.000 ['neg_marital_status_Separated']=>0

"
0.001,0.009000000000000001,0.8379457430472615,0.7516464767104589,0.8424447174447175,0.7484643734643734,0.8380591667519706,0.7514586958747057,"CRL
 ACC ,  C  ,  Rule
0.842 0.299 ['education_HS-grad && capital_gain_0']=>0
0.841 0.452 ['occupation_Blue-Collar && capital_gain_0']=>0
0.838 0.751 ['neg_marital_status_Married']=>0
0.820 0.961 ['neg_hours_per_week_low']=>1
0.814 1.000 ['neg_marital_status_Separated']=>0

"
0.001,0.009000000000000001,0.8191434908718649,0.9594949667292271,0.8217649467649467,0.9586404586404587,0.8200429931415703,0.9605896202272495,"CRL
 ACC ,  C  ,  Rule
0.842 0.299 ['education_HS-grad && capital_gain_0']=>0
0.841 0.452 ['occupation_Blue-Collar && capital_gain_0']=>0
0.838 0.751 ['neg_marital_status_Married']=>0
0.820 0.961 ['neg_hours_per_week_low']=>1
0.814 1.000 ['neg_marital_status_Separated']=>0

"
0.001,0.009000000000000001,0.814229653642723,1.0,0.8170556920556921,1.0,0.8142082096427474,1.0,"CRL
 ACC ,  C  ,  Rule
0.842 0.299 ['education_HS-grad && capital_gain_0']=>0
0.841 0.452 ['occupation_Blue-Collar && capital_gain_0']=>0
0.838 0.751 ['neg_marital_status_Married']=>0
0.820 0.961 ['neg_hours_per_week_low']=>1
0.814 1.000 ['neg_marital_status_Separated']=>0

"
0.001,0.01,0.8420064835352329,0.28664050503327076,0.8495085995085995,0.2853194103194103,0.8415395639267069,0.2912273518272085,"CRL
 ACC ,  C  ,  Rule
0.842 0.291 ['occupation_Blue-Collar && capital_gain_0']=>0
0.841 0.452 ['education_HS-grad && capital_gain_0']=>0
0.838 0.751 ['neg_marital_status_Married']=>0
0.820 0.961 ['neg_hours_per_week_low']=>1
0.814 1.000 ['neg_marital_status_Widowed']=>0

"
0.001,0.01,0.8412898822726497,0.45439344821702776,0.8473587223587223,0.4474815724815725,0.8407206469444161,0.45183744497901523,"CRL
 ACC ,  C  ,  Rule
0.842 0.291 ['occupation_Blue-Collar && capital_gain_0']=>0
0.841 0.452 ['education_HS-grad && capital_gain_0']=>0
0.838 0.751 ['neg_marital_status_Married']=>0
0.820 0.961 ['neg_hours_per_week_low']=>1
0.814 1.000 ['neg_marital_status_Widowed']=>0

"
0.001,0.01,0.8379457430472615,0.7516464767104589,0.8424447174447175,0.7484643734643734,0.8380591667519706,0.7514586958747057,"CRL
 ACC ,  C  ,  Rule
0.842 0.291 ['occupation_Blue-Collar && capital_gain_0']=>0
0.841 0.452 ['education_HS-grad && capital_gain_0']=>0
0.838 0.751 ['neg_marital_status_Married']=>0
0.820 0.961 ['neg_hours_per_week_low']=>1
0.814 1.000 ['neg_marital_status_Widowed']=>0

"
0.001,0.01,0.8191434908718649,0.9594949667292271,0.8217649467649467,0.9586404586404587,0.8200429931415703,0.9605896202272495,"CRL
 ACC ,  C  ,  Rule
0.842 0.291 ['occupation_Blue-Collar && capital_gain_0']=>0
0.841 0.452 ['education_HS-grad && capital_gain_0']=>0
0.838 0.751 ['neg_marital_status_Married']=>0
0.820 0.961 ['neg_hours_per_week_low']=>1
0.814 1.000 ['neg_marital_status_Widowed']=>0

"
0.001,0.01,0.814229653642723,1.0,0.8170556920556921,1.0,0.8142082096427474,1.0,"CRL
 ACC ,  C  ,  Rule
0.842 0.291 ['occupation_Blue-Collar && capital_gain_0']=>0
0.841 0.452 ['education_HS-grad && capital_gain_0']=>0
0.838 0.751 ['neg_marital_status_Married']=>0
0.820 0.961 ['neg_hours_per_week_low']=>1
0.814 1.000 ['neg_marital_status_Widowed']=>0

"
0.0016681005372000592,0.001,0.841972359665586,0.30438491724961614,0.8478705978705978,0.2985257985257985,0.8417442931722796,0.2988023339133995,"CRL
 ACC ,  C  ,  Rule
0.842 0.299 ['education_HS-grad && capital_gain_0']=>0
0.841 0.452 ['occupation_Blue-Collar && capital_gain_0']=>0
0.838 0.751 ['neg_marital_status_Married']=>0
0.810 1.000 ['neg_marital_status_Divorced']=>1

"
0.0016681005372000592,0.001,0.8412898822726497,0.45439344821702776,0.8473587223587223,0.4474815724815725,0.8407206469444161,0.45183744497901523,"CRL
 ACC ,  C  ,  Rule
0.842 0.299 ['education_HS-grad && capital_gain_0']=>0
0.841 0.452 ['occupation_Blue-Collar && capital_gain_0']=>0
0.838 0.751 ['neg_marital_status_Married']=>0
0.810 1.000 ['neg_marital_status_Divorced']=>1

"
0.0016681005372000592,0.001,0.8379457430472615,0.7516464767104589,0.8424447174447175,0.7484643734643734,0.8380591667519706,0.7514586958747057,"CRL
 ACC ,  C  ,  Rule
0.842 0.299 ['education_HS-grad && capital_gain_0']=>0
0.841 0.452 ['occupation_Blue-Collar && capital_gain_0']=>0
0.838 0.751 ['neg_marital_status_Married']=>0
0.810 1.000 ['neg_marital_status_Divorced']=>1

"
0.0016681005372000592,0.001,0.8031393960075073,1.0,0.8092751842751843,1.0,0.8104207185996519,1.0,"CRL
 ACC ,  C  ,  Rule
0.842 0.299 ['education_HS-grad && capital_gain_0']=>0
0.841 0.452 ['occupation_Blue-Collar && capital_gain_0']=>0
0.838 0.751 ['neg_marital_status_Married']=>0
0.810 1.000 ['neg_marital_status_Divorced']=>1

"
0.0016681005372000592,0.002,0.841972359665586,0.30438491724961614,0.8478705978705978,0.2985257985257985,0.8417442931722796,0.2988023339133995,"CRL
 ACC ,  C  ,  Rule
0.842 0.299 ['education_HS-grad && capital_gain_0']=>0
0.841 0.452 ['occupation_Blue-Collar && capital_gain_0']=>0
0.838 0.751 ['neg_marital_status_Married']=>0
0.810 1.000 ['neg_marital_status_Widowed']=>1

"
0.0016681005372000592,0.002,0.8412898822726497,0.45439344821702776,0.8473587223587223,0.4474815724815725,0.8407206469444161,0.45183744497901523,"CRL
 ACC ,  C  ,  Rule
0.842 0.299 ['education_HS-grad && capital_gain_0']=>0
0.841 0.452 ['occupation_Blue-Collar && capital_gain_0']=>0
0.838 0.751 ['neg_marital_status_Married']=>0
0.810 1.000 ['neg_marital_status_Widowed']=>1

"
0.0016681005372000592,0.002,0.8379457430472615,0.7516464767104589,0.8424447174447175,0.7484643734643734,0.8380591667519706,0.7514586958747057,"CRL
 ACC ,  C  ,  Rule
0.842 0.299 ['education_HS-grad && capital_gain_0']=>0
0.841 0.452 ['occupation_Blue-Collar && capital_gain_0']=>0
0.838 0.751 ['neg_marital_status_Married']=>0
0.810 1.000 ['neg_marital_status_Widowed']=>1

"
0.0016681005372000592,0.002,0.8031393960075073,1.0,0.8092751842751843,1.0,0.8104207185996519,1.0,"CRL
 ACC ,  C  ,  Rule
0.842 0.299 ['education_HS-grad && capital_gain_0']=>0
0.841 0.452 ['occupation_Blue-Collar && capital_gain_0']=>0
0.838 0.751 ['neg_marital_status_Married']=>0
0.810 1.000 ['neg_marital_status_Widowed']=>1

"
0.0016681005372000592,0.003,0.841972359665586,0.30438491724961614,0.8478705978705978,0.2985257985257985,0.8417442931722796,0.2988023339133995,"CRL
 ACC ,  C  ,  Rule
0.842 0.299 ['education_HS-grad && capital_gain_0']=>0
0.841 0.452 ['occupation_Blue-Collar && capital_gain_0']=>0
0.838 0.751 ['neg_marital_status_Married']=>0
0.810 1.000 ['neg_marital_status_Separated']=>1

"
0.0016681005372000592,0.003,0.8412898822726497,0.45439344821702776,0.8473587223587223,0.4474815724815725,0.8407206469444161,0.45183744497901523,"CRL
 ACC ,  C  ,  Rule
0.842 0.299 ['education_HS-grad && capital_gain_0']=>0
0.841 0.452 ['occupation_Blue-Collar && capital_gain_0']=>0
0.838 0.751 ['neg_marital_status_Married']=>0
0.810 1.000 ['neg_marital_status_Separated']=>1

"
0.0016681005372000592,0.003,0.8379457430472615,0.7516464767104589,0.8424447174447175,0.7484643734643734,0.8380591667519706,0.7514586958747057,"CRL
 ACC ,  C  ,  Rule
0.842 0.299 ['education_HS-grad && capital_gain_0']=>0
0.841 0.452 ['occupation_Blue-Collar && capital_gain_0']=>0
0.838 0.751 ['neg_marital_status_Married']=>0
0.810 1.000 ['neg_marital_status_Separated']=>1

"
0.0016681005372000592,0.003,0.8031393960075073,1.0,0.8092751842751843,1.0,0.8104207185996519,1.0,"CRL
 ACC ,  C  ,  Rule
0.842 0.299 ['education_HS-grad && capital_gain_0']=>0
0.841 0.452 ['occupation_Blue-Collar && capital_gain_0']=>0
0.838 0.751 ['neg_marital_status_Married']=>0
0.810 1.000 ['neg_marital_status_Separated']=>1

"
0.0016681005372000592,0.004,0.841972359665586,0.30438491724961614,0.8478705978705978,0.2985257985257985,0.8417442931722796,0.2988023339133995,"CRL
 ACC ,  C  ,  Rule
0.842 0.299 ['education_HS-grad && capital_gain_0']=>0
0.841 0.452 ['occupation_Blue-Collar && capital_gain_0']=>0
0.838 0.751 ['neg_marital_status_Married']=>0
0.810 1.000 ['neg_marital_status_Separated']=>1

"
0.0016681005372000592,0.004,0.8412898822726497,0.45439344821702776,0.8473587223587223,0.4474815724815725,0.8407206469444161,0.45183744497901523,"CRL
 ACC ,  C  ,  Rule
0.842 0.299 ['education_HS-grad && capital_gain_0']=>0
0.841 0.452 ['occupation_Blue-Collar && capital_gain_0']=>0
0.838 0.751 ['neg_marital_status_Married']=>0
0.810 1.000 ['neg_marital_status_Separated']=>1

"
0.0016681005372000592,0.004,0.8379457430472615,0.7516464767104589,0.8424447174447175,0.7484643734643734,0.8380591667519706,0.7514586958747057,"CRL
 ACC ,  C  ,  Rule
0.842 0.299 ['education_HS-grad && capital_gain_0']=>0
0.841 0.452 ['occupation_Blue-Collar && capital_gain_0']=>0
0.838 0.751 ['neg_marital_status_Married']=>0
0.810 1.000 ['neg_marital_status_Separated']=>1

"
0.0016681005372000592,0.004,0.8031393960075073,1.0,0.8092751842751843,1.0,0.8104207185996519,1.0,"CRL
 ACC ,  C  ,  Rule
0.842 0.299 ['education_HS-grad && capital_gain_0']=>0
0.841 0.452 ['occupation_Blue-Collar && capital_gain_0']=>0
0.838 0.751 ['neg_marital_status_Married']=>0
0.810 1.000 ['neg_marital_status_Separated']=>1

"
0.0016681005372000592,0.005,0.841972359665586,0.30438491724961614,0.8478705978705978,0.2985257985257985,0.8417442931722796,0.2988023339133995,"CRL
 ACC ,  C  ,  Rule
0.842 0.299 ['education_HS-grad && capital_gain_0']=>0
0.841 0.452 ['occupation_Blue-Collar && capital_gain_0']=>0
0.838 0.751 ['neg_marital_status_Married']=>0
0.810 1.000 ['neg_marital_status_Divorced']=>1

"
0.0016681005372000592,0.005,0.8412898822726497,0.45439344821702776,0.8473587223587223,0.4474815724815725,0.8407206469444161,0.45183744497901523,"CRL
 ACC ,  C  ,  Rule
0.842 0.299 ['education_HS-grad && capital_gain_0']=>0
0.841 0.452 ['occupation_Blue-Collar && capital_gain_0']=>0
0.838 0.751 ['neg_marital_status_Married']=>0
0.810 1.000 ['neg_marital_status_Divorced']=>1

"
0.0016681005372000592,0.005,0.8379457430472615,0.7516464767104589,0.8424447174447175,0.7484643734643734,0.8380591667519706,0.7514586958747057,"CRL
 ACC ,  C  ,  Rule
0.842 0.299 ['education_HS-grad && capital_gain_0']=>0
0.841 0.452 ['occupation_Blue-Collar && capital_gain_0']=>0
0.838 0.751 ['neg_marital_status_Married']=>0
0.810 1.000 ['neg_marital_status_Divorced']=>1

"
0.0016681005372000592,0.005,0.8031393960075073,1.0,0.8092751842751843,1.0,0.8104207185996519,1.0,"CRL
 ACC ,  C  ,  Rule
0.842 0.299 ['education_HS-grad && capital_gain_0']=>0
0.841 0.452 ['occupation_Blue-Collar && capital_gain_0']=>0
0.838 0.751 ['neg_marital_status_Married']=>0
0.810 1.000 ['neg_marital_status_Divorced']=>1

"
0.0016681005372000592,0.006,0.841972359665586,0.30438491724961614,0.8478705978705978,0.2985257985257985,0.8417442931722796,0.2988023339133995,"CRL
 ACC ,  C  ,  Rule
0.842 0.299 ['education_HS-grad && capital_gain_0']=>0
0.841 0.452 ['occupation_Blue-Collar && capital_gain_0']=>0
0.838 0.751 ['neg_marital_status_Married']=>0
0.810 1.000 ['neg_marital_status_Divorced']=>1

"
0.0016681005372000592,0.006,0.8412898822726497,0.45439344821702776,0.8473587223587223,0.4474815724815725,0.8407206469444161,0.45183744497901523,"CRL
 ACC ,  C  ,  Rule
0.842 0.299 ['education_HS-grad && capital_gain_0']=>0
0.841 0.452 ['occupation_Blue-Collar && capital_gain_0']=>0
0.838 0.751 ['neg_marital_status_Married']=>0
0.810 1.000 ['neg_marital_status_Divorced']=>1

"
0.0016681005372000592,0.006,0.8379457430472615,0.7516464767104589,0.8424447174447175,0.7484643734643734,0.8380591667519706,0.7514586958747057,"CRL
 ACC ,  C  ,  Rule
0.842 0.299 ['education_HS-grad && capital_gain_0']=>0
0.841 0.452 ['occupation_Blue-Collar && capital_gain_0']=>0
0.838 0.751 ['neg_marital_status_Married']=>0
0.810 1.000 ['neg_marital_status_Divorced']=>1

"
0.0016681005372000592,0.006,0.8031393960075073,1.0,0.8092751842751843,1.0,0.8104207185996519,1.0,"CRL
 ACC ,  C  ,  Rule
0.842 0.299 ['education_HS-grad && capital_gain_0']=>0
0.841 0.452 ['occupation_Blue-Collar && capital_gain_0']=>0
0.838 0.751 ['neg_marital_status_Married']=>0
0.810 1.000 ['neg_marital_status_Divorced']=>1

"
0.0016681005372000592,0.007,0.841972359665586,0.30438491724961614,0.8478705978705978,0.2985257985257985,0.8417442931722796,0.2988023339133995,"CRL
 ACC ,  C  ,  Rule
0.842 0.299 ['education_HS-grad && capital_gain_0']=>0
0.841 0.452 ['occupation_Blue-Collar && capital_gain_0']=>0
0.838 0.751 ['neg_marital_status_Married']=>0
0.810 1.000 ['neg_marital_status_Divorced']=>1

"
0.0016681005372000592,0.007,0.8412898822726497,0.45439344821702776,0.8473587223587223,0.4474815724815725,0.8407206469444161,0.45183744497901523,"CRL
 ACC ,  C  ,  Rule
0.842 0.299 ['education_HS-grad && capital_gain_0']=>0
0.841 0.452 ['occupation_Blue-Collar && capital_gain_0']=>0
0.838 0.751 ['neg_marital_status_Married']=>0
0.810 1.000 ['neg_marital_status_Divorced']=>1

"
0.0016681005372000592,0.007,0.8379457430472615,0.7516464767104589,0.8424447174447175,0.7484643734643734,0.8380591667519706,0.7514586958747057,"CRL
 ACC ,  C  ,  Rule
0.842 0.299 ['education_HS-grad && capital_gain_0']=>0
0.841 0.452 ['occupation_Blue-Collar && capital_gain_0']=>0
0.838 0.751 ['neg_marital_status_Married']=>0
0.810 1.000 ['neg_marital_status_Divorced']=>1

"
0.0016681005372000592,0.007,0.8031393960075073,1.0,0.8092751842751843,1.0,0.8104207185996519,1.0,"CRL
 ACC ,  C  ,  Rule
0.842 0.299 ['education_HS-grad && capital_gain_0']=>0
0.841 0.452 ['occupation_Blue-Collar && capital_gain_0']=>0
0.838 0.751 ['neg_marital_status_Married']=>0
0.810 1.000 ['neg_marital_status_Divorced']=>1

"
0.0016681005372000592,0.008,0.841972359665586,0.30438491724961614,0.8478705978705978,0.2985257985257985,0.8417442931722796,0.2988023339133995,"CRL
 ACC ,  C  ,  Rule
0.842 0.299 ['education_HS-grad && capital_gain_0']=>0
0.841 0.452 ['occupation_Blue-Collar && capital_gain_0']=>0
0.838 0.751 ['neg_marital_status_Married']=>0
0.810 1.000 ['marital_status_Married']=>1

"
0.0016681005372000592,0.008,0.8412898822726497,0.45439344821702776,0.8473587223587223,0.4474815724815725,0.8407206469444161,0.45183744497901523,"CRL
 ACC ,  C  ,  Rule
0.842 0.299 ['education_HS-grad && capital_gain_0']=>0
0.841 0.452 ['occupation_Blue-Collar && capital_gain_0']=>0
0.838 0.751 ['neg_marital_status_Married']=>0
0.810 1.000 ['marital_status_Married']=>1

"
0.0016681005372000592,0.008,0.8379457430472615,0.7516464767104589,0.8424447174447175,0.7484643734643734,0.8380591667519706,0.7514586958747057,"CRL
 ACC ,  C  ,  Rule
0.842 0.299 ['education_HS-grad && capital_gain_0']=>0
0.841 0.452 ['occupation_Blue-Collar && capital_gain_0']=>0
0.838 0.751 ['neg_marital_status_Married']=>0
0.810 1.000 ['marital_status_Married']=>1

"
0.0016681005372000592,0.008,0.8031393960075073,1.0,0.8092751842751843,1.0,0.8104207185996519,1.0,"CRL
 ACC ,  C  ,  Rule
0.842 0.299 ['education_HS-grad && capital_gain_0']=>0
0.841 0.452 ['occupation_Blue-Collar && capital_gain_0']=>0
0.838 0.751 ['neg_marital_status_Married']=>0
0.810 1.000 ['marital_status_Married']=>1

"
0.0016681005372000592,0.009000000000000001,0.841972359665586,0.30438491724961614,0.8478705978705978,0.2985257985257985,0.8417442931722796,0.2988023339133995,"CRL
 ACC ,  C  ,  Rule
0.842 0.299 ['education_HS-grad && capital_gain_0']=>0
0.841 0.452 ['occupation_Blue-Collar && capital_gain_0']=>0
0.838 0.751 ['neg_marital_status_Married']=>0
0.810 1.000 ['neg_marital_status_Separated']=>1

"
0.0016681005372000592,0.009000000000000001,0.8412898822726497,0.45439344821702776,0.8473587223587223,0.4474815724815725,0.8407206469444161,0.45183744497901523,"CRL
 ACC ,  C  ,  Rule
0.842 0.299 ['education_HS-grad && capital_gain_0']=>0
0.841 0.452 ['occupation_Blue-Collar && capital_gain_0']=>0
0.838 0.751 ['neg_marital_status_Married']=>0
0.810 1.000 ['neg_marital_status_Separated']=>1

"
0.0016681005372000592,0.009000000000000001,0.8379457430472615,0.7516464767104589,0.8424447174447175,0.7484643734643734,0.8380591667519706,0.7514586958747057,"CRL
 ACC ,  C  ,  Rule
0.842 0.299 ['education_HS-grad && capital_gain_0']=>0
0.841 0.452 ['occupation_Blue-Collar && capital_gain_0']=>0
0.838 0.751 ['neg_marital_status_Married']=>0
0.810 1.000 ['neg_marital_status_Separated']=>1

"
0.0016681005372000592,0.009000000000000001,0.8031393960075073,1.0,0.8092751842751843,1.0,0.8104207185996519,1.0,"CRL
 ACC ,  C  ,  Rule
0.842 0.299 ['education_HS-grad && capital_gain_0']=>0
0.841 0.452 ['occupation_Blue-Collar && capital_gain_0']=>0
0.838 0.751 ['neg_marital_status_Married']=>0
0.810 1.000 ['neg_marital_status_Separated']=>1

"
0.0016681005372000592,0.01,0.841972359665586,0.30438491724961614,0.8478705978705978,0.2985257985257985,0.8417442931722796,0.2988023339133995,"CRL
 ACC ,  C  ,  Rule
0.842 0.299 ['education_HS-grad && capital_gain_0']=>0
0.841 0.452 ['occupation_Blue-Collar && capital_gain_0']=>0
0.838 0.751 ['neg_marital_status_Married']=>0
0.810 1.000 ['neg_marital_status_Widowed']=>1

"
0.0016681005372000592,0.01,0.8412898822726497,0.45439344821702776,0.8473587223587223,0.4474815724815725,0.8407206469444161,0.45183744497901523,"CRL
 ACC ,  C  ,  Rule
0.842 0.299 ['education_HS-grad && capital_gain_0']=>0
0.841 0.452 ['occupation_Blue-Collar && capital_gain_0']=>0
0.838 0.751 ['neg_marital_status_Married']=>0
0.810 1.000 ['neg_marital_status_Widowed']=>1

"
0.0016681005372000592,0.01,0.8379457430472615,0.7516464767104589,0.8424447174447175,0.7484643734643734,0.8380591667519706,0.7514586958747057,"CRL
 ACC ,  C  ,  Rule
0.842 0.299 ['education_HS-grad && capital_gain_0']=>0
0.841 0.452 ['occupation_Blue-Collar && capital_gain_0']=>0
0.838 0.751 ['neg_marital_status_Married']=>0
0.810 1.000 ['neg_marital_status_Widowed']=>1

"
0.0016681005372000592,0.01,0.8031393960075073,1.0,0.8092751842751843,1.0,0.8104207185996519,1.0,"CRL
 ACC ,  C  ,  Rule
0.842 0.299 ['education_HS-grad && capital_gain_0']=>0
0.841 0.452 ['occupation_Blue-Collar && capital_gain_0']=>0
0.838 0.751 ['neg_marital_status_Married']=>0
0.810 1.000 ['neg_marital_status_Widowed']=>1

"
0.0027825594022071257,0.001,0.841972359665586,0.30438491724961614,0.8478705978705978,0.2985257985257985,0.8417442931722796,0.2988023339133995,"CRL
 ACC ,  C  ,  Rule
0.842 0.299 ['education_HS-grad && capital_gain_0']=>0
0.841 0.452 ['occupation_Blue-Collar && capital_gain_0']=>0
0.838 0.751 ['neg_marital_status_Married']=>0
0.810 1.000 ['neg_marital_status_Separated']=>1

"
0.0027825594022071257,0.001,0.8412898822726497,0.45439344821702776,0.8473587223587223,0.4474815724815725,0.8407206469444161,0.45183744497901523,"CRL
 ACC ,  C  ,  Rule
0.842 0.299 ['education_HS-grad && capital_gain_0']=>0
0.841 0.452 ['occupation_Blue-Collar && capital_gain_0']=>0
0.838 0.751 ['neg_marital_status_Married']=>0
0.810 1.000 ['neg_marital_status_Separated']=>1

"
0.0027825594022071257,0.001,0.8379457430472615,0.7516464767104589,0.8424447174447175,0.7484643734643734,0.8380591667519706,0.7514586958747057,"CRL
 ACC ,  C  ,  Rule
0.842 0.299 ['education_HS-grad && capital_gain_0']=>0
0.841 0.452 ['occupation_Blue-Collar && capital_gain_0']=>0
0.838 0.751 ['neg_marital_status_Married']=>0
0.810 1.000 ['neg_marital_status_Separated']=>1

"
0.0027825594022071257,0.001,0.8031393960075073,1.0,0.8092751842751843,1.0,0.8104207185996519,1.0,"CRL
 ACC ,  C  ,  Rule
0.842 0.299 ['education_HS-grad && capital_gain_0']=>0
0.841 0.452 ['occupation_Blue-Collar && capital_gain_0']=>0
0.838 0.751 ['neg_marital_status_Married']=>0
0.810 1.000 ['neg_marital_status_Separated']=>1

"
0.0027825594022071257,0.002,0.841972359665586,0.30438491724961614,0.8478705978705978,0.2985257985257985,0.8417442931722796,0.2988023339133995,"CRL
 ACC ,  C  ,  Rule
0.842 0.299 ['education_HS-grad && capital_gain_0']=>0
0.841 0.452 ['occupation_Blue-Collar && capital_gain_0']=>0
0.838 0.751 ['neg_marital_status_Married']=>0
0.810 1.000 ['neg_marital_status_Widowed']=>1

"
0.0027825594022071257,0.002,0.8412898822726497,0.45439344821702776,0.8473587223587223,0.4474815724815725,0.8407206469444161,0.45183744497901523,"CRL
 ACC ,  C  ,  Rule
0.842 0.299 ['education_HS-grad && capital_gain_0']=>0
0.841 0.452 ['occupation_Blue-Collar && capital_gain_0']=>0
0.838 0.751 ['neg_marital_status_Married']=>0
0.810 1.000 ['neg_marital_status_Widowed']=>1

"
0.0027825594022071257,0.002,0.8379457430472615,0.7516464767104589,0.8424447174447175,0.7484643734643734,0.8380591667519706,0.7514586958747057,"CRL
 ACC ,  C  ,  Rule
0.842 0.299 ['education_HS-grad && capital_gain_0']=>0
0.841 0.452 ['occupation_Blue-Collar && capital_gain_0']=>0
0.838 0.751 ['neg_marital_status_Married']=>0
0.810 1.000 ['neg_marital_status_Widowed']=>1

"
0.0027825594022071257,0.002,0.8031393960075073,1.0,0.8092751842751843,1.0,0.8104207185996519,1.0,"CRL
 ACC ,  C  ,  Rule
0.842 0.299 ['education_HS-grad && capital_gain_0']=>0
0.841 0.452 ['occupation_Blue-Collar && capital_gain_0']=>0
0.838 0.751 ['neg_marital_status_Married']=>0
0.810 1.000 ['neg_marital_status_Widowed']=>1

"
0.0027825594022071257,0.003,0.841972359665586,0.30438491724961614,0.8478705978705978,0.2985257985257985,0.8417442931722796,0.2988023339133995,"CRL
 ACC ,  C  ,  Rule
0.842 0.299 ['education_HS-grad && capital_gain_0']=>0
0.841 0.452 ['occupation_Blue-Collar && capital_gain_0']=>0
0.838 0.751 ['neg_marital_status_Married']=>0
0.810 1.000 ['neg_marital_status_Separated']=>1

"
0.0027825594022071257,0.003,0.8412898822726497,0.45439344821702776,0.8473587223587223,0.4474815724815725,0.8407206469444161,0.45183744497901523,"CRL
 ACC ,  C  ,  Rule
0.842 0.299 ['education_HS-grad && capital_gain_0']=>0
0.841 0.452 ['occupation_Blue-Collar && capital_gain_0']=>0
0.838 0.751 ['neg_marital_status_Married']=>0
0.810 1.000 ['neg_marital_status_Separated']=>1

"
0.0027825594022071257,0.003,0.8379457430472615,0.7516464767104589,0.8424447174447175,0.7484643734643734,0.8380591667519706,0.7514586958747057,"CRL
 ACC ,  C  ,  Rule
0.842 0.299 ['education_HS-grad && capital_gain_0']=>0
0.841 0.452 ['occupation_Blue-Collar && capital_gain_0']=>0
0.838 0.751 ['neg_marital_status_Married']=>0
0.810 1.000 ['neg_marital_status_Separated']=>1

"
0.0027825594022071257,0.003,0.8031393960075073,1.0,0.8092751842751843,1.0,0.8104207185996519,1.0,"CRL
 ACC ,  C  ,  Rule
0.842 0.299 ['education_HS-grad && capital_gain_0']=>0
0.841 0.452 ['occupation_Blue-Collar && capital_gain_0']=>0
0.838 0.751 ['neg_marital_status_Married']=>0
0.810 1.000 ['neg_marital_status_Separated']=>1

"
0.0027825594022071257,0.004,0.841972359665586,0.30438491724961614,0.8478705978705978,0.2985257985257985,0.8417442931722796,0.2988023339133995,"CRL
 ACC ,  C  ,  Rule
0.842 0.299 ['education_HS-grad && capital_gain_0']=>0
0.841 0.452 ['occupation_Blue-Collar && capital_gain_0']=>0
0.838 0.751 ['neg_marital_status_Married']=>0
0.810 1.000 ['neg_marital_status_Separated']=>1

"
0.0027825594022071257,0.004,0.8412898822726497,0.45439344821702776,0.8473587223587223,0.4474815724815725,0.8407206469444161,0.45183744497901523,"CRL
 ACC ,  C  ,  Rule
0.842 0.299 ['education_HS-grad && capital_gain_0']=>0
0.841 0.452 ['occupation_Blue-Collar && capital_gain_0']=>0
0.838 0.751 ['neg_marital_status_Married']=>0
0.810 1.000 ['neg_marital_status_Separated']=>1

"
0.0027825594022071257,0.004,0.8379457430472615,0.7516464767104589,0.8424447174447175,0.7484643734643734,0.8380591667519706,0.7514586958747057,"CRL
 ACC ,  C  ,  Rule
0.842 0.299 ['education_HS-grad && capital_gain_0']=>0
0.841 0.452 ['occupation_Blue-Collar && capital_gain_0']=>0
0.838 0.751 ['neg_marital_status_Married']=>0
0.810 1.000 ['neg_marital_status_Separated']=>1

"
0.0027825594022071257,0.004,0.8031393960075073,1.0,0.8092751842751843,1.0,0.8104207185996519,1.0,"CRL
 ACC ,  C  ,  Rule
0.842 0.299 ['education_HS-grad && capital_gain_0']=>0
0.841 0.452 ['occupation_Blue-Collar && capital_gain_0']=>0
0.838 0.751 ['neg_marital_status_Married']=>0
0.810 1.000 ['neg_marital_status_Separated']=>1

"
0.0027825594022071257,0.005,0.841972359665586,0.30438491724961614,0.8478705978705978,0.2985257985257985,0.8417442931722796,0.2988023339133995,"CRL
 ACC ,  C  ,  Rule
0.842 0.299 ['education_HS-grad && capital_gain_0']=>0
0.841 0.452 ['occupation_Blue-Collar && capital_gain_0']=>0
0.838 0.751 ['neg_marital_status_Married']=>0
0.810 1.000 ['neg_marital_status_Separated']=>1

"
0.0027825594022071257,0.005,0.8412898822726497,0.45439344821702776,0.8473587223587223,0.4474815724815725,0.8407206469444161,0.45183744497901523,"CRL
 ACC ,  C  ,  Rule
0.842 0.299 ['education_HS-grad && capital_gain_0']=>0
0.841 0.452 ['occupation_Blue-Collar && capital_gain_0']=>0
0.838 0.751 ['neg_marital_status_Married']=>0
0.810 1.000 ['neg_marital_status_Separated']=>1

"
0.0027825594022071257,0.005,0.8379457430472615,0.7516464767104589,0.8424447174447175,0.7484643734643734,0.8380591667519706,0.7514586958747057,"CRL
 ACC ,  C  ,  Rule
0.842 0.299 ['education_HS-grad && capital_gain_0']=>0
0.841 0.452 ['occupation_Blue-Collar && capital_gain_0']=>0
0.838 0.751 ['neg_marital_status_Married']=>0
0.810 1.000 ['neg_marital_status_Separated']=>1

"
0.0027825594022071257,0.005,0.8031393960075073,1.0,0.8092751842751843,1.0,0.8104207185996519,1.0,"CRL
 ACC ,  C  ,  Rule
0.842 0.299 ['education_HS-grad && capital_gain_0']=>0
0.841 0.452 ['occupation_Blue-Collar && capital_gain_0']=>0
0.838 0.751 ['neg_marital_status_Married']=>0
0.810 1.000 ['neg_marital_status_Separated']=>1

"
0.0027825594022071257,0.006,0.841972359665586,0.30438491724961614,0.8478705978705978,0.2985257985257985,0.8417442931722796,0.2988023339133995,"CRL
 ACC ,  C  ,  Rule
0.842 0.299 ['education_HS-grad && capital_gain_0']=>0
0.841 0.452 ['occupation_Blue-Collar && capital_gain_0']=>0
0.838 0.751 ['neg_marital_status_Married']=>0
0.810 1.000 ['neg_marital_status_Widowed']=>1

"
0.0027825594022071257,0.006,0.8412898822726497,0.45439344821702776,0.8473587223587223,0.4474815724815725,0.8407206469444161,0.45183744497901523,"CRL
 ACC ,  C  ,  Rule
0.842 0.299 ['education_HS-grad && capital_gain_0']=>0
0.841 0.452 ['occupation_Blue-Collar && capital_gain_0']=>0
0.838 0.751 ['neg_marital_status_Married']=>0
0.810 1.000 ['neg_marital_status_Widowed']=>1

"
0.0027825594022071257,0.006,0.8379457430472615,0.7516464767104589,0.8424447174447175,0.7484643734643734,0.8380591667519706,0.7514586958747057,"CRL
 ACC ,  C  ,  Rule
0.842 0.299 ['education_HS-grad && capital_gain_0']=>0
0.841 0.452 ['occupation_Blue-Collar && capital_gain_0']=>0
0.838 0.751 ['neg_marital_status_Married']=>0
0.810 1.000 ['neg_marital_status_Widowed']=>1

"
0.0027825594022071257,0.006,0.8031393960075073,1.0,0.8092751842751843,1.0,0.8104207185996519,1.0,"CRL
 ACC ,  C  ,  Rule
0.842 0.299 ['education_HS-grad && capital_gain_0']=>0
0.841 0.452 ['occupation_Blue-Collar && capital_gain_0']=>0
0.838 0.751 ['neg_marital_status_Married']=>0
0.810 1.000 ['neg_marital_status_Widowed']=>1

"
0.0027825594022071257,0.007,0.841972359665586,0.30438491724961614,0.8478705978705978,0.2985257985257985,0.8417442931722796,0.2988023339133995,"CRL
 ACC ,  C  ,  Rule
0.842 0.299 ['education_HS-grad && capital_gain_0']=>0
0.841 0.452 ['occupation_Blue-Collar && capital_gain_0']=>0
0.838 0.751 ['neg_marital_status_Married']=>0
0.810 1.000 ['neg_marital_status_Divorced']=>1

"
0.0027825594022071257,0.007,0.8412898822726497,0.45439344821702776,0.8473587223587223,0.4474815724815725,0.8407206469444161,0.45183744497901523,"CRL
 ACC ,  C  ,  Rule
0.842 0.299 ['education_HS-grad && capital_gain_0']=>0
0.841 0.452 ['occupation_Blue-Collar && capital_gain_0']=>0
0.838 0.751 ['neg_marital_status_Married']=>0
0.810 1.000 ['neg_marital_status_Divorced']=>1

"
0.0027825594022071257,0.007,0.8379457430472615,0.7516464767104589,0.8424447174447175,0.7484643734643734,0.8380591667519706,0.7514586958747057,"CRL
 ACC ,  C  ,  Rule
0.842 0.299 ['education_HS-grad && capital_gain_0']=>0
0.841 0.452 ['occupation_Blue-Collar && capital_gain_0']=>0
0.838 0.751 ['neg_marital_status_Married']=>0
0.810 1.000 ['neg_marital_status_Divorced']=>1

"
0.0027825594022071257,0.007,0.8031393960075073,1.0,0.8092751842751843,1.0,0.8104207185996519,1.0,"CRL
 ACC ,  C  ,  Rule
0.842 0.299 ['education_HS-grad && capital_gain_0']=>0
0.841 0.452 ['occupation_Blue-Collar && capital_gain_0']=>0
0.838 0.751 ['neg_marital_status_Married']=>0
0.810 1.000 ['neg_marital_status_Divorced']=>1

"
0.0027825594022071257,0.008,0.841972359665586,0.30438491724961614,0.8478705978705978,0.2985257985257985,0.8417442931722796,0.2988023339133995,"CRL
 ACC ,  C  ,  Rule
0.842 0.299 ['education_HS-grad && capital_gain_0']=>0
0.841 0.452 ['occupation_Blue-Collar && capital_gain_0']=>0
0.838 0.751 ['neg_marital_status_Married']=>0
0.810 1.000 ['neg_marital_status_Divorced']=>1

"
0.0027825594022071257,0.008,0.8412898822726497,0.45439344821702776,0.8473587223587223,0.4474815724815725,0.8407206469444161,0.45183744497901523,"CRL
 ACC ,  C  ,  Rule
0.842 0.299 ['education_HS-grad && capital_gain_0']=>0
0.841 0.452 ['occupation_Blue-Collar && capital_gain_0']=>0
0.838 0.751 ['neg_marital_status_Married']=>0
0.810 1.000 ['neg_marital_status_Divorced']=>1

"
0.0027825594022071257,0.008,0.8379457430472615,0.7516464767104589,0.8424447174447175,0.7484643734643734,0.8380591667519706,0.7514586958747057,"CRL
 ACC ,  C  ,  Rule
0.842 0.299 ['education_HS-grad && capital_gain_0']=>0
0.841 0.452 ['occupation_Blue-Collar && capital_gain_0']=>0
0.838 0.751 ['neg_marital_status_Married']=>0
0.810 1.000 ['neg_marital_status_Divorced']=>1

"
0.0027825594022071257,0.008,0.8031393960075073,1.0,0.8092751842751843,1.0,0.8104207185996519,1.0,"CRL
 ACC ,  C  ,  Rule
0.842 0.299 ['education_HS-grad && capital_gain_0']=>0
0.841 0.452 ['occupation_Blue-Collar && capital_gain_0']=>0
0.838 0.751 ['neg_marital_status_Married']=>0
0.810 1.000 ['neg_marital_status_Divorced']=>1

"
0.0027825594022071257,0.009000000000000001,0.841972359665586,0.30438491724961614,0.8478705978705978,0.2985257985257985,0.8417442931722796,0.2988023339133995,"CRL
 ACC ,  C  ,  Rule
0.842 0.299 ['education_HS-grad && capital_gain_0']=>0
0.841 0.452 ['occupation_Blue-Collar && capital_gain_0']=>0
0.838 0.751 ['neg_marital_status_Married']=>0
0.810 1.000 ['neg_marital_status_Divorced']=>1

"
0.0027825594022071257,0.009000000000000001,0.8412898822726497,0.45439344821702776,0.8473587223587223,0.4474815724815725,0.8407206469444161,0.45183744497901523,"CRL
 ACC ,  C  ,  Rule
0.842 0.299 ['education_HS-grad && capital_gain_0']=>0
0.841 0.452 ['occupation_Blue-Collar && capital_gain_0']=>0
0.838 0.751 ['neg_marital_status_Married']=>0
0.810 1.000 ['neg_marital_status_Divorced']=>1

"
0.0027825594022071257,0.009000000000000001,0.8379457430472615,0.7516464767104589,0.8424447174447175,0.7484643734643734,0.8380591667519706,0.7514586958747057,"CRL
 ACC ,  C  ,  Rule
0.842 0.299 ['education_HS-grad && capital_gain_0']=>0
0.841 0.452 ['occupation_Blue-Collar && capital_gain_0']=>0
0.838 0.751 ['neg_marital_status_Married']=>0
0.810 1.000 ['neg_marital_status_Divorced']=>1

"
0.0027825594022071257,0.009000000000000001,0.8031393960075073,1.0,0.8092751842751843,1.0,0.8104207185996519,1.0,"CRL
 ACC ,  C  ,  Rule
0.842 0.299 ['education_HS-grad && capital_gain_0']=>0
0.841 0.452 ['occupation_Blue-Collar && capital_gain_0']=>0
0.838 0.751 ['neg_marital_status_Married']=>0
0.810 1.000 ['neg_marital_status_Divorced']=>1

"
0.0027825594022071257,0.01,0.841972359665586,0.30438491724961614,0.8478705978705978,0.2985257985257985,0.8417442931722796,0.2988023339133995,"CRL
 ACC ,  C  ,  Rule
0.842 0.299 ['education_HS-grad && capital_gain_0']=>0
0.841 0.452 ['occupation_Blue-Collar && capital_gain_0']=>0
0.838 0.751 ['neg_marital_status_Married']=>0
0.810 1.000 ['neg_marital_status_Widowed']=>1

"
0.0027825594022071257,0.01,0.8412898822726497,0.45439344821702776,0.8473587223587223,0.4474815724815725,0.8407206469444161,0.45183744497901523,"CRL
 ACC ,  C  ,  Rule
0.842 0.299 ['education_HS-grad && capital_gain_0']=>0
0.841 0.452 ['occupation_Blue-Collar && capital_gain_0']=>0
0.838 0.751 ['neg_marital_status_Married']=>0
0.810 1.000 ['neg_marital_status_Widowed']=>1

"
0.0027825594022071257,0.01,0.8379457430472615,0.7516464767104589,0.8424447174447175,0.7484643734643734,0.8380591667519706,0.7514586958747057,"CRL
 ACC ,  C  ,  Rule
0.842 0.299 ['education_HS-grad && capital_gain_0']=>0
0.841 0.452 ['occupation_Blue-Collar && capital_gain_0']=>0
0.838 0.751 ['neg_marital_status_Married']=>0
0.810 1.000 ['neg_marital_status_Widowed']=>1

"
0.0027825594022071257,0.01,0.8031393960075073,1.0,0.8092751842751843,1.0,0.8104207185996519,1.0,"CRL
 ACC ,  C  ,  Rule
0.842 0.299 ['education_HS-grad && capital_gain_0']=>0
0.841 0.452 ['occupation_Blue-Collar && capital_gain_0']=>0
0.838 0.751 ['neg_marital_status_Married']=>0
0.810 1.000 ['neg_marital_status_Widowed']=>1

"
0.004641588833612777,0.001,0.841972359665586,0.30438491724961614,0.8478705978705978,0.2985257985257985,0.8417442931722796,0.2988023339133995,"CRL
 ACC ,  C  ,  Rule
0.842 0.299 ['education_HS-grad && capital_gain_0']=>0
0.841 0.452 ['occupation_Blue-Collar && capital_gain_0']=>0
0.838 0.751 ['neg_marital_status_Married']=>0
0.810 1.000 ['neg_marital_status_Divorced']=>1

"
0.004641588833612777,0.001,0.8412898822726497,0.45439344821702776,0.8473587223587223,0.4474815724815725,0.8407206469444161,0.45183744497901523,"CRL
 ACC ,  C  ,  Rule
0.842 0.299 ['education_HS-grad && capital_gain_0']=>0
0.841 0.452 ['occupation_Blue-Collar && capital_gain_0']=>0
0.838 0.751 ['neg_marital_status_Married']=>0
0.810 1.000 ['neg_marital_status_Divorced']=>1

"
0.004641588833612777,0.001,0.8379457430472615,0.7516464767104589,0.8424447174447175,0.7484643734643734,0.8380591667519706,0.7514586958747057,"CRL
 ACC ,  C  ,  Rule
0.842 0.299 ['education_HS-grad && capital_gain_0']=>0
0.841 0.452 ['occupation_Blue-Collar && capital_gain_0']=>0
0.838 0.751 ['neg_marital_status_Married']=>0
0.810 1.000 ['neg_marital_status_Divorced']=>1

"
0.004641588833612777,0.001,0.8031393960075073,1.0,0.8092751842751843,1.0,0.8104207185996519,1.0,"CRL
 ACC ,  C  ,  Rule
0.842 0.299 ['education_HS-grad && capital_gain_0']=>0
0.841 0.452 ['occupation_Blue-Collar && capital_gain_0']=>0
0.838 0.751 ['neg_marital_status_Married']=>0
0.810 1.000 ['neg_marital_status_Divorced']=>1

"
0.004641588833612777,0.002,0.841972359665586,0.30438491724961614,0.8478705978705978,0.2985257985257985,0.8417442931722796,0.2988023339133995,"CRL
 ACC ,  C  ,  Rule
0.842 0.299 ['education_HS-grad && capital_gain_0']=>0
0.841 0.452 ['occupation_Blue-Collar && capital_gain_0']=>0
0.838 0.751 ['neg_marital_status_Married']=>0
0.810 1.000 ['neg_marital_status_Divorced']=>1

"
0.004641588833612777,0.002,0.8412898822726497,0.45439344821702776,0.8473587223587223,0.4474815724815725,0.8407206469444161,0.45183744497901523,"CRL
 ACC ,  C  ,  Rule
0.842 0.299 ['education_HS-grad && capital_gain_0']=>0
0.841 0.452 ['occupation_Blue-Collar && capital_gain_0']=>0
0.838 0.751 ['neg_marital_status_Married']=>0
0.810 1.000 ['neg_marital_status_Divorced']=>1

"
0.004641588833612777,0.002,0.8379457430472615,0.7516464767104589,0.8424447174447175,0.7484643734643734,0.8380591667519706,0.7514586958747057,"CRL
 ACC ,  C  ,  Rule
0.842 0.299 ['education_HS-grad && capital_gain_0']=>0
0.841 0.452 ['occupation_Blue-Collar && capital_gain_0']=>0
0.838 0.751 ['neg_marital_status_Married']=>0
0.810 1.000 ['neg_marital_status_Divorced']=>1

"
0.004641588833612777,0.002,0.8031393960075073,1.0,0.8092751842751843,1.0,0.8104207185996519,1.0,"CRL
 ACC ,  C  ,  Rule
0.842 0.299 ['education_HS-grad && capital_gain_0']=>0
0.841 0.452 ['occupation_Blue-Collar && capital_gain_0']=>0
0.838 0.751 ['neg_marital_status_Married']=>0
0.810 1.000 ['neg_marital_status_Divorced']=>1

"
0.004641588833612777,0.003,0.841972359665586,0.30438491724961614,0.8478705978705978,0.2985257985257985,0.8417442931722796,0.2988023339133995,"CRL
 ACC ,  C  ,  Rule
0.842 0.299 ['education_HS-grad && capital_gain_0']=>0
0.841 0.452 ['occupation_Blue-Collar && capital_gain_0']=>0
0.838 0.751 ['neg_marital_status_Married']=>0
0.810 1.000 ['neg_marital_status_Divorced']=>1

"
0.004641588833612777,0.003,0.8412898822726497,0.45439344821702776,0.8473587223587223,0.4474815724815725,0.8407206469444161,0.45183744497901523,"CRL
 ACC ,  C  ,  Rule
0.842 0.299 ['education_HS-grad && capital_gain_0']=>0
0.841 0.452 ['occupation_Blue-Collar && capital_gain_0']=>0
0.838 0.751 ['neg_marital_status_Married']=>0
0.810 1.000 ['neg_marital_status_Divorced']=>1

"
0.004641588833612777,0.003,0.8379457430472615,0.7516464767104589,0.8424447174447175,0.7484643734643734,0.8380591667519706,0.7514586958747057,"CRL
 ACC ,  C  ,  Rule
0.842 0.299 ['education_HS-grad && capital_gain_0']=>0
0.841 0.452 ['occupation_Blue-Collar && capital_gain_0']=>0
0.838 0.751 ['neg_marital_status_Married']=>0
0.810 1.000 ['neg_marital_status_Divorced']=>1

"
0.004641588833612777,0.003,0.8031393960075073,1.0,0.8092751842751843,1.0,0.8104207185996519,1.0,"CRL
 ACC ,  C  ,  Rule
0.842 0.299 ['education_HS-grad && capital_gain_0']=>0
0.841 0.452 ['occupation_Blue-Collar && capital_gain_0']=>0
0.838 0.751 ['neg_marital_status_Married']=>0
0.810 1.000 ['neg_marital_status_Divorced']=>1

"
0.004641588833612777,0.004,0.841972359665586,0.30438491724961614,0.8478705978705978,0.2985257985257985,0.8417442931722796,0.2988023339133995,"CRL
 ACC ,  C  ,  Rule
0.842 0.299 ['education_HS-grad && capital_gain_0']=>0
0.841 0.452 ['occupation_Blue-Collar && capital_gain_0']=>0
0.838 0.751 ['neg_marital_status_Married']=>0
0.810 1.000 ['neg_marital_status_Single']=>1

"
0.004641588833612777,0.004,0.8412898822726497,0.45439344821702776,0.8473587223587223,0.4474815724815725,0.8407206469444161,0.45183744497901523,"CRL
 ACC ,  C  ,  Rule
0.842 0.299 ['education_HS-grad && capital_gain_0']=>0
0.841 0.452 ['occupation_Blue-Collar && capital_gain_0']=>0
0.838 0.751 ['neg_marital_status_Married']=>0
0.810 1.000 ['neg_marital_status_Single']=>1

"
0.004641588833612777,0.004,0.8379457430472615,0.7516464767104589,0.8424447174447175,0.7484643734643734,0.8380591667519706,0.7514586958747057,"CRL
 ACC ,  C  ,  Rule
0.842 0.299 ['education_HS-grad && capital_gain_0']=>0
0.841 0.452 ['occupation_Blue-Collar && capital_gain_0']=>0
0.838 0.751 ['neg_marital_status_Married']=>0
0.810 1.000 ['neg_marital_status_Single']=>1

"
0.004641588833612777,0.004,0.8031393960075073,1.0,0.8092751842751843,1.0,0.8104207185996519,1.0,"CRL
 ACC ,  C  ,  Rule
0.842 0.299 ['education_HS-grad && capital_gain_0']=>0
0.841 0.452 ['occupation_Blue-Collar && capital_gain_0']=>0
0.838 0.751 ['neg_marital_status_Married']=>0
0.810 1.000 ['neg_marital_status_Single']=>1

"
0.004641588833612777,0.005,0.841972359665586,0.30438491724961614,0.8478705978705978,0.2985257985257985,0.8417442931722796,0.2988023339133995,"CRL
 ACC ,  C  ,  Rule
0.842 0.299 ['education_HS-grad && capital_gain_0']=>0
0.841 0.452 ['occupation_Blue-Collar && capital_gain_0']=>0
0.838 0.751 ['neg_marital_status_Married']=>0
0.810 1.000 ['neg_marital_status_Divorced']=>1

"
0.004641588833612777,0.005,0.8412898822726497,0.45439344821702776,0.8473587223587223,0.4474815724815725,0.8407206469444161,0.45183744497901523,"CRL
 ACC ,  C  ,  Rule
0.842 0.299 ['education_HS-grad && capital_gain_0']=>0
0.841 0.452 ['occupation_Blue-Collar && capital_gain_0']=>0
0.838 0.751 ['neg_marital_status_Married']=>0
0.810 1.000 ['neg_marital_status_Divorced']=>1

"
0.004641588833612777,0.005,0.8379457430472615,0.7516464767104589,0.8424447174447175,0.7484643734643734,0.8380591667519706,0.7514586958747057,"CRL
 ACC ,  C  ,  Rule
0.842 0.299 ['education_HS-grad && capital_gain_0']=>0
0.841 0.452 ['occupation_Blue-Collar && capital_gain_0']=>0
0.838 0.751 ['neg_marital_status_Married']=>0
0.810 1.000 ['neg_marital_status_Divorced']=>1

"
0.004641588833612777,0.005,0.8031393960075073,1.0,0.8092751842751843,1.0,0.8104207185996519,1.0,"CRL
 ACC ,  C  ,  Rule
0.842 0.299 ['education_HS-grad && capital_gain_0']=>0
0.841 0.452 ['occupation_Blue-Collar && capital_gain_0']=>0
0.838 0.751 ['neg_marital_status_Married']=>0
0.810 1.000 ['neg_marital_status_Divorced']=>1

"
0.004641588833612777,0.006,0.841972359665586,0.30438491724961614,0.8478705978705978,0.2985257985257985,0.8417442931722796,0.2988023339133995,"CRL
 ACC ,  C  ,  Rule
0.842 0.299 ['education_HS-grad && capital_gain_0']=>0
0.841 0.452 ['occupation_Blue-Collar && capital_gain_0']=>0
0.838 0.751 ['neg_marital_status_Married']=>0
0.810 1.000 ['neg_marital_status_Divorced']=>1

"
0.004641588833612777,0.006,0.8412898822726497,0.45439344821702776,0.8473587223587223,0.4474815724815725,0.8407206469444161,0.45183744497901523,"CRL
 ACC ,  C  ,  Rule
0.842 0.299 ['education_HS-grad && capital_gain_0']=>0
0.841 0.452 ['occupation_Blue-Collar && capital_gain_0']=>0
0.838 0.751 ['neg_marital_status_Married']=>0
0.810 1.000 ['neg_marital_status_Divorced']=>1

"
0.004641588833612777,0.006,0.8379457430472615,0.7516464767104589,0.8424447174447175,0.7484643734643734,0.8380591667519706,0.7514586958747057,"CRL
 ACC ,  C  ,  Rule
0.842 0.299 ['education_HS-grad && capital_gain_0']=>0
0.841 0.452 ['occupation_Blue-Collar && capital_gain_0']=>0
0.838 0.751 ['neg_marital_status_Married']=>0
0.810 1.000 ['neg_marital_status_Divorced']=>1

"
0.004641588833612777,0.006,0.8031393960075073,1.0,0.8092751842751843,1.0,0.8104207185996519,1.0,"CRL
 ACC ,  C  ,  Rule
0.842 0.299 ['education_HS-grad && capital_gain_0']=>0
0.841 0.452 ['occupation_Blue-Collar && capital_gain_0']=>0
0.838 0.751 ['neg_marital_status_Married']=>0
0.810 1.000 ['neg_marital_status_Divorced']=>1

"
0.004641588833612777,0.007,0.841972359665586,0.30438491724961614,0.8478705978705978,0.2985257985257985,0.8417442931722796,0.2988023339133995,"CRL
 ACC ,  C  ,  Rule
0.842 0.299 ['education_HS-grad && capital_gain_0']=>0
0.841 0.452 ['occupation_Blue-Collar && capital_gain_0']=>0
0.838 0.751 ['neg_marital_status_Married']=>0
0.810 1.000 ['neg_marital_status_Widowed']=>1

"
0.004641588833612777,0.007,0.8412898822726497,0.45439344821702776,0.8473587223587223,0.4474815724815725,0.8407206469444161,0.45183744497901523,"CRL
 ACC ,  C  ,  Rule
0.842 0.299 ['education_HS-grad && capital_gain_0']=>0
0.841 0.452 ['occupation_Blue-Collar && capital_gain_0']=>0
0.838 0.751 ['neg_marital_status_Married']=>0
0.810 1.000 ['neg_marital_status_Widowed']=>1

"
0.004641588833612777,0.007,0.8379457430472615,0.7516464767104589,0.8424447174447175,0.7484643734643734,0.8380591667519706,0.7514586958747057,"CRL
 ACC ,  C  ,  Rule
0.842 0.299 ['education_HS-grad && capital_gain_0']=>0
0.841 0.452 ['occupation_Blue-Collar && capital_gain_0']=>0
0.838 0.751 ['neg_marital_status_Married']=>0
0.810 1.000 ['neg_marital_status_Widowed']=>1

"
0.004641588833612777,0.007,0.8031393960075073,1.0,0.8092751842751843,1.0,0.8104207185996519,1.0,"CRL
 ACC ,  C  ,  Rule
0.842 0.299 ['education_HS-grad && capital_gain_0']=>0
0.841 0.452 ['occupation_Blue-Collar && capital_gain_0']=>0
0.838 0.751 ['neg_marital_status_Married']=>0
0.810 1.000 ['neg_marital_status_Widowed']=>1

"
0.004641588833612777,0.008,0.841972359665586,0.30438491724961614,0.8478705978705978,0.2985257985257985,0.8417442931722796,0.2988023339133995,"CRL
 ACC ,  C  ,  Rule
0.842 0.299 ['education_HS-grad && capital_gain_0']=>0
0.841 0.452 ['occupation_Blue-Collar && capital_gain_0']=>0
0.838 0.751 ['neg_marital_status_Married']=>0
0.810 1.000 ['neg_marital_status_Single']=>1

"
0.004641588833612777,0.008,0.8412898822726497,0.45439344821702776,0.8473587223587223,0.4474815724815725,0.8407206469444161,0.45183744497901523,"CRL
 ACC ,  C  ,  Rule
0.842 0.299 ['education_HS-grad && capital_gain_0']=>0
0.841 0.452 ['occupation_Blue-Collar && capital_gain_0']=>0
0.838 0.751 ['neg_marital_status_Married']=>0
0.810 1.000 ['neg_marital_status_Single']=>1

"
0.004641588833612777,0.008,0.8379457430472615,0.7516464767104589,0.8424447174447175,0.7484643734643734,0.8380591667519706,0.7514586958747057,"CRL
 ACC ,  C  ,  Rule
0.842 0.299 ['education_HS-grad && capital_gain_0']=>0
0.841 0.452 ['occupation_Blue-Collar && capital_gain_0']=>0
0.838 0.751 ['neg_marital_status_Married']=>0
0.810 1.000 ['neg_marital_status_Single']=>1

"
0.004641588833612777,0.008,0.8031393960075073,1.0,0.8092751842751843,1.0,0.8104207185996519,1.0,"CRL
 ACC ,  C  ,  Rule
0.842 0.299 ['education_HS-grad && capital_gain_0']=>0
0.841 0.452 ['occupation_Blue-Collar && capital_gain_0']=>0
0.838 0.751 ['neg_marital_status_Married']=>0
0.810 1.000 ['neg_marital_status_Single']=>1

"
0.004641588833612777,0.009000000000000001,0.841972359665586,0.30438491724961614,0.8478705978705978,0.2985257985257985,0.8417442931722796,0.2988023339133995,"CRL
 ACC ,  C  ,  Rule
0.842 0.299 ['education_HS-grad && capital_gain_0']=>0
0.841 0.452 ['occupation_Blue-Collar && capital_gain_0']=>0
0.838 0.751 ['neg_marital_status_Married']=>0
0.810 1.000 ['neg_marital_status_Divorced']=>1

"
0.004641588833612777,0.009000000000000001,0.8412898822726497,0.45439344821702776,0.8473587223587223,0.4474815724815725,0.8407206469444161,0.45183744497901523,"CRL
 ACC ,  C  ,  Rule
0.842 0.299 ['education_HS-grad && capital_gain_0']=>0
0.841 0.452 ['occupation_Blue-Collar && capital_gain_0']=>0
0.838 0.751 ['neg_marital_status_Married']=>0
0.810 1.000 ['neg_marital_status_Divorced']=>1

"
0.004641588833612777,0.009000000000000001,0.8379457430472615,0.7516464767104589,0.8424447174447175,0.7484643734643734,0.8380591667519706,0.7514586958747057,"CRL
 ACC ,  C  ,  Rule
0.842 0.299 ['education_HS-grad && capital_gain_0']=>0
0.841 0.452 ['occupation_Blue-Collar && capital_gain_0']=>0
0.838 0.751 ['neg_marital_status_Married']=>0
0.810 1.000 ['neg_marital_status_Divorced']=>1

"
0.004641588833612777,0.009000000000000001,0.8031393960075073,1.0,0.8092751842751843,1.0,0.8104207185996519,1.0,"CRL
 ACC ,  C  ,  Rule
0.842 0.299 ['education_HS-grad && capital_gain_0']=>0
0.841 0.452 ['occupation_Blue-Collar && capital_gain_0']=>0
0.838 0.751 ['neg_marital_status_Married']=>0
0.810 1.000 ['neg_marital_status_Divorced']=>1

"
0.004641588833612777,0.01,0.841972359665586,0.30438491724961614,0.8478705978705978,0.2985257985257985,0.8417442931722796,0.2988023339133995,"CRL
 ACC ,  C  ,  Rule
0.842 0.299 ['education_HS-grad && capital_gain_0']=>0
0.841 0.452 ['occupation_Blue-Collar && capital_gain_0']=>0
0.838 0.751 ['neg_marital_status_Married']=>0
0.810 1.000 ['neg_marital_status_Single']=>1

"
0.004641588833612777,0.01,0.8412898822726497,0.45439344821702776,0.8473587223587223,0.4474815724815725,0.8407206469444161,0.45183744497901523,"CRL
 ACC ,  C  ,  Rule
0.842 0.299 ['education_HS-grad && capital_gain_0']=>0
0.841 0.452 ['occupation_Blue-Collar && capital_gain_0']=>0
0.838 0.751 ['neg_marital_status_Married']=>0
0.810 1.000 ['neg_marital_status_Single']=>1

"
0.004641588833612777,0.01,0.8379457430472615,0.7516464767104589,0.8424447174447175,0.7484643734643734,0.8380591667519706,0.7514586958747057,"CRL
 ACC ,  C  ,  Rule
0.842 0.299 ['education_HS-grad && capital_gain_0']=>0
0.841 0.452 ['occupation_Blue-Collar && capital_gain_0']=>0
0.838 0.751 ['neg_marital_status_Married']=>0
0.810 1.000 ['neg_marital_status_Single']=>1

"
0.004641588833612777,0.01,0.8031393960075073,1.0,0.8092751842751843,1.0,0.8104207185996519,1.0,"CRL
 ACC ,  C  ,  Rule
0.842 0.299 ['education_HS-grad && capital_gain_0']=>0
0.841 0.452 ['occupation_Blue-Collar && capital_gain_0']=>0
0.838 0.751 ['neg_marital_status_Married']=>0
0.810 1.000 ['neg_marital_status_Single']=>1

"
0.007742636826811269,0.001,0.8420064835352329,0.28664050503327076,0.8495085995085995,0.2853194103194103,0.8415395639267069,0.2912273518272085,"CRL
 ACC ,  C  ,  Rule
0.842 0.291 ['occupation_Blue-Collar && capital_gain_0']=>0
0.829 0.743 ['neg_relationship_Husband']=>0
0.794 1.000 ['neg_relationship_Not-in-family']=>1

"
0.007742636826811269,0.001,0.8295853949837911,0.7472786213956663,0.8352784602784603,0.74498361998362,0.8292558091923431,0.7431671614290101,"CRL
 ACC ,  C  ,  Rule
0.842 0.291 ['occupation_Blue-Collar && capital_gain_0']=>0
0.829 0.743 ['neg_relationship_Husband']=>0
0.794 1.000 ['neg_relationship_Not-in-family']=>1

"
0.007742636826811269,0.001,0.7910595461525337,1.0,0.7984234234234234,1.0,0.7941447435766199,1.0,"CRL
 ACC ,  C  ,  Rule
0.842 0.291 ['occupation_Blue-Collar && capital_gain_0']=>0
0.829 0.743 ['neg_relationship_Husband']=>0
0.794 1.000 ['neg_relationship_Not-in-family']=>1

"
0.007742636826811269,0.002,0.8420064835352329,0.28664050503327076,0.8495085995085995,0.2853194103194103,0.8415395639267069,0.2912273518272085,"CRL
 ACC ,  C  ,  Rule
0.842 0.291 ['occupation_Blue-Collar && capital_gain_0']=>0
0.829 0.743 ['neg_relationship_Husband']=>0
0.794 1.000 ['neg_relationship_Not-in-family']=>1

"
0.007742636826811269,0.002,0.8295853949837911,0.7472786213956663,0.8352784602784603,0.74498361998362,0.8292558091923431,0.7431671614290101,"CRL
 ACC ,  C  ,  Rule
0.842 0.291 ['occupation_Blue-Collar && capital_gain_0']=>0
0.829 0.743 ['neg_relationship_Husband']=>0
0.794 1.000 ['neg_relationship_Not-in-family']=>1

"
0.007742636826811269,0.002,0.7910595461525337,1.0,0.7984234234234234,1.0,0.7941447435766199,1.0,"CRL
 ACC ,  C  ,  Rule
0.842 0.291 ['occupation_Blue-Collar && capital_gain_0']=>0
0.829 0.743 ['neg_relationship_Husband']=>0
0.794 1.000 ['neg_relationship_Not-in-family']=>1

"
0.007742636826811269,0.003,0.8420064835352329,0.28664050503327076,0.8495085995085995,0.2853194103194103,0.8415395639267069,0.2912273518272085,"CRL
 ACC ,  C  ,  Rule
0.842 0.291 ['occupation_Blue-Collar && capital_gain_0']=>0
0.829 0.743 ['neg_relationship_Husband']=>0
0.794 1.000 ['neg_relationship_Not-in-family']=>1

"
0.007742636826811269,0.003,0.8295853949837911,0.7472786213956663,0.8352784602784603,0.74498361998362,0.8292558091923431,0.7431671614290101,"CRL
 ACC ,  C  ,  Rule
0.842 0.291 ['occupation_Blue-Collar && capital_gain_0']=>0
0.829 0.743 ['neg_relationship_Husband']=>0
0.794 1.000 ['neg_relationship_Not-in-family']=>1

"
0.007742636826811269,0.003,0.7910595461525337,1.0,0.7984234234234234,1.0,0.7941447435766199,1.0,"CRL
 ACC ,  C  ,  Rule
0.842 0.291 ['occupation_Blue-Collar && capital_gain_0']=>0
0.829 0.743 ['neg_relationship_Husband']=>0
0.794 1.000 ['neg_relationship_Not-in-family']=>1

"
0.007742636826811269,0.004,0.8420064835352329,0.28664050503327076,0.8495085995085995,0.2853194103194103,0.8415395639267069,0.2912273518272085,"CRL
 ACC ,  C  ,  Rule
0.842 0.291 ['occupation_Blue-Collar && capital_gain_0']=>0
0.829 0.743 ['neg_relationship_Husband']=>0
0.794 1.000 ['neg_relationship_Own-child']=>1

"
0.007742636826811269,0.004,0.8295853949837911,0.7472786213956663,0.8352784602784603,0.74498361998362,0.8292558091923431,0.7431671614290101,"CRL
 ACC ,  C  ,  Rule
0.842 0.291 ['occupation_Blue-Collar && capital_gain_0']=>0
0.829 0.743 ['neg_relationship_Husband']=>0
0.794 1.000 ['neg_relationship_Own-child']=>1

"
0.007742636826811269,0.004,0.7910595461525337,1.0,0.7984234234234234,1.0,0.7941447435766199,1.0,"CRL
 ACC ,  C  ,  Rule
0.842 0.291 ['occupation_Blue-Collar && capital_gain_0']=>0
0.829 0.743 ['neg_relationship_Husband']=>0
0.794 1.000 ['neg_relationship_Own-child']=>1

"
0.007742636826811269,0.005,0.8420064835352329,0.28664050503327076,0.8495085995085995,0.2853194103194103,0.8415395639267069,0.2912273518272085,"CRL
 ACC ,  C  ,  Rule
0.842 0.291 ['occupation_Blue-Collar && capital_gain_0']=>0
0.829 0.743 ['neg_relationship_Husband']=>0
0.794 1.000 ['neg_marital_status_Single']=>1

"
0.007742636826811269,0.005,0.8295853949837911,0.7472786213956663,0.8352784602784603,0.74498361998362,0.8292558091923431,0.7431671614290101,"CRL
 ACC ,  C  ,  Rule
0.842 0.291 ['occupation_Blue-Collar && capital_gain_0']=>0
0.829 0.743 ['neg_relationship_Husband']=>0
0.794 1.000 ['neg_marital_status_Single']=>1

"
0.007742636826811269,0.005,0.7910595461525337,1.0,0.7984234234234234,1.0,0.7941447435766199,1.0,"CRL
 ACC ,  C  ,  Rule
0.842 0.291 ['occupation_Blue-Collar && capital_gain_0']=>0
0.829 0.743 ['neg_relationship_Husband']=>0
0.794 1.000 ['neg_marital_status_Single']=>1

"
0.007742636826811269,0.006,0.8420064835352329,0.28664050503327076,0.8495085995085995,0.2853194103194103,0.8415395639267069,0.2912273518272085,"CRL
 ACC ,  C  ,  Rule
0.842 0.291 ['occupation_Blue-Collar && capital_gain_0']=>0
0.829 0.743 ['neg_relationship_Husband']=>0
0.794 1.000 ['neg_marital_status_Single']=>1

"
0.007742636826811269,0.006,0.8295853949837911,0.7472786213956663,0.8352784602784603,0.74498361998362,0.8292558091923431,0.7431671614290101,"CRL
 ACC ,  C  ,  Rule
0.842 0.291 ['occupation_Blue-Collar && capital_gain_0']=>0
0.829 0.743 ['neg_relationship_Husband']=>0
0.794 1.000 ['neg_marital_status_Single']=>1

"
0.007742636826811269,0.006,0.7910595461525337,1.0,0.7984234234234234,1.0,0.7941447435766199,1.0,"CRL
 ACC ,  C  ,  Rule
0.842 0.291 ['occupation_Blue-Collar && capital_gain_0']=>0
0.829 0.743 ['neg_relationship_Husband']=>0
0.794 1.000 ['neg_marital_status_Single']=>1

"
0.007742636826811269,0.007,0.8420064835352329,0.28664050503327076,0.8495085995085995,0.2853194103194103,0.8415395639267069,0.2912273518272085,"CRL
 ACC ,  C  ,  Rule
0.842 0.291 ['occupation_Blue-Collar && capital_gain_0']=>0
0.829 0.743 ['neg_relationship_Husband']=>0
0.794 1.000 ['marital_status_Married']=>1

"
0.007742636826811269,0.007,0.8295853949837911,0.7472786213956663,0.8352784602784603,0.74498361998362,0.8292558091923431,0.7431671614290101,"CRL
 ACC ,  C  ,  Rule
0.842 0.291 ['occupation_Blue-Collar && capital_gain_0']=>0
0.829 0.743 ['neg_relationship_Husband']=>0
0.794 1.000 ['marital_status_Married']=>1

"
0.007742636826811269,0.007,0.7910595461525337,1.0,0.7984234234234234,1.0,0.7941447435766199,1.0,"CRL
 ACC ,  C  ,  Rule
0.842 0.291 ['occupation_Blue-Collar && capital_gain_0']=>0
0.829 0.743 ['neg_relationship_Husband']=>0
0.794 1.000 ['marital_status_Married']=>1

"
0.007742636826811269,0.008,0.8420064835352329,0.28664050503327076,0.8495085995085995,0.2853194103194103,0.8415395639267069,0.2912273518272085,"CRL
 ACC ,  C  ,  Rule
0.842 0.291 ['occupation_Blue-Collar && capital_gain_0']=>0
0.829 0.743 ['neg_relationship_Husband']=>0
0.794 1.000 ['marital_status_Married']=>1

"
0.007742636826811269,0.008,0.8295853949837911,0.7472786213956663,0.8352784602784603,0.74498361998362,0.8292558091923431,0.7431671614290101,"CRL
 ACC ,  C  ,  Rule
0.842 0.291 ['occupation_Blue-Collar && capital_gain_0']=>0
0.829 0.743 ['neg_relationship_Husband']=>0
0.794 1.000 ['marital_status_Married']=>1

"
0.007742636826811269,0.008,0.7910595461525337,1.0,0.7984234234234234,1.0,0.7941447435766199,1.0,"CRL
 ACC ,  C  ,  Rule
0.842 0.291 ['occupation_Blue-Collar && capital_gain_0']=>0
0.829 0.743 ['neg_relationship_Husband']=>0
0.794 1.000 ['marital_status_Married']=>1

"
0.007742636826811269,0.009000000000000001,0.8420064835352329,0.28664050503327076,0.8495085995085995,0.2853194103194103,0.8415395639267069,0.2912273518272085,"CRL
 ACC ,  C  ,  Rule
0.842 0.291 ['occupation_Blue-Collar && capital_gain_0']=>0
0.829 0.743 ['neg_relationship_Husband']=>0
0.794 1.000 ['marital_status_Married']=>1

"
0.007742636826811269,0.009000000000000001,0.8295853949837911,0.7472786213956663,0.8352784602784603,0.74498361998362,0.8292558091923431,0.7431671614290101,"CRL
 ACC ,  C  ,  Rule
0.842 0.291 ['occupation_Blue-Collar && capital_gain_0']=>0
0.829 0.743 ['neg_relationship_Husband']=>0
0.794 1.000 ['marital_status_Married']=>1

"
0.007742636826811269,0.009000000000000001,0.7910595461525337,1.0,0.7984234234234234,1.0,0.7941447435766199,1.0,"CRL
 ACC ,  C  ,  Rule
0.842 0.291 ['occupation_Blue-Collar && capital_gain_0']=>0
0.829 0.743 ['neg_relationship_Husband']=>0
0.794 1.000 ['marital_status_Married']=>1

"
0.007742636826811269,0.01,0.8420064835352329,0.28664050503327076,0.8495085995085995,0.2853194103194103,0.8415395639267069,0.2912273518272085,"CRL
 ACC ,  C  ,  Rule
0.842 0.291 ['occupation_Blue-Collar && capital_gain_0']=>0
0.829 0.743 ['neg_relationship_Husband']=>0
0.794 1.000 ['marital_status_Married']=>1

"
0.007742636826811269,0.01,0.8295853949837911,0.7472786213956663,0.8352784602784603,0.74498361998362,0.8292558091923431,0.7431671614290101,"CRL
 ACC ,  C  ,  Rule
0.842 0.291 ['occupation_Blue-Collar && capital_gain_0']=>0
0.829 0.743 ['neg_relationship_Husband']=>0
0.794 1.000 ['marital_status_Married']=>1

"
0.007742636826811269,0.01,0.7910595461525337,1.0,0.7984234234234234,1.0,0.7941447435766199,1.0,"CRL
 ACC ,  C  ,  Rule
0.842 0.291 ['occupation_Blue-Collar && capital_gain_0']=>0
0.829 0.743 ['neg_relationship_Husband']=>0
0.794 1.000 ['marital_status_Married']=>1

"
0.01291549665014884,0.001,0.8395836887903089,0.5291247227435592,0.8454135954135954,0.5244676494676495,0.8399017299621251,0.5291227351827208,"CRL
 ACC ,  C  ,  Rule
0.840 0.529 ['neg_marital_status_Married']=>0
0.759 1.000 ['neg_marital_status_Single']=>0

"
0.01291549665014884,0.001,0.7603480634703975,1.0,0.7639230139230139,1.0,0.7586242194697512,1.0,"CRL
 ACC ,  C  ,  Rule
0.840 0.529 ['neg_marital_status_Married']=>0
0.759 1.000 ['neg_marital_status_Single']=>0

"
0.01291549665014884,0.002,0.8395836887903089,0.5291247227435592,0.8454135954135954,0.5244676494676495,0.8399017299621251,0.5291227351827208,"CRL
 ACC ,  C  ,  Rule
0.840 0.529 ['neg_marital_status_Married']=>0
0.759 1.000 ['neg_marital_status_Widowed']=>0

"
0.01291549665014884,0.002,0.7603480634703975,1.0,0.7639230139230139,1.0,0.7586242194697512,1.0,"CRL
 ACC ,  C  ,  Rule
0.840 0.529 ['neg_marital_status_Married']=>0
0.759 1.000 ['neg_marital_status_Widowed']=>0

"
0.01291549665014884,0.003,0.8395836887903089,0.5291247227435592,0.8454135954135954,0.5244676494676495,0.8399017299621251,0.5291227351827208,"CRL
 ACC ,  C  ,  Rule
0.840 0.529 ['neg_marital_status_Married']=>0
0.759 1.000 ['neg_marital_status_Divorced']=>0

"
0.01291549665014884,0.003,0.7603480634703975,1.0,0.7639230139230139,1.0,0.7586242194697512,1.0,"CRL
 ACC ,  C  ,  Rule
0.840 0.529 ['neg_marital_status_Married']=>0
0.759 1.000 ['neg_marital_status_Divorced']=>0

"
0.01291549665014884,0.004,0.8395836887903089,0.5291247227435592,0.8454135954135954,0.5244676494676495,0.8399017299621251,0.5291227351827208,"CRL
 ACC ,  C  ,  Rule
0.840 0.529 ['neg_marital_status_Married']=>0
0.759 1.000 ['neg_marital_status_Divorced']=>0

"
0.01291549665014884,0.004,0.7603480634703975,1.0,0.7639230139230139,1.0,0.7586242194697512,1.0,"CRL
 ACC ,  C  ,  Rule
0.840 0.529 ['neg_marital_status_Married']=>0
0.759 1.000 ['neg_marital_status_Divorced']=>0

"
0.01291549665014884,0.005,0.8395836887903089,0.5291247227435592,0.8454135954135954,0.5244676494676495,0.8399017299621251,0.5291227351827208,"CRL
 ACC ,  C  ,  Rule
0.840 0.529 ['neg_marital_status_Married']=>0
0.759 1.000 ['neg_marital_status_Divorced']=>0

"
0.01291549665014884,0.005,0.7603480634703975,1.0,0.7639230139230139,1.0,0.7586242194697512,1.0,"CRL
 ACC ,  C  ,  Rule
0.840 0.529 ['neg_marital_status_Married']=>0
0.759 1.000 ['neg_marital_status_Divorced']=>0

"
0.01291549665014884,0.006,0.8395836887903089,0.5291247227435592,0.8454135954135954,0.5244676494676495,0.8399017299621251,0.5291227351827208,"CRL
 ACC ,  C  ,  Rule
0.840 0.529 ['neg_marital_status_Married']=>0
0.759 1.000 ['neg_marital_status_Divorced']=>0

"
0.01291549665014884,0.006,0.7603480634703975,1.0,0.7639230139230139,1.0,0.7586242194697512,1.0,"CRL
 ACC ,  C  ,  Rule
0.840 0.529 ['neg_marital_status_Married']=>0
0.759 1.000 ['neg_marital_status_Divorced']=>0

"
0.01291549665014884,0.007,0.8395836887903089,0.5291247227435592,0.8454135954135954,0.5244676494676495,0.8399017299621251,0.5291227351827208,"CRL
 ACC ,  C  ,  Rule
0.840 0.529 ['neg_marital_status_Married']=>0
0.759 1.000 ['neg_marital_status_Divorced']=>0

"
0.01291549665014884,0.007,0.7603480634703975,1.0,0.7639230139230139,1.0,0.7586242194697512,1.0,"CRL
 ACC ,  C  ,  Rule
0.840 0.529 ['neg_marital_status_Married']=>0
0.759 1.000 ['neg_marital_status_Divorced']=>0

"
0.01291549665014884,0.008,0.8395836887903089,0.5291247227435592,0.8454135954135954,0.5244676494676495,0.8399017299621251,0.5291227351827208,"CRL
 ACC ,  C  ,  Rule
0.840 0.529 ['neg_marital_status_Married']=>0
0.759 1.000 ['neg_marital_status_Divorced']=>0

"
0.01291549665014884,0.008,0.7603480634703975,1.0,0.7639230139230139,1.0,0.7586242194697512,1.0,"CRL
 ACC ,  C  ,  Rule
0.840 0.529 ['neg_marital_status_Married']=>0
0.759 1.000 ['neg_marital_status_Divorced']=>0

"
0.01291549665014884,0.009000000000000001,0.8395836887903089,0.5291247227435592,0.8454135954135954,0.5244676494676495,0.8399017299621251,0.5291227351827208,"CRL
 ACC ,  C  ,  Rule
0.840 0.529 ['neg_marital_status_Married']=>0
0.759 1.000 ['neg_marital_status_Divorced']=>0

"
0.01291549665014884,0.009000000000000001,0.7603480634703975,1.0,0.7639230139230139,1.0,0.7586242194697512,1.0,"CRL
 ACC ,  C  ,  Rule
0.840 0.529 ['neg_marital_status_Married']=>0
0.759 1.000 ['neg_marital_status_Divorced']=>0

"
0.01291549665014884,0.01,0.8395836887903089,0.5291247227435592,0.8454135954135954,0.5244676494676495,0.8399017299621251,0.5291227351827208,"CRL
 ACC ,  C  ,  Rule
0.840 0.529 ['neg_marital_status_Married']=>0
0.759 1.000 ['neg_marital_status_Divorced']=>0

"
0.01291549665014884,0.01,0.7603480634703975,1.0,0.7639230139230139,1.0,0.7586242194697512,1.0,"CRL
 ACC ,  C  ,  Rule
0.840 0.529 ['neg_marital_status_Married']=>0
0.759 1.000 ['neg_marital_status_Divorced']=>0

"
0.021544346900318832,0.001,0.8395836887903089,0.5291247227435592,0.8454135954135954,0.5244676494676495,0.8399017299621251,0.5291227351827208,"CRL
 ACC ,  C  ,  Rule
0.840 0.529 ['neg_marital_status_Married']=>0
0.759 1.000 ['neg_marital_status_Divorced']=>0

"
0.021544346900318832,0.001,0.7603480634703975,1.0,0.7639230139230139,1.0,0.7586242194697512,1.0,"CRL
 ACC ,  C  ,  Rule
0.840 0.529 ['neg_marital_status_Married']=>0
0.759 1.000 ['neg_marital_status_Divorced']=>0

"
0.021544346900318832,0.002,0.8395836887903089,0.5291247227435592,0.8454135954135954,0.5244676494676495,0.8399017299621251,0.5291227351827208,"CRL
 ACC ,  C  ,  Rule
0.840 0.529 ['neg_marital_status_Married']=>0
0.759 1.000 ['neg_marital_status_Divorced']=>0

"
0.021544346900318832,0.002,0.7603480634703975,1.0,0.7639230139230139,1.0,0.7586242194697512,1.0,"CRL
 ACC ,  C  ,  Rule
0.840 0.529 ['neg_marital_status_Married']=>0
0.759 1.000 ['neg_marital_status_Divorced']=>0

"
0.021544346900318832,0.003,0.8395836887903089,0.5291247227435592,0.8454135954135954,0.5244676494676495,0.8399017299621251,0.5291227351827208,"CRL
 ACC ,  C  ,  Rule
0.840 0.529 ['neg_marital_status_Married']=>0
0.759 1.000 ['neg_marital_status_Divorced']=>0

"
0.021544346900318832,0.003,0.7603480634703975,1.0,0.7639230139230139,1.0,0.7586242194697512,1.0,"CRL
 ACC ,  C  ,  Rule
0.840 0.529 ['neg_marital_status_Married']=>0
0.759 1.000 ['neg_marital_status_Divorced']=>0

"
0.021544346900318832,0.004,0.8395836887903089,0.5291247227435592,0.8454135954135954,0.5244676494676495,0.8399017299621251,0.5291227351827208,"CRL
 ACC ,  C  ,  Rule
0.840 0.529 ['neg_marital_status_Married']=>0
0.759 1.000 ['neg_marital_status_Divorced']=>0

"
0.021544346900318832,0.004,0.7603480634703975,1.0,0.7639230139230139,1.0,0.7586242194697512,1.0,"CRL
 ACC ,  C  ,  Rule
0.840 0.529 ['neg_marital_status_Married']=>0
0.759 1.000 ['neg_marital_status_Divorced']=>0

"
0.021544346900318832,0.005,0.8395836887903089,0.5291247227435592,0.8454135954135954,0.5244676494676495,0.8399017299621251,0.5291227351827208,"CRL
 ACC ,  C  ,  Rule
0.840 0.529 ['neg_marital_status_Married']=>0
0.759 1.000 ['neg_marital_status_Divorced']=>0

"
0.021544346900318832,0.005,0.7603480634703975,1.0,0.7639230139230139,1.0,0.7586242194697512,1.0,"CRL
 ACC ,  C  ,  Rule
0.840 0.529 ['neg_marital_status_Married']=>0
0.759 1.000 ['neg_marital_status_Divorced']=>0

"
0.021544346900318832,0.006,0.8395836887903089,0.5291247227435592,0.8454135954135954,0.5244676494676495,0.8399017299621251,0.5291227351827208,"CRL
 ACC ,  C  ,  Rule
0.840 0.529 ['neg_marital_status_Married']=>0
0.759 1.000 ['neg_marital_status_Divorced']=>0

"
0.021544346900318832,0.006,0.7603480634703975,1.0,0.7639230139230139,1.0,0.7586242194697512,1.0,"CRL
 ACC ,  C  ,  Rule
0.840 0.529 ['neg_marital_status_Married']=>0
0.759 1.000 ['neg_marital_status_Divorced']=>0

"
0.021544346900318832,0.007,0.8395836887903089,0.5291247227435592,0.8454135954135954,0.5244676494676495,0.8399017299621251,0.5291227351827208,"CRL
 ACC ,  C  ,  Rule
0.840 0.529 ['neg_marital_status_Married']=>0
0.759 1.000 ['neg_marital_status_Widowed']=>0

"
0.021544346900318832,0.007,0.7603480634703975,1.0,0.7639230139230139,1.0,0.7586242194697512,1.0,"CRL
 ACC ,  C  ,  Rule
0.840 0.529 ['neg_marital_status_Married']=>0
0.759 1.000 ['neg_marital_status_Widowed']=>0

"
0.021544346900318832,0.008,0.8395836887903089,0.5291247227435592,0.8454135954135954,0.5244676494676495,0.8399017299621251,0.5291227351827208,"CRL
 ACC ,  C  ,  Rule
0.840 0.529 ['neg_marital_status_Married']=>0
0.759 1.000 ['neg_marital_status_Separated']=>0

"
0.021544346900318832,0.008,0.7603480634703975,1.0,0.7639230139230139,1.0,0.7586242194697512,1.0,"CRL
 ACC ,  C  ,  Rule
0.840 0.529 ['neg_marital_status_Married']=>0
0.759 1.000 ['neg_marital_status_Separated']=>0

"
0.021544346900318832,0.009000000000000001,0.8395836887903089,0.5291247227435592,0.8454135954135954,0.5244676494676495,0.8399017299621251,0.5291227351827208,"CRL
 ACC ,  C  ,  Rule
0.840 0.529 ['neg_marital_status_Married']=>0
0.759 1.000 ['neg_marital_status_Separated']=>0

"
0.021544346900318832,0.009000000000000001,0.7603480634703975,1.0,0.7639230139230139,1.0,0.7586242194697512,1.0,"CRL
 ACC ,  C  ,  Rule
0.840 0.529 ['neg_marital_status_Married']=>0
0.759 1.000 ['neg_marital_status_Separated']=>0

"
0.021544346900318832,0.01,0.8395836887903089,0.5291247227435592,0.8454135954135954,0.5244676494676495,0.8399017299621251,0.5291227351827208,"CRL
 ACC ,  C  ,  Rule
0.840 0.529 ['neg_marital_status_Married']=>0
0.759 1.000 ['neg_marital_status_Separated']=>0

"
0.021544346900318832,0.01,0.7603480634703975,1.0,0.7639230139230139,1.0,0.7586242194697512,1.0,"CRL
 ACC ,  C  ,  Rule
0.840 0.529 ['neg_marital_status_Married']=>0
0.759 1.000 ['neg_marital_status_Separated']=>0

"
0.03593813663804626,0.001,0.760825797645453,0.9911619177614741,0.7638206388206388,0.9918099918099919,0.7585218548469649,0.9931415702733135,"CRL
 ACC ,  C  ,  Rule
0.759 0.993 ['neg_race_Other']=>0

"
0.03593813663804626,0.002,0.760825797645453,0.9911619177614741,0.7638206388206388,0.9918099918099919,0.7585218548469649,0.9931415702733135,"CRL
 ACC ,  C  ,  Rule
0.759 0.993 ['neg_race_Other']=>0

"
0.03593813663804626,0.003,0.760825797645453,0.9911619177614741,0.7638206388206388,0.9918099918099919,0.7585218548469649,0.9931415702733135,"CRL
 ACC ,  C  ,  Rule
0.759 0.993 ['neg_race_Other']=>0

"
0.03593813663804626,0.004,0.760825797645453,0.9911619177614741,0.7638206388206388,0.9918099918099919,0.7585218548469649,0.9931415702733135,"CRL
 ACC ,  C  ,  Rule
0.759 0.993 ['neg_race_Other']=>0

"
0.03593813663804626,0.005,0.760825797645453,0.9911619177614741,0.7638206388206388,0.9918099918099919,0.7585218548469649,0.9931415702733135,"CRL
 ACC ,  C  ,  Rule
0.759 0.993 ['neg_race_Other']=>0

"
0.03593813663804626,0.006,0.760825797645453,0.9911619177614741,0.7638206388206388,0.9918099918099919,0.7585218548469649,0.9931415702733135,"CRL
 ACC ,  C  ,  Rule
0.759 0.993 ['neg_race_Other']=>0

"
0.03593813663804626,0.007,0.760825797645453,0.9911619177614741,0.7638206388206388,0.9918099918099919,0.7585218548469649,0.9931415702733135,"CRL
 ACC ,  C  ,  Rule
0.759 0.993 ['neg_race_Other']=>0

"
0.03593813663804626,0.008,0.760825797645453,0.9911619177614741,0.7638206388206388,0.9918099918099919,0.7585218548469649,0.9931415702733135,"CRL
 ACC ,  C  ,  Rule
0.759 0.993 ['neg_race_Other']=>0

"
0.03593813663804626,0.009000000000000001,0.760825797645453,0.9911619177614741,0.7638206388206388,0.9918099918099919,0.7585218548469649,0.9931415702733135,"CRL
 ACC ,  C  ,  Rule
0.759 0.993 ['neg_race_Other']=>0

"
0.03593813663804626,0.01,0.760825797645453,0.9911619177614741,0.7638206388206388,0.9918099918099919,0.7585218548469649,0.9931415702733135,"CRL
 ACC ,  C  ,  Rule
0.759 0.993 ['neg_race_Other']=>0

"
0.05994842503189409,0.001,0.760825797645453,0.9911619177614741,0.7638206388206388,0.9918099918099919,0.7585218548469649,0.9931415702733135,"CRL
 ACC ,  C  ,  Rule
0.759 0.993 ['neg_race_Other']=>0

"
0.05994842503189409,0.002,0.760825797645453,0.9911619177614741,0.7638206388206388,0.9918099918099919,0.7585218548469649,0.9931415702733135,"CRL
 ACC ,  C  ,  Rule
0.759 0.993 ['neg_race_Other']=>0

"
0.05994842503189409,0.003,0.760825797645453,0.9911619177614741,0.7638206388206388,0.9918099918099919,0.7585218548469649,0.9931415702733135,"CRL
 ACC ,  C  ,  Rule
0.759 0.993 ['neg_race_Other']=>0

"
0.05994842503189409,0.004,0.760825797645453,0.9911619177614741,0.7638206388206388,0.9918099918099919,0.7585218548469649,0.9931415702733135,"CRL
 ACC ,  C  ,  Rule
0.759 0.993 ['neg_race_Other']=>0

"
0.05994842503189409,0.005,0.760825797645453,0.9911619177614741,0.7638206388206388,0.9918099918099919,0.7585218548469649,0.9931415702733135,"CRL
 ACC ,  C  ,  Rule
0.759 0.993 ['neg_race_Other']=>0

"
0.05994842503189409,0.006,0.760825797645453,0.9911619177614741,0.7638206388206388,0.9918099918099919,0.7585218548469649,0.9931415702733135,"CRL
 ACC ,  C  ,  Rule
0.759 0.993 ['neg_race_Other']=>0

"
0.05994842503189409,0.007,0.760825797645453,0.9911619177614741,0.7638206388206388,0.9918099918099919,0.7585218548469649,0.9931415702733135,"CRL
 ACC ,  C  ,  Rule
0.759 0.993 ['neg_race_Other']=>0

"
0.05994842503189409,0.008,0.760825797645453,0.9911619177614741,0.7638206388206388,0.9918099918099919,0.7585218548469649,0.9931415702733135,"CRL
 ACC ,  C  ,  Rule
0.759 0.993 ['neg_race_Other']=>0

"
0.05994842503189409,0.009000000000000001,0.760825797645453,0.9911619177614741,0.7638206388206388,0.9918099918099919,0.7585218548469649,0.9931415702733135,"CRL
 ACC ,  C  ,  Rule
0.759 0.993 ['neg_race_Other']=>0

"
0.05994842503189409,0.01,0.760825797645453,0.9911619177614741,0.7638206388206388,0.9918099918099919,0.7585218548469649,0.9931415702733135,"CRL
 ACC ,  C  ,  Rule
0.759 0.993 ['neg_race_Other']=>0

"
0.1,0.001,0.760825797645453,0.9911619177614741,0.7638206388206388,0.9918099918099919,0.7585218548469649,0.9931415702733135,"CRL
 ACC ,  C  ,  Rule
0.759 0.993 ['neg_race_Other']=>0

"
0.1,0.002,0.760825797645453,0.9911619177614741,0.7638206388206388,0.9918099918099919,0.7585218548469649,0.9931415702733135,"CRL
 ACC ,  C  ,  Rule
0.759 0.993 ['neg_race_Other']=>0

"
0.1,0.003,0.760825797645453,0.9911619177614741,0.7638206388206388,0.9918099918099919,0.7585218548469649,0.9931415702733135,"CRL
 ACC ,  C  ,  Rule
0.759 0.993 ['neg_race_Other']=>0

"
0.1,0.004,0.760825797645453,0.9911619177614741,0.7638206388206388,0.9918099918099919,0.7585218548469649,0.9931415702733135,"CRL
 ACC ,  C  ,  Rule
0.759 0.993 ['neg_race_Other']=>0

"
0.1,0.005,0.760825797645453,0.9911619177614741,0.7638206388206388,0.9918099918099919,0.7585218548469649,0.9931415702733135,"CRL
 ACC ,  C  ,  Rule
0.759 0.993 ['neg_race_Other']=>0

"
0.1,0.006,0.760825797645453,0.9911619177614741,0.7638206388206388,0.9918099918099919,0.7585218548469649,0.9931415702733135,"CRL
 ACC ,  C  ,  Rule
0.759 0.993 ['neg_race_Other']=>0

"
0.1,0.007,0.760825797645453,0.9911619177614741,0.7638206388206388,0.9918099918099919,0.7585218548469649,0.9931415702733135,"CRL
 ACC ,  C  ,  Rule
0.759 0.993 ['neg_race_Other']=>0

"
0.1,0.008,0.760825797645453,0.9911619177614741,0.7638206388206388,0.9918099918099919,0.7585218548469649,0.9931415702733135,"CRL
 ACC ,  C  ,  Rule
0.759 0.993 ['neg_race_Other']=>0

"
0.1,0.009000000000000001,0.760825797645453,0.9911619177614741,0.7638206388206388,0.9918099918099919,0.7585218548469649,0.9931415702733135,"CRL
 ACC ,  C  ,  Rule
0.759 0.993 ['neg_race_Other']=>0

"
0.1,0.01,0.760825797645453,0.9911619177614741,0.7638206388206388,0.9918099918099919,0.7585218548469649,0.9931415702733135,"CRL
 ACC ,  C  ,  Rule
0.759 0.993 ['neg_race_Other']=>0

"
