alpha,beta,accuracy_train,transparency_train,accuracy_valid,transparency_valid,accuracy_test,transparency_test,model
na,na,0.6746765249537893,0,0.695079695079695,0,0.6832986832986833,0,"GradientBoostingClassifier(criterion='squared_error',
                           learning_rate=0.03335355962982762,
                           loss='exponential', max_depth=5,
                           max_features=0.6923897365595729, max_leaf_nodes=5,
                           n_estimators=93, random_state=2)"
0.001,0.001,0.6746765249537893,0.0,0.695079695079695,0.0,0.6832986832986833,0.0,"HyRS
Positive rules : 
 []
Negative rules : 
 []
HyRS Accuracy : 0.683
Coverage of RuleSet : 0.000
"
0.001,0.0021544346900318843,0.6746765249537893,0.0,0.695079695079695,0.0,0.6832986832986833,0.0,"HyRS
Positive rules : 
 []
Negative rules : 
 []
HyRS Accuracy : 0.683
Coverage of RuleSet : 0.000
"
0.001,0.004641588833612777,0.6751386321626618,0.21025878003696857,0.6957726957726957,0.19404019404019404,0.6812196812196812,0.20027720027720028,"HyRS
Positive rules : 
 ['Prior-Crimes>3 && Age=24-40']
Negative rules : 
 []
HyRS Accuracy : 0.681
Coverage of RuleSet : 0.200
"
0.001,0.01,0.6746765249537893,0.5713955637707948,0.6936936936936937,0.5717255717255717,0.6846846846846847,0.5717255717255717,"HyRS
Positive rules : 
 ['Prior-Crimes>5']
Negative rules : 
 ['Prior-Crimes=0 && Age=24-40', 'Age<=40 && Juvenile-Crimes=0']
HyRS Accuracy : 0.685
Coverage of RuleSet : 0.572
"
0.001,0.021544346900318832,0.6751386321626618,0.8343345656192237,0.693000693000693,0.8357588357588358,0.681912681912682,0.8309078309078309,"HyRS
Positive rules : 
 ['Age=18-22 && Gender=Male', 'Prior-Crimes>3 && Age=24-40', 'Prior-Crimes>5 && Prior-Crimes>3']
Negative rules : 
 ['Prior-Crimes=0 && Juvenile-Crimes=0', 'Prior-Crimes=0 && Age=24-30', 'Prior-Crimes=1-3 && Age>=30', 'Prior-Crimes=0 && Age=24-40']
HyRS Accuracy : 0.682
Coverage of RuleSet : 0.831
"
0.001,0.046415888336127774,0.6654343807763401,1.0,0.674982674982675,1.0,0.6708246708246708,1.0,"HyRS
Positive rules : 
 ['Prior-Crimes>3', 'Age=18-22 && Gender=Male', 'Juvenile-Crimes=1-3 && Race=African-American']
Negative rules : 
 ['neg_Prior-Crimes>3']
HyRS Accuracy : 0.671
Coverage of RuleSet : 1.000
"
0.001,0.1,0.663354898336414,1.0,0.6826056826056826,1.0,0.6805266805266805,1.0,"HyRS
Positive rules : 
 ['Age=18-25 && Prior-Crimes=1-3', 'Prior-Crimes>3', 'Age=18-22 && Gender=Male']
Negative rules : 
 ['neg_Prior-Crimes>3']
HyRS Accuracy : 0.681
Coverage of RuleSet : 1.000
"
0.001,0.21544346900318823,0.6608133086876156,1.0,0.6729036729036729,1.0,0.6666666666666666,1.0,"HyRS
Positive rules : 
 ['Age=18-22 && Gender=Male', 'Age=18-25 && Race=African-American', 'Prior-Crimes>3']
Negative rules : 
 ['neg_Prior-Crimes>5']
HyRS Accuracy : 0.667
Coverage of RuleSet : 1.000
"
0.001,0.46415888336127775,0.6596580406654344,0.9872920517560074,0.6777546777546778,0.9840609840609841,0.6638946638946639,0.9812889812889813,"HyRS
Positive rules : 
 ['Age=18-25 && Gender=Male', 'Prior-Crimes>3']
Negative rules : 
 ['Race=Other && Juvenile-Crimes=0', 'Race=Other && Prior-Crimes=1-3', 'Age=24-40 && Juvenile-Crimes=0', 'Age=18-22 && Prior-Crimes=0', 'Juvenile-Crimes=0']
HyRS Accuracy : 0.664
Coverage of RuleSet : 0.981
"
0.001,1.0,0.655268022181146,1.0,0.6715176715176715,1.0,0.6652806652806653,1.0,"HyRS
Positive rules : 
 ['Age=18-22', 'Prior-Crimes>3', 'Juvenile-Crimes=1-3 && Race=Caucasian']
Negative rules : 
 ['Juvenile-Felonies=1-3 && Prior-Crimes>5', 'neg_Juvenile-Felonies>3']
HyRS Accuracy : 0.665
Coverage of RuleSet : 1.000
"
0.001291549665014884,0.001,0.6746765249537893,0.0,0.695079695079695,0.0,0.6832986832986833,0.0,"HyRS
Positive rules : 
 []
Negative rules : 
 []
HyRS Accuracy : 0.683
Coverage of RuleSet : 0.000
"
0.001291549665014884,0.0021544346900318843,0.6746765249537893,0.0,0.695079695079695,0.0,0.6832986832986833,0.0,"HyRS
Positive rules : 
 []
Negative rules : 
 []
HyRS Accuracy : 0.683
Coverage of RuleSet : 0.000
"
0.001291549665014884,0.004641588833612777,0.6751386321626618,0.21025878003696857,0.6957726957726957,0.19404019404019404,0.6812196812196812,0.20027720027720028,"HyRS
Positive rules : 
 ['Prior-Crimes>3 && Age=24-40']
Negative rules : 
 []
HyRS Accuracy : 0.681
Coverage of RuleSet : 0.200
"
0.001291549665014884,0.01,0.6744454713493531,0.7370609981515711,0.693000693000693,0.7602217602217602,0.6826056826056826,0.7352737352737353,"HyRS
Positive rules : 
 ['Age=18-22 && Gender=Male', 'Prior-Crimes>5 && Juvenile-Felonies=0']
Negative rules : 
 ['Prior-Crimes=0 && Juvenile-Crimes=0', 'Prior-Crimes=1-3 && Age>=30']
HyRS Accuracy : 0.683
Coverage of RuleSet : 0.735
"
0.001291549665014884,0.021544346900318832,0.675369685767098,0.8347966728280961,0.6923076923076923,0.8357588357588358,0.6826056826056826,0.8316008316008316,"HyRS
Positive rules : 
 ['Prior-Crimes>5 && Prior-Crimes>3', 'Prior-Crimes>3 && Age=24-40', 'Age=18-22 && Gender=Male', 'Age=18-20 && Age=18-25']
Negative rules : 
 ['Prior-Crimes=0 && Juvenile-Crimes=0', 'Prior-Crimes=1-3 && Age>=30']
HyRS Accuracy : 0.683
Coverage of RuleSet : 0.832
"
0.001291549665014884,0.046415888336127774,0.6654343807763401,1.0,0.674982674982675,1.0,0.6708246708246708,1.0,"HyRS
Positive rules : 
 ['Prior-Crimes>3', 'Age=18-22 && Gender=Male', 'Juvenile-Crimes=1-3 && Race=African-American']
Negative rules : 
 ['neg_Prior-Crimes>3']
HyRS Accuracy : 0.671
Coverage of RuleSet : 1.000
"
0.001291549665014884,0.1,0.6654343807763401,1.0,0.674982674982675,1.0,0.6708246708246708,1.0,"HyRS
Positive rules : 
 ['Prior-Crimes>3', 'Age=18-22 && Gender=Male', 'Juvenile-Crimes=1-3 && Race=African-American']
Negative rules : 
 ['neg_Prior-Crimes>3']
HyRS Accuracy : 0.671
Coverage of RuleSet : 1.000
"
0.001291549665014884,0.21544346900318823,0.6608133086876156,1.0,0.6729036729036729,1.0,0.6666666666666666,1.0,"HyRS
Positive rules : 
 ['Age=18-22 && Gender=Male', 'Age=18-25 && Race=African-American', 'Prior-Crimes>3']
Negative rules : 
 ['neg_Prior-Crimes>5']
HyRS Accuracy : 0.667
Coverage of RuleSet : 1.000
"
0.001291549665014884,0.46415888336127775,0.6626617375231053,0.9755083179297597,0.6784476784476784,0.975051975051975,0.668052668052668,0.9653499653499653,"HyRS
Positive rules : 
 ['Age=18-22', 'Prior-Crimes>3']
Negative rules : 
 ['Juvenile-Crimes=0', 'Race=Hispanic && Age<=45']
HyRS Accuracy : 0.668
Coverage of RuleSet : 0.965
"
0.001291549665014884,1.0,0.658271719038817,1.0,0.6826056826056826,1.0,0.6742896742896742,1.0,"HyRS
Positive rules : 
 ['Prior-Crimes>3', 'Age=18-20', 'Race=Other && Age=18-25', 'Age=18-25 && Prior-Crimes=1-3']
Negative rules : 
 ['neg_Juvenile-Felonies>3']
HyRS Accuracy : 0.674
Coverage of RuleSet : 1.000
"
0.0016681005372000592,0.001,0.6746765249537893,0.0,0.695079695079695,0.0,0.6832986832986833,0.0,"HyRS
Positive rules : 
 []
Negative rules : 
 []
HyRS Accuracy : 0.683
Coverage of RuleSet : 0.000
"
0.0016681005372000592,0.0021544346900318843,0.6746765249537893,0.0,0.695079695079695,0.0,0.6832986832986833,0.0,"HyRS
Positive rules : 
 []
Negative rules : 
 []
HyRS Accuracy : 0.683
Coverage of RuleSet : 0.000
"
0.0016681005372000592,0.004641588833612777,0.6746765249537893,0.0,0.695079695079695,0.0,0.6832986832986833,0.0,"HyRS
Positive rules : 
 []
Negative rules : 
 []
HyRS Accuracy : 0.683
Coverage of RuleSet : 0.000
"
0.0016681005372000592,0.01,0.675369685767098,0.3539741219963031,0.695079695079695,0.3257103257103257,0.6826056826056826,0.3575883575883576,"HyRS
Positive rules : 
 ['Prior-Crimes>3 && Age=24-40']
Negative rules : 
 ['Prior-Crimes=0 && Age=24-40']
HyRS Accuracy : 0.683
Coverage of RuleSet : 0.358
"
0.0016681005372000592,0.021544346900318832,0.6665896487985212,0.972735674676525,0.6777546777546778,0.972972972972973,0.6708246708246708,0.9618849618849619,"HyRS
Positive rules : 
 ['Prior-Crimes>3', 'Age=18-22 && Gender=Male']
Negative rules : 
 ['neg_Juvenile-Crimes=1-3']
HyRS Accuracy : 0.671
Coverage of RuleSet : 0.962
"
0.0016681005372000592,0.046415888336127774,0.6661275415896488,0.9718114602587801,0.6784476784476784,0.9722799722799723,0.6715176715176715,0.9611919611919612,"HyRS
Positive rules : 
 ['Age=18-22 && Gender=Male', 'Prior-Crimes>3']
Negative rules : 
 ['Juvenile-Crimes=0']
HyRS Accuracy : 0.672
Coverage of RuleSet : 0.961
"
0.0016681005372000592,0.1,0.6638170055452866,1.0,0.6742896742896742,1.0,0.674982674982675,1.0,"HyRS
Positive rules : 
 ['Prior-Crimes>3', 'Age=18-22 && Gender=Male', 'Juvenile-Crimes=1-3 && Prior-Crimes=1-3']
Negative rules : 
 ['neg_Prior-Crimes>3']
HyRS Accuracy : 0.675
Coverage of RuleSet : 1.000
"
0.0016681005372000592,0.21544346900318823,0.663354898336414,1.0,0.6826056826056826,1.0,0.6805266805266805,1.0,"HyRS
Positive rules : 
 ['Age=18-25 && Prior-Crimes=1-3', 'Age=18-22 && Gender=Male', 'Prior-Crimes>3']
Negative rules : 
 ['neg_Prior-Crimes>5', 'Age>=30 && Gender=Male']
HyRS Accuracy : 0.681
Coverage of RuleSet : 1.000
"
0.0016681005372000592,0.46415888336127775,0.6670517560073937,0.9651109057301294,0.6756756756756757,0.966042966042966,0.6735966735966736,0.9563409563409564,"HyRS
Positive rules : 
 ['Prior-Crimes>5 && Prior-Crimes>3', 'Age=24-30 && Prior-Crimes>3', 'Age=18-22 && Gender=Male']
Negative rules : 
 ['Juvenile-Crimes=0 && Juvenile-Felonies=0']
HyRS Accuracy : 0.674
Coverage of RuleSet : 0.956
"
0.0016681005372000592,1.0,0.6515711645101664,0.9988447319778189,0.6618156618156619,0.9986139986139986,0.6625086625086625,0.997920997920998,"HyRS
Positive rules : 
 ['Prior-Crimes>3', 'Age=18-25 && Race=African-American']
Negative rules : 
 ['neg_Race=Native-American']
HyRS Accuracy : 0.663
Coverage of RuleSet : 0.998
"
0.0021544346900318843,0.001,0.6746765249537893,0.0,0.695079695079695,0.0,0.6832986832986833,0.0,"HyRS
Positive rules : 
 []
Negative rules : 
 []
HyRS Accuracy : 0.683
Coverage of RuleSet : 0.000
"
0.0021544346900318843,0.0021544346900318843,0.6746765249537893,0.0,0.695079695079695,0.0,0.6832986832986833,0.0,"HyRS
Positive rules : 
 []
Negative rules : 
 []
HyRS Accuracy : 0.683
Coverage of RuleSet : 0.000
"
0.0021544346900318843,0.004641588833612777,0.6746765249537893,0.0,0.695079695079695,0.0,0.6832986832986833,0.0,"HyRS
Positive rules : 
 []
Negative rules : 
 []
HyRS Accuracy : 0.683
Coverage of RuleSet : 0.000
"
0.0021544346900318843,0.01,0.6751386321626618,0.21025878003696857,0.6957726957726957,0.19404019404019404,0.6812196812196812,0.20027720027720028,"HyRS
Positive rules : 
 ['Prior-Crimes>3 && Age=24-40']
Negative rules : 
 []
HyRS Accuracy : 0.681
Coverage of RuleSet : 0.200
"
0.0021544346900318843,0.021544346900318832,0.6744454713493531,0.7592421441774492,0.693000693000693,0.7761607761607762,0.6826056826056826,0.7602217602217602,"HyRS
Positive rules : 
 ['Prior-Crimes>5', 'Age=18-22 && Gender=Male']
Negative rules : 
 ['Prior-Crimes=0 && Juvenile-Crimes=0', 'Prior-Crimes=1-3 && Age>=30']
HyRS Accuracy : 0.683
Coverage of RuleSet : 0.760
"
0.0021544346900318843,0.046415888336127774,0.6661275415896488,0.9718114602587801,0.6784476784476784,0.9722799722799723,0.6715176715176715,0.9611919611919612,"HyRS
Positive rules : 
 ['Age=18-22 && Gender=Male', 'Prior-Crimes>3']
Negative rules : 
 ['Juvenile-Crimes=0']
HyRS Accuracy : 0.672
Coverage of RuleSet : 0.961
"
0.0021544346900318843,0.1,0.6654343807763401,1.0,0.674982674982675,1.0,0.6708246708246708,1.0,"HyRS
Positive rules : 
 ['Prior-Crimes>3', 'Juvenile-Crimes=1-3 && Race=African-American', 'Age=18-22 && Gender=Male']
Negative rules : 
 ['neg_Prior-Crimes>3']
HyRS Accuracy : 0.671
Coverage of RuleSet : 1.000
"
0.0021544346900318843,0.21544346900318823,0.6591959334565619,1.0,0.6687456687456688,1.0,0.6687456687456688,1.0,"HyRS
Positive rules : 
 ['Age=18-22 && Gender=Male', 'Prior-Crimes>3']
Negative rules : 
 ['neg_Prior-Crimes>5']
HyRS Accuracy : 0.669
Coverage of RuleSet : 1.000
"
0.0021544346900318843,0.46415888336127775,0.6628927911275416,1.0,0.6756756756756757,1.0,0.6729036729036729,1.0,"HyRS
Positive rules : 
 ['Prior-Crimes>3 && Juvenile-Felonies=0', 'neg_Juvenile-Crimes=0', 'Age=18-22 && Gender=Male']
Negative rules : 
 ['Race=Hispanic && Age<=45', 'neg_Juvenile-Crimes=1-3']
HyRS Accuracy : 0.673
Coverage of RuleSet : 1.000
"
0.0021544346900318843,1.0,0.6545748613678374,1.0,0.6826056826056826,1.0,0.6687456687456688,1.0,"HyRS
Positive rules : 
 ['Age=18-25 && Prior-Crimes=1-3', 'Prior-Crimes>3']
Negative rules : 
 ['neg_Juvenile-Felonies>3', 'Age<=40 && Prior-Crimes=1-3', 'neg_Prior-Crimes=0']
HyRS Accuracy : 0.669
Coverage of RuleSet : 1.000
"
0.0027825594022071257,0.001,0.6746765249537893,0.0,0.695079695079695,0.0,0.6832986832986833,0.0,"HyRS
Positive rules : 
 []
Negative rules : 
 []
HyRS Accuracy : 0.683
Coverage of RuleSet : 0.000
"
0.0027825594022071257,0.0021544346900318843,0.6746765249537893,0.0,0.695079695079695,0.0,0.6832986832986833,0.0,"HyRS
Positive rules : 
 []
Negative rules : 
 []
HyRS Accuracy : 0.683
Coverage of RuleSet : 0.000
"
0.0027825594022071257,0.004641588833612777,0.6746765249537893,0.0,0.695079695079695,0.0,0.6832986832986833,0.0,"HyRS
Positive rules : 
 []
Negative rules : 
 []
HyRS Accuracy : 0.683
Coverage of RuleSet : 0.000
"
0.0027825594022071257,0.01,0.6746765249537893,0.0,0.695079695079695,0.0,0.6832986832986833,0.0,"HyRS
Positive rules : 
 []
Negative rules : 
 []
HyRS Accuracy : 0.683
Coverage of RuleSet : 0.000
"
0.0027825594022071257,0.021544346900318832,0.6742144177449169,0.5434380776340111,0.683991683991684,0.5190575190575191,0.6812196812196812,0.5446985446985447,"HyRS
Positive rules : 
 ['Prior-Crimes>3 && Age=24-40']
Negative rules : 
 ['Age=24-40 && Juvenile-Crimes=0']
HyRS Accuracy : 0.681
Coverage of RuleSet : 0.545
"
0.0027825594022071257,0.046415888336127774,0.6661275415896488,0.9718114602587801,0.6784476784476784,0.9722799722799723,0.6715176715176715,0.9611919611919612,"HyRS
Positive rules : 
 ['Age=18-22 && Gender=Male', 'Prior-Crimes>3']
Negative rules : 
 ['Juvenile-Crimes=0']
HyRS Accuracy : 0.672
Coverage of RuleSet : 0.961
"
0.0027825594022071257,0.1,0.6661275415896488,0.9718114602587801,0.6784476784476784,0.9722799722799723,0.6715176715176715,0.9611919611919612,"HyRS
Positive rules : 
 ['Age=18-22 && Gender=Male', 'Prior-Crimes>3']
Negative rules : 
 ['Juvenile-Crimes=0 && Juvenile-Felonies=0']
HyRS Accuracy : 0.672
Coverage of RuleSet : 0.961
"
0.0027825594022071257,0.21544346900318823,0.6654343807763401,1.0,0.674982674982675,1.0,0.6708246708246708,1.0,"HyRS
Positive rules : 
 ['Age=18-22 && Gender=Male', 'Prior-Crimes>3', 'Juvenile-Crimes=1-3 && Race=African-American']
Negative rules : 
 ['neg_Prior-Crimes>5']
HyRS Accuracy : 0.671
Coverage of RuleSet : 1.000
"
0.0027825594022071257,0.46415888336127775,0.6541127541589649,0.9856746765249538,0.6756756756756757,0.9840609840609841,0.6576576576576577,0.9826749826749827,"HyRS
Positive rules : 
 ['Prior-Crimes>3', 'Age=18-22 && Prior-Crimes=1-3']
Negative rules : 
 ['Juvenile-Crimes=0', 'neg_Age=24-30']
HyRS Accuracy : 0.658
Coverage of RuleSet : 0.983
"
0.0027825594022071257,1.0,0.6455637707948244,1.0,0.6701316701316701,1.0,0.6576576576576577,1.0,"HyRS
Positive rules : 
 ['Prior-Crimes>3', 'neg_Juvenile-Crimes=0']
Negative rules : 
 ['neg_Juvenile-Felonies>3']
HyRS Accuracy : 0.658
Coverage of RuleSet : 1.000
"
0.003593813663804626,0.001,0.6746765249537893,0.0,0.695079695079695,0.0,0.6832986832986833,0.0,"HyRS
Positive rules : 
 []
Negative rules : 
 []
HyRS Accuracy : 0.683
Coverage of RuleSet : 0.000
"
0.003593813663804626,0.0021544346900318843,0.6746765249537893,0.0,0.695079695079695,0.0,0.6832986832986833,0.0,"HyRS
Positive rules : 
 []
Negative rules : 
 []
HyRS Accuracy : 0.683
Coverage of RuleSet : 0.000
"
0.003593813663804626,0.004641588833612777,0.6746765249537893,0.0,0.695079695079695,0.0,0.6832986832986833,0.0,"HyRS
Positive rules : 
 []
Negative rules : 
 []
HyRS Accuracy : 0.683
Coverage of RuleSet : 0.000
"
0.003593813663804626,0.01,0.6746765249537893,0.0,0.695079695079695,0.0,0.6832986832986833,0.0,"HyRS
Positive rules : 
 []
Negative rules : 
 []
HyRS Accuracy : 0.683
Coverage of RuleSet : 0.000
"
0.003593813663804626,0.021544346900318832,0.6695933456561922,0.6714417744916821,0.693000693000693,0.6777546777546778,0.6742896742896742,0.6583506583506583,"HyRS
Positive rules : 
 ['Prior-Crimes>3']
Negative rules : 
 ['Age>=30 && Juvenile-Crimes=0']
HyRS Accuracy : 0.674
Coverage of RuleSet : 0.658
"
0.003593813663804626,0.046415888336127774,0.6705175600739371,0.9068853974121996,0.6770616770616771,0.9175329175329175,0.6798336798336798,0.9126819126819127,"HyRS
Positive rules : 
 ['Juvenile-Crimes=1-3 && Race=African-American', 'Age=18-22 && Gender=Male', 'Prior-Crimes>5']
Negative rules : 
 ['neg_Prior-Crimes>3']
HyRS Accuracy : 0.680
Coverage of RuleSet : 0.913
"
0.003593813663804626,0.1,0.6661275415896488,0.9718114602587801,0.6784476784476784,0.9722799722799723,0.6715176715176715,0.9611919611919612,"HyRS
Positive rules : 
 ['Prior-Crimes>3', 'Age=18-22 && Gender=Male']
Negative rules : 
 ['Juvenile-Crimes=0 && Juvenile-Felonies=0']
HyRS Accuracy : 0.672
Coverage of RuleSet : 0.961
"
0.003593813663804626,0.21544346900318823,0.6628927911275416,1.0,0.6756756756756757,1.0,0.6729036729036729,1.0,"HyRS
Positive rules : 
 ['neg_Juvenile-Crimes=0', 'Age=18-22 && Gender=Male', 'Prior-Crimes>3 && Juvenile-Crimes=0']
Negative rules : 
 ['neg_Prior-Crimes>5']
HyRS Accuracy : 0.673
Coverage of RuleSet : 1.000
"
0.003593813663804626,0.46415888336127775,0.6455637707948244,1.0,0.6701316701316701,1.0,0.6576576576576577,1.0,"HyRS
Positive rules : 
 ['neg_Juvenile-Crimes=0', 'Prior-Crimes>3']
Negative rules : 
 ['Juvenile-Crimes=0']
HyRS Accuracy : 0.658
Coverage of RuleSet : 1.000
"
0.003593813663804626,1.0,0.6494916820702403,1.0,0.6701316701316701,1.0,0.656964656964657,1.0,"HyRS
Positive rules : 
 ['Prior-Crimes>3', 'Age=18-22 && Prior-Crimes=1-3']
Negative rules : 
 ['Prior-Crimes>5 && Current-Charge-Degree=Misdemeanor', 'neg_Juvenile-Felonies>3']
HyRS Accuracy : 0.657
Coverage of RuleSet : 1.000
"
0.004641588833612777,0.001,0.6746765249537893,0.0,0.695079695079695,0.0,0.6832986832986833,0.0,"HyRS
Positive rules : 
 []
Negative rules : 
 []
HyRS Accuracy : 0.683
Coverage of RuleSet : 0.000
"
0.004641588833612777,0.0021544346900318843,0.6746765249537893,0.0,0.695079695079695,0.0,0.6832986832986833,0.0,"HyRS
Positive rules : 
 []
Negative rules : 
 []
HyRS Accuracy : 0.683
Coverage of RuleSet : 0.000
"
0.004641588833612777,0.004641588833612777,0.6746765249537893,0.0,0.695079695079695,0.0,0.6832986832986833,0.0,"HyRS
Positive rules : 
 []
Negative rules : 
 []
HyRS Accuracy : 0.683
Coverage of RuleSet : 0.000
"
0.004641588833612777,0.01,0.6746765249537893,0.0,0.695079695079695,0.0,0.6832986832986833,0.0,"HyRS
Positive rules : 
 []
Negative rules : 
 []
HyRS Accuracy : 0.683
Coverage of RuleSet : 0.000
"
0.004641588833612777,0.021544346900318832,0.6751386321626618,0.21025878003696857,0.6957726957726957,0.19404019404019404,0.6812196812196812,0.20027720027720028,"HyRS
Positive rules : 
 ['Prior-Crimes>3 && Age=24-40']
Negative rules : 
 []
HyRS Accuracy : 0.681
Coverage of RuleSet : 0.200
"
0.004641588833612777,0.046415888336127774,0.6626617375231053,0.9755083179297597,0.6784476784476784,0.975051975051975,0.668052668052668,0.9653499653499653,"HyRS
Positive rules : 
 ['Age=18-22 && Age=18-25', 'Prior-Crimes>3']
Negative rules : 
 ['Juvenile-Crimes=0']
HyRS Accuracy : 0.668
Coverage of RuleSet : 0.965
"
0.004641588833612777,0.1,0.6665896487985212,0.972735674676525,0.6777546777546778,0.972972972972973,0.6708246708246708,0.9618849618849619,"HyRS
Positive rules : 
 ['Age=18-22 && Gender=Male', 'Prior-Crimes>3']
Negative rules : 
 ['neg_Juvenile-Crimes=1-3']
HyRS Accuracy : 0.671
Coverage of RuleSet : 0.962
"
0.004641588833612777,0.21544346900318823,0.6638170055452866,1.0,0.6742896742896742,1.0,0.674982674982675,1.0,"HyRS
Positive rules : 
 ['Age=18-22 && Gender=Male', 'Juvenile-Crimes=1-3 && Prior-Crimes=1-3', 'Prior-Crimes>3']
Negative rules : 
 ['neg_Prior-Crimes>5']
HyRS Accuracy : 0.675
Coverage of RuleSet : 1.000
"
0.004641588833612777,0.46415888336127775,0.6626617375231053,0.9755083179297597,0.6784476784476784,0.975051975051975,0.668052668052668,0.9653499653499653,"HyRS
Positive rules : 
 ['Age=18-22', 'Prior-Crimes>3']
Negative rules : 
 ['Juvenile-Crimes=0 && Juvenile-Felonies=0']
HyRS Accuracy : 0.668
Coverage of RuleSet : 0.965
"
0.004641588833612777,1.0,0.6441774491682071,1.0,0.6632016632016632,1.0,0.6507276507276507,1.0,"HyRS
Positive rules : 
 ['Age=18-25 && Gender=Male', 'Prior-Crimes>3 && Gender=Male']
Negative rules : 
 ['neg_Juvenile-Felonies>3']
HyRS Accuracy : 0.651
Coverage of RuleSet : 1.000
"
0.005994842503189409,0.001,0.6746765249537893,0.0,0.695079695079695,0.0,0.6832986832986833,0.0,"HyRS
Positive rules : 
 []
Negative rules : 
 []
HyRS Accuracy : 0.683
Coverage of RuleSet : 0.000
"
0.005994842503189409,0.0021544346900318843,0.6746765249537893,0.0,0.695079695079695,0.0,0.6832986832986833,0.0,"HyRS
Positive rules : 
 []
Negative rules : 
 []
HyRS Accuracy : 0.683
Coverage of RuleSet : 0.000
"
0.005994842503189409,0.004641588833612777,0.6746765249537893,0.0,0.695079695079695,0.0,0.6832986832986833,0.0,"HyRS
Positive rules : 
 []
Negative rules : 
 []
HyRS Accuracy : 0.683
Coverage of RuleSet : 0.000
"
0.005994842503189409,0.01,0.6746765249537893,0.0,0.695079695079695,0.0,0.6832986832986833,0.0,"HyRS
Positive rules : 
 []
Negative rules : 
 []
HyRS Accuracy : 0.683
Coverage of RuleSet : 0.000
"
0.005994842503189409,0.021544346900318832,0.6746765249537893,0.0,0.695079695079695,0.0,0.6832986832986833,0.0,"HyRS
Positive rules : 
 []
Negative rules : 
 []
HyRS Accuracy : 0.683
Coverage of RuleSet : 0.000
"
0.005994842503189409,0.046415888336127774,0.6656654343807763,0.7800369685767098,0.683991683991684,0.7803187803187803,0.674982674982675,0.7837837837837838,"HyRS
Positive rules : 
 ['Prior-Crimes>3']
Negative rules : 
 ['neg_Age=18-25']
HyRS Accuracy : 0.675
Coverage of RuleSet : 0.784
"
0.005994842503189409,0.1,0.6661275415896488,0.9718114602587801,0.6784476784476784,0.9722799722799723,0.6715176715176715,0.9611919611919612,"HyRS
Positive rules : 
 ['Age=18-22 && Gender=Male', 'Prior-Crimes>3']
Negative rules : 
 ['Juvenile-Crimes=0']
HyRS Accuracy : 0.672
Coverage of RuleSet : 0.961
"
0.005994842503189409,0.21544346900318823,0.6591959334565619,1.0,0.6687456687456688,1.0,0.6687456687456688,1.0,"HyRS
Positive rules : 
 ['Age=18-22 && Gender=Male', 'Prior-Crimes>3']
Negative rules : 
 ['neg_Prior-Crimes>5']
HyRS Accuracy : 0.669
Coverage of RuleSet : 1.000
"
0.005994842503189409,0.46415888336127775,0.6631238447319778,0.9896025878003697,0.6888426888426888,0.9854469854469855,0.6763686763686764,0.9826749826749827,"HyRS
Positive rules : 
 ['Age=18-25 && Prior-Crimes=1-3', 'Prior-Crimes>3', 'Age=18-22 && Juvenile-Felonies=0']
Negative rules : 
 ['Juvenile-Crimes=0 && Juvenile-Felonies=0']
HyRS Accuracy : 0.676
Coverage of RuleSet : 0.983
"
0.005994842503189409,1.0,0.6591959334565619,0.9993068391866913,0.6687456687456688,0.9993069993069993,0.6687456687456688,0.997920997920998,"HyRS
Positive rules : 
 ['Prior-Crimes>3', 'Age=18-22 && Gender=Male']
Negative rules : 
 ['neg_Race=Native-American']
HyRS Accuracy : 0.669
Coverage of RuleSet : 0.998
"
0.007742636826811269,0.001,0.6746765249537893,0.0,0.695079695079695,0.0,0.6832986832986833,0.0,"HyRS
Positive rules : 
 []
Negative rules : 
 []
HyRS Accuracy : 0.683
Coverage of RuleSet : 0.000
"
0.007742636826811269,0.0021544346900318843,0.6746765249537893,0.0,0.695079695079695,0.0,0.6832986832986833,0.0,"HyRS
Positive rules : 
 []
Negative rules : 
 []
HyRS Accuracy : 0.683
Coverage of RuleSet : 0.000
"
0.007742636826811269,0.004641588833612777,0.6746765249537893,0.0,0.695079695079695,0.0,0.6832986832986833,0.0,"HyRS
Positive rules : 
 []
Negative rules : 
 []
HyRS Accuracy : 0.683
Coverage of RuleSet : 0.000
"
0.007742636826811269,0.01,0.6746765249537893,0.0,0.695079695079695,0.0,0.6832986832986833,0.0,"HyRS
Positive rules : 
 []
Negative rules : 
 []
HyRS Accuracy : 0.683
Coverage of RuleSet : 0.000
"
0.007742636826811269,0.021544346900318832,0.6746765249537893,0.0,0.695079695079695,0.0,0.6832986832986833,0.0,"HyRS
Positive rules : 
 []
Negative rules : 
 []
HyRS Accuracy : 0.683
Coverage of RuleSet : 0.000
"
0.007742636826811269,0.046415888336127774,0.6665896487985212,0.972735674676525,0.6777546777546778,0.972972972972973,0.6708246708246708,0.9618849618849619,"HyRS
Positive rules : 
 ['Prior-Crimes>3', 'Age=18-22 && Gender=Male']
Negative rules : 
 ['neg_Juvenile-Crimes=1-3']
HyRS Accuracy : 0.671
Coverage of RuleSet : 0.962
"
0.007742636826811269,0.1,0.6591959334565619,1.0,0.6687456687456688,1.0,0.6687456687456688,1.0,"HyRS
Positive rules : 
 ['Age=18-22 && Gender=Male', 'Prior-Crimes>3']
Negative rules : 
 ['neg_Prior-Crimes>3']
HyRS Accuracy : 0.669
Coverage of RuleSet : 1.000
"
0.007742636826811269,0.21544346900318823,0.6591959334565619,1.0,0.6687456687456688,1.0,0.6687456687456688,1.0,"HyRS
Positive rules : 
 ['Age=18-22 && Gender=Male', 'Prior-Crimes>3']
Negative rules : 
 ['neg_Prior-Crimes>5']
HyRS Accuracy : 0.669
Coverage of RuleSet : 1.000
"
0.007742636826811269,0.46415888336127775,0.6333179297597042,0.9893715341959335,0.65003465003465,0.9875259875259875,0.6424116424116424,0.9847539847539848,"HyRS
Positive rules : 
 ['Prior-Crimes>3']
Negative rules : 
 ['Juvenile-Felonies=0']
HyRS Accuracy : 0.642
Coverage of RuleSet : 0.985
"
0.007742636826811269,1.0,0.6494916820702403,1.0,0.6701316701316701,1.0,0.656964656964657,1.0,"HyRS
Positive rules : 
 ['Age=18-22 && Prior-Crimes=1-3', 'Prior-Crimes>3']
Negative rules : 
 ['neg_Juvenile-Felonies>3']
HyRS Accuracy : 0.657
Coverage of RuleSet : 1.000
"
0.01,0.001,0.6746765249537893,0.0,0.695079695079695,0.0,0.6832986832986833,0.0,"HyRS
Positive rules : 
 []
Negative rules : 
 []
HyRS Accuracy : 0.683
Coverage of RuleSet : 0.000
"
0.01,0.0021544346900318843,0.6746765249537893,0.0,0.695079695079695,0.0,0.6832986832986833,0.0,"HyRS
Positive rules : 
 []
Negative rules : 
 []
HyRS Accuracy : 0.683
Coverage of RuleSet : 0.000
"
0.01,0.004641588833612777,0.6746765249537893,0.0,0.695079695079695,0.0,0.6832986832986833,0.0,"HyRS
Positive rules : 
 []
Negative rules : 
 []
HyRS Accuracy : 0.683
Coverage of RuleSet : 0.000
"
0.01,0.01,0.6746765249537893,0.0,0.695079695079695,0.0,0.6832986832986833,0.0,"HyRS
Positive rules : 
 []
Negative rules : 
 []
HyRS Accuracy : 0.683
Coverage of RuleSet : 0.000
"
0.01,0.021544346900318832,0.6746765249537893,0.0,0.695079695079695,0.0,0.6832986832986833,0.0,"HyRS
Positive rules : 
 []
Negative rules : 
 []
HyRS Accuracy : 0.683
Coverage of RuleSet : 0.000
"
0.01,0.046415888336127774,0.6656654343807763,0.7800369685767098,0.683991683991684,0.7803187803187803,0.674982674982675,0.7837837837837838,"HyRS
Positive rules : 
 ['Prior-Crimes>3']
Negative rules : 
 ['neg_Age=18-25']
HyRS Accuracy : 0.675
Coverage of RuleSet : 0.784
"
0.01,0.1,0.6601201478743068,0.9944547134935305,0.6708246708246708,0.9937629937629938,0.6687456687456688,0.9951489951489951,"HyRS
Positive rules : 
 ['Prior-Crimes>3', 'Age=18-22 && Gender=Male']
Negative rules : 
 ['neg_Age=18-20']
HyRS Accuracy : 0.669
Coverage of RuleSet : 0.995
"
0.01,0.21544346900318823,0.6591959334565619,1.0,0.6687456687456688,1.0,0.6687456687456688,1.0,"HyRS
Positive rules : 
 ['Age=18-22 && Gender=Male', 'Prior-Crimes>3']
Negative rules : 
 ['neg_Prior-Crimes>5']
HyRS Accuracy : 0.669
Coverage of RuleSet : 1.000
"
0.01,0.46415888336127775,0.6594269870609981,0.9856746765249538,0.6777546777546778,0.9833679833679834,0.6645876645876646,0.9805959805959806,"HyRS
Positive rules : 
 ['Age=18-25 && Gender=Male', 'Prior-Crimes>3']
Negative rules : 
 ['Age=18-25 && Prior-Crimes>3', 'Juvenile-Crimes=0 && Juvenile-Felonies=0']
HyRS Accuracy : 0.665
Coverage of RuleSet : 0.981
"
0.01,1.0,0.6453327171903882,0.9960720887245841,0.6701316701316701,0.9965349965349966,0.6576576576576577,0.997920997920998,"HyRS
Positive rules : 
 ['Prior-Crimes>3 && Juvenile-Felonies=0', 'neg_Juvenile-Crimes=0']
Negative rules : 
 ['neg_Race=Asian']
HyRS Accuracy : 0.658
Coverage of RuleSet : 0.998
"
