alpha,beta,accuracy_train,transparency_train,accuracy_valid,transparency_valid,accuracy_test,transparency_test,model
na,na,0.8507421941648183,0,0.8425470925470926,0,0.8425632101545706,0,"GradientBoostingClassifier(learning_rate=0.0914438342017693,
                           min_impurity_decrease=0.01, min_samples_leaf=2,
                           min_samples_split=3, n_estimators=356,
                           random_state=0)"
0.001,0.001,0.8507421941648183,0.0,0.8425470925470926,0.0,0.8425632101545706,0.0,"HyRS
Positive rules : 
 []
Negative rules : 
 []
HyRS Accuracy : 0.843
Coverage of RuleSet : 0.000
"
0.001,0.0021544346900318843,0.8507421941648183,0.0,0.8425470925470926,0.0,0.8425632101545706,0.0,"HyRS
Positive rules : 
 []
Negative rules : 
 []
HyRS Accuracy : 0.843
Coverage of RuleSet : 0.000
"
0.001,0.004641588833612777,0.8507421941648183,0.0,0.8425470925470926,0.0,0.8425632101545706,0.0,"HyRS
Positive rules : 
 []
Negative rules : 
 []
HyRS Accuracy : 0.843
Coverage of RuleSet : 0.000
"
0.001,0.01,0.8505374509469373,0.23245180003412386,0.8428542178542179,0.22972972972972974,0.8424608455317842,0.22827310881359403,"HyRS
Positive rules : 
 []
Negative rules : 
 ['age_low && marital_status_Single']
HyRS Accuracy : 0.842
Coverage of RuleSet : 0.228
"
0.001,0.021544346900318832,0.8478757891144856,0.5066712165159529,0.842035217035217,0.5056306306306306,0.8403111884532706,0.5090592691165933,"HyRS
Positive rules : 
 []
Negative rules : 
 ['occupation_Blue-Collar && capital_gain_0', 'age_low && capital_gain_0']
HyRS Accuracy : 0.840
Coverage of RuleSet : 0.509
"
0.001,0.046415888336127774,0.843303190581812,0.6897457771711312,0.8400900900900901,0.6936936936936937,0.8376497082608251,0.6801105537926093,"HyRS
Positive rules : 
 []
Negative rules : 
 ['neg_marital_status_Married', 'occupation_Blue-Collar && capital_gain_0']
HyRS Accuracy : 0.838
Coverage of RuleSet : 0.680
"
0.001,0.1,0.8369902746971507,0.8123869646817949,0.8357903357903358,0.8090704340704341,0.8339645818405159,0.8044835704780428,"HyRS
Positive rules : 
 ['education_Bachelors && marital_status_Married']
Negative rules : 
 ['neg_marital_status_Married', 'hours_per_week_low && education_HS-grad', 'age_low && capital_loss_0', 'occupation_Blue-Collar && capital_gain_0']
HyRS Accuracy : 0.834
Coverage of RuleSet : 0.804
"
0.001,0.21544346900318823,0.8138884149462549,0.9620883808223852,0.8134725634725635,0.963963963963964,0.8113420002047292,0.9620227249462586,"HyRS
Positive rules : 
 ['education_Bachelors && marital_status_Married', 'occupation_White-Collar && relationship_Husband']
Negative rules : 
 ['education_HS-grad && relationship_Husband', 'relationship_Not-in-family && capital_gain_0', 'neg_education_Masters_Doctorate']
HyRS Accuracy : 0.811
Coverage of RuleSet : 0.962
"
0.001,0.46415888336127775,0.7978843200818972,0.9887391230165501,0.7977067977067978,0.9891482391482391,0.7911761695158154,0.9909919131947998,"HyRS
Positive rules : 
 ['education_Bachelors && marital_status_Married']
Negative rules : 
 ['capital_gain_0', 'neg_education_Masters_Doctorate']
HyRS Accuracy : 0.791
Coverage of RuleSet : 0.991
"
0.001,1.0,0.7897287152363078,1.0,0.7895167895167895,1.0,0.7851366567714197,1.0,"HyRS
Positive rules : 
 ['education_Bachelors && marital_status_Married']
Negative rules : 
 ['neg_race_Amer-Indian-Eskimo', 'neg_race_Other']
HyRS Accuracy : 0.785
Coverage of RuleSet : 1.000
"
0.001291549665014884,0.001,0.8507421941648183,0.0,0.8425470925470926,0.0,0.8425632101545706,0.0,"HyRS
Positive rules : 
 []
Negative rules : 
 []
HyRS Accuracy : 0.843
Coverage of RuleSet : 0.000
"
0.001291549665014884,0.0021544346900318843,0.8507421941648183,0.0,0.8425470925470926,0.0,0.8425632101545706,0.0,"HyRS
Positive rules : 
 []
Negative rules : 
 []
HyRS Accuracy : 0.843
Coverage of RuleSet : 0.000
"
0.001291549665014884,0.004641588833612777,0.8507421941648183,0.0,0.8425470925470926,0.0,0.8425632101545706,0.0,"HyRS
Positive rules : 
 []
Negative rules : 
 []
HyRS Accuracy : 0.843
Coverage of RuleSet : 0.000
"
0.001291549665014884,0.01,0.8494113632485923,0.3112438150486265,0.8418304668304668,0.30907043407043405,0.8409253761899887,0.31047190091104515,"HyRS
Positive rules : 
 []
Negative rules : 
 ['age_low && capital_gain_0']
HyRS Accuracy : 0.841
Coverage of RuleSet : 0.310
"
0.001291549665014884,0.021544346900318832,0.843303190581812,0.6897457771711312,0.8400900900900901,0.6936936936936937,0.8376497082608251,0.6801105537926093,"HyRS
Positive rules : 
 []
Negative rules : 
 ['occupation_Blue-Collar && capital_gain_0', 'neg_marital_status_Married']
HyRS Accuracy : 0.838
Coverage of RuleSet : 0.680
"
0.001291549665014884,0.046415888336127774,0.843303190581812,0.6897457771711312,0.8400900900900901,0.6936936936936937,0.8376497082608251,0.6801105537926093,"HyRS
Positive rules : 
 []
Negative rules : 
 ['neg_marital_status_Married', 'occupation_Blue-Collar && capital_gain_0']
HyRS Accuracy : 0.838
Coverage of RuleSet : 0.680
"
0.001291549665014884,0.1,0.8398225558778365,0.7826991980890633,0.8346642096642096,0.782964782964783,0.8363189681646023,0.7741836421332787,"HyRS
Positive rules : 
 []
Negative rules : 
 ['age_low && capital_loss_0', 'neg_marital_status_Married', 'occupation_Blue-Collar && capital_gain_0', 'education_HS-grad && capital_gain_0']
HyRS Accuracy : 0.836
Coverage of RuleSet : 0.774
"
0.001291549665014884,0.21544346900318823,0.8123187169425012,0.9600409486435761,0.8126535626535627,0.9597665847665847,0.8085781553894974,0.9586446923943085,"HyRS
Positive rules : 
 ['education_Bachelors && marital_status_Married']
Negative rules : 
 ['neg_education_Masters_Doctorate', 'neg_marital_status_Married']
HyRS Accuracy : 0.809
Coverage of RuleSet : 0.959
"
0.001291549665014884,0.46415888336127775,0.7978843200818972,0.9887391230165501,0.7977067977067978,0.9891482391482391,0.7911761695158154,0.9909919131947998,"HyRS
Positive rules : 
 ['education_Bachelors && marital_status_Married']
Negative rules : 
 ['capital_gain_0', 'neg_education_Masters_Doctorate']
HyRS Accuracy : 0.791
Coverage of RuleSet : 0.991
"
0.001291549665014884,1.0,0.7897287152363078,1.0,0.7895167895167895,1.0,0.7851366567714197,1.0,"HyRS
Positive rules : 
 ['education_Bachelors && marital_status_Married']
Negative rules : 
 ['neg_race_Amer-Indian-Eskimo', 'neg_race_Other']
HyRS Accuracy : 0.785
Coverage of RuleSet : 1.000
"
0.0016681005372000592,0.001,0.8507421941648183,0.0,0.8425470925470926,0.0,0.8425632101545706,0.0,"HyRS
Positive rules : 
 []
Negative rules : 
 []
HyRS Accuracy : 0.843
Coverage of RuleSet : 0.000
"
0.0016681005372000592,0.0021544346900318843,0.8507421941648183,0.0,0.8425470925470926,0.0,0.8425632101545706,0.0,"HyRS
Positive rules : 
 []
Negative rules : 
 []
HyRS Accuracy : 0.843
Coverage of RuleSet : 0.000
"
0.0016681005372000592,0.004641588833612777,0.8507421941648183,0.0,0.8425470925470926,0.0,0.8425632101545706,0.0,"HyRS
Positive rules : 
 []
Negative rules : 
 []
HyRS Accuracy : 0.843
Coverage of RuleSet : 0.000
"
0.0016681005372000592,0.01,0.8494113632485923,0.3112438150486265,0.8418304668304668,0.30907043407043405,0.8409253761899887,0.31047190091104515,"HyRS
Positive rules : 
 []
Negative rules : 
 ['age_low && capital_gain_0']
HyRS Accuracy : 0.841
Coverage of RuleSet : 0.310
"
0.0016681005372000592,0.021544346900318832,0.8478757891144856,0.5066712165159529,0.842035217035217,0.5056306306306306,0.8403111884532706,0.5090592691165933,"HyRS
Positive rules : 
 []
Negative rules : 
 ['age_low && capital_gain_0', 'occupation_Blue-Collar && capital_gain_0']
HyRS Accuracy : 0.840
Coverage of RuleSet : 0.509
"
0.0016681005372000592,0.046415888336127774,0.843303190581812,0.6897457771711312,0.8400900900900901,0.6936936936936937,0.8376497082608251,0.6801105537926093,"HyRS
Positive rules : 
 []
Negative rules : 
 ['neg_marital_status_Married', 'occupation_Blue-Collar && capital_gain_0']
HyRS Accuracy : 0.838
Coverage of RuleSet : 0.680
"
0.0016681005372000592,0.1,0.8387647159187852,0.7891486094523119,0.8370188370188371,0.7894144144144144,0.8350905926911659,0.7832940935612652,"HyRS
Positive rules : 
 ['education_Bachelors && relationship_Husband']
Negative rules : 
 ['neg_marital_status_Married', 'age_low && capital_loss_0', 'occupation_Blue-Collar && capital_gain_0']
HyRS Accuracy : 0.835
Coverage of RuleSet : 0.783
"
0.0016681005372000592,0.21544346900318823,0.8155946084285958,0.9667974748336461,0.8147010647010647,0.9673423423423423,0.8149247620022521,0.9638652881564131,"HyRS
Positive rules : 
 ['capital_gain_>0 && race_White', 'education_Bachelors && marital_status_Married']
Negative rules : 
 ['neg_education_Masters_Doctorate', 'neg_marital_status_Married']
HyRS Accuracy : 0.815
Coverage of RuleSet : 0.964
"
0.0016681005372000592,0.46415888336127775,0.7970312233407268,0.9965534891656714,0.7985257985257985,0.9962121212121212,0.7953731190500563,0.9952912273518272,"HyRS
Positive rules : 
 ['capital_gain_>0', 'education_Bachelors && relationship_Husband']
Negative rules : 
 ['age_low && capital_gain_0', 'neg_race_Other']
HyRS Accuracy : 0.795
Coverage of RuleSet : 0.995
"
0.0016681005372000592,1.0,0.7897287152363078,1.0,0.7895167895167895,1.0,0.7851366567714197,1.0,"HyRS
Positive rules : 
 ['education_Bachelors && marital_status_Married']
Negative rules : 
 ['neg_race_Amer-Indian-Eskimo', 'neg_race_Other']
HyRS Accuracy : 0.785
Coverage of RuleSet : 1.000
"
0.0021544346900318843,0.001,0.8507421941648183,0.0,0.8425470925470926,0.0,0.8425632101545706,0.0,"HyRS
Positive rules : 
 []
Negative rules : 
 []
HyRS Accuracy : 0.843
Coverage of RuleSet : 0.000
"
0.0021544346900318843,0.0021544346900318843,0.8507421941648183,0.0,0.8425470925470926,0.0,0.8425632101545706,0.0,"HyRS
Positive rules : 
 []
Negative rules : 
 []
HyRS Accuracy : 0.843
Coverage of RuleSet : 0.000
"
0.0021544346900318843,0.004641588833612777,0.8507421941648183,0.0,0.8425470925470926,0.0,0.8425632101545706,0.0,"HyRS
Positive rules : 
 []
Negative rules : 
 []
HyRS Accuracy : 0.843
Coverage of RuleSet : 0.000
"
0.0021544346900318843,0.01,0.8507421941648183,0.0,0.8425470925470926,0.0,0.8425632101545706,0.0,"HyRS
Positive rules : 
 []
Negative rules : 
 []
HyRS Accuracy : 0.843
Coverage of RuleSet : 0.000
"
0.0021544346900318843,0.021544346900318832,0.8448387647159188,0.5298413240061423,0.839987714987715,0.5352170352170352,0.8383662606203296,0.5162247927116389,"HyRS
Positive rules : 
 []
Negative rules : 
 ['neg_marital_status_Married']
HyRS Accuracy : 0.838
Coverage of RuleSet : 0.516
"
0.0021544346900318843,0.046415888336127774,0.843303190581812,0.6897457771711312,0.8400900900900901,0.6936936936936937,0.8376497082608251,0.6801105537926093,"HyRS
Positive rules : 
 []
Negative rules : 
 ['neg_marital_status_Married', 'occupation_Blue-Collar && capital_gain_0']
HyRS Accuracy : 0.838
Coverage of RuleSet : 0.680
"
0.0021544346900318843,0.1,0.8386623443098448,0.7673434567479952,0.8326167076167076,0.7694512694512694,0.8324291124987204,0.7604667826799059,"HyRS
Positive rules : 
 []
Negative rules : 
 ['neg_marital_status_Married', 'occupation_Blue-Collar', 'education_HS-grad && capital_gain_0']
HyRS Accuracy : 0.832
Coverage of RuleSet : 0.760
"
0.0021544346900318843,0.21544346900318823,0.814059034294489,0.9622931240402661,0.8094799344799345,0.9653972153972153,0.8119561879414474,0.9623298188146177,"HyRS
Positive rules : 
 ['education_Bachelors && marital_status_Married', 'capital_gain_>0 && race_White']
Negative rules : 
 ['neg_occupation_Professional', 'neg_marital_status_Married']
HyRS Accuracy : 0.812
Coverage of RuleSet : 0.962
"
0.0021544346900318843,0.46415888336127775,0.795871011772735,0.9887391230165501,0.7967854217854218,0.9891482391482391,0.7897430647968062,0.9909919131947998,"HyRS
Positive rules : 
 ['education_Bachelors && relationship_Husband']
Negative rules : 
 ['neg_capital_gain_>0', 'neg_education_Masters_Doctorate']
HyRS Accuracy : 0.790
Coverage of RuleSet : 0.991
"
0.0021544346900318843,1.0,0.7920491383722914,1.0,0.7962735462735463,1.0,0.7928140034803972,1.0,"HyRS
Positive rules : 
 ['capital_gain_>0 && capital_loss_0', 'occupation_White-Collar && relationship_Husband']
Negative rules : 
 ['neg_race_Amer-Indian-Eskimo', 'neg_race_Other']
HyRS Accuracy : 0.793
Coverage of RuleSet : 1.000
"
0.0027825594022071257,0.001,0.8507421941648183,0.0,0.8425470925470926,0.0,0.8425632101545706,0.0,"HyRS
Positive rules : 
 []
Negative rules : 
 []
HyRS Accuracy : 0.843
Coverage of RuleSet : 0.000
"
0.0027825594022071257,0.0021544346900318843,0.8507421941648183,0.0,0.8425470925470926,0.0,0.8425632101545706,0.0,"HyRS
Positive rules : 
 []
Negative rules : 
 []
HyRS Accuracy : 0.843
Coverage of RuleSet : 0.000
"
0.0027825594022071257,0.004641588833612777,0.8507421941648183,0.0,0.8425470925470926,0.0,0.8425632101545706,0.0,"HyRS
Positive rules : 
 []
Negative rules : 
 []
HyRS Accuracy : 0.843
Coverage of RuleSet : 0.000
"
0.0027825594022071257,0.01,0.8507421941648183,0.0,0.8425470925470926,0.0,0.8425632101545706,0.0,"HyRS
Positive rules : 
 []
Negative rules : 
 []
HyRS Accuracy : 0.843
Coverage of RuleSet : 0.000
"
0.0027825594022071257,0.021544346900318832,0.8448387647159188,0.5298413240061423,0.839987714987715,0.5352170352170352,0.8383662606203296,0.5162247927116389,"HyRS
Positive rules : 
 []
Negative rules : 
 ['neg_marital_status_Married']
HyRS Accuracy : 0.838
Coverage of RuleSet : 0.516
"
0.0027825594022071257,0.046415888336127774,0.843303190581812,0.6897457771711312,0.8400900900900901,0.6936936936936937,0.8376497082608251,0.6801105537926093,"HyRS
Positive rules : 
 []
Negative rules : 
 ['neg_marital_status_Married', 'occupation_Blue-Collar && capital_gain_0']
HyRS Accuracy : 0.838
Coverage of RuleSet : 0.680
"
0.0027825594022071257,0.1,0.843303190581812,0.6897457771711312,0.8400900900900901,0.6936936936936937,0.8376497082608251,0.6801105537926093,"HyRS
Positive rules : 
 []
Negative rules : 
 ['occupation_Blue-Collar && capital_gain_0', 'neg_marital_status_Married']
HyRS Accuracy : 0.838
Coverage of RuleSet : 0.680
"
0.0027825594022071257,0.21544346900318823,0.814434396860604,0.9506568844907013,0.8132678132678133,0.9513718263718264,0.8094994369945747,0.9504555225713993,"HyRS
Positive rules : 
 ['education_Bachelors && marital_status_Married']
Negative rules : 
 ['neg_education_Masters_Doctorate', 'relationship_Not-in-family && capital_gain_0']
HyRS Accuracy : 0.809
Coverage of RuleSet : 0.950
"
0.0027825594022071257,0.46415888336127775,0.7978843200818972,0.9887391230165501,0.7977067977067978,0.9891482391482391,0.7911761695158154,0.9909919131947998,"HyRS
Positive rules : 
 ['education_Bachelors && marital_status_Married']
Negative rules : 
 ['neg_education_Masters_Doctorate', 'capital_gain_0']
HyRS Accuracy : 0.791
Coverage of RuleSet : 0.991
"
0.0027825594022071257,1.0,0.7877154069271456,1.0,0.7885954135954136,1.0,0.7837035520524107,1.0,"HyRS
Positive rules : 
 ['education_Bachelors && relationship_Husband']
Negative rules : 
 ['neg_race_Other', 'neg_race_Black']
HyRS Accuracy : 0.784
Coverage of RuleSet : 1.000
"
0.003593813663804626,0.001,0.8507421941648183,0.0,0.8425470925470926,0.0,0.8425632101545706,0.0,"HyRS
Positive rules : 
 []
Negative rules : 
 []
HyRS Accuracy : 0.843
Coverage of RuleSet : 0.000
"
0.003593813663804626,0.0021544346900318843,0.8507421941648183,0.0,0.8425470925470926,0.0,0.8425632101545706,0.0,"HyRS
Positive rules : 
 []
Negative rules : 
 []
HyRS Accuracy : 0.843
Coverage of RuleSet : 0.000
"
0.003593813663804626,0.004641588833612777,0.8507421941648183,0.0,0.8425470925470926,0.0,0.8425632101545706,0.0,"HyRS
Positive rules : 
 []
Negative rules : 
 []
HyRS Accuracy : 0.843
Coverage of RuleSet : 0.000
"
0.003593813663804626,0.01,0.8507421941648183,0.0,0.8425470925470926,0.0,0.8425632101545706,0.0,"HyRS
Positive rules : 
 []
Negative rules : 
 []
HyRS Accuracy : 0.843
Coverage of RuleSet : 0.000
"
0.003593813663804626,0.021544346900318832,0.8448387647159188,0.5298413240061423,0.839987714987715,0.5352170352170352,0.8383662606203296,0.5162247927116389,"HyRS
Positive rules : 
 []
Negative rules : 
 ['neg_marital_status_Married']
HyRS Accuracy : 0.838
Coverage of RuleSet : 0.516
"
0.003593813663804626,0.046415888336127774,0.843303190581812,0.6897457771711312,0.8400900900900901,0.6936936936936937,0.8376497082608251,0.6801105537926093,"HyRS
Positive rules : 
 []
Negative rules : 
 ['neg_marital_status_Married', 'occupation_Blue-Collar && capital_gain_0']
HyRS Accuracy : 0.838
Coverage of RuleSet : 0.680
"
0.003593813663804626,0.1,0.843303190581812,0.6897457771711312,0.8400900900900901,0.6936936936936937,0.8376497082608251,0.6801105537926093,"HyRS
Positive rules : 
 []
Negative rules : 
 ['neg_marital_status_Married', 'occupation_Blue-Collar && capital_gain_0']
HyRS Accuracy : 0.838
Coverage of RuleSet : 0.680
"
0.003593813663804626,0.21544346900318823,0.8149803787749531,0.9329124722743559,0.8137796887796888,0.9331490581490581,0.8101136247312929,0.9353055583990173,"HyRS
Positive rules : 
 ['education_Bachelors && marital_status_Married']
Negative rules : 
 ['neg_education_Masters_Doctorate']
HyRS Accuracy : 0.810
Coverage of RuleSet : 0.935
"
0.003593813663804626,0.46415888336127775,0.7979866916908377,0.9929022351134619,0.7986281736281736,0.9925266175266175,0.7961920360323472,0.9917084655543045,"HyRS
Positive rules : 
 ['education_Bachelors && marital_status_Married', 'neg_capital_gain_0']
Negative rules : 
 ['neg_race_Other']
HyRS Accuracy : 0.796
Coverage of RuleSet : 0.992
"
0.003593813663804626,1.0,0.7897287152363078,1.0,0.7895167895167895,1.0,0.7851366567714197,1.0,"HyRS
Positive rules : 
 ['education_Bachelors && marital_status_Married']
Negative rules : 
 ['neg_race_Other', 'neg_race_Black']
HyRS Accuracy : 0.785
Coverage of RuleSet : 1.000
"
0.004641588833612777,0.001,0.8507421941648183,0.0,0.8425470925470926,0.0,0.8425632101545706,0.0,"HyRS
Positive rules : 
 []
Negative rules : 
 []
HyRS Accuracy : 0.843
Coverage of RuleSet : 0.000
"
0.004641588833612777,0.0021544346900318843,0.8507421941648183,0.0,0.8425470925470926,0.0,0.8425632101545706,0.0,"HyRS
Positive rules : 
 []
Negative rules : 
 []
HyRS Accuracy : 0.843
Coverage of RuleSet : 0.000
"
0.004641588833612777,0.004641588833612777,0.8507421941648183,0.0,0.8425470925470926,0.0,0.8425632101545706,0.0,"HyRS
Positive rules : 
 []
Negative rules : 
 []
HyRS Accuracy : 0.843
Coverage of RuleSet : 0.000
"
0.004641588833612777,0.01,0.8507421941648183,0.0,0.8425470925470926,0.0,0.8425632101545706,0.0,"HyRS
Positive rules : 
 []
Negative rules : 
 []
HyRS Accuracy : 0.843
Coverage of RuleSet : 0.000
"
0.004641588833612777,0.021544346900318832,0.850230336120116,0.3170107490189387,0.8422399672399672,0.31746519246519245,0.8423584809089979,0.312109734875627,"HyRS
Positive rules : 
 []
Negative rules : 
 ['marital_status_Single && capital_gain_0']
HyRS Accuracy : 0.842
Coverage of RuleSet : 0.312
"
0.004641588833612777,0.046415888336127774,0.843303190581812,0.6897457771711312,0.8400900900900901,0.6936936936936937,0.8376497082608251,0.6801105537926093,"HyRS
Positive rules : 
 []
Negative rules : 
 ['neg_marital_status_Married', 'occupation_Blue-Collar && capital_gain_0']
HyRS Accuracy : 0.838
Coverage of RuleSet : 0.680
"
0.004641588833612777,0.1,0.843303190581812,0.6897457771711312,0.8400900900900901,0.6936936936936937,0.8376497082608251,0.6801105537926093,"HyRS
Positive rules : 
 []
Negative rules : 
 ['neg_marital_status_Married', 'occupation_Blue-Collar && capital_gain_0']
HyRS Accuracy : 0.838
Coverage of RuleSet : 0.680
"
0.004641588833612777,0.21544346900318823,0.8149803787749531,0.9329124722743559,0.8137796887796888,0.9331490581490581,0.8101136247312929,0.9353055583990173,"HyRS
Positive rules : 
 ['education_Bachelors && marital_status_Married']
Negative rules : 
 ['neg_education_Masters_Doctorate']
HyRS Accuracy : 0.810
Coverage of RuleSet : 0.935
"
0.004641588833612777,0.46415888336127775,0.7979866916908377,0.9929022351134619,0.7986281736281736,0.9925266175266175,0.7961920360323472,0.9917084655543045,"HyRS
Positive rules : 
 ['education_Bachelors && marital_status_Married', 'neg_capital_gain_0']
Negative rules : 
 ['neg_race_Other']
HyRS Accuracy : 0.796
Coverage of RuleSet : 0.992
"
0.004641588833612777,1.0,0.7898310868452483,0.9996928851731787,0.7894144144144144,0.9996928746928747,0.7851366567714197,0.9995905415088545,"HyRS
Positive rules : 
 ['education_Bachelors && marital_status_Married']
Negative rules : 
 ['neg_race_Amer-Indian-Eskimo', 'neg_education_Masters_Doctorate']
HyRS Accuracy : 0.785
Coverage of RuleSet : 1.000
"
0.005994842503189409,0.001,0.8507421941648183,0.0,0.8425470925470926,0.0,0.8425632101545706,0.0,"HyRS
Positive rules : 
 []
Negative rules : 
 []
HyRS Accuracy : 0.843
Coverage of RuleSet : 0.000
"
0.005994842503189409,0.0021544346900318843,0.8507421941648183,0.0,0.8425470925470926,0.0,0.8425632101545706,0.0,"HyRS
Positive rules : 
 []
Negative rules : 
 []
HyRS Accuracy : 0.843
Coverage of RuleSet : 0.000
"
0.005994842503189409,0.004641588833612777,0.8507421941648183,0.0,0.8425470925470926,0.0,0.8425632101545706,0.0,"HyRS
Positive rules : 
 []
Negative rules : 
 []
HyRS Accuracy : 0.843
Coverage of RuleSet : 0.000
"
0.005994842503189409,0.01,0.8507421941648183,0.0,0.8425470925470926,0.0,0.8425632101545706,0.0,"HyRS
Positive rules : 
 []
Negative rules : 
 []
HyRS Accuracy : 0.843
Coverage of RuleSet : 0.000
"
0.005994842503189409,0.021544346900318832,0.8507421941648183,0.0,0.8425470925470926,0.0,0.8425632101545706,0.0,"HyRS
Positive rules : 
 []
Negative rules : 
 []
HyRS Accuracy : 0.843
Coverage of RuleSet : 0.000
"
0.005994842503189409,0.046415888336127774,0.8448387647159188,0.5298413240061423,0.839987714987715,0.5352170352170352,0.8383662606203296,0.5162247927116389,"HyRS
Positive rules : 
 []
Negative rules : 
 ['neg_marital_status_Married']
HyRS Accuracy : 0.838
Coverage of RuleSet : 0.516
"
0.005994842503189409,0.1,0.843303190581812,0.6897457771711312,0.8400900900900901,0.6936936936936937,0.8376497082608251,0.6801105537926093,"HyRS
Positive rules : 
 []
Negative rules : 
 ['neg_marital_status_Married', 'occupation_Blue-Collar && capital_gain_0']
HyRS Accuracy : 0.838
Coverage of RuleSet : 0.680
"
0.005994842503189409,0.21544346900318823,0.8149803787749531,0.9329124722743559,0.8137796887796888,0.9331490581490581,0.8101136247312929,0.9353055583990173,"HyRS
Positive rules : 
 ['education_Bachelors && marital_status_Married']
Negative rules : 
 ['neg_education_Masters_Doctorate']
HyRS Accuracy : 0.810
Coverage of RuleSet : 0.935
"
0.005994842503189409,0.46415888336127775,0.795871011772735,0.9887391230165501,0.7967854217854218,0.9891482391482391,0.7897430647968062,0.9909919131947998,"HyRS
Positive rules : 
 ['education_Bachelors && relationship_Husband']
Negative rules : 
 ['capital_gain_0', 'neg_education_Masters_Doctorate']
HyRS Accuracy : 0.790
Coverage of RuleSet : 0.991
"
0.005994842503189409,1.0,0.7898993345845419,0.9924927486777001,0.7897215397215397,0.9922194922194922,0.7853413860169925,0.991299007063159,"HyRS
Positive rules : 
 ['education_Bachelors && marital_status_Married']
Negative rules : 
 ['neg_race_Other']
HyRS Accuracy : 0.785
Coverage of RuleSet : 0.991
"
0.007742636826811269,0.001,0.8507421941648183,0.0,0.8425470925470926,0.0,0.8425632101545706,0.0,"HyRS
Positive rules : 
 []
Negative rules : 
 []
HyRS Accuracy : 0.843
Coverage of RuleSet : 0.000
"
0.007742636826811269,0.0021544346900318843,0.8507421941648183,0.0,0.8425470925470926,0.0,0.8425632101545706,0.0,"HyRS
Positive rules : 
 []
Negative rules : 
 []
HyRS Accuracy : 0.843
Coverage of RuleSet : 0.000
"
0.007742636826811269,0.004641588833612777,0.8507421941648183,0.0,0.8425470925470926,0.0,0.8425632101545706,0.0,"HyRS
Positive rules : 
 []
Negative rules : 
 []
HyRS Accuracy : 0.843
Coverage of RuleSet : 0.000
"
0.007742636826811269,0.01,0.8507421941648183,0.0,0.8425470925470926,0.0,0.8425632101545706,0.0,"HyRS
Positive rules : 
 []
Negative rules : 
 []
HyRS Accuracy : 0.843
Coverage of RuleSet : 0.000
"
0.007742636826811269,0.021544346900318832,0.8507421941648183,0.0,0.8425470925470926,0.0,0.8425632101545706,0.0,"HyRS
Positive rules : 
 []
Negative rules : 
 []
HyRS Accuracy : 0.843
Coverage of RuleSet : 0.000
"
0.007742636826811269,0.046415888336127774,0.8448387647159188,0.5298413240061423,0.839987714987715,0.5352170352170352,0.8383662606203296,0.5162247927116389,"HyRS
Positive rules : 
 []
Negative rules : 
 ['neg_marital_status_Married']
HyRS Accuracy : 0.838
Coverage of RuleSet : 0.516
"
0.007742636826811269,0.1,0.843303190581812,0.6897457771711312,0.8400900900900901,0.6936936936936937,0.8376497082608251,0.6801105537926093,"HyRS
Positive rules : 
 []
Negative rules : 
 ['neg_marital_status_Married', 'occupation_Blue-Collar && capital_gain_0']
HyRS Accuracy : 0.838
Coverage of RuleSet : 0.680
"
0.007742636826811269,0.21544346900318823,0.8149803787749531,0.9329124722743559,0.8137796887796888,0.9331490581490581,0.8101136247312929,0.9353055583990173,"HyRS
Positive rules : 
 ['education_Bachelors && marital_status_Married']
Negative rules : 
 ['neg_education_Masters_Doctorate']
HyRS Accuracy : 0.810
Coverage of RuleSet : 0.935
"
0.007742636826811269,0.46415888336127775,0.7898993345845419,0.9924927486777001,0.7897215397215397,0.9922194922194922,0.7853413860169925,0.991299007063159,"HyRS
Positive rules : 
 ['education_Bachelors && marital_status_Married']
Negative rules : 
 ['neg_race_Other']
HyRS Accuracy : 0.785
Coverage of RuleSet : 0.991
"
0.007742636826811269,1.0,0.7898993345845419,0.9924927486777001,0.7897215397215397,0.9922194922194922,0.7853413860169925,0.991299007063159,"HyRS
Positive rules : 
 ['education_Bachelors && marital_status_Married']
Negative rules : 
 ['neg_race_Other']
HyRS Accuracy : 0.785
Coverage of RuleSet : 0.991
"
0.01,0.001,0.8507421941648183,0.0,0.8425470925470926,0.0,0.8425632101545706,0.0,"HyRS
Positive rules : 
 []
Negative rules : 
 []
HyRS Accuracy : 0.843
Coverage of RuleSet : 0.000
"
0.01,0.0021544346900318843,0.8507421941648183,0.0,0.8425470925470926,0.0,0.8425632101545706,0.0,"HyRS
Positive rules : 
 []
Negative rules : 
 []
HyRS Accuracy : 0.843
Coverage of RuleSet : 0.000
"
0.01,0.004641588833612777,0.8507421941648183,0.0,0.8425470925470926,0.0,0.8425632101545706,0.0,"HyRS
Positive rules : 
 []
Negative rules : 
 []
HyRS Accuracy : 0.843
Coverage of RuleSet : 0.000
"
0.01,0.01,0.8507421941648183,0.0,0.8425470925470926,0.0,0.8425632101545706,0.0,"HyRS
Positive rules : 
 []
Negative rules : 
 []
HyRS Accuracy : 0.843
Coverage of RuleSet : 0.000
"
0.01,0.021544346900318832,0.8507421941648183,0.0,0.8425470925470926,0.0,0.8425632101545706,0.0,"HyRS
Positive rules : 
 []
Negative rules : 
 []
HyRS Accuracy : 0.843
Coverage of RuleSet : 0.000
"
0.01,0.046415888336127774,0.8448387647159188,0.5298413240061423,0.839987714987715,0.5352170352170352,0.8383662606203296,0.5162247927116389,"HyRS
Positive rules : 
 []
Negative rules : 
 ['neg_marital_status_Married']
HyRS Accuracy : 0.838
Coverage of RuleSet : 0.516
"
0.01,0.1,0.843303190581812,0.6897457771711312,0.8400900900900901,0.6936936936936937,0.8376497082608251,0.6801105537926093,"HyRS
Positive rules : 
 []
Negative rules : 
 ['occupation_Blue-Collar && capital_gain_0', 'neg_marital_status_Married']
HyRS Accuracy : 0.838
Coverage of RuleSet : 0.680
"
0.01,0.21544346900318823,0.8149803787749531,0.9329124722743559,0.8137796887796888,0.9331490581490581,0.8101136247312929,0.9353055583990173,"HyRS
Positive rules : 
 ['education_Bachelors && marital_status_Married']
Negative rules : 
 ['neg_education_Masters_Doctorate']
HyRS Accuracy : 0.810
Coverage of RuleSet : 0.935
"
0.01,0.46415888336127775,0.7898993345845419,0.9924927486777001,0.7897215397215397,0.9922194922194922,0.7853413860169925,0.991299007063159,"HyRS
Positive rules : 
 ['education_Bachelors && marital_status_Married']
Negative rules : 
 ['neg_race_Other']
HyRS Accuracy : 0.785
Coverage of RuleSet : 0.991
"
0.01,1.0,0.7900358300631292,0.9908206790650059,0.7895167895167895,0.9912981162981163,0.7850342921486334,0.989354079230218,"HyRS
Positive rules : 
 ['education_Bachelors && marital_status_Married']
Negative rules : 
 ['neg_race_Amer-Indian-Eskimo']
HyRS Accuracy : 0.785
Coverage of RuleSet : 0.989
"
